56	B	B	 /euphemistic variant of 屄[bi1]/
60	B格	B格	 /variant of 逼格[bi1 ge2]/
146	word	word	 /my (Internet slang variant of 我的[wo3 de5])/
152	○	○	" /character used in Taiwan as a substitute for a real name (like ""X"" in English)/variant of 〇[ling2]/"
174	㐅	㐅	 /old variant of 五[wu3]/
176	㐌	㐌	 /variant of 它[ta1]/
179	㐜	㐜	 /variant of 仇[chou2]/
180	㐡	㐡	 /old variant of 懦[nuo4]/
181	㐤	㐤	 /old variant of 求[qiu2]/
182	㐫	㐫	 /old variant of 凶[xiong1]/
183	㐰	㐰	 /old variant of 信[xin4]/
184	㐺	㐺	 /old variant of 眾|众[zhong4]/
187	㑺	俊	 /old variant of 俊[jun4]/
188	㒳	㒳	 /old variant of 兩|两[liang3]/
189	㒸	㒸	 /old variant of 遂[sui4]/
190	㒺	罔	 /old variant of 罔[wang3]/
191	㓂	寇	 /old variant of 寇[kou4]/
193	㕁	却	 /old variant of 卻|却[que4]/
194	㕑	厨	 /old variant of 廚|厨[chu2]/
195	㕘	参	 /variant of 參|参[can1]/
196	㕥	㕥	 /old variant of 呻[shen1]/
197	㕥	以	 /old variant of 以[yi3]/
198	㕯	㕯	 /old variant of 訥|讷[ne4]/
199	㕻	㕻	 /variant of 咅[pou3]/also pr. [tou4]/
200	㗂	㗂	 /variant of 省[sheng3]/tight-lipped/to examine/to watch/to scour (esp. Cantonese)/
204	㘭	坳	 /variant of 坳[ao4]/
209	㚻姦	㚻奸	 /variant of 雞姦|鸡奸[ji1 jian1]/
211	㛃	㛃	 /variant of 潔|洁[jie2] (mostly used in given names)/
212	㝄	㝄	 /old variant of 純|纯[chun2]/
213	㝇	㝇	 /old variant of 鶉|鹑[chun2]/
214	㝛	宿	 /old variant of 宿[su4]/
215	㝠	冥	 /old variant of 冥[ming2]/
216	㝡	最	 /variant of 最[zui4]/
217	㝵	㝵	 /variant of 礙|碍[ai4]/
218	㝵	㝵	 /to obtain (old variant of 得[de2])/
222	㞙	㞙	 /old variant of 尿[niao4]/
224	㟁	岸	 /variant of 岸[an4]/
226	㠀	岛	 /variant of 島|岛[dao3]/
228	㠯	以	 /old variant of 以[yi3]/
229	㠶	帆	 /variant of 帆[fan1]/
230	㡌	帽	 /old variant of 帽[mao4]/
231	㢘	廉	 /old variant of 廉[lian2]/
232	㢠	迥	 /variant of 迥[jiong3]/
233	㢲	㢲	 /variant of 巽[xun4]/
234	㢴	㢴	 /old variant of 西[xi1]/
236	㤅	㤅	 /old variant of 愛|爱[ai4]/
237	㤙	恩	 /variant of 恩[en1]/
238	㥁	㥁	 /variant of 德[de2]/
240	㥦	惬	 /variant of 愜|惬[qie4]/
243	㦂	㦂	 /old variant of 常[chang2]/
245	㧱	拿	 /old variant of 拿[na2]/
246	㨃	㨃	 /variant of 懟|怼[dui3]/
247	㨗	捷	 /variant of 捷[jie2]/quick/nimble/
248	㨪	晃	 /variant of 晃[huang3]/
249	㨿	据	 /variant of 據|据[ju4]/
250	㩐	㩐	 /variant of 扽[den4]/
251	㩗	携	 /old variant of 攜|携[xie2]/
252	㩜	㨫	 /variant of 擥[lan3]/
253	㩦	携	 /old variant of 攜|携[xie2]/
256	㪋	㪋	 /variant of 捍[han4]/
257	㪚	散	 /variant of 散[san4]/
258	㪟	敦	 /variant of 敦[dun1]/
260	㫺	㫺	 /old variant of 昔[xi1]/
261	㬉	暖	 /old variant of 暖[nuan3]/
262	㬎	㬎	 /old variant of 顯|显[xian3]/
263	㮎	㮎	 /variant of 杯[bei1]/
264	㮚	㮚	 /old variant of 栗[li4]/
265	㮸	㮸	 /variant of 送[song4]/
266	㯭	橹	 /variant of 櫓|橹[lu3]/
267	㯳	㯳	 /variant of 檠[qing2]/
268	㱃	饮	 /old variant of 飲|饮[yin3]/
270	㲈	㲈	 /variant of 韶[shao2]/
271	㲈	㲈	 /variant of 鞀|鼗[tao2]/
273	㲱	㲱	 /old variant of 鬣[lie4]/
274	㲾	㲾	 /old variant of 雨[yu3]/
275	㳂	㳂	 /variant of 沿[yan2]/
276	㳄	涎	 /variant of 涎[xian2]/
278	㳒	法	 /variant of 法[fa3]/
280	㳮	㳮	 /old variant of 尿[niao4]/
281	㴱	深	 /old variant of 深[shen1]/
282	㵎	涧	 /variant of 澗|涧[jian4]/
285	㵪	㵪	 /variant of 涎[xian2]/
287	㶸	㶸	 /(precise meaning unknown, relates to iron)/variant of 協|协[xie2]/
288	㷖	㷖	 /old variant of 照[zhao4]/
289	㷭	㷭	 /old variant of 烽[feng1]/
290	㷸	烨	 /variant of 燁|烨[ye4]/
292	㹠	㹠	 /old variant of 豚[tun2]/
297	㺢㹢狓	㺢㹢狓	 /variant of 霍加狓[huo4 jia1 pi2]/
298	㺵	㺵	 /black jade (variant of 玖[jiu3])/
300	㻽	㻽	 /variant of 璿|璇[xuan2]/also pr. [sui4]/
301	㼝	碗	 /variant of 碗[wan3]/
302	㽞	留	 /old variant of 留[liu2]/
303	㽮	㽮	 /old variant of 星[xing1]/
304	㿜	瘪	 /variant of 癟|瘪[bie3]/
305	㿝	㿝	 /old variant of 香[xiang1]/
307	䂖	䂖	 /variant of 石[shi2]/
308	䂲	䂲	 /variant of 砝[fa3]/
309	䂶	䂶	 /variant of 蜐[jie2]/
310	䃉	䃉	 /old variant of 珉[min2]/
313	䇲	䇲	 /variant of 筴|策[ce4]/
314	䈰	筲	 /pot-scrubbing brush made of bamboo strips/basket (container) for chopsticks/variant of 筲[shao1]/
315	䊀	糊	 /variant of 糊[hu2]/
317	䍹	䍹	 /variant of 膻[shan1]/
319	䒗	䒗	 /old variant of 芞[qi4]/
321	䔢	䔢	 /old variant of 華|华[hua2]/
322	䕭	䕭	 /variant of 蕁|荨[qian2]/
324	䖟	䖟	 /old variant of 虻[meng2]/
325	䖸	䖸	 /variant of 蛾[e2]/
326	䗈	䗈	 /old variant of 虻[meng2]/
329	䗬	蜂	 /variant of 蜂[feng1]/
330	䗶	䗶	 /old variant of 蠟|蜡[la4]/
331	䘏	恤	 /variant of 恤[xu4]/
332	䘑	脉	 /old variant of 脈|脉[mai4]/
333	䘚	卒	 /variant of 卒[zu2]/
334	䛐	词	 /old variant of 詞|词[ci2]/
335	䛟	䛟	 /variant of 唊[jia2]/
336	䝓	䝓	 /old variant of 鬣[lie4]/
337	䝔	獾	 /variant of 獾[huan1]/
338	䞓	䞓	 /old variant of 赬|赪[cheng1]/
339	䟆	䟆	 /old variant of 蹕|跸[bi4]/
340	䟖	䟖	 /erroneous variant of 趾[zhi3]/
342	䠀	趟	 /old variant of 趟[tang1]/
343	䠞	䠞	 /variant of 蹙[cu4]/
344	䠶	射	 /old variant of 射[she4]/
347	䤈	䤈	 /old variant of 醯[xi1]/
349	䥥	镰	 /old variant of 鐮|镰[lian2]/
351	䦉	䦉	 /variant of 肆[si4]/
352	䦕	䦕	 /variant of 閛[peng1]/
353	䩦	䩦	 /variant of 鞗[tiao2]/
354	䫏	䫏	 /variant of 魌[qi1]/
355	䬃	飒	 /variant of 颯|飒[sa4]/
356	䬠	䬠	 /old variant of 霏[fei1]/
357	䬪	䬪	 /variant of 餺|馎[bo2]/
358	䭾	驮	 /variant of 馱|驮[tuo2]/
359	䯝	䯝	 /variant of 髓[sui3]/
360	䰟	魂	 /old variant of 魂[hun2]/
364	䲔	䲔	 /old variant of 鯨|鲸[jing1]/
366	䳗	䳗	 /variant of 鵝|鹅[e2]/
367	䳘	鹅	 /variant of 鵝|鹅[e2]/
372	䴸	麸	 /variant of 麩|麸[fu1]/
373	䵹	䵹	 /old variant of 蜘[zhi1]/
374	䶊	衄	 /old variant of 衄[nu:4]/
375	䶑	䶑	 /variant of 嚏[ti4]/
383	一下兒	一下儿	 /erhua variant of 一下[yi1 xia4]/
390	一並	一并	 /variant of 一併|一并[yi1 bing4]/
416	一個勁兒	一个劲儿	 /erhua variant of 一個勁|一个劲[yi1 ge4 jin4]/
436	一准	一准	 /variant of 一準|一准[yi1 zhun3]/
473	一口氣兒	一口气儿	 /erhua variant of 一口氣|一口气[yi1 kou3 qi4]/
474	一古腦兒	一古脑儿	 /variant of 一股腦兒|一股脑儿[yi1 gu3 nao3 r5]/
511	一塊兒	一块儿	 /erhua variant of 一塊|一块[yi1 kuai4]/
526	一大早兒	一大早儿	 /erhua variant of 一大早[yi1 da4 zao3]/
550	一字兒	一字儿	 /erhua variant of 一字[yi1 zi4]/
678	一暴十寒	一暴十寒	 /variant of 一曝十寒[yi1 pu4 - shi2 han2]/
712	一槌定音	一槌定音	 /variant of 一錘定音|一锤定音[yi1 chui2 ding4 yin1]/
811	一筆抹煞	一笔抹煞	 /variant of 一筆抹殺|一笔抹杀[yi1 bi3 mo3 sha1]/
851	一股腦兒	一股脑儿	 /erhua variant of 一股腦|一股脑[yi1 gu3 nao3]/
1024	一點兒	一点儿	 /erhua variant of 一點|一点[yi1 dian3]/
1061	丁客	丁客	 /variant of 丁克[ding1 ke4]/
1062	丁寧	丁宁	 /variant of 叮嚀|叮咛[ding1 ning2]/
1142	七灣八拐	七湾八拐	 /variant of 七彎八拐|七弯八拐[qi1 wan1 - ba1 guai3]/
1170	丄	丄	 /old variant of 上[shang4]/
1171	丅	丅	 /old variant of 下[xia4]/
1231	三個臭皮匠，勝過一個諸葛亮	三个臭皮匠，胜过一个诸葛亮	 /variant of 三個臭皮匠，賽過一個諸葛亮|三个臭皮匠，赛过一个诸葛亮[san1 ge4 chou4 pi2 jiang5 , sai4 guo4 yi1 ge4 Zhu1 ge3 Liang4]/
1462	三膲	三膲	 /variant of 三焦[san1 jiao1]/
1640	上同調	上同调	 /cohomology (invariant of a topological space in math.)/
1852	上邊兒	上边儿	 /erhua variant of 上邊|上边[shang4 bian5]/
1857	上鉤兒	上钩儿	 /erhua variant of 上鉤|上钩[shang4 gou1]/
1894	下三爛	下三烂	 /variant of 下三濫|下三滥[xia4 san1 lan4]/
1916	下功夫	下功夫	 /variant of 下工夫[xia4 gong1 fu5]/
2067	下邊兒	下边儿	 /erhua variant of 下邊|下边[xia4 bian5]/
2111	丌	丌	 /old variant of 其[qi2]/
2383	不大離兒	不大离儿	 /erhua variant of 不大離|不大离[bu4 da4 li2]/
2431	不對勁兒	不对劲儿	 /erhua variant of 不對勁|不对劲[bu4 dui4 jin4]/
2639	不法份子	不法分子	 /variant of 不法分子[bu4 fa3 fen4 zi3]/
2763	不管白貓黑貓，捉住老鼠就是好貓	不管白猫黑猫，捉住老鼠就是好猫	 /it doesn't matter whether a cat is white or black; as long as it catches mice it's a good cat (variant of a Sichuanese saying used in a speech by Deng Xiaoping 鄧小平|邓小平[Deng4 Xiao3 ping2] in 1962, usually associated with his economic reforms starting in 1978, in which pragmatism was favored over ideological purity)/
2884	不變	不变	 /constant/unvarying/(math.) invariant/
2887	不變量	不变量	 /invariant quantity/invariant (math.)/
2901	不起眼兒	不起眼儿	 /erhua variant of 不起眼[bu4 qi3 yan3]/
2995	丒	丒	 /variant of 醜|丑[chou3]/
3114	丗	丗	 /old variant of 世[shi4]/
3120	丘吉爾	丘吉尔	 /variant of 邱吉爾|邱吉尔[Qiu1 ji2 er3]/
3193	丠	丠	 /old variant of 丘[qiu1]/
3194	両	両	 /Japanese variant of 兩|两[liang3]/
3195	丣	丣	 /old variant of 酉[you3]/
3231	丩	丩	 /old variant of 糾|纠[jiu1]/
3817	丰	丰	 /luxuriant/buxom/variant of 豐|丰[feng1]/variant of 風|风[feng1]/appearance/charm/
3819	丰采	丰采	 /variant of 風采|风采[feng1 cai3]/
3821	丱	丱	 /old variant of 礦|矿[kuang4]/
3848	串門兒	串门儿	 /erhua variant of 串門|串门[chuan4 men2]/
3854	丷	丷	" /""eight"" component in Chinese characters/old variant of 八[ba1]/"
4059	丼	丼	 /old variant of 井[jing3]/
4062	乀	乀	 /variant of 丿[pie3]/
4100	乆	乆	 /old variant of 久[jiu3]/
4101	乇	乇	 /old variant of 托[tuo1]/
4104	么	幺	 /youngest/most junior/tiny/one (unambiguous spoken form when spelling out numbers, esp. on telephone or in military)/one or ace on dice or dominoes/variant of 吆[yao1], to shout/
4143	乑	乑	 /to stand side by side/variant of 眾|众[zhong4]/
4151	乕	乕	 /old variant of 虎[hu3]/
4167	乗	乗	 /Japanese variant of 乘[cheng2]/
4220	乙太	乙太	 /variant of 以太[yi3 tai4]/
4253	乛	乛	 /variant of 乙[zhe2]/
4356	乢	乢	 /ancient variant of 蓋|盖[gai4]/ancient variant of 丐[gai4]/
4357	乣	乣	 /old variant of 糺[jiu3]/
4361	乨	乨	 /old variant of 始[shi3]/
4393	乳滑	乳滑	 /(Internet slang) variant of 辱華|辱华[ru3 Hua2], to insult China/
4438	乹	乾	 /old variant of 乾[qian2]/
4439	乹	干	 /old variant of 乾|干[gan1]/
4524	乿	乿	 /old variant of 亂|乱[luan4]/
4525	乿	乿	 /old variant of 治[zhi4]/
4526	亀	亀	 /old variant of 龜|龟[gui1]/
4527	亁	乾	 /variant of 乾[qian2]/
4528	亁	干	 /variant of 乾|干[gan1]/
4582	了	了	" /to finish/(used with 得[de2] or 不[bu4] after a verb to express (im)possibility, as in 忘不了[wang4 bu5 liao3] ""cannot forget"")/(literary) (usually followed by a negative such as 無|无[wu2] or 不[bu4]) completely (not); entirely (not); (not) in the least/to understand clearly (variant of 瞭|了[liao3])/"
4606	亇	亇	 /variant of 個|个[ge4]/
4612	亊	亊	 /variant of 事[shi4]/
4627	事兒	事儿	 /one's employment/business/matter that needs to be settled/(northern dialect) (of a person) demanding/trying/troublesome/erhua variant of 事[shi4]/CL:件[jian4],樁|桩[zhuang1]/
4830	二簧	二簧	 /variant of 二黃|二黄[er4 huang2]/
4869	二逼	二逼	 /variant of 二屄[er4 bi1]/
4901	于	于	 /to go/to take/sentence-final interrogative particle/variant of 於|于[yu2]/
4911	亐	亐	 /old variant of 于[yu2]/
5059	五癆七傷	五痨七伤	 /variant of 五勞七傷|五劳七伤[wu3 lao2 qi1 shang1]/
5066	五穀	五谷	 /five crops, e.g. millet 粟[su4], soybean 豆[dou4], sesame 麻[ma2], barley 麥|麦[mai4], rice 稻[dao4] or other variants/all crops/all grains/oats, peas, beans and barley/
5070	五筆字形	五笔字形	 /Chinese character input method for entering characters by numbered strokes (variant of 五筆字型|五笔字型[wu3 bi3 zi4 xing2])/
5170	亖	亖	 /old variant of 四[si4]/
5179	亜	亜	 /Japanese variant of 亞|亚/
5180	亝	亝	 /old variant of 齊|齐[qi2]/
5181	亝	斋	 /old variant of 齋|斋[zhai1]/
5316	亞麻子	亚麻子	 /variant of 亞麻籽|亚麻籽[ya4 ma2 zi3]/
5330	亡八	亡八	 /variant of 王八[wang2 ba1]/
5350	交	交	 /to hand over; to deliver; to pay (money); to turn over/to make friends/(of lines) to intersect/variant of 跤[jiao1]/
5397	交彙	交汇	 /variant of 交匯|交汇/to flow together/confluence (of rivers, airflow, roads)/(international) cooperation/
5399	交待	交待	 /variant of 交代[jiao1 dai4]/
5524	亦且	亦且	 /variant of 抑且[yi4 qie3]/
5634	亯	享	 /old variant of 享[xiang3]/
5635	亱	夜	 /variant of 夜[ye4]/
5641	亷	廉	 /old variant of 廉[lian2]/
5781	人情味兒	人情味儿	 /erhua variant of 人情味[ren2 qing2 wei4]/
5804	人材	人材	 /variant of 人才[ren2 cai2]/
5906	人緣兒	人缘儿	 /erhua variant of 人緣|人缘[ren2 yuan2]/
6001	亼	亼	 /variant of 集[ji2]/
6002	亽	亽	 /old variant of 亼[ji2]/
6004	亾	亡	 /old variant of 亡[wang2]/
6145	介蒂	介蒂	 /variant of 芥蒂[jie4 di4]/
6152	仌	仌	 /old variant of 冰[bing1]/
6156	从	从	 /variant of 從|从[cong2]/
6157	仏	仏	 /Japanese variant of 佛/
6159	仔	仔	 /variant of 崽[zai3]/(dialect) (bound form) young man/
6179	他喵的	他喵的	 /drat/frick/(euphemistic variant of 他媽的|他妈的[ta1 ma1 de5])/
6264	仙方兒	仙方儿	 /erhua variant of 仙方[xian1 fang1]/
6284	仚	仚	 /old variant of 仙[xian1]/
6285	仝	仝	 /variant of 同[tong2] (used as a surname and in given names)/
6403	令嬡	令嫒	 /variant of 令愛|令爱[ling4 ai4]/
6516	以老賣老	以老卖老	 /variant of 倚老賣老|倚老卖老[yi3 lao3 - mai4 lao3]/
6553	仮	仮	 /Japanese variant of 假[jia3]/
6653	份	份	 /classifier for gifts, newspaper, magazine, papers, reports, contracts etc/variant of 分[fen4]/
6657	份子	分子	 /variant of 分子[fen4 zi3]/
6659	份量	份量	 /variant of 分量[fen4 liang5]/
6708	企畫	企画	 /variant of 企劃|企划[qi3 hua4]/
6715	伇	伇	 /old variant of 役[yi4]/
6744	伊媚兒	伊媚儿	 /variant of 伊妹兒|伊妹儿[yi1 mei4 r5]/
6834	伏侍	伏侍	 /variant of 服侍[fu2 shi5]/
6855	伏犧	伏牺	 /variant of 伏羲[Fu2 xi1]/
6858	伏罪	伏罪	 /variant of 服罪[fu2 zui4]/
6865	伏輸	伏输	 /variant of 服輸|服输[fu2 shu1]/
6866	伏辯	伏辩	 /variant of 服辯|服辩[fu2 bian4]/
6918	伕	伕	 /variant of 夫[fu1]/
6919	伙	伙	 /meals (abbr. for 伙食[huo3 shi2])/variant of 夥|伙[huo3]/
6924	伙頤	伙颐	 /variant of 夥頤|夥颐[huo3 yi2]/
6927	伜	伜	 /variant of 倅[cui4]/
6928	伝	伝	 /Japanese variant of 傳|传/
6932	伩	伩	 /variant of 信[xin4] (originally meant as part of the second round of simplified Chinese characters)/
6935	伭	伭	 /variant of 玄[xuan2]/variant of 懸|悬[xuan2]/
6936	伯	伯	 /variant of 霸[ba4]/
6985	伱	伱	 /old variant of 你[ni3]/
6986	伲	伲	 /variant of 你[ni3]/
7036	伸雪	伸雪	 /variant of 申雪[shen1 xue3]/
7069	伽瑪	伽玛	 /variant of 伽馬|伽马[ga1 ma3]/
7080	佀	似	 /old variant of 似[si4]/
7098	佈	布	 /variant of 布[bu4]/to announce/to spread/
7291	佔	占	 /variant of 占[zhan4]/
7351	余	余	 /(literary) I; me/variant of 餘|余[yu2]/
7355	佚	佚	 /old variant of 迭[die2]/
7356	佚	佚	 /lost/missing/forsaken/dissolute/(of a woman) beautiful/fault/offense/hermit/variant of 逸[yi4]/
7438	作壽	作寿	 /variant of 做壽|做寿[zuo4 shou4]/
7475	作派	作派	 /variant of 做派[zuo4 pai4]/
7529	佡	佡	 /variant of 仙, immortal/light (as a feather)/
7558	佱	佱	 /old variant of 法[fa3]/
7584	佳賓	佳宾	 /variant of 嘉賓|嘉宾[jia1 bin1]/
7599	併系群	并系群	 /variant of 並系群|并系群[bing4 xi4 qun2]/
7619	使勁兒	使劲儿	 /erhua variant of 使勁|使劲[shi3 jin4]/
7649	侂	侂	 /(literary) to entrust (variant of 託|托[tuo1])/
7657	侄	侄	 /variant of 姪|侄[zhi2]/
7712	來臺	来台	 /variant of 來台|来台[lai2 - Tai2]/
7738	侈糜	侈糜	 /variant of 侈靡[chi3 mi2]/
7759	侌	侌	 /old variant of 陰|阴[yin1]/
7792	侚	侚	 /(literary) quick/variant of 殉[xun4]/
7883	価	価	 /Japanese variant of 價|价/
7884	侢	侢	 /old variant of 戴[dai4]/
7933	侷限	局限	 /variant of 局限[ju2 xian4]/
7935	侽	侽	 /old variant of 男[nan2]/
8025	俄克拉荷馬	俄克拉荷马	 /variant of 俄克拉何馬|俄克拉何马[E2 ke4 la1 he2 ma3]/
8070	俐落	俐落	 /variant of 利落[li4 luo5]/
8104	俛	俯	 /variant of 俯[fu3]/
8172	保母	保母	 /variant of 保姆[bao3 mu3]/
8173	保準	保准	 /variant of 保准[bao3 zhun3]/
8182	保特瓶	保特瓶	 /variant of 寶特瓶|宝特瓶[bao3 te4 ping2]/
8232	保鑣	保镳	 /variant of 保鏢|保镖[bao3 biao1]/
8262	俞	俞	 /variant of 腧[shu4]/
8271	俟機	俟机	 /variant of 伺機|伺机[si4 ji1]/
8293	信口開合	信口开合	 /variant of 信口開河|信口开河[xin4 kou3 kai1 he2]/
8302	信子	信子	 /variant of 芯子[xin4 zi5]/
8394	俤	俤	 /variant of 弟[di4]/
8507	俲	效	 /variant of 傚|效[xiao4]/
8509	俳佪	俳佪	 /variant of 徘徊[pai2 huai2]/
8522	俻	备	 /variant of 備|备[bei4]/
8535	倂	倂	 /variant of 併|并[bing4]/
8541	倆錢兒	俩钱儿	 /erhua variant of 倆錢|俩钱[lia3 qian2]/
8546	倉卒	仓卒	 /variant of 倉促|仓促[cang1 cu4]/
8552	倉惶	仓惶	 /variant of 倉皇|仓皇[cang1 huang2]/
8554	倉猝	仓猝	 /variant of 倉促|仓促[cang1 cu4]/
8559	倉黃	仓黄	 /variant of 倉皇|仓皇[cang1 huang2]/
8615	倐	倏	 /variant of 倏[shu1]/
8628	倒反天罡	倒反天罡	 /variant of 倒反天綱|倒反天纲[dao4 fan3 tian1 gang1]/
8657	倒持太阿	倒持太阿	 /variant of 倒持泰阿[dao4 chi2 - Tai4 e1]/
8676	倒楣	倒楣	 /variant of 倒霉[dao3 mei2]/
8696	倒背手兒	倒背手儿	 /erhua variant of 倒背手[dao4 bei4 shou3]/
8723	倒采	倒采	 /variant of 倒彩[dao4 cai3]/
8731	倒霉蛋兒	倒霉蛋儿	 /erhua variant of 倒霉蛋[dao3 mei2 dan4]/
8739	倖	幸	 /trusted/intimate/(of the emperor) to visit/variant of 幸[xing4]/
8745	倘佯	倘佯	 /variant of 徜徉[chang2 yang2]/
8779	倚託	倚托	 /variant of 倚托[yi3 tuo1]/
8787	倞	倞	 /distant/to seek/old variant of 亮[liang4]/bright/
8858	倡狂	倡狂	 /variant of 猖狂[chang1 kuang2]/
8864	倣	仿	 /variant of 仿[fang3]/
8865	値	値	 /variant of 值[zhi2]/
8906	倮	倮	 /variant of 裸[luo3]/
8908	倶	倶	 /variant of 俱[ju4]/variant of 具[ju4]/
8910	倸	睬	 /variant of 睬[cai3]/
8911	倹	倹	 /Japanese variant of 儉|俭[jian3]/
8914	值勤	值勤	 /variant of 執勤|执勤[zhi2 qin2]/
8929	倽	倽	 /old variant of 啥[sha2]/
8930	偁	偁	 /variant of 稱|称[cheng1]/
9013	假託	假托	 /variant of 假托[jia3 tuo1]/
9155	偘	侃	 /old variant of 侃[kan3]/
9159	做主	做主	 /variant of 作主[zuo4 zhu3]/
9165	做伴兒	做伴儿	 /erhua variant of 做伴[zuo4 ban4]/
9200	做活兒	做活儿	 /erhua variant of 做活[zuo4 huo2]/
9223	做證	做证	 /variant of 作證|作证[zuo4 zheng4]/
9296	偟	偟	 /(literary) free time; leisure/variant of 惶[huang2]/
9335	偪	逼	 /variant of 逼[bi1]/to compel/to pressure/
9339	偰	偰	 /contract (variant of 契[qi4])/
9464	偸	偸	 /variant of 偷[tou1]/
9465	偺	咱	 /variant of 咱[zan2]/
9501	傅會	傅会	 /variant of 附會|附会[fu4 hui4]/
9512	傌	㐷	 /variant of 罵|骂[ma4]/
9557	傓	傓	 /old variant of 煽[shan1]/
9605	傚	效	 /to imitate (variant of 效[xiao4])/
9610	傢伙	家伙	 /variant of 家伙[jia1 huo5]/
9611	傢俱	家俱	 /variant of 家具[jia1 ju4]/
9612	傢具	傢具	 /variant of 家具[jia1 ju4]/
9626	催帳	催帐	 /variant of 催賬|催账[cui1 zhang4]/
9892	傻B	傻B	 /variant of 傻屄[sha3 bi1]/
9904	傻帽兒	傻帽儿	 /erhua variant of 傻帽[sha3 mao4]/
9918	傻逼	傻逼	 /variant of 傻屄[sha3 bi1]/
9977	僂儸	偻㑩	 /variant of 嘍囉|喽啰[lou2 luo5]/
9978	僃	僃	 /old variant of 備|备[bei4]/
9989	僊	仙	 /variant of 仙[xian1]/
10002	像貌	像貌	 /variant of 相貌[xiang4 mao4]/
10025	僞	伪	 /variant of 偽|伪[wei3]/
10056	僮	僮	 /old variant of 壯|壮, Zhuang ethnic group of Guangxi/
10062	僱	雇	 /variant of 雇[gu4]/
10063	僱主	雇主	 /variant of 雇主[gu4 zhu3]/
10068	僴	僴	 /old variant of 僩[xian4]/
10132	儁	俊	 /variant of 俊[jun4]/
10160	儍	儍	 /variant of 傻[sha3]/
10161	儎	傤	 /load/cargo/old variant of 載|载[zai4]/to transport/to deliver/to bear/to support/
10179	儗	拟	 /doubtful/suspicious/variant of 擬|拟[ni3]/to emulate/to imitate/
10190	儞	儞	 /old variant of 你[ni3]/
10284	儵	倏	 /variant of 倏[shu1]/
10302	兀臬	兀臬	 /variant of 杌隉|杌陧[wu4 nie4]/
10303	兀臲	兀臲	 /variant of 杌隉|杌陧[wu4 nie4]/
10318	元來	元来	 /variant of 原來|原来[yuan2 lai2]/
10319	元元本本	元元本本	 /variant of 原原本本[yuan2 yuan2 ben3 ben3]/
10359	元煤	元煤	 /variant of 原煤[yuan2 mei2]/
10463	兇狠	凶狠	 /variant of 凶狠[xiong1 hen3]/
10628	光棍兒	光棍儿	 /bachelor; single man (erhua variant of 光棍[guang1 gun4])/
10706	光采	光采	 /variant of 光彩[guang1 cai3]/
10847	免	免	 /old variant of 絻[wen4]/
10888	兎	兔	 /variant of 兔[tu4]/
10889	児	児	 /Japanese variant of 兒|儿[er2]/
10900	兒媳婦兒	儿媳妇儿	 /erhua variant of 兒媳婦|儿媳妇[er2 xi2 fu4]/
10935	兘	兘	 /old variant of 始[shi3]/
10939	兜兒	兜儿	 /erhua variant of 兜[dou1]/
10958	兠	兜	 /old variant of 兜[dou1]/
11234	內鬨	内哄	 /variant of 內訌|内讧[nei4 hong4]/
11302	全愈	全愈	 /variant of 痊癒|痊愈[quan2 yu4]/
11369	全神灌注	全神灌注	 /variant of 全神貫注|全神贯注[quan2 shen2 - guan4 zhu4]/
11544	兩頭兒	两头儿	 /erhua variant of 兩頭|两头[liang3 tou2]/
11548	兪	兪	 /variant of 俞[yu2]/
11576	八哥兒	八哥儿	 /erhua variant of 八哥[ba1 ge1]/
11626	八杆子打不著	八杆子打不着	 /variant of 八竿子打不著|八竿子打不着[ba1 gan1 zi5 da3 bu4 zhao2]/
11704	公佈	公布	 /variant of 公布[gong1 bu4]/
12129	兲	兲	 /variant of 天[tian1]/
12130	兲朝	兲朝	 /(derog.) the Chinese Communist regime (variant of 天朝[Tian1 chao2] Celestial Empire, invented to circumvent censorship)/
12271	冃	冃	 /old variant of 帽[mao4]/hat/cap/
12272	冄	冉	 /variant of 冉[ran3]/
12273	円	円	 /yen (Japanese currency)/Japanese variant of 圓|圆/
12287	冋	冋	 /old variant of 坰[jiong1]/
12312	再接再礪	再接再砺	 /variant of 再接再厲|再接再厉[zai4 jie1 zai4 li4]/
12356	冐	冒	 /old variant of 冒[mao4]/
12357	冑	冑	 /variant of 胄[zhou4]/
12423	冗辭	冗辞	 /variant of 冗詞|冗词[rong3 ci2]/
12432	冘疑	冘疑	 /variant of 猶疑|犹疑[you2 yi2]/
12433	冘豫	冘豫	 /variant of 猶豫|犹豫[you2 yu4]/
12462	冡	冡	 /old variant of 蒙[meng2]/
12464	冣	冣	 /old variant of 聚[ju4]/
12465	冣	最	 /old variant of 最[zui4]/
12552	冬陰	冬阴	 /variant of 冬蔭|冬荫[dong1 yin1]/
12553	冬陰功	冬阴功	 /variant of 冬蔭功|冬荫功[dong1 yin1 gong1]/
12774	冷顫	冷颤	 /variant of 冷戰|冷战[leng3 zhan5]/
12779	冺	泯	 /variant of 泯[min3]/
12783	凃	凃	 /old variant of 涂[tu2]/
12796	凈	净	 /variant of 淨|净[jing4]/
12872	凝煉	凝炼	 /variant of 凝練|凝练[ning2 lian4]/
12895	凟	凟	 /variant of 瀆|渎[du2]/
12922	凢	凡	 /variant of 凡[fan2]/
12923	凥	凥	 /old variant of 居[ju1]/
12924	処	処	 /old variant of 處|处[chu3]/
12925	凮	凮	 /old variant of 風|风[feng1]/
12933	凱徹	凯彻	 /variant of 愷撒|恺撒, Caesar (emperor)/
12960	凴	凭	 /variant of 憑|凭[ping2]/
12962	凶	凶	 /vicious/fierce/ominous/inauspicious/famine/variant of 兇|凶[xiong1]/
12972	凶惡	凶恶	 /variant of 兇惡|凶恶, fierce/ferocious/fiendish/frightening/
13007	凹	凹	 /variant of 窪|洼[wa1]/(used in names)/
13020	凹板	凹板	 /variant of 凹版[ao1 ban3]/
13092	出嘍子	出喽子	 /variant of 出婁子|出娄子[chu1 lou2 zi5]/
13113	出尖兒	出尖儿	 /erhua variant of 出尖[chu1 jian1]/
13146	出樓子	出楼子	 /variant of 出婁子|出娄子[chu1 lou2 zi5]/
13300	函洞	函洞	 /variant of 涵洞[han2 dong4]/
13368	分付	分付	 /variant of 吩咐[fen1 fu4]/
13404	分子	分子	 /Taiwan variant of 份子[fen4 zi5]/
13484	分櫱	分櫱	 /variant of 分蘖[fen1 nie4]/
13701	刊誤表	刊误表	 /variant of 勘誤表|勘误表[kan1 wu4 biao3]/
13769	列別傑夫	列别杰夫	 /variant of 列別捷夫|列别捷夫[Lie4 bie2 jie2 fu1]/
13865	刞	刞	 /old variant of 耝[qu4]/
13935	別致	别致	 /variant of 別緻|别致[bie2 zhi4]/
13946	刦	劫	 /variant of 劫[jie2]/
13947	刧	劫	 /variant of 劫[jie2]/
13956	刨根兒	刨根儿	 /erhua variant of 刨根[pao2 gen1]/
13991	利害	利害	 /variant of 厲害|厉害[li4 hai5]/
14014	利是	利是	 /variant of 利事[li4 shi4]/
14073	刮刮叫	刮刮叫	 /variant of 呱呱叫[gua1 gua1 jiao4]/
14126	刱	刱	 /variant of 創|创[chuang1]/
14127	刱	刱	 /variant of 創|创[chuang4]/
14130	刴	刴	 /variant of 剁[duo4]/
14132	制	制	 /system/to control/to regulate/variant of 製|制[zhi4]/
14241	刻日	刻日	 /variant of 克日[ke4 ri4]/
14242	刻期	刻期	 /variant of 克期[ke4 qi1]/
14250	刻絲	刻丝	 /variant of 緙絲|缂丝[ke4 si1]/
14263	刼	劫	 /variant of 劫[jie2]/
14264	刾	刾	 /old variant of 刺[ci4]/
14285	剉	锉	 /(literary) to fracture (a bone)/(literary) to cut/to hack/variant of 銼|锉[cuo4]/
14306	剋	克	 /variant of 克[ke4]/to subdue/to overthrow/to restrain/
14311	剌	剌	 /variant of 拉[la2] (Note: 剌 was the character used prior to simplification and remains the standard in Taiwan, while in mainland China, 拉 has replaced 剌)/
14352	前半天兒	前半天儿	 /erhua variant of 前半天[qian2 ban4 tian1]/
14354	前半晌兒	前半晌儿	 /erhua variant of 前半晌[qian2 ban4 shang3]/
14469	前車之鑒	前车之鉴	 /variant of 前車之鑑|前车之鉴[qian2 che1 zhi1 jian4]/
14480	前邊兒	前边儿	 /erhua variant of 前邊|前边[qian2 bian5]/
14513	剏	创	 /variant of 創|创[chuang4]/
14519	剕	剕	 /amputation of limbs as corporal punishment/variant of 腓, calf/
14537	剗	刬	 /variant of 鏟|铲[chan3]/
14538	剙	创	 /variant of 創|创[chuang4]/
14569	剛纔	刚才	 /just now (variant of 剛才|刚才[gang1 cai2])/
14593	剣	剣	 /Japanese variant of 劍|剑/
14594	剤	剤	 /Japanese variant of 劑|剂/
14699	剰	剰	 /Japanese variant of 剩[sheng4]/
14727	剳	札	 /variant of 札[zha2]/
14798	剹	戮	 /to peel with a knife/old variant of 戮[lu4]/
14807	剿襲	剿袭	 /variant of 抄襲|抄袭[chao1 xi2]/
14822	劃十字	划十字	 /variant of 畫十字|画十字[hua4 shi2 zi4]/
14832	劃等號	划等号	 /variant of 畫等號|画等号[hua4 deng3 hao4]/
14839	劄	札	 /variant of 札[zha2]/
14865	劈哩啪啦	劈哩啪啦	 /variant of 噼里啪啦[pi1 li5 pa1 la1]/
14877	劈里啪啦	劈里啪啦	 /variant of 噼里啪啦[pi1 li5 pa1 la1]/
14961	劐	劐	 /(coll.) to slit with a knife/(variant of 耠[huo1]) hoe/to loosen soil with a hoe/
14962	劐	劐	 /(literary) variant of 穫|获[huo4]/
14970	劒	剑	 /variant of 劍|剑[jian4]/
15115	加勁兒	加劲儿	 /erhua variant of 加勁|加劲[jia1 jin4]/
15200	加注	加注	 /to increase a bet; to raise (in poker); to raise the stakes/to add; to pour in/variant of 加註|加注[jia1 zhu4]/
15289	劦	劦	 /variant of 協|协[xie2]/to cooperate/combined labor/
15333	努嘴兒	努嘴儿	 /erhua variant of 努嘴[nu3 zui3]/
15367	劮	劮	 /old variant of 逸[yi4]/leisurely/
15368	労	労	 /Japanese variant of 勞|劳/
15369	劵	券	 /variant of 券[quan4]/
15370	劵	劵	 /old variant of 倦[juan4]/
15371	効	效	 /variant of 效[xiao4]/
15377	勁兒	劲儿	 /erhua variant of 勁|劲[jin4]/
15417	勄	勄	 /old variant of 敏[min3]/
15418	勅	敕	 /variant of 敕[chi4]/
15433	勈	勈	 /old variant of 勇[yong3]/
15442	勌	倦	 /old variant of 倦[juan4]/
15444	勐	勐	 /meng (old administrative division in Dai areas of Yunnan)/variant of 猛[meng3]/
15449	勑	敕	 /variant of 敕[chi4]/
15474	勔	勔	 /variant of 勉[mian3]/
15497	動嘴皮兒	动嘴皮儿	 /erhua variant of 動嘴皮|动嘴皮[dong4 zui3 pi2]/
15554	動盪	动荡	 /variant of 動蕩|动荡[dong4 dang4]/
15596	勘查	勘查	 /variant of 勘察[kan1 cha2]/
15670	勞勞叨叨	劳劳叨叨	 /variant of 嘮嘮叨叨|唠唠叨叨[lao2 lao5 dao1 dao1]/
15690	勞瘵	劳瘵	 /variant of 癆瘵|痨瘵[lao2 zhai4]/
15735	勣	𪟝	 /merit; accomplishment (variant of 績|绩[ji4])/
15769	勦	剿	 /variant of 剿[chao1]/
15770	勦	剿	 /variant of 剿[jiao3]/
15771	勧	勧	 /Japanese variant of 勸|劝/
15776	勲	勋	 /variant of 勛|勋[xun1]/
15777	勳	勋	 /variant of 勛|勋[xun1]/
15795	勸戒	劝戒	 /variant of 勸誡|劝诫[quan4 jie4]/
15811	勹	勹	 /old variant of 包[bao1]/
15824	勾	勾	 /to attract/to arouse/to tick/to strike out/to delineate/to collude/variant of 鉤|钩[gou1], hook/
15845	勾聯	勾联	 /variant of 勾連|勾连[gou1 lian2]/
15857	勾闌	勾阑	 /variant of 勾欄|勾栏[gou1 lan2]/
15866	匃	丐	 /variant of 丐[gai4]/
15867	匄	丐	 /variant of 丐[gai4]/
15874	包乾兒	包干儿	 /erhua variant of 包乾|包干[bao1 gan1]/
15910	包扎	包扎	 /variant of 包紮|包扎[bao1 za1]/
15943	包米	包米	 /variant of 苞米[bao1 mi3]/
15994	匆卒	匆卒	 /old variant of 匆猝[cong1 cu4]/
15999	匈	匈	 /old variant of 胸[xiong1]/
16005	匊	匊	 /variant of 掬[ju1]/
16008	匍伏	匍伏	 /variant of 匍匐[pu2 fu2]/
16015	匔	匔	 /old variant of 匑[gong1]/
16018	化	化	 /variant of 花[hua1]/
16288	北邊兒	北边儿	 /erhua variant of 北邊|北边[bei3 bian1]/
16311	匘	匘	 /old variant of 腦|脑[nao3]/
16320	匞	匞	 /old variant of 匠[jiang4]/
16321	匟	炕	 /old variant of 炕[kang4]/
16332	匧	匧	 /old variant of 篋|箧[qie4]/
16371	匯總	汇总	 /variant of 彙總|汇总[hui4 zong3]/
16380	匱	匮	 /variant of 櫃|柜[gui4]/
16385	匲	奁	 /variant of 奩|奁[lian2]/
16386	匳	奁	 /variant of 奩|奁[lian2]/
16388	匵	匵	 /old variant of 櫝|椟[du2]/
16389	匶	匶	 /old variant of 柩[jiu4]/
16399	匹耦	匹耦	 /variant of 匹偶[pi3 ou3]/
16543	十錦	十锦	 /variant of 什錦|什锦[shi2 jin3]/
16646	卆	卆	 /variant of 卒[zu2], soldier/to die/
16715	半分兒	半分儿	 /erhua variant of 半分[ban4 fen1]/
16843	半開門兒	半开门儿	 /erhua variant of 半開門|半开门[ban4 kai1 men2]/
16851	卋	卋	 /old variant of 世[shi4]/
16882	卒	卒	 /variant of 猝[cu4]/
17149	南邊兒	南边儿	 /erhua variant of 南邊|南边[nan2 bian5]/
17179	単	単	 /Japanese variant of 單|单/
17280	卛	卛	 /old variant of 率[lu:4]/
17281	卛	卛	 /old variant of 率[shuai4]/
17298	卝	卝	 /classical variant of 礦|矿[kuang4]/
17345	卡哇依	卡哇依	 /variant of 卡哇伊[ka3 wa1 yi1]/
17346	卡啦	卡啦	 /crispy, deep-fried (variant of 卡拉[ka3 la1])/
17463	卪	卪	 /old variant of 節|节[jie2]/
17466	卬	卬	 /I (regional colloquial)/me/variant of 昂[ang2]/
17468	卯	卯	 /mortise (slot cut into wood to receive a tenon)/4th earthly branch: 5–7 a.m., 2nd solar month (6th March–4th April), Year of the Rabbit/ancient Chinese compass point: 90° (east)/(coll.) to concentrate one's strength (variant of 鉚|铆[mao3])/
17693	卷簾門	卷帘门	 /variant of 捲簾門|卷帘门[juan3 lian2 men2]/
17699	卷起	卷起	 /variant of 捲起|卷起[juan3 qi3]/
17727	卽	卽	 /variant of 即[ji2]/promptly/
17730	厀	膝	 /old variant of 膝[xi1]/
17754	厘	厘	 /variant of 釐|厘[li2]/
17862	原故	原故	 /variant of 緣故|缘故[yuan2 gu4]/
17896	原由	原由	 /variant of 緣由|缘由[yuan2 you2]/
17926	厠	厕	 /variant of 廁|厕[ce4]/
17927	厤	历	 /old variant of 曆|历[li4]/old variant of 歷|历[li4]/
17931	厪	厪	 /variant of 廑[qin2]/
17950	厮	厮	 /variant of 廝|厮[si1]/
17951	厰	厰	 /variant of 廠|厂[chang3]/
17960	厳	厳	 /Japanese variant of 嚴|严/
17962	厶	厶	 /old variant of 某[mou3]/
17963	厶	厶	 /old variant of 私[si1]/
17964	厷	厷	 /old variant of 肱[gong1]/
17965	厷	厷	 /old variant of 宏[hong2]/
17968	厺	厺	 /old variant of 去[qu4]/
18019	叁	叁	 /variant of 參|叁[san1]/
18089	參預	参预	 /variant of 參與|参与[can1 yu4]/
18090	叄	叄	 /variant of 參|叁[san1]/
18091	叅	参	 /old variant of 參|参[can1]/
18161	双	双	 /variant of 雙|双[shuang1]/
18247	反復	反复	 /variant of 反覆|反复[fan3 fu4]/
18277	反文旁	反文旁	 /(colloquial) grapheme 攵 (variant form of Kangxi radical 66, 攴)/
18312	反璞歸真	反璞归真	 /variant of 返璞歸真|返璞归真[fan3 pu2 gui1 zhen1]/
18397	反面兒	反面儿	 /erhua variant of 反面[fan3 mian4]/
18409	収	収	 /variant of 收[shou1]/
18410	叒	叒	 /old variant of 若[ruo4]/obedient/ancient mythical tree/
18597	叚	假	 /variant of 假[jia3]/to borrow/
18616	叡	睿	 /variant of 睿[rui4]/
18892	句	句	 /variant of 勾[gou1]/
18954	只	只	 /variant of 隻|只[zhi1]/
18985	叫化子	叫化子	 /variant of 叫花子[jiao4 hua1 zi5]/
19060	可勁兒	可劲儿	 /erhua variant of 可勁|可劲[ke3 jin4]/
19142	可望而不可即	可望而不可即	 /variant of 可望而不可及[ke3 wang4 er2 bu4 ke3 ji2]/
19218	台	台	 /(classical) you (in letters)/variant of 臺|台[tai2]/
19220	台中	台中	 /variant of 臺中|台中[Tai2 zhong1]/
19252	台灣	台湾	 /variant of 臺灣|台湾[Tai2 wan1]/
19274	叱吒	叱吒	 /variant of 叱咤[chi4 zha4]/
19363	右邊兒	右边儿	 /erhua variant of 右邊|右边[you4 bian5]/
19427	吁	吁	 /variant of 籲|吁[yu4]/
19597	吅	吅	 /variant of 訟|讼[song4]/
19598	吅	吅	 /variant of 喧[xuan1]/
19605	合	合	 /to close/to join/to fit/to be equal to/whole/together/round (in battle)/conjunction (astronomy)/1st note of pentatonic scale/old variant of 盒[he2]/
19610	合並	合并	 /variant of 合併|合并[he2 bing4]/
19637	合夥	合夥	 /variant of 合伙[he2 huo3]/
19638	合夥人	合夥人	 /variant of 合伙人[he2 huo3 ren2]/
19652	合式	合式	 /conforming to a pattern; up to standard/variant of 合適|合适[he2 shi4]/
19750	合轍兒	合辙儿	 /erhua variant of 合轍|合辙[he2 zhe2]/
19863	吊卷	吊卷	 /variant of 調卷|调卷[diao4 juan4]/
20072	同調	同调	 /same tone/in agreement with/homology (invariant of a topological space in math.)/
20173	名牌兒	名牌儿	 /erhua variant of 名牌[ming2 pai2]/
20188	名素	名素	 /variant of 名宿[ming2 su4]/
20202	名角兒	名角儿	 /erhua variant of 名角[ming2 jue2]/
20245	吐嘈	吐嘈	 /variant of 吐槽[tu4 cao2]/
20318	吒	吒	 /variant of 咤[zha4]/
20324	吚	咿	 /variant of 咿[yi1]/
20461	含胡	含胡	 /variant of 含糊[han2 hu5]/
20566	吶	呐	 /sentence-final particle (abbr. for 呢啊[ne5 a5] or variant of 哪[na5])/
20692	吽呀	吽呀	 /variant of 吽牙[ou2 ya2]/
20701	吿	吿	 /variant of 告[gao4]/
20726	呆	呆	 /foolish; stupid/expressionless; blank/variant of 待[dai1]/
20732	呆會兒	呆会儿	 /variant of 待會兒|待会儿[dai1 hui4 r5]/
20756	呉	呉	 /Japanese variant of 吳|吴[Wu2]/
20769	告戒	告戒	 /variant of 告誡|告诫[gao4 jie4]/
20793	呋	呋	 /used in transliteration, e.g. 呋喃[fu1 nan2], furan or 呋喃西林[fu1 nan2 xi1 lin2], furacilinum/old variant of 趺[fu1]/
20796	呌	叫	 /variant of 叫[jiao4]/
20799	呑	呑	 /variant of 吞[tun1]/
20802	呝	呝	 /old variant of 呃[e4]/
20913	呪	咒	 /variant of 咒[zhou4]/
20935	呲	呲	 /variant of 齜|龇[zi1]/
20943	味淋	味淋	 /variant of 味醂[wei4 lin2]/
20952	味霖	味霖	 /variant of 味醂[wei4 lin2]/
20954	呵	呵	 /variant of 啊[a1]/
20956	呵叱	呵叱	 /variant of 呵斥[he1 chi4]/
21077	咀	咀	 /popular variant of 嘴[zui3]/
21095	咊	和	 /old variant of 和[he2]/
21136	和得來	和得来	 /variant of 合得來|合得来[he2 de5 lai2]/
21217	咔啦	咔啦	 /crispy, deep-fried (variant of 卡拉[ka3 la1])/
21247	咖啡館兒	咖啡馆儿	 /erhua variant of 咖啡館|咖啡馆[ka1 fei1 guan3]/
21270	咨	咨	 /variant of 諮|咨[zi1]/used in 咨文[zi1 wen2]/used in 咨嗟[zi1 jie1]/
21273	咨詢	咨询	 /variant of 諮詢|咨询[zi1 xun2]/
21306	咬齧	咬啮	 /variant of 咬嚙|咬啮[yao3 nie4]/to gnaw/
21307	咭	咭	 /variant of 嘰|叽[ji1]/
21325	咲	笑	 /old variant of 笑[xiao4]/
21358	咽	咽	 /variant of 嚥|咽[yan4]/
21405	哀艷	哀艳	 /variant of 哀豔|哀艳[ai1 yan4]/
21408	哀詞	哀词	 /variant of 哀辭|哀辞[ai1 ci2]/
21419	品嘗	品尝	 /variant of 品嚐|品尝[pin3 chang2]/
21471	哄動	哄动	 /variant of 轟動|轰动[hong1 dong4]/
21472	哄動一時	哄动一时	 /variant of 轟動一時|轰动一时[hong1 dong4 yi1 shi2]/
21490	哇噻	哇噻	 /variant of 哇塞[wa1 sai1]/
21621	哏	哏	 /old variant of 狠[hen3]/old variant of 很[hen3]/also used as an exclamation of anger/
21639	哥們兒	哥们儿	 /erhua variant of 哥們|哥们[ge1 men5]/
21750	哶	咩	 /old variant of 咩[mie1]/
21771	哽喉	哽喉	 /variant of 鯁喉|鲠喉[geng3 hou2]/
21781	唃	唃	 /old variant of 唂[gu1]/
21815	唎	唎	 /variant of 哩[li5]/
21817	唏哩嘩啦	唏哩哗啦	 /variant of 稀里嘩啦|稀里哗啦[xi1 li5 hua1 la1]/
21819	唏里嘩啦	唏里哗啦	 /variant of 稀里嘩啦|稀里哗啦[xi1 li5 hua1 la1]/
21821	唐	唐	 /to exaggerate/empty/in vain/old variant of 螗[tang2]/
21896	唕	唣	 /variant of 唣[zao4]/
21897	唘	启	 /variant of 啟|启[qi3]/
21910	唫	吟	 /old variant of 吟[yin2]/
21912	唫	唫	 /variant of 崟[yin2]/
21992	唱高調兒	唱高调儿	 /erhua variant of 唱高調|唱高调[chang4 gao1 diao4]/
22001	唸	念	 /variant of 念[nian4], to read aloud/
22002	唸唸有詞	念念有词	 /variant of 念念有詞|念念有词[nian4 nian4 you3 ci2]/
22187	啑	喋	 /old variant of 喋[die2]/
22188	啓	启	 /variant of 啟|启[qi3]/
22191	啗	啖	 /variant of 啖[dan4]/
22195	啞	哑	 /(onom.) sound of cawing/sound of infant learning to talk/variant of 呀[ya1]/
22233	啟矇	启蒙	 /variant of 啟蒙|启蒙[qi3 meng2]/to instruct the young/
22241	啟蟄	启蛰	 /Waking from Hibernation/old variant of 驚蟄|惊蛰[Jing1 zhe2], Insects Wake, 3rd of the 24 solar terms 二十四節氣|二十四节气[er4 shi2 si4 jie2 qi5] 6th-20th March/
22248	啣	衔	 /variant of 銜|衔[xian2]/
22259	啦呱	啦呱	 /variant of 拉呱[la1 gua5]/
22267	啫哩	啫哩	 /variant of 啫喱[zhe3 li2]/
22277	啺	啺	 /old variant of 唐[tang2]/
22354	善罷干休	善罢干休	 /variant of 善罷甘休|善罢甘休[shan4 ba4 - gan1 xiu1]/
22371	喆	喆	 /variant of 哲[zhe2] (used as a surname and in given names)/
22393	喉急	喉急	 /variant of 猴急[hou2 ji2]/
22421	喏	喏	 /(indicating agreement) yes/all right/(drawing attention to) look!/here!/variant of 諾|诺[nuo4]/
22425	喒	咱	 /variant of 咱[zan2]/
22434	喘噓噓	喘嘘嘘	 /variant of 喘吁吁[chuan3 xu1 xu1]/
22525	喝	喝	 /to drink/variant of 嗬[he1]/
22560	喩	喩	 /Japanese variant of 喻/
22604	喫	吃	 /variant of 吃[chi1]/
22658	單個兒	单个儿	 /erhua variant of 單個|单个[dan1 ge5]/
22813	喰	喰	 /old variant of 餐[can1]/
22823	喵的	喵的	 /drat/frick/(euphemistic variant of 媽的|妈的[ma1 de5])/
22824	営	営	 /Japanese variant of 營|营/
22836	嗁	啼	 /variant of 啼[ti2]/
22838	嗄	嗄	 /variant of 啊[a2]/
22878	嗓子眼兒	嗓子眼儿	 /erhua variant of 嗓子眼[sang3 zi5 yan3]/
22922	嗝兒屁	嗝儿屁	 /erhua variant of 嗝屁[ge2 pi4]/
22980	嘂	嘂	 /old variant of 叫[jiao4]/ancient musical instrument similar to ocarina/
22982	嘅	慨	 /old variant of 慨[kai3]/to sigh (with emotion)/
23041	嘍子	喽子	 /variant of 婁子|娄子[lou2 zi5]/
23042	嘍羅	喽罗	 /variant of 嘍囉|喽啰[lou2 luo5]/
23057	嘑	呼	 /variant of 呼[hu1]/to shout/to call out/
23065	嘔氣	呕气	 /variant of 慪氣|怄气[ou4 qi4]/
23078	嘚瑟	嘚瑟	 /variant of 得瑟[de4 se5]/
23092	嘠	嘎	 /old variant of 嘎[ga2]/
23112	嘫	嘫	 /old variant of 然[ran2]/
23183	嘷	嗥	 /variant of 嗥[hao2]/
23191	嘹喨	嘹喨	 /variant of 嘹亮[liao2 liang4]/
23206	噁	𫫇	 /variant of 惡|恶[e4], used in names of chemical compounds/
23208	噁心	恶心	 /variant of 惡心|恶心[e3 xin1]/
23212	噉	啖	 /variant of 啖[dan4]/
23221	噏動	噏动	 /variant of 翕動|翕动[xi1 dong4]/
23234	噛	噛	 /old variant of 嚙|啮[nie4]/
23253	器宇	器宇	 /(literary) variant of 氣宇|气宇[qi4 yu3]/
23254	器宇軒昂	器宇轩昂	 /variant of 氣宇軒昂|气宇轩昂[qi4 yu3 xuan1 ang2]/
23269	噩運	噩运	 /variant of 厄運|厄运[e4 yun4]/
23307	噴嘴兒	喷嘴儿	 /erhua variant of 噴嘴|喷嘴[pen1 zui3]/
23384	噼啪	噼啪	 /variant of 劈啪[pi1 pa1]/
23406	嚉	嚉	 /old variant of 咄[duo1]/
23415	嚐	尝	 /to taste; to experience (variant of 嘗|尝[chang2])/
23419	嚔	嚔	 /variant of 嚏[ti4]/
23430	嚞	嚞	 /old variant of 哲[zhe2]/
23439	嚬	嚬	 /variant of 顰|颦[pin2]/
23441	嚮	向	 /to tend toward/to guide/variant of 向[xiang4]/
23502	嚵	嚵	 /(variant of 饞|馋[chan2]) gluttonous/greedy/
23536	囉嗦	啰嗦	 /variant of 囉唆|啰唆[luo1 suo5]/
23558	囒	𪢠	 /used in 囒噸|𪢠吨[Lan2 dun1]/variant of 讕|谰[lan2]/variant of 㘓|𪢌[lan2]/
23560	囓	啮	 /variant of 嚙|啮[nie4]/to gnaw/
23564	囖	囖	 /erroneous variant of 囉|啰[luo5]/
23566	囘	囘	 /variant of 回[hui2]/
23567	囙	因	 /old variant of 因[yin1]/
23748	囝	囝	 /variant of 囡[nan1]/
23775	回單兒	回单儿	 /erhua variant of 回單|回单[hui2 dan1]/
23798	回復	回复	 /to recover; to revert; to return to (good health, normal condition etc)/variant of 回覆[hui2 fu4]/
23819	回旋	回旋	 /variant of 迴旋|回旋[hui2 xuan2]/
23838	回游	回游	 /variant of 洄游[hui2 you2]/
23886	回轉	回转	 /variant of 迴轉|回转[hui2 zhuan3]/
23890	回避	回避	 /variant of 迴避|回避[hui2 bi4]/
23901	回響	回响	 /variant of 迴響|回响[hui2 xiang3]/
23965	団	団	 /Japanese variant of 團|团/
23972	囦	囦	 /old variant of 淵|渊[yuan1]/
23973	囧	囧	 /(archaic) light, bright (variant of 冏[jiong3])/(since c. 2005) (slang) emoticon signifying embarrassment, shock, helplessness etc/
23975	囪	囱	 /variant of 窗[chuang1]/
23981	囬	囬	 /variant of 回[hui2]/
23983	囯	囯	 /variant of 國|国[guo2]/
23999	囲	囲	 /Japanese variant of 圍|围[wei2]/
24000	図	図	 /Japanese variant of 圖|图/
24001	囶	囶	 /old variant of 國|国[guo2]/
24003	囸	囸	 /old variant of 日[ri4]/
24006	囹圉	囹圉	 /variant of 囹圄[ling2 yu3]/
24047	囻	囻	 /old variant of 國|国[guo2]/
24049	圀	圀	 /old variant of 國|国[guo2]/
24054	圅	函	 /variant of 函[han2]/
24452	圏	圏	 /Japanese variant of 圈/
24592	圖象	图象	 /variant of 圖像|图像[tu2 xiang4]/
24599	圖門江	图门江	 /variant of 圖們江|图们江[Tu2 men2 jiang1]/
24662	土坎兒	土坎儿	 /erhua variant of 土坎[tu3 kan3]/
24767	圢	圢	 /flat/level/(used in place names)/variant of 町[ting3]/
24769	圣	圣	 /old variant of 聖|圣[sheng4]/
24770	圧	圧	 /Japanese variant of 壓|压[ya1]/
24842	圫	圫	 /variant of 墺[ao4]/
25083	圱	圱	 /a field of three li/old variant of 阡[qian1]/
25084	圱	圱	 /old variant of 俗[su2]/
25089	坂	坂	 /variant of 阪[ban3]/
25092	坆	坆	 /variant of 墳|坟[fen2]/grave/tomb/
25093	坆	坆	 /variant of 梅[mei2]/plum/
25120	坈	坈	 /old variant of 坑[keng1]/
25131	坌	坌	 /variant of 坋[ben4]/old variant of 笨[ben4]/
25159	坎肩兒	坎肩儿	 /erhua variant of 坎肩[kan3 jian1]/
25163	坐	坐	 /to sit/to take a seat/to take (a bus, airplane etc)/to bear fruit/variant of 座[zuo4]/
25223	坐駕	坐驾	 /variant of 座駕|座驾[zuo4 jia4]/
25246	坓	坓	 /variant of 阱[jing3]/
25247	坕	坕	 /old variant of 經|经[jing1]/
25292	坭	坭	 /variant of 泥[ni2]/
25305	坵	丘	 /hillock; mound (variant of 丘[qiu1])/
25313	坿	附	 /variant of 附[fu4]/
25361	垇	垇	 /(used in place names)/variant of 坳[ao4]/
25380	垖	垖	 /old variant of 堆[dui1]/
25383	垚	垚	 /variant of 堯|尧, legendary emperor Yao, c. 2200 BC/embankment/
25387	垜	垛	 /variant of 垛[duo3]/
25405	垵	垵	 /(used in place names)/variant of 埯[an3]/
25409	垿	垿	 /earthern goblet stand also known as 反坫[fan3 dian4] (old)/old variant of 序/
25410	埀	埀	 /old variant of 垂[chui2]/
25480	埄	埄	 /variant of 埲[beng3]/
25486	埈	埈	 /variant of 峻[jun4]/
25577	埛	埛	 /old variant of 坰[jiong1]/
25578	埜	野	 /old variant of 野[ye3]/
25594	埦	埦	 /variant of 碗[wan3]/
25596	埫	埫	 /variant of 垧[shang3]/Taiwan pr. [chong3]/
25600	埰	埰	 /old variant of 采[cai4]/
25602	埳	坎	 /old variant of 坎[kan3]/pit/hole/
25648	培果	培果	 /variant of 貝果|贝果[bei4 guo3]/
25791	埽	埽	 /dike/old variant of 掃|扫[sao4]/
25818	堂花	堂花	 /variant of 唐花[tang2 hua1]/
25820	堃	坤	 /variant of 坤[kun1]/
25822	堃	堃	 /variant of 坤[kun1] (mainly used in given names)/
25886	堇	堇	 /clay/old variant of 僅|仅[jin3]/violet (plant)/
25898	堘	塍	 /variant of 塍[cheng2]/
25905	堡	堡	 /variant of 鋪|铺[pu4]/used in place names/
25916	堦	阶	 /variant of 階|阶[jie1]/
25984	報怨	报怨	 /to pay back a score/to get revenge/to requite/(old) variant of 抱怨[bao4 yuan4]/
26073	堿	堿	 /variant of 鹼|碱[jian3]/
26074	塁	塁	 /Japanese variant of 壘|垒/
26094	塌實	塌实	 /variant of 踏實|踏实[ta1 shi5]/
26218	塗鴨	涂鸭	 /variant of 塗鴉|涂鸦[tu2 ya1]/graffiti/scrawl/poor calligraphy/to write badly/to scribble/
26227	塚	冢	 /burial mound (variant of 冢[zhong3])/
26277	塟	葬	 /old variant of 葬[zang4]/
26278	塠	塠	 /old variant of 堆[dui1]/
26279	塡	塡	 /variant of 填[tian2]/
26286	塩	塩	 /Japanese variant of 鹽|盐/
26315	塲	场	 /variant of 場|场[chang2]/
26316	塲	场	 /variant of 場|场[chang3]/
26334	塼	砖	 /variant of 甎|砖[zhuan1]/
26362	墊底兒	垫底儿	 /erhua variant of 墊底|垫底[dian4 di3]/
26401	墖	塔	 /old variant of 塔[ta3]/
26402	増	増	 /Japanese variant of 增[zeng1]/
26474	墟	墟	 /ruins/(literary) village/variant of 圩[xu1]/country fair/
26491	墨水兒	墨水儿	 /erhua variant of 墨水[mo4 shui3]/
26533	墪	墩	 /old variant of 墩[dun1]/
26534	墫	墫	 /old variant of 蹲[dun1]/
26535	墫	墫	 /old variant of 樽[zun1]/
26536	墬	墬	 /variant of 地[di4]/
26542	墰	墰	 /variant of 罈|坛[tan2]/
26553	墵	墵	 /old variant of 壜[tan2]/
26556	墻	墙	 /variant of 牆|墙[qiang2]/
26592	壄	野	 /erroneous variant of 野[ye3]/
26594	壅塞	壅塞	 /variant of 擁塞|拥塞[yong1 se4]/
26599	壊	壊	 /Japanese variant of 壞|坏[huai4]/
26601	壌	壌	 /Japanese variant of 壤[rang3]/
26609	壓伏	压伏	 /variant of 壓服|压服[ya1 fu2]/
26628	壓寶	压宝	 /variant of 押寶|押宝[ya1 bao3]/
26637	壓根兒	压根儿	 /erhua variant of 壓根|压根[ya4 gen1]/
26658	壓車	压车	 /variant of 押車|押车[ya1 che1]/
26665	壓韻	压韵	 /variant of 押韻|押韵[ya1 yun4]/
26666	壓馬路	压马路	 /variant of 軋馬路|轧马路[ya4 ma3 lu4]/Taiwan pr. [ya1 ma3 lu4]/
26677	壜	壜	 /variant of 罈|坛[tan2]/
26706	壠	垅	 /old variant of 壟|垄[long3]/
26707	壡	壡	 /variant of 睿[rui4]/
26768	壱	壱	 /Japanese variant of 壹[yi1]/
26769	売	売	 /Japanese variant of 賣|卖[mai4]/
26777	壻	婿	 /variant of 婿[xu4]/
26815	壿	壿	 /old variant of 蹲[cun2]/
26816	夀	夀	 /old variant of 壽|寿[shou4]/
26818	夅	夅	 /old variant of 降[jiang4]/
26819	夅	夅	 /old variant of 降[xiang2]/
26821	変	変	 /Japanese variant of 變|变[bian4]/
26874	夒	夒	 /a kind of gibbon (old variant of 猱[nao2])/
26875	夓	夓	 /old variant of 夏[xia4]/
27094	外邊兒	外边儿	 /erhua variant of 外邊|外边[wai4 bian5]/
27125	夘	卯	 /variant of 卯[mao3]/
27157	多元	多元	 /poly-/multi-/multielement/multivariant/multivariate (math.)/
27352	多采	多采	 /variant of 多彩[duo1 cai3]/
27396	夜宵兒	夜宵儿	 /erhua variant of 夜宵[ye4 xiao1]/
27408	夜消	夜消	 /variant of 夜宵[ye4 xiao1]/
27454	夠戧	够戗	 /variant of 夠嗆|够呛[gou4 qiang4]/
27484	夣	夣	 /old variant of 夢|梦[meng4]/
27490	夥伴	夥伴	 /variant of 伙伴[huo3 ban4]/
27491	夥計	夥计	 /variant of 伙計|伙计[huo3 ji5]/
27532	大伙兒	大伙儿	 /erhua variant of 大伙[da4 huo3]/
27676	大坂	大坂	 /Japanese surname Osaka/old variant of 大阪[Da4 ban3] (Osaka, city in Japan), used prior to the Meiji era/
27706	大夥	大夥	 /variant of 大伙[da4 huo3]/
27843	大才小用	大才小用	 /variant of 大材小用[da4 cai2 - xiao3 yong4]/
27905	大月支	大月支	 /variant of 大月氏[Da4 Yue4 zhi1]/
27967	大氣兒	大气儿	 /erhua variant of 大氣|大气[da4 qi4]/
28194	大腕兒	大腕儿	 /erhua variant of 大腕[da4 wan4]/
28519	天份	天份	 /variant of 天分[tian1 fen4]/
28780	天蟹座	天蟹座	 /Cancer (constellation and sign of the zodiac)/variant of 巨蟹座/
28915	太平洋周邊	太平洋周边	 /variant of 太平洋週邊|太平洋周边[Tai4 ping2 Yang2 Zhou1 bian1], Pacific Rim/
28968	太阿	太阿	 /variant of 泰阿[Tai4 e1]/
29044	夯	夯	 /variant of 笨[ben4]/
29045	夯	夯	 /to ram; to tamp/a rammer; a tamper/variant of ㄏㄤ[hang1]/
29179	夶	夶	 /old variant of 比[bi3]/
29195	夸夸其談	夸夸其谈	 /variant of 誇誇其談|夸夸其谈[kua1 kua1 - qi2 tan2]/
29227	夾當兒	夹当儿	 /erhua variant of 夾當|夹当[jia1 dang1]/
29246	奄	奄	 /variant of 閹|阉[yan1]/to castrate/variant of 淹[yan1]/to delay/
29313	奇跡	奇迹	 /variant of 奇蹟|奇迹[qi2 ji4]/
29376	奌	奌	 /variant of 點|点[dian3]/
29409	奓	奓	 /old variant of 侈[chi3]/
29410	奓	奓	 /old variant of 奢[she1]/
29434	奔頭兒	奔头儿	 /erhua variant of 奔頭|奔头[ben4 tou5]/
29527	奢糜	奢糜	 /variant of 奢靡[she1 mi2]/
29556	奧塞羅	奥塞罗	 /variant of 奧賽羅|奥赛罗[Ao4 sai4 luo2]/
29633	奧黛莉	奥黛莉	 /Audrey/variant of 奧黛麗|奥黛丽[Ao4 dai4 li4]/
29635	奨	奨	 /Japanese variant of 獎|奖[jiang3]/
29652	奬	奬	 /variant of 獎|奖[jiang3]/
29674	女	女	 /old variant of 汝[ru3]/
29695	女功	女功	 /variant of 女紅|女红[nu:3 gong1]/
29715	女孩兒	女孩儿	 /erhua variant of 女孩[nu : 3 hai2]/
29719	女工	女工	 /working woman/variant of 女紅|女红[nu:3 gong1]/
29800	奶嘴兒	奶嘴儿	 /erhua variant of 奶嘴[nai3 zui3]/
29825	奶皇	奶皇	 /variant of 奶黃|奶黄[nai3 huang2]/
29826	奶皇包	奶皇包	 /variant of 奶黃包|奶黄包[nai3 huang2 bao1]/
29844	奸	奸	 /wicked/crafty/traitor/variant of 姦|奸[jian1]/
29855	奸滑	奸滑	 /variant of 奸猾[jian1 hua2]/
29969	好玩兒	好玩儿	 /erhua variant of 好玩[hao3 wan2]/
29996	好象	好象	 /to seem; to be like (variant of 好像[hao3 xiang4])/
30125	妅	妅	 /old variant of 娂[hong2]/
30126	妉	妉	 /old variant of 媅[dan1]/
30195	妚	妚	 /variant of 胚[pei1]/embryo/
30199	妝扮	妆扮	 /variant of 裝扮|装扮[zhuang1 ban4]/
30222	妬	妒	 /variant of 妒[du4]/
30223	妭	妭	 /(literary) beautiful woman/old variant of 魃[ba2]/
30234	妳	奶	 /variant of 嬭|奶[nai3]/
30236	妷	侄	 /variant of 姪|侄[zhi2]/
30237	妸	妸	 /(used in female given names)/variant of 婀[e1]/
30269	姆指	姆指	 /erroneous variant of 拇指[mu3 zhi3]/
30271	姉	姊	 /old variant of 姊[zi3]/
30353	委宛	委宛	 /variant of 委婉[wei3 wan3]/
30363	委過	委过	 /variant of 諉過|诿过[wei3 guo4]/
30365	委靡不振	委靡不振	 /variant of 萎靡不振[wei3 mi3 bu4 zhen4]/
30371	姙	妊	 /variant of 妊[ren4]/
30382	姜	姜	 /variant of 薑|姜[jiang1]/
30409	姧	姧	 /variant of 姦|奸[jian1], adultery, villain/
30433	姫	姫	 /Japanese variant of 姬/princess/imperial concubine/
30449	姸	姸	 /variant of 妍/beautiful/
30458	姿式	姿式	 /variant of 姿勢|姿势[zi1 shi4]/
30568	娒	娒	 /variant of 姆[mu3]/
30569	娒	娒	 /variant of 侮[wu3]/
30585	娘泡	娘泡	 /variant of 娘炮[niang2 pao4]/
30589	娚	娚	 /old variant of 喃[nan2]/
30608	娥眉	娥眉	 /variant of 蛾眉[e2 mei2]/
30613	娯	娯	 /Japanese variant of 娛|娱[yu2]/
30625	娿	婀	 /variant of 婀[e1]/
30652	婉如	婉如	 /variant of 宛如[wan3 ru2]/
30666	婙	婙	 /old variant of 婧[jing4]/
30706	婣	姻	 /variant of 姻[yin1]/
30735	婷婷玉立	婷婷玉立	 /variant of 亭亭玉立[ting2 ting2 - yu4 li4]/
30751	媍	妇	 /old variant of 婦|妇[fu4]/
30783	媠	媠	 /old variant of 惰[duo4]/
30797	媳婦兒	媳妇儿	 /erhua variant of 媳婦|媳妇[xi2 fu4]/
30798	媳婦兒	媳妇儿	 /erhua variant of 媳婦|媳妇[xi2 fu5]/
30821	媿	愧	 /old variant of 愧[kui4]/
30830	嫁裝	嫁装	 /variant of 嫁妝|嫁妆[jia4 zhuang5]/
30908	嫮	嫮	 /old variant of 嫭[hu4]/
30909	嫰	嫩	 /old variant of 嫩[nen4]/
30912	嫺	娴	 /variant of 嫻|娴[xian2]/
30920	嬀	妫	 /variant of 媯|妫[Gui1]/
30970	嬛	嬛	 /variant of 煢|茕[qiong2]/
30974	嬢	嬢	 /Japanese variant of 孃|娘[niang2]/
30982	嬭	奶	 /mother/variant of 奶[nai3]/
30995	嬴	嬴	 /old variant of 贏|赢[ying2], to win, to profit/old variant of 盈[ying2], full/
31001	嬹	嬹	 /old variant of 興|兴[xing4]/
31002	嬾	懒	 /variant of 懶|懒[lan3]/
31009	孃	娘	 /variant of 娘[niang2]/
31010	孄	孄	 /old variant of 懶|懒[lan3]/
31016	孏	孏	 /old variant of 懶|懒[lan3]/
31048	子實	子实	 /variant of 籽實|籽实[zi3 shi2]/
31075	子細	子细	 /variant of 仔細|仔细[zi3 xi4]/
31084	子豬	子猪	 /variant of 仔豬|仔猪[zi3 zhu1]/
31176	字形	字形	 /form of a Chinese character/variant of 字型[zi4 xing2]/
31400	孤苦零丁	孤苦零丁	 /variant of 孤苦伶仃[gu1 ku3 ling2 ding1]/
31403	孤負	孤负	 /variant of 辜負|辜负[gu1 fu4]/
31473	孳孳	孳孳	 /variant of 孜孜[zi1 zi1]/
31484	孶	孶	 /old variant of 孳[zi1]/
31523	學摸	学摸	 /variant of 踅摸[xue2 mo5]/
31591	孼	孽	 /variant of 孽[nie4]/
31606	宂	冗	 /variant of 冗[rong3]/
31941	安達曼島	安达曼岛	 /Andaman islands/variant of 安達曼群島|安达曼群岛[An1 da2 man4 Qun2 dao3]/
31975	宊	宊	 /old variant of 家[jia1]/
31976	宊	宊	 /variant of 突/
32048	宍	宍	 /old variant of 肉[rou4]/
32050	宏亮	宏亮	 /variant of 洪亮[hong2 liang4]/
32056	宏揚	宏扬	 /variant of 弘揚|弘扬[hong2 yang2]/
32196	定單	定单	 /variant of 訂單|订单[ding4 dan1]/
32202	定婚	定婚	 /variant of 訂婚|订婚[ding4 hun1]/
32224	定戶	定户	 /variant of 訂戶|订户[ding4 hu4]/
32287	定貨	定货	 /variant of 訂貨|订货[ding4 huo4]/
32300	定閱	定阅	 /variant of 訂閱|订阅[ding4 yue4]/
32318	宛轉	宛转	 /sinuous/meandering/to take a circuitous route/to toss about/vicissitudes/variant of 婉轉|婉转[wan3 zhuan3]/
32358	実	実	 /Japanese variant of 實|实/
32424	宣佈	宣布	 /variant of 宣布[xuan1 bu4]/
32495	宨	宨	 /variant of 窕[tiao3]/
32496	宩	宩	 /old variant of 屎[shi3]/
32588	家俱	家俱	 /variant of 家具[jia1 ju4]/
32748	宼	寇	 /old variant of 寇[kou4]/
32809	寃	冤	 /old variant of 冤[yuan1]/
32877	密司脫	密司脱	 /variant of 密斯脫|密斯脱[mi4 si1 tuo1]/
33046	寑	寝	 /old variant of 寢|寝[qin3]/
33051	寒傖	寒伧	 /variant of 寒磣|寒碜[han2 chen5]/
33096	寕	宁	 /old variant of 寧|宁[ning4]/
33097	寖	寖	 /old variant of 浸[jin4]/
33098	寗	寗	 /old variant of 甯|宁[ning2]/
33101	寛	寛	 /Japanese variant of 寬|宽/
33439	寬心丸兒	宽心丸儿	 /erhua variant of 寬心丸|宽心丸[kuan1 xin1 wan2]/
33476	寮	寮	 /hut/shack/small window/variant of 僚[liao2]/
33484	寳	宝	 /variant of 寶|宝[bao3]/
33558	寶貝兒	宝贝儿	 /erhua variant of 寶貝|宝贝[bao3 bei4]/
33588	対	対	 /Japanese variant of 對|对[dui4]/
33662	専	専	 /Japanese variant of 專|专/
33673	射手座	射手座	 /Sagittarius (constellation and sign of the zodiac)/popular variant of 人馬座|人马座[Ren2 ma3 zuo4]/
33696	尅	克	 /variant of 剋|克[ke4]/
33929	對勁兒	对劲儿	 /erhua variant of 對勁|对劲[dui4 jin4]/
33959	對帳	对帐	 /variant of 對賬|对账[dui4 zhang4]/
33964	對心兒	对心儿	 /erhua variant of 對心|对心[dui4 xin1]/
34168	小伙兒	小伙儿	 /erhua variant of 小伙[xiao3 huo3]/
34177	小偷兒	小偷儿	 /erhua variant of 小偷[xiao3 tou1]/
34181	小兒痲痺	小儿痲痹	 /variant of 小兒麻痺|小儿麻痹/infantile paralysis/polio (poliomyelitis)/
34189	小兩口兒	小两口儿	 /erhua variant of 小兩口|小两口[xiao3 liang3 kou3]/
34261	小孩兒	小孩儿	 /erhua variant of 小孩[xiao3 hai2]/
34321	小抄兒	小抄儿	 /erhua variant of 小抄[xiao3 chao1]/
34330	小攤兒	小摊儿	 /erhua variant of 小攤|小摊[xiao3 tan1]/
34342	小日本兒	小日本儿	 /erhua variant of 小日本[xiao3 Ri4 ben3]/
34350	小時候兒	小时候儿	 /erhua variant of 小時候|小时候[xiao3 shi2 hou5]/
34427	小白臉兒	小白脸儿	 /erhua variant of 小白臉|小白脸[xiao3 bai2 lian3]/
34498	小菜兒	小菜儿	 /erhua variant of 小菜[xiao3 cai4]/
34499	小菜碟兒	小菜碟儿	 /erhua variant of 小菜一碟[xiao3 cai4 yi1 die2]/
34551	小辮兒	小辫儿	 /erhua variant of 小辮|小辫[xiao3 bian4]/
34594	小題大作	小题大作	 /variant of 小題大做|小题大做[xiao3 ti2 da4 zuo4]/
34659	少安無躁	少安无躁	 /variant of 少安毋躁[shao3 an1 wu2 zao4]/
34700	尒	尔	 /variant of 爾|尔[er3]/
34701	尓	尓	 /variant of 爾|尔[er3]/
34745	尗	尗	 /old variant of 菽[shu1]/old variant of 叔[shu1]/
34746	尙	尙	 /variant of 尚, still/yet/to value/to esteem/
34756	尚方寶劍	尚方宝剑	 /variant of 尚方劍|尚方剑[shang4 fang1 jian4]/imperial sword (giving bearer arbitrary powers)/in fiction, Chinese version of 007's license to kill/
34770	尜兒	尜儿	 /erhua variant of 尜[ga2]/
34772	尟	鲜	 /variant of 鮮|鲜[xian3]/
34773	尠	鲜	 /variant of 尟|鲜[xian3]/
34801	尨	尨	 /old variant of 龐|庞[pang2]/huge/enormous/
34802	尩	尩	 /variant of 尪[wang1]/
34809	尭	尭	 /Japanese variant of 堯|尧[yao2]/
34854	尲	尲	 /variant of 尷|尴[gan1]/
34855	尶	尶	 /old variant of 尷|尴[gan1]/
34858	尸	尸	 /(literary) person representing the deceased (during burial ceremonies)/(literary) to put a corpse on display (after execution)/variant of 屍|尸[shi1]/
34998	尿盆兒	尿盆儿	 /erhua variant of 尿盆[niao4 pen2]/
35007	局促	局促	 /variant of 侷促|局促[ju2 cu4]/
35037	屁眼兒	屁眼儿	 /erhua variant of 屁眼[pi4 yan3]/
35088	居民點兒	居民点儿	 /variant of 居民點|居民点[ju1 min2 dian3]/
35094	居禮	居礼	 /variant of 居里[ju1 li3]/
35095	居禮夫人	居礼夫人	 /variant of 居里夫人[Ju1 li3 fu1 ren5]/
35204	屓	屃	 /variant of 屭|屃[xi4]/
35233	展轉	展转	 /variant of 輾轉|辗转[zhan3 zhuan3]/
35242	屖	屖	 /variant of 犀, rhinoceros/sharp/
35247	屛	屛	 /variant of 屏[ping2]/
35305	層見迭出	层见迭出	 /variant of 層見疊出|层见叠出[ceng2 xian4 - die2 chu1]/
35325	屫	屫	 /old variant of 屩[jue1]/
35340	屬象	属象	 /variant of 屬相|属相[shu3 xiang4]/
35358	屯邅	屯邅	 /variant of 迍邅[zhun1 zhan1]/
35398	山奈	山奈	 /(loanword) cyanide/variant of 山柰[shan1 nai4]/
35411	山嵛菜	山嵛菜	 /variant of 山萮菜[shan1 yu2 cai4]/
35434	山查	山查	 /variant of 山楂[shan1 zha1]/
35484	山羊座	山羊座	 /Capricorn (constellation and sign of the zodiac)/Japanese variant of 魔羯座/
35557	岀	岀	 /old variant of 出[chu1]/
35558	岅	坂	 /variant of 阪[ban3]/
35566	岐	岐	 /variant of 歧[qi2]/
35569	岐視	岐视	 /variant of 歧視|歧视[qi2 shi4]/
35589	岞	岞	 /(used in place names)/variant of 岝[Zuo4]/
35680	岹	岹	 /variant of 岧[tiao2]/
35681	峀	峀	 /old variant of 岫[xiu4]/
35694	峒人	峒人	 /variant of 侗人[Dong4 ren2]/
35695	峒劇	峒剧	 /variant of 侗劇|侗剧[Dong4 ju4]/
35702	峝	峒	 /variant of 峒[tong2]/
35710	峨嵋	峨嵋	 /variant of 峨眉[E2 mei2]/
35711	峨嵋山	峨嵋山	 /variant of 峨眉山[E2 mei2 Shan1]/
35722	峩	峨	 /variant of 峨[e2]/
35726	峯	峰	 /variant of 峰[feng1]/
35783	崇慶	崇庆	 /variant of 重慶|重庆[Chong2 qing4]/
35803	崏	崏	 /old variant of 岷[min2]/
35804	崐	昆	 /variant of 崑|昆[kun1]/
35817	崓	崓	 /variant of 崮[gu4]/
35844	崗	岗	 /variant of 岡|冈 [gang1]/
35859	崘	仑	 /variant of 崙|仑[lun2]/
35877	崧	崧	 /variant of 嵩[song1]/
35899	崯	崯	 /variant of 崟[yin2]/
35936	嵒	岩	 /variant of 巖|岩[yan2]/
35937	嵓	嵓	 /variant of 岩[yan2]/variant of 嚴|严[yan2]/
35940	嵗	岁	 /variant of 歲|岁[sui4], year/years old/
35961	嶃	崭	 /variant of 嶄|崭[chan2]/
35962	嶃	崭	 /variant of 嶄|崭[zhan3]/
35963	嶄	崭	 /variant of 巉[chan2]/
35974	嶋	嶋	 /variant of 島|岛[dao3], island/used as second component of Japanese names with phonetic value -shima or -jima/
35975	嶌	嶌	 /variant of 島|岛[dao3], island/used in Japanese names with reading -shima or -jima/
35979	嶖	嶖	 /old variant of 崦[yan1]/
35997	嶫	嶫	 /variant of 嶪[ye4]/
36001	嶲	嶲	 /old variant of 巂[xi1]/
36026	巌	巌	 /Japanese variant of 巖|岩[yan2]/
36038	巖	岩	 /variant of 岩[yan2]/
36039	巖層	岩层	 /variant of 岩層|岩层[yan2 ceng2]/rock strata/
36042	巗	岩	 /variant of 巖|岩[yan2]/
36044	巚	巚	 /variant of 巘|𪩘[yan3]/
36045	巛	巛	 /old variant of 川[chuan1]/
36046	巜	巜	 /old variant of 澮|浍[kuai4]/
36081	巠	巠	 /underground watercourse/archaic variant of 經|经[jing1]/
36113	巣	巣	 /Japanese variant of 巢/
36114	巤	巤	 /old variant of 鬣[lie4]/
36177	工夫茶	工夫茶	 /very concentrated type of tea consumed in Chaozhou, Fujian and Taiwan/variant of 功夫茶[gong1 fu5 cha2]/
36251	左	左	 /left/the Left (politics)/east/unorthodox/queer/wrong/differing/opposite/variant of 佐[zuo3]/
36308	左邊兒	左边儿	 /erhua variant of 左邊|左边[zuo3 bian5]/
36354	巨子	巨子	 /variant of 鉅子|巨子[ju4 zi3]/
36426	差一點兒	差一点儿	 /erhua variant of 差一點|差一点[cha4 yi1 dian3]/
36430	差不離兒	差不离儿	 /erhua variant of 差不離|差不离[cha4 bu4 li2]/
36466	差遲	差迟	 /variant of 差池[cha1 chi2]/
36471	差點兒	差点儿	 /erhua variant of 差點|差点[cha4 dian3]/
36545	巴唧	巴唧	 /variant of 吧唧[ba1 ji5]/
36546	巴唧巴唧	巴唧巴唧	 /variant of 吧唧吧唧[ba1 ji5 ba1 ji5]/
36595	巴拿芬	巴拿芬	 /paraffin/variant of 石蠟|石蜡[shi2 la4]/
36710	巵	卮	 /old variant of 卮[zhi1]/
36717	巻	巻	 /Japanese variant of 卷[juan3]/
36725	巿	巿	 /(literary) variant of 韍|韨[fu2]/
36726	帀	匝	 /variant of 匝[za1]/
36882	布署	布署	 /variant of 部署[bu4 shu3]/
36945	帋	纸	 /variant of 紙|纸[zhi3]/
36946	希	希	 /to hope/to admire/variant of 稀[xi1]/
36954	希伯萊	希伯莱	 /variant of 希伯來|希伯来[Xi1 bo2 lai2]/
36957	希奇	希奇	 /variant of 稀奇[xi1 qi2]/
36958	希奇古怪	希奇古怪	 /variant of 稀奇古怪[xi1 qi2 - gu3 guai4]/
36983	希罕	希罕	 /variant of 稀罕[xi1 han5]/
37041	帖	帖	 /fitting snugly/appropriate/suitable/variant of 貼|贴[tie1]/to paste/to obey/
37052	帘	帘	 /flag used as a shop sign/variant of 簾|帘[lian2]/
37124	帬	裙	 /old variant of 裙[qun2]/
37136	帯	帯	 /Japanese variant of 帶|带/
37137	帰	帰	 /Japanese variant of 歸|归/
37138	帲	帲	 /variant of 帡[ping2]/
37139	帳	帐	 /(bound form) curtain; tent; canopy/variant of 賬|账[zhang4]/
37145	帳棚	帐棚	 /variant of 帳篷|帐篷[zhang4 peng5]/
37155	帶兒	带儿	 /erhua variant of 帶|带[dai4]/
37168	帶孝	带孝	 /variant of 戴孝[dai4 xiao4]/
37232	常年累月	常年累月	 /variant of 長年累月|长年累月[chang2 nian2 lei3 yue4]/
37284	帺	帺	 /variant of 綥[qi2]/
37291	帽沿	帽沿	 /variant of 帽檐[mao4 yan2]/
37305	幅射	幅射	 /variant of 輻射|辐射[fu2 she4]/
37307	幇	帮	 /old variant of 幫|帮[bang1]/
37308	幈	幈	 /variant of 屏[ping2]/
37313	幑	徽	 /old variant of 徽[hui1]/
37329	幙	幕	 /old variant of 幕[mu4]/curtain/screen/
37330	幚	帮	 /old variant of 幫|帮[bang1]/
37332	幞	幞	 /used in 幞頭|幞头[fu2 tou2]/variant of 袱[fu2]/Taiwan pr. [pu2]/
37354	幫兇	帮凶	 /variant of 幫凶|帮凶[bang1 xiong1]/
37386	干撓	干挠	 /variant of 干擾|干扰[gan1 rao3], to interfere/
37393	干與	干与	 /variant of 干預|干预[gan1 yu4]/
37568	平空	平空	 /variant of 憑空|凭空[ping2 kong1]/
37709	年畫兒	年画儿	 /erhua variant of 年畫|年画[nian2 hua4]/
37750	年頭兒	年头儿	 /erhua variant of 年頭|年头[nian2 tou2]/
37757	幷	幷	 /variant of 並|并[bing4]/variant of 併|并[bing4]/
37785	幹嗎	干吗	 /variant of 幹嘛|干嘛[gan4 ma2]/
37795	幹活兒	干活儿	 /erhua variant of 幹活|干活[gan4 huo2]/
37807	幹麼	干么	 /variant of 幹嘛|干嘛[gan4 ma2]/
37941	庁	庁	 /Japanese variant of 廳|厅/
37942	広	広	 /Japanese variant of 廣|广/
37943	庄	庄	 /variant of 莊|庄[zhuang1]/
37944	庅	庅	 /variant of 麼|么[me5]/
37945	庅	庅	 /variant of 麼|麽[mo2]/
37989	庒	庒	 /old variant of 莊|庄[zhuang1]/
38096	座標	座标	 /variant of 坐標|坐标[zuo4 biao1]/
38241	庻	庶	 /old variant of 庶[shu4]/
38242	庽	寓	 /variant of 寓[yu4]/
38245	庿	庿	 /variant of 廟|庙[miao4]/
38246	廀	廀	 /old variant of 廋[sou1]/
38257	廃	廃	 /Japanese variant of 廢|废[fei4]/
38290	廏	廏	 /variant of 廄|厩[jiu4]/
38291	廐	厩	 /variant of 廄|厩[jiu4]/
38292	廑	廑	 /careful/hut/variant of 僅|仅[jin3]/
38293	廑	廑	 /variant of 勤[qin2]/
38297	廕	荫	 /variant of 蔭|荫[yin4], shade/
38349	廡	庑	 /variant of 蕪|芜[wu2]/
38525	廵	巡	 /variant of 巡[xun2]/
38588	廸	廸	 /variant of 迪[di2]/
38589	廹	迫	 /variant of 迫[po4]/to persecute/to oppress/embarrassed/
38659	廻	廻	 /variant of 迴|回[hui2]/
38660	廼	乃	 /variant of 乃[nai3]/
38717	弌	弌	 /archaic variant of 一[yi1]/
38718	弍	弍	 /archaic variant of 貳|贰, banker's anti-fraud numeral two/
38719	弎	弎	 /archaic variant of 參|叁, banker's anti-fraud numeral three/
38724	弐	弐	 /Japanese variant of 貳|贰[er4]/
38750	弔	吊	 /a string of 100 cash (arch.)/to lament/to condole with/variant of 吊[diao4]/
38753	弔唁	吊唁	 /variant of 吊唁[diao4 yan4]/
38856	弗吉尼亞	弗吉尼亚	 /variant of 弗吉尼亞州|弗吉尼亚州/Virginia, US state/
38889	弘圖	弘图	 /variant of 宏圖|宏图[hong2 tu2]/
38891	弘旨	弘旨	 /variant of 宏旨[hong2 zhi3]/
38894	弘願	弘愿	 /variant of 宏願|宏愿[hong2 yuan4]/
38900	弟	弟	 /variant of 悌[ti4]/
38944	弮	弮	 /variant of 卷[juan4], curled up scroll/
39023	張惶	张惶	 /variant of 張皇|张皇[zhang1 huang2]/
39179	弾	弾	 /Japanese variant of 彈|弹/
39180	彀	彀	 /to draw a bow to the full/the range of a bow and arrow/old variant of 夠|够[gou4], enough/
39255	彉	彉	 /variant of 彍|𭚦[guo1]/
39256	彊	强	 /variant of 強|强[jiang4]/
39257	彊	强	 /variant of 強|强[qiang2]/
39258	彊	强	 /variant of 強|强[qiang3]/
39306	彑	彑	 /variant of 彐[ji4]/
39317	彙映	汇映	 /variant of 匯映|汇映[hui4 ying4]/
39320	彙編	汇编	 /variant of 匯編|汇编[hui4 bian1]/
39324	彛	彛	 /variant of 彝[yi2]/
39333	彠	彟	 /see 武士彠|武士彟[Wu3 Shi4 huo4]/old variant of 蒦[huo4]/
39376	形譯	形译	" /derivation of a Chinese loanword from Japanese by using the same characters (or variants) but applying Chinese pronunciation (e.g. 場合|场合[chang3 he2], derived from Japanese 場合, pronounced ""ba'ai"")/"
39447	彫	雕	 /variant of 雕[diao1], to engrave/
39520	影象	影象	 /variant of 影像[ying3 xiang4]/
39531	彲	彨	 /variant of 螭[chi1]/
39537	彷似	彷似	 /variant of 仿似[fang3 si4]/
39538	彷佛	彷佛	 /erroneous variant of 彷彿|仿佛[fang3 fu2]/
39629	徃	往	 /old variant of 往[wang3]/
39657	徇	徇	 /to give in to/to be swayed by (personal considerations etc)/Taiwan pr. [xun2]/to follow/to expose publicly/variant of 侚[xun4]/variant of 殉[xun4]/
39825	後邊兒	后边儿	 /erhua variant of 後邊|后边[hou4 bian5]/
39829	後鉤兒	后钩儿	 /erhua variant of 後鉤|后钩[hou4 gou1]/
39905	従	従	 /old variant of 從|从[cong2]/
39944	得意揚揚	得意扬扬	 /variant of 得意洋洋[de2 yi4 yang2 yang2]/
40079	御手	御手	 /the emperor's hand/variant of 馭手|驭手[yu4 shou3]/
40089	徧	遍	 /variant of 遍[bian4]/
40098	復元	复元	 /variant of 復原|复原[fu4 yuan2]/
40152	復蘇	复苏	 /variant of 復甦|复苏[fu4 su1]/to recover (health, economic)/to resuscitate/anabiosis/
40300	徳	徳	 /Japanese variant of 德[de2]/
40301	徴	徴	 /Japanese variant of 徵|征/
40377	德州撲克	德州扑克	 /Texas hold 'em (poker variant)/
40431	德行	德行	 /variant of 德性[de2 xing5]/
40457	徼倖	徼幸	 /variant of 僥倖|侥幸[jiao3 xing4]/
40458	徼幸	徼幸	 /variant of 僥倖|侥幸[jiao3 xing4]/
40474	忂	忂	 /old variant of 躣[qu2]/
40560	心拙口夯	心拙口夯	 /variant of 心拙口笨[xin1 zhuo1 kou3 ben4]/
40624	心砰砰跳	心砰砰跳	 /variant of 心怦怦跳[xin1 peng1 peng1 tiao4]/
40745	必恭必敬	必恭必敬	 /variant of 畢恭畢敬|毕恭毕敬[bi4 gong1 bi4 jing4]/
40870	忛	忛	 /erroneous variant of 帆[fan1]/
40871	応	応	 /Japanese variant of 應|应/
40874	忞	忞	 /ancient variant of 暋[min3]/
40975	快魚	快鱼	 /variant of 鱠魚|鲙鱼[kuai4 yu2]/
40977	快點兒	快点儿	 /erhua variant of 快點|快点[kuai4 dian3]/
40978	忬	忬	 /old variant of 舒[shu1]/old variant of 紓|纾[shu1]/
40979	忬	忬	 /old variant of 豫[yu4]/
40981	忭舞	忭舞	 /variant of 抃舞[bian4 wu3]/
40984	忲	忲	 /variant of 忕[tai4]/
41039	忿忿	忿忿	 /variant of 憤憤|愤愤[fen4 fen4]/
41040	忿忿不平	忿忿不平	 /variant of 憤憤不平|愤愤不平[fen4 fen4 bu4 ping2]/
41041	忿怒	忿怒	 /variant of 憤怒|愤怒[fen4 nu4]/
41042	忿恨	忿恨	 /variant of 憤恨|愤恨[fen4 hen4]/
41062	怎麽	怎么	 /variant of 怎麼|怎么[zen3 me5]/
41063	怎麽了	怎么了	 /variant of 怎麼了|怎么了[zen3 me5 le5]/
41129	思惟	思惟	 /variant of 思維|思维[si1 wei2]/
41206	急待	急待	 /variant of 亟待[ji2 dai4]/
41358	怨耦	怨耦	 /variant of 怨偶[yuan4 ou3]/
41412	怱	匆	 /variant of 匆[cong1]/
41414	怳	恍	 /variant of 恍[huang3]/
41420	怸	怸	 /obscure variant of 悉[xi1]/Achyranthes bidentata, a root used in Chinese medicine, equivalent to 牛膝[niu2 xi1]/
41423	恁	恁	 /old variant of 您[nin2]/
41467	恍忽	恍忽	 /variant of 恍惚[huang3 hu1]/
41486	恐怖份子	恐怖分子	 /variant of 恐怖分子[kong3 bu4 fen4 zi3]/
41489	恐怖片兒	恐怖片儿	 /erhua variant of 恐怖片[kong3 bu4 pian4]/
41512	恒	恒	 /variant of 恆|恒[heng2]/
41529	恠	怪	 /variant of 怪[guai4]/
41530	恡	吝	 /variant of 吝[lin4]/
41533	恢弘	恢弘	 /variant of 恢宏[hui1 hong2]/
41629	恬澹	恬澹	 /variant of 恬淡[tian2 dan4]/
41645	恭惟	恭惟	 /variant of 恭維|恭维[gong1 wei5]/
41686	恵	恵	 /Japanese variant of 惠[hui4]/
41688	悀	悀	 /to be angry/to like/variant of 湧|涌[yong3]/
41716	悊	悊	 /to revere/to respect/variant of 哲[zhe2]/
41728	悑	悑	 /old variant of 怖[bu4]/
41749	悖繆	悖缪	 /variant of 悖謬|悖谬[bei4 miu4]/
41759	悞	悮	 /to impede/to delay/variant of 誤|误[wu4]/
41781	悠閑	悠闲	 /variant of 悠閒|悠闲/leisurely/
41796	悤	匆	 /variant of 匆[cong1]/
41800	悩	悩	 /Japanese variant of 惱|恼/
41801	悪	悪	 /Japanese variant of 惡|恶[e4]/
41846	悳	德	 /variant of 德[de2]/
41875	悼辭	悼辞	 /variant of 悼詞|悼词[dao4 ci2]/
41876	悽	凄	 /variant of 淒|凄[qi1]/sad/mournful/
41955	情素	情素	 /variant of 情愫[qing2 su4]/
41994	惏	婪	 /old variant of 婪[lan2]/
41998	惒	惒	 /old variant of 和[he2]/
42000	惓惓	惓惓	 /variant of 拳拳[quan2 quan2]/
42022	惟一	惟一	 /variant of 唯一[wei2 yi1]/
42023	惟利是圖	惟利是图	 /variant of 唯利是圖|唯利是图[wei2 li4 shi4 tu2]/
42027	惟有	惟有	 /variant of 唯有[wei2 you3]/
42062	惠能	惠能	 /variant of 慧能[Hui4 neng2]/
42090	惡名兒	恶名儿	 /erhua variant of 惡名|恶名[e4 ming2]/
42156	惡運	恶运	 /variant of 厄運|厄运[e4 yun4]/
42163	惥	恿	 /old variant of 恿[yong3]/
42167	惪	德	 /variant of 德[de2]/
42201	想當然耳	想当然耳	 /variant of 想當然爾|想当然尔[xiang3 dang1 ran2 er3]/
42220	惷	蠢	 /variant of 蠢[chun3]/stupid/
42221	惸	惸	 /variant of 煢|茕[qiong2]/
42226	惹事生非	惹事生非	 /variant of 惹是生非[re3 shi4 sheng1 fei1]/
42232	惹嘍子	惹喽子	 /variant of 惹婁子|惹娄子[re3 lou2 zi5]/
42238	惹樓子	惹楼子	 /variant of 惹婁子|惹娄子[re3 lou2 zi5]/
42253	惺鬆	惺松	 /variant of 惺忪[xing1 song1]/
42282	愍	愍	 /variant of 憫|悯[min3]/
42346	意識型態	意识型态	 /variant of 意識形態|意识形态[yi4 shi2 xing2 tai4]/
42355	愑	愑	 /variant of 悀[yong3]/
42361	愙	恪	 /variant of 恪[ke4]/
42469	愛滋病	爱滋病	 /variant of 艾滋病[ai4 zi1 bing4]/
42617	愬	诉	 /variant of 訴|诉[su4]/
42620	愯	愯	 /old variant of 悚[song3]/
42623	愷弟	恺弟	 /variant of 愷悌|恺悌[kai3 ti4]/
42624	愷徹	恺彻	 /variant of 愷撒|恺撒, Caesar (emperor) used by Yan Fu 嚴復|严复/
42627	愼	愼	 /variant of 慎[shen4]/
42628	愽	博	 /old variant of 博[bo2]/
42630	愿	愿	 /honest and prudent/variant of 願|愿[yuan4]/
42632	慂	恿	 /old variant of 恿[yong3]/
42726	慘澹	惨澹	 /variant of 慘淡|惨淡[can3 dan4]/
42742	慙	惭	 /variant of 慚|惭[can2]/
42745	慜	慜	 /clever/old variant of 愍[min3]/
42809	慧星	慧星	 /variant of 彗星[hui4 xing1]/
42817	慫	怂	 /variant of 㞞|𪨊[song2]/
42834	慴	慑	 /variant of 懾|慑[she4]/Taiwan pr. [zhe2]/
42868	慼	戚	 /variant of 戚[qi1]/grief/sorrow/
42870	慽	戚	 /variant of 慼|戚[qi1]/
42876	慿	慿	 /old variant of 憑|凭[ping2]/
42894	憇	憩	 /variant of 憩[qi4]/
42935	憑白無故	凭白无故	 /variant of 平白無故|平白无故[ping2 bai2 - wu2 gu4]/
42953	憙	憙	 /variant of 喜[xi3]/
43021	懃	勤	 /variant of 勤[qin2]/industrious/solicitous/
43053	應名兒	应名儿	 /erhua variant of 應名|应名[ying1 ming2]/
43149	懐	懐	 /Japanese variant of 懷|怀[huai2]/
43168	懱	懱	 /variant of 蔑[mie4]/
43293	懽	欢	 /variant of 歡|欢[huan1]/
43350	戉	戉	 /variant of 鉞|钺[yue4]/
43612	或體	或体	 /variant Chinese character/alternative form of a Chinese character/
43628	戝	戝	 /old variant of 賊|贼[zei2]/
43629	戞	戛	 /variant of 戛[jia2]/
43631	戠	戠	 /to gather/old variant of 埴[zhi2]/
43638	戦	戦	 /Japanese variant of 戰|战/
43670	戮	戮	 /(bound form) to kill/variant of 勠[lu4]/
43673	戯	戏	 /variant of 戲|戏[xi4]/
43727	戰略夥伴	战略夥伴	 /variant of 戰略伙伴|战略伙伴[zhan4 lu:e4 huo3 ban4]/
43755	戱	戱	 /variant of 戲|戏[xi4]/
43851	戸	戸	 /variant of 戶|户[hu4]/
43852	戹	厄	 /variant of 厄[e4]/
43854	戻	戻	 /Japanese variant of 戾[li4]/
43855	戼	卯	 /old variant of 卯[mao3]/
43958	扁	扁	 /flat/(coll.) to beat (sb) up/old variant of 匾[bian3]/
43979	扁額	扁额	 /variant of 匾額|匾额[bian3 e2]/
44064	手捲	手卷	 /variant of 手卷[shou3 juan3]/
44303	打哈哈兒	打哈哈儿	 /erhua variant of 打哈哈[da3 ha1 ha5]/
44310	打嗝兒	打嗝儿	 /erhua variant of 打嗝[da3 ge2]/
44364	打憷	打憷	 /variant of 打怵[da3 chu4]/
44373	打把式	打把式	 /variant of 打把勢|打把势[da3 ba3 shi5]/
44408	打旋兒	打旋儿	 /erhua variant of 打旋[da3 xuan2]/
44457	打盹兒	打盹儿	 /erhua variant of 打盹[da3 dun3]/
44557	打頓兒	打顿儿	 /erhua variant of 打頓|打顿[da3 dun4]/
44582	払	払	 /Japanese variant of 拂[fu2]/
44583	扗	扗	 /old variant of 在[zai4]/
44584	托	托	 /to hold up in one's hand; to support with one's palm/sth serving as a support: a prop, a rest (e.g. arm rest)/(bound form) a shill/to ask; to beg; to entrust (variant of 託|托[tuo1])/torr (unit of pressure)/
44633	托辭	托辞	 /variant of 託詞|托词[tuo1 ci2]/
44645	扞	捍	 /variant of 捍[han4]/
44678	扣關	扣关	 /variant of 叩關|叩关[kou4 guan1]/
44724	扯蛋	扯蛋	 /variant of 扯淡[che3 dan4]/
44733	扳	扳	 /variant of 攀[pan1]/
44743	扳指兒	扳指儿	 /erhua variant of 扳指[ban1 zhi3]/
44791	扶餘	扶馀	 /variant of 扶餘|扶余 Korean: Buyeo (c. 200 BC-494 AD), ancient kingdom in northeast frontier region of China/
44803	批哩啪啦	批哩啪啦	 /variant of 噼里啪啦[pi1 li5 pa1 la1]/
44804	批復	批复	 /variant of 批覆|批复[pi1 fu4]/
44871	找碴	找碴	 /variant of 找茬[zhao3 cha2]/
44951	技倆	技俩	 /variant of 伎倆|伎俩[ji4 liang3]/
44999	抄近兒	抄近儿	 /erhua variant of 抄近[chao1 jin4]/
45064	抒	抒	 /to express/to give expression to/variant of 紓|纾[shu1]/to relieve/
45166	投環	投环	 /variant of 投繯|投缳[tou2 huan2]/
45215	抖內	抖内	 /variant of 斗內|斗内[dou3 nei4]/
45318	折煞	折煞	 /variant of 折殺|折杀[zhe2 sha1]/
45342	折衷	折衷	 /variant of 折中[zhe2 zhong1]/
45355	抜	抜	 /Japanese variant of 拔[ba2]/
45356	抝	拗	 /variant of 拗[ao4]/
45357	択	択	 /Japanese variant of 擇|择/
45358	抦	抦	 /old variant of 秉[bing3]/variant of 柄[bing3]/handle/shaft/
45365	披星帶月	披星带月	 /variant of 披星戴月[pi1 xing1 dai4 yue4]/
45469	抵銷	抵销	 /variant of 抵消[di3 xiao1]/
45485	抹煞	抹煞	 /variant of 抹殺|抹杀[mo3 sha1]/
45542	抽煙	抽烟	 /variant of 抽菸|抽烟[chou1 yan1]/
45572	拂	拂	 /old variant of 弼[bi4]/
45625	拉	拉	 /used in 拉拉蛄[la4 la4 gu3]/variant of 落[la4]/
45662	拉圾	拉圾	 /erroneous variant of 垃圾[la1 ji1]/
45701	拉拉蛄	拉拉蛄	 /variant of 蝲蝲蛄[la4 la4 gu3]/
45889	拏	拿	 /variant of 拿[na2]/
45890	拐	拐	 /to turn (a corner etc)/to kidnap/to swindle/to misappropriate/seven (used as a substitute for 七[qi1])/variant of 枴|拐[guai3]/
45893	拐彎兒	拐弯儿	 /erhua variant of 拐彎|拐弯[guai3 wan1]/
45944	拔尖兒	拔尖儿	 /erhua variant of 拔尖[ba2 jian1]/
45952	拔毛連茹	拔毛连茹	 /variant of 拔茅連茹|拔茅连茹[ba2 mao2 - lian2 ru2]/
45957	拔火罐兒	拔火罐儿	 /erhua variant of 拔火罐[ba2 huo3 guan4]/
45979	拕	拖	 /variant of 拖[tuo1]/
46062	拘攣兒	拘挛儿	 /erhua variant of 拘攣|拘挛[ju1 luan2]/
46091	拚	拚	 /variant of 拼[pin1]/
46228	拝	拝	 /Japanese variant of 拜[bai4]/
46229	拠	拠	 /Japanese variant of 據|据/
46230	拡	拡	 /Japanese variant of 擴|扩/
46232	拪	拪	 /old variant of 遷|迁[qian1]/
46365	拽	拽	 /variant of 曳[ye4]/
46419	拿破侖	拿破仑	 /variant of 拿破崙|拿破仑[Na2 po4 lun2]/
46591	按步就班	按步就班	 /variant of 按部就班[an4 bu4 - jiu4 ban1]/
46596	按納	按纳	 /variant of 按捺[an4 na4]/
46611	挊	挊	 /old variant of 弄[nong4]/
46616	挎兜兒	挎兜儿	 /erhua variant of 挎兜[kua4 dou1]/
46646	挑毛剔刺兒	挑毛剔刺儿	 /erhua variant of 挑毛剔刺[tiao1 mao2 ti1 ci4]/
46662	挑頭兒	挑头儿	 /erhua variant of 挑頭|挑头[tiao3 tou2]/
46666	挔	挔	 /erroneous variant of 旅[lu : 3]/
46690	挙	挙	 /Japanese variant of 舉|举/
46695	挨個兒	挨个儿	 /erhua variant of 挨個|挨个[ai1 ge4]/
46724	挨邊兒	挨边儿	 /erhua variant of 挨邊|挨边[ai1 bian1]/
46763	挱	挲	 /variant of 挲[suo1]/
46766	挵	弄	 /old variant of 弄[nong4]/
46781	挺而走險	挺而走险	 /variant of 鋌而走險|铤而走险[ting3 er2 zou3 xian3]/
46801	挾	挟	 /old variant of 夾|夹[jia1]/
46810	挿	挿	 /Japanese variant of 插[cha1]/
46815	捄	救	 /variant of 救[jiu4]/
46817	捅嘍子	捅喽子	 /variant of 捅婁子|捅娄子[tong3 lou2 zi5]/
46819	捅樓子	捅楼子	 /variant of 捅婁子|捅娄子[tong3 lou2 zi5]/
46884	捐貲	捐赀	 /variant of 捐資|捐资[juan1 zi1]/
46890	捓	捓	 /old variant of 揶[ye2]/
46916	捙	捙	 /erroneous variant of 拽[ye4]/
46917	捜	捜	 /Japanese variant of 搜[sou1]/
46934	捧角兒	捧角儿	 /erhua variant of 捧角[peng3 jue2]/
46960	捭	捭	 /variant of 擘[bo4]/to separate/to split/
46962	据	据	 /variant of 據|据[ju4]/
46965	捱	捱	 /variant of 挨[ai2]/
46970	捲心菜	卷心菜	 /variant of 卷心菜[juan3 xin1 cai4]/
47106	授與	授与	 /variant of 授予[shou4 yu3]/
47115	掉價兒	掉价儿	 /erhua variant of 掉價|掉价[diao4 jia4]/
47116	掉包	掉包	 /variant of 調包|调包[diao4 bao1]/
47133	掉過兒	掉过儿	 /erhua variant of 掉過|掉过[diao4 guo4]/
47168	掍	掍	 /edging (of a dress etc)/old variant of 混[hun4]/
47188	排佈	排布	 /variant of 排布[pai2 bu4]/
47249	排瀉	排泻	 /variant of 排泄[pai2 xie4]/to excrete (urine, sweat etc)/
47250	排瀉物	排泻物	 /variant of 排泄物[pai2 xie4 wu4]/
47329	掛搭	挂搭	 /variant of 掛褡|挂褡[gua4 da1]/
47357	掛鉤兒	挂钩儿	 /erhua variant of 掛鉤|挂钩[gua4 gou1]/
47488	探頭探腦兒	探头探脑儿	 /erhua variant of 探頭探腦|探头探脑[tan4 tou2 tan4 nao3]/
47553	接碴	接碴	 /variant of 接茬[jie1 cha2]/
47634	推委	推委	 /variant of 推諉|推诿[tui1 wei3]/
47772	掱	掱	 /variant of 扒[pa2] in 扒手[pa2 shou3]/
47773	掱	掱	 /variant of 手[shou3] in 扒手[pa2 shou3]/
47774	掲	掲	 /Japanese variant of 揭/
47775	掽	碰	 /variant of 碰[peng4]/
47788	揅	揅	 /(literary) variant of 研[yan2]/
47905	提葫蘆	提葫芦	 /variant of 提壺蘆|提壶芦[ti2 hu2 lu2]/
47932	揑	捏	 /variant of 捏[nie1]/
47963	插腰	插腰	 /variant of 叉腰[cha1 yao1]/
48073	揦	揦	 /old variant of 攋[la4]/
48094	揭密	揭密	 /variant of 揭秘[jie1 mi4]/
48170	揷	插	 /old variant of 插[cha1]/
48172	揹	背	 /variant of 背[bei1]/
48174	揺	揺	 /Japanese variant of 搖|摇[yao2]/
48176	搆	构	 /variant of 構|构[gou4]/(Tw) (coll.) variant of 夠|够[gou4]/to reach by stretching/
48177	搇	揿	 /variant of 撳|揿[qin4]/
48220	搔	搔	 /to scratch/old variant of 騷|骚[sao1]/
48286	搜	搜	 /to search/variant of 蒐|搜[sou1]/
48329	搞花樣兒	搞花样儿	 /erhua variant of 搞花樣|搞花样[gao3 hua1 yang4]/
48339	搤	扼	 /variant of 扼[e4]/
48340	搥	捶	 /variant of 捶[chui2]/
48343	搧	搧	 /variant of 扇[shan1]/
48348	搪突	搪突	 /variant of 唐突[tang2 tu1]/
48360	搬指	搬指	 /variant of 扳指[ban1 zhi3]/
48375	搭	搭	 /to put up/to build (scaffolding)/to hang (clothes on a pole)/to connect/to join/to arrange in pairs/to match/to add/to throw in (resources)/to take (boat, train)/variant of 褡[da1]/
48391	搭把手兒	搭把手儿	 /erhua variant of 搭把手[da1 ba3 shou3]/
48392	搭拉	搭拉	 /variant of 耷拉[da1 la5]/
48395	搭擋	搭挡	 /variant of 搭檔|搭档[da1 dang4]/
48400	搭理	搭理	 /variant of 答理[da1 li5]/
48402	搭當	搭当	 /variant of 搭檔|搭档[da1 dang4]/
48411	搭茬兒	搭茬儿	 /erhua variant of 搭茬[da1 cha2]/
48415	搭褳	搭裢	 /variant of 褡褳|褡裢[da1 lian5]/
48419	搭赸	搭赸	 /variant of 搭訕|搭讪[da1 shan4]/
48423	搭連	搭连	 /variant of 褡褳|褡裢[da1 lian5]/
48427	搯	掏	 /variant of 掏[tao1]/
48433	搳拳	搳拳	 /variant of 划拳[hua2 quan2]/
48477	搾	榨	 /variant of 榨[zha4]/to press/to extract (juice)/
48479	摀	摀	 /variant of 捂[wu3]/to cover/
48483	摃	扛	 /old variant of 扛[gang1]/
48485	摏	摏	 /variant of 舂[chong1]/
48493	摔交	摔交	 /variant of 摔跤[shuai1 jiao1]/
48551	摩娑	摩娑	 /variant of 摩挲[mo2 suo1]/
48625	摳字眼兒	抠字眼儿	 /erhua variant of 摳字眼|抠字眼[kou1 zi4 yan3]/
48628	摳門兒	抠门儿	 /erhua variant of 摳門|抠门[kou1 men2]/
48630	摶	抟	 /to roll up into a ball with one's hands (variant of 團|团[tuan2])/(literary) to circle; to wheel/
48636	摸	摸	 /variant of 摹[mo2]/
48658	摹仿	摹仿	 /variant of 模仿[mo2 fang3]/
48660	摹擬	摹拟	 /variant of 模擬|模拟[mo2 ni3]/
48663	摺	折	 /variant of 折[zhe2]/to fold/
48671	摺線	摺线	 /variant of 折線|折线[zhe2 xian4], broken line (continuous figure made up of straight line segments)/polygonal line/dog leg/
48682	摿	摿	 /erroneous variant of 搖|摇[yao2]/
48688	撃	撃	 /Japanese variant of 擊|击[ji1]/
48691	撆	撆	 /variant of 撇[pie1]/
48739	撒但	撒但	 /variant of 撒旦[Sa1 dan4], Satan or Shaitan/
48842	撟	挢	 /to raise/to lift/to pretend/counterfeit/unyielding/variant of 矯|矫[jiao3]/to correct/
48843	撡	操	 /old variant of 操[cao1]/
48859	撤消	撤消	 /variant of 撤銷|撤销[che4 xiao1]/
48897	撦	扯	 /variant of 扯[che3]/to pull/to tear/
48901	撩亂	撩乱	 /variant of 繚亂|缭乱[liao2 luan4]/
48929	撫琴	抚琴	 /to play the zither/classical variant of 彈琴|弹琴[tan2 qin2]/
49016	撾	挝	 /ancient weapon with a tip shaped like a hand or claw/old variant of 抓[zhua1]/to strike; to beat/
49116	操	操	 /variant of 肏[cao4]/
49136	操屄	操屄	 /variant of 肏屄[cao4 bi1]/
49160	操逼	操逼	 /variant of 肏屄[cao4 bi1]/
49181	擔擱	担搁	 /variant of 耽擱|耽搁[dan1 ge5]/
49189	擔誤	担误	 /variant of 耽誤|耽误[dan1 wu5]/
49192	擕	携	 /old variant of 攜|携[xie2]/
49197	擘畫	擘画	 /variant of 擘劃|擘划[bo4 hua4]/
49253	擡	抬	 /variant of 抬[tai2]/
49261	擥	擥	 /variant of 攬|揽[lan3]/
49293	擧	举	 /variant of 舉|举[ju3]/
49294	擨	擨	 /old variant of 揶[ye2]/
49410	擺譜兒	摆谱儿	 /erhua variant of 擺譜|摆谱[bai3 pu3]/
49432	擿	擿	 /to scratch/old variant of 擲|掷[zhi4]/
49458	攀高枝兒	攀高枝儿	 /erhua variant of 攀高枝[pan1 gao1 zhi1]/
49461	攂	攂	 /to beat (old variant of 擂[lei2])/
49467	攈	攈	 /old variant of 捃[jun4]/
49476	攐	攐	 /variant of 褰, to hold up the hem of clothes/to lift up the skirts/
49477	攓	攓	 /variant of 搴[qian1], to seize/
49510	攙	搀	 /to take by the arm and assist/variant of 摻|掺[chan1]/
49553	攟	攟	 /old variant of 捃[jun4]/
49564	攤兒	摊儿	 /erhua variant of 攤|摊[tan1]/
49588	攩	挡	 /variant of 擋|挡[dang3]/
49631	支子	支子	 /support/stand/trivet/(cooking utensil) gridiron/(variant of 梔子|栀子[zhi1 zi5]) cape jasmine/
49665	支解	支解	 /variant of 肢解[zhi1 jie3]/
49680	攴	攴	 /to tap/to knock lightly/old variant of 撲|扑[pu1]/
49681	攵	攵	 /variant of 攴[pu1]/
49688	收伏	收伏	 /variant of 收服[shou1 fu2]/
49756	收獲	收获	 /variant of 收穫|收获[shou1 huo4]/
49810	攷	考	 /to beat/to hit/variant of 考[kao3]/to inspect/to test/to take an exam/
49919	攼	攼	 /old variant of 捍[han4]/
49920	攽	攽	 /variant of 頒|颁[ban1]/
50144	敂	叩	 /old variant of 叩[kou4]/to knock/
50226	敍	叙	 /variant of 敘|叙[xu4]/
50227	敎	敎	 /variant of 教[jiao4]/
50283	敓	敚	 /old variant of 奪|夺[duo2]/
50289	敖	敖	 /variant of 遨[ao2]/
50336	敘文	叙文	 /variant of 序文[xu4 wen2]/
50341	敘言	叙言	 /variant of 序言[xu4 yan2]/
50459	敢作敢當	敢作敢当	 /variant of 敢做敢當|敢做敢当[gan3 zuo4 gan3 dang1]/
50498	散座兒	散座儿	 /erhua variant of 散座[san3 zuo4]/single seat (in theater)/irregular passenger (in rickshaw)/
50609	敭	扬	 /variant of 揚|扬[yang2]/
50623	敲榨	敲榨	 /to press (fruit)/variant of 敲詐|敲诈[qiao1 zha4]/
50648	整型	整型	 /(computing) integer/(Tw) to perform or undergo plastic surgery (variant of 整形[zheng3 xing2])/
50730	敷演	敷演	 /variant of 敷衍/to elaborate (on a theme)/to expound (the meaning of the classics)/
50872	敺	驱	 /variant of 驅|驱[qu1]/
50874	敽	敽	 /old variant of 敿[jiao3]/
50878	斂	敛	 /variant of 殮|殓[lian4]/
50887	斄	斄	 /ancient place name (a Han dynasty town in Shaanxi)/variant of 邰[Tai2]/
51049	文詞	文词	 /variant of 文辭|文辞[wen2 ci2]/
51075	斈	斈	 /variant of 學|学[xue2]/
51076	斉	斉	 /old variant of 齊|齐[qi2]/
51077	斌	斌	 /variant of 彬[bin1]/
51078	斎	斎	 /Japanese variant of 齋|斋[zhai1]/
51152	斔	斔	 /old variant of 斞[yu3]/
51155	斗	斗	 /dry measure for grain equal to ten 升[sheng1] or one-tenth of a 石[dan4]/decaliter/peck/cup or dipper shaped object/old variant of 陡[dou3]/
51202	料頭兒	料头儿	 /erhua variant of 料頭|料头[liao4 tou2]/
51203	斚	斚	 /variant of 斝[jia3]/
51216	斜愣眼兒	斜愣眼儿	 /erhua variant of 斜愣眼[xie2 leng5 yan3]/
51258	斤斗	斤斗	 /variant of 筋斗[jin1 dou3]/
51282	斬新	斩新	 /variant of 嶄新|崭新[zhan3 xin1]/
51459	新婚宴爾	新婚宴尔	 /variant of 新婚燕爾|新婚燕尔[xin1 hun1 - yan4 er3]/
51697	斵	斫	 /variant of 斲|斫[zhuo2]/
51838	方策	方策	 /strategy/policy/general plan/variant of 方冊|方册[fang1 ce4]/
51875	施予	施予	 /variant of 施與|施与[shi1 yu3]/
51926	斾	斾	 /variant of 旆, pennant/banner/
51934	旁皇	旁皇	 /variant of 彷徨[pang2 huang2]/
51949	旁邊兒	旁边儿	 /erhua variant of 旁邊|旁边[pang2 bian1]/
51953	旂	旗	 /flag/variant of 旗[qi2]/
51957	旄	旄	 /variant of 耄[mao4]/
51958	旄倪	旄倪	 /variant of 耄倪[mao4 ni2]/
51959	旄期	旄期	 /variant of 耄期[mao4 qi1]/
52002	旊	旊	 /variant of 瓬[fang3]/
52004	旋	旋	 /to whirl/immediately/variant of 鏇|镟[xuan4]/
52119	旣	旣	 /variant of 既[ji4]/
52120	旤	祸	 /old variant of 禍|祸[huo4]/
52272	日蝕	日蚀	 /variant of 日食[ri4 shi2]/
52341	早班兒	早班儿	 /erhua variant of 早班[zao3 ban1]/
52367	旪	旪	 /old variant of 協|协[xie2]/
52385	旮旯兒	旮旯儿	 /erhua variant of 旮旯[ga1 la2]/
52403	旹	时	 /old variant of 時|时[shi2]/
52419	旾	春	 /old variant of 春[chun1]/
52463	昇	升	 /to ascend; to rise (variant of 升[sheng1])/to promote; to elevate (variant of 升[sheng1])/
52484	昌披	昌披	 /variant of 猖披[chang1 pi1]/
52724	昚	慎	 /old variant of 慎[shen4]/
52725	昜	昜	 /old variant of 陽|阳[yang2]/
52727	昞	昞	 /variant of 炳[bing3]/
52909	昦	昦	 /variant of 昊[hao4]/
52923	昪	昪	 /(literary) (of sunlight) bright/(literary) happy; delighted (old variant of 忭[bian4])/
52924	昫	昫	 /variant of 煦[xu4]/balmy/nicely warm/cozy/
52925	昬	昏	 /old variant of 昏[hun1]/
52955	是的	是的	 /yes, that's right/variant of 似的[shi4 de5]/
52967	昰	是	 /variant of 是[shi4]/
52970	昱昱	昱昱	 /variant of 煜煜[yu4 yu4]/
52975	昵	昵	 /variant of 暱|昵[ni4]/
52978	昶	昶	 /(of the day) long/old variant of 暢|畅[chang4]/
52980	昻	昻	 /variant of 昂[ang2]/
53102	晄	晄	 /old variant of 晃[huang3]/
53140	晒	晒	 /variant of 曬|晒[shai4]/
53191	晥	晥	 /old variant of 皖[Wan3]/
53209	晩	晩	 /variant of 晚[wan3]/
53388	晳	晰	 /variant of 晰[xi1]/
53389	晳	晳	 /variant of 皙[xi1]/
53461	晻	暗	 /variant of 暗[an4]/
53469	暁	暁	 /Japanese variant of 曉|晓/
53496	暉	晖	 /sunshine/to shine upon/variant of 輝|辉[hui1]/
53497	暉映	晖映	 /variant of 輝映|辉映[hui1 ying4]/
53504	暎	映	 /old variant of 映[ying4]/
53516	暒	暒	 /old variant of 晴[qing2]/
53644	暜	暜	 /old variant of 普[pu3]/
53646	暞	暞	 /old variant of 曒[jiao3]/
53648	暠	皓	 /variant of 皓[hao4]/
53667	暦	暦	 /Japanese variant of 曆|历[li4]/
53702	暴	暴	 /variant of 曝[pu4]/
53735	暴燥	暴燥	 /variant of 暴躁[bao4 zao4]/
53779	暹邏	暹逻	 /variant of 暹羅|暹罗[Xian1 luo2]/
53799	曉諭	晓谕	 /variant of 曉喻|晓喻[xiao3 yu4]/
53801	曏	向	 /variant of 向[xiang4]/direction/orientation/to face/to turn toward/to/towards/shortly before/formerly/
53802	曐	曐	 /old variant of 星[xing1]/
53803	曑	曑	 /old variant of 參|参[shen1]/(constellation)/
53804	曒	曒	 /old variant of 皦[jiao3]/
53805	曓	曓	 /old variant of 暴[bao4]/
53843	曡	叠	 /variant of 疊|叠[die2]/
53907	曲蟮	曲蟮	 /variant of 蛐蟮[qu1 shan5]/
54007	書柬	书柬	 /variant of 書簡|书简[shu1 jian3]/
54021	書皮兒	书皮儿	 /erhua variant of 書皮|书皮[shu1 pi2]/
54079	曻	曻	 /variant of 昇|升[sheng1]/
54107	曽	曽	 /Japanese variant of 曾[ceng2]/
54147	替班兒	替班儿	 /erhua variant of 替班[ti4 ban1]/
54154	替角兒	替角儿	 /erhua variant of 替角[ti4 jue2]/
54386	月芽	月芽	 /variant of 月牙[yue4 ya2]/
54391	月蝕	月蚀	 /variant of 月食[yue4 shi2]/
54658	有空兒	有空儿	 /erhua variant of 有空[you3 kong4]/
54703	有譜兒	有谱儿	 /erhua variant of 有譜|有谱[you3 pu3]/
54765	服事	服事	 /variant of 服侍[fu2 shi5]/
54803	服貼	服贴	 /variant of 服帖[fu2 tie1]/
54836	朙	朙	 /old variant of 明[ming2]/
54896	朝庭	朝庭	 /variant of 朝廷[chao2 ting2]/
54965	朞	期	 /variant of 期[qi1]/period/cycle/
54991	朢	望	 /15th day of month (lunar calendar)/old variant of 望[wang4]/
54994	朦在鼓裡	朦在鼓里	 /variant of 蒙在鼓裡|蒙在鼓里[meng2 zai4 gu3 li3]/
55166	未知數兒	未知数儿	 /erhua variant of 未知數|未知数[wei4 zhi1 shu4]/
55187	末	末	 /variant of 麼|么[me5]/
55362	朮	朮	 /variant of 術|术[shu4]/
55363	朮	朮	 /variant of 術|术[zhu2]/
55427	朶	朵	 /variant of 朵[duo3]/
55635	杓	杓	 /ladle (variant of 勺[shao2])/
55717	束修	束修	 /variant of 束脩[shu4 xiu1]/
55737	杠	杠	 /variant of 槓|杠[gang4]/
55741	杧果	杧果	 /variant of 芒果[mang2 guo3]/
55766	杰	杰	 /variant of 傑|杰[jie2]/
55982	東邊兒	东边儿	 /erhua variant of 東邊|东边[dong1 bian5]/
56016	杳眇	杳眇	 /variant of 杳渺[yao3 miao3]/
56019	杴	杴	 /shovel/variant of 鍁|锨[xian1]/
56102	板主	板主	 /variant of 版主[ban3 zhu3]/
56141	板築	板筑	 /variant of 版築|版筑[ban3 zhu4]/
56176	枏	楠	 /variant of 楠[nan2]/
56183	枓拱	枓拱	 /variant of 斗拱[dou3 gong3]/
56184	枓栱	枓栱	 /variant of 斗拱[dou3 gong3]/
56192	枕席兒	枕席儿	 /erhua variant of 枕席[zhen3 xi2]/
56271	林蔭大道	林荫大道	 /variant of 林陰大道|林阴大道[lin2 yin1 - da4 dao4]/
56314	果子	果子	 /fruit/variant of 餜子|馃子[guo3 zi5]/
56359	枝丫	枝丫	 /variant of 枝椏|枝桠[zhi1 ya1]/
56364	枝枒	枝枒	 /variant of 枝椏|枝桠[zhi1 ya1]/
56374	枝解	枝解	 /variant of 肢解[zhi1 jie3]/
56397	枱	枱	 /old variant of 檯|台[tai2]/
56413	架式	架式	 /variant of 架勢|架势[jia4 shi5]/
56563	柜	柜	 /variant of 櫃|柜[gui4]/
56572	柟	楠	 /variant of 楠[nan2]/
56578	查	查	 /variant of 楂[zha1]/
56636	柬	柬	 /card/note/letter/old variant of 揀|拣[jian3]/
56766	柹	柿	 /old variant of 柿[shi4]/
56767	柺	拐	 /variant of 枴|拐[guai3]/
56768	査	査	 /Japanese variant of 查/
56774	栁	柳	 /old variant of 柳[liu3]/
56775	栃	栃	 /archaic variant of 櫪|枥, oak/type of tree in ancient books/stable (for horses)/
56776	栄	栄	 /Japanese variant of 榮|荣[rong2]/
56825	栞	刊	 /old variant of 刊[kan1]/to peel with a knife/to carve/to amend/
56871	栢	柏	 /variant of 柏[bai3]/
56886	栰	筏	 /variant of 筏[fa2]/
57085	格格	格格	 /variant of 咯咯[ge1 ge1]/
57101	格登	格登	 /variant of 咯噔[ge1 deng1]/
57140	桀驁不遜	桀骜不逊	 /variant of 桀驁不馴|桀骜不驯[jie2 ao4 - bu4 xun4]/
57234	案語	案语	 /variant of 按語|按语[an4 yu3]/
57255	桌面兒	桌面儿	 /erhua variant of 桌面[zhuo1 mian4]/
57303	桒	桑	 /old variant of 桑[sang1]/
57313	桔	桔	 /variant of 橘[ju2]/
57314	桔子	桔子	 /variant of 橘子[ju2 zi5]/
57318	桚	桚	 /old variant of 拶[zan3]/
57319	桜	桜	 /Japanese variant of 櫻|樱[ying1]/
57320	桟	桟	 /Japanese variant of 棧|栈[zhan4]/
57324	桮	杯	 /variant of 杯[bei1]/
57336	桺	柳	 /old variant of 柳[liu3]/
57433	梗咽	梗咽	 /variant of 哽咽[geng3 ye4]/
57439	梗直	梗直	 /variant of 耿直[geng3 zhi2]/
57486	梢公	梢公	 /variant of 艄公[shao1 gong1]/
57489	梥	梥	 /old variant of 松[song1]/
57512	梭標	梭标	 /variant of 梭鏢|梭镖[suo1 biao1]/
57558	梵帝岡	梵帝冈	 /variant of 梵蒂岡|梵蒂冈[Fan4 di4 gang1]/
57566	梵諦岡	梵谛冈	 /variant of 梵蒂岡|梵蒂冈[Fan4 di4 gang1]/
57569	梸	梸	 /old variant of 梨[li2]/
57570	梹	梹	 /variant of 檳|槟[bing1]/
57572	棃	棃	 /variant of 梨[li2], pear/
57607	棉簽	棉签	 /variant of 棉籤|棉签[mian2 qian1]/
57625	棊	棋	 /variant of 棋[qi2]/
57655	棒子麵兒	棒子面儿	 /erhua variant of 棒子麵|棒子面[bang4 zi5 mian4]/
57826	棱	棱	 /square beam/variant of 稜|棱[leng2]/
57845	棹	棹	 /variant of 桌[zhuo1]/
57854	椀	碗	 /variant of 碗[wan3]/
57864	椉	乘	 /old variant of 乘[cheng2]/
57878	植民	植民	 /variant of 殖民/colony/
57900	椎	椎	 /hammer; mallet (variant of 槌[chui2])/variant of 捶[chui2]/
57905	椏杈	桠杈	 /variant of 丫杈[ya1 cha4]/
57912	椗	碇	 /variant of 碇[ding4]/
57913	検	検	 /Japanese variant of 檢|检/
57914	椝	椝	 /nonstandard simplified variant of 槼|规[gui1]/
57941	椶	棕	 /variant of 棕[zong1]/
57942	椷	缄	 /(wooden) box/cup/old variant of 緘|缄[jian1]/letter/
57944	椹	椹	 /variant of 葚[shen4]/
57947	椾	笺	 /variant of 箋|笺[jian1]/
58002	楍	楍	 /old variant of 本[ben3]/
58012	楔	楔	 /wedge/to hammer in (variant of 揳[xie1])/
58042	楞	楞	 /variant of 稜|棱[leng2]/used in 楞迦[Leng2 jia1]/
58043	楞	楞	 /variant of 愣[leng4]/
58048	楞頭青	楞头青	 /variant of 愣頭青|愣头青[leng4 tou2 qing1]/
58058	楥	楦	 /(wooden) shoe last/variant of 楦[xuan4]/
58103	楳	梅	 /variant of 梅[mei2]/
58170	楻	楻	 /variant of 艎[huang2]/
58171	楽	楽	 /Japanese variant of 樂|乐[le4]/
58172	楽	楽	 /Japanese variant of 樂|乐[yue4]/
58230	榘	矩	 /variant of 矩[ju3]/
58233	榛仁兒	榛仁儿	 /erhua variant of 榛仁[zhen1 ren2]/
58245	榜	榜	 /(literary) oar/(metonym) boat/variant of 搒[bang4]/(literary) to whip; to flog/Taiwan pr. [beng4]/
58246	榜	榜	 /variant of 搒[peng2]/
58325	榴槤	榴梿	 /variant of 榴蓮|榴莲[liu2 lian2]/
58340	槀	槁	 /variant of 槁[gao3]/dried up/
58342	槃	槃	 /variant of 盤|盘/wooden tray/
58411	槑	梅	 /old variant of 梅[mei2]/
58412	槑	槑	 /(Internet slang) emphatic variant of 呆[dai1]/
58426	槕	桌	 /old variant of 桌[zhuo1]/
58427	槖	槖	 /variant of 橐[tuo2]/
58428	様	様	 /Japanese variant of 樣|样/
58434	槤枷	梿枷	 /variant of 連枷|连枷[lian2 jia1]/
58438	槩	概	 /old variant of 概[gai4]/
58439	槪	槪	 /variant of 概[gai4]/
58456	槹	槹	 /variant of 槔[gao1]/
58459	槼	规	 /variant of 規|规[gui1]/
58590	樐	橹	 /old variant of 櫓|橹[lu3]/
58591	樑	梁	 /variant of 梁[liang2]/
58597	樓子	楼子	 /pavilion/variant of 婁子|娄子[lou2 zi5]/
58634	標幟	标帜	 /banner; standard/variant of 標誌|标志[biao1 zhi4]/
58693	標識	标识	 /variant of 標誌|标志[biao1 zhi4]/
58743	模寫	模写	 /variant of 摹寫|摹写[mo2 xie3]/
58757	模版	模版	 /variant of 模板[mu2 ban3]/
58768	模胡	模胡	 /variant of 模糊[mo2 hu5]/
58788	権	権	 /old variant of 權|权[quan2]/
58867	樻	樻	 /old variant of 櫃|柜[gui4]/
58873	橃	橃	 /large boat/old variant of 筏[fa2]/
58884	橆	橆	 /variant of 無|无[wu2]/
58889	橊	橊	 /old variant of 榴[liu2]/
58953	橜	橛	 /old variant of 橛[jue2]/
58961	機伶	机伶	 /variant of 機靈|机灵[ji1 ling5]/
58989	機掰	机掰	 /variant of 雞掰|鸡掰[ji1 bai1]/
59055	橡子麵兒	橡子面儿	 /erhua variant of 橡子麵|橡子面[xiang4 zi5 mian4]/
59079	橤	蕊	 /variant of 蕊[rui3]/
59198	橾	橾	 /old variant of 鍬|锹[qiao1]/
59223	檔	档	 /(Tw) gear (variant of 擋|挡[dang3])/
59243	檝	楫	 /variant of 楫[ji2]/
59290	檥	檥	 /variant of 艤|舣[yi3]/
59292	檪	檪	 /old variant of 櫟|栎[li4]/
59320	檵	檵	 /variant of 杞[qi3], wolfberry shrub (Lycium chinense)/
59339	櫃台	柜台	 /variant of 櫃檯|柜台[gui4 tai2]/
59346	櫃臺	柜台	 /variant of 櫃檯|柜台[gui4 tai2]/
59349	櫈	凳	 /variant of 凳[deng4]/
59365	櫡	櫡	 /variant of 箸[zhu4]/
59375	櫱	櫱	 /variant of 蘖[nie4]/
59395	櫽	櫽	 /tool used for shaping wood (old)/old variant of 檃[yin3]/
59405	欄櫃	栏柜	 /variant of 攔櫃|拦柜[lan2 gui4]/
59448	欎	欎	 /old variant of 鬱|郁[yu4]/
59461	欛	欛	 /variant of 杷[ba4]/variant of 把[ba4]/
59462	欝	郁	 /variant of 鬱|郁[yu4]/
59463	欞	棂	 /variant of 櫺|棂[ling2]/
59464	欞床	棂床	 /variant of 靈床|灵床[ling2 chuang2]/
59533	欱	欱	 /variant of 喝[he1]/
59534	欲	欲	 /to wish for/to desire/variant of 慾|欲[yu4]/
59537	欲取姑予	欲取姑予	 /variant of 欲取姑與|欲取姑与[yu4 qu3 - gu1 yu3]/
59554	欵	欵	 /to treat well/to detain/variant of 款[kuan3]/
59557	欷吁	欷吁	 /variant of 唏噓|唏嘘[xi1 xu1]/
59697	歎	叹	 /variant of 嘆|叹[tan4]/
59700	歐	欧	 /(used for transliteration)/old variant of 謳|讴[ou1]/
59729	歐幾里德	欧几里德	 /variant of 歐幾里得|欧几里得[Ou1 ji3 li3 de2]/
59795	歓	歓	 /old variant of 歡|欢[huan1]/
59797	歕	歕	 /old variant of 噴|喷[pen1]/
59798	歗	歗	 /old variant of 嘯|啸[xiao4]/
59799	歘	歘	 /variant of 欻[xu1]/
59803	歛	歛	 /variant of 斂|敛[lian3]/
60003	正經八擺	正经八摆	 /variant of 正經八百|正经八百[zheng4 jing1 ba1 bai3]/
60266	歨	歨	 /old variant of 步[bu4]/
60267	歩	歩	 /old variant of 步[bu4]/
60284	歫	歫	 /old variant of 距[ju4]/old variant of 拒[ju4]/
60285	歮	歮	 /old variant of 澀|涩[se4]/
60286	歯	歯	 /Japanese variant of 齒|齿/
60287	歰	歰	 /old variant of 澀|涩[se4]/
60312	歳	歳	 /Japanese variant of 歲|岁/
60313	歴	历	 /old variant of 歷|历[li4]/
60358	歷法	历法	 /variant of 曆法|历法 calendar/
60399	歸根結柢	归根结柢	 /variant of 歸根結底|归根结底[gui1 gen1 jie2 di3]/
60438	歺	歺	 /old variant of 歹[dai3]/
60462	死勁兒	死劲儿	 /erhua variant of 死勁|死劲[si3 jin4]/
60499	死氣白賴	死气白赖	 /variant of 死乞白賴|死乞白赖[si3 qi5 bai2 lai4]/
60562	殀	夭	 /(bound form) to die prematurely (also pr. [yao3]) (variant of 夭[yao1])/
60666	殞落	殒落	 /variant of 隕落|陨落[yun3 luo4]/
60668	殠	殠	 /variant of 臭[chou4]/
60673	殨	㱮	 /to fester; to ulcerate (old variant of 潰|溃[hui4])/
60683	殭	僵	 /variant of 僵[jiang1]/
60729	殸	殸	 /variant of 磬[qing4]/
60733	殺一警百	杀一警百	 /variant of 殺一儆百|杀一儆百[sha1 yi1 jing3 bai3]/
60803	殺風景	杀风景	 /variant of 煞風景|煞风景[sha1 feng1 jing3]/
60806	殻	壳	 /variant of 殼|壳[qiao4]/
60816	殽	淆	 /variant of 淆[xiao2]/
60817	殽	肴	 /variant of 肴[yao2]/
60851	毉	毉	 /variant of 醫|医[yi1]/
60857	毌	毌	 /old variant of 貫|贯[guan4]/
60907	毎	毎	 /Japanese variant of 每/
60989	比	比	 /euphemistic variant of 屄[bi1]/
61064	比畫	比画	 /variant of 比劃|比划[bi3 hua5]/
61103	毘	毗	 /variant of 毗[pi2]/
61118	毛坑	毛坑	 /variant of 茅坑[mao2 keng1]/
61128	毛廁	毛厕	 /variant of 茅廁|茅厕[mao2 si5]/
61236	毬	球	 /ball used for playing games (variant of 球[qiu2])/
61240	毴	毴	 /old variant of 屄[bi1]/
61258	氊	毡	 /variant of 氈|毡[zhan1]/
61394	気	気	 /Japanese variant of 氣|气/
61402	氜	氜	 /old variant of 陽|阳[yang2]/
61975	水餃兒	水饺儿	 /erhua variant of 水餃|水饺[shui3 jiao3]/
61987	氷	冰	 /variant of 冰[bing1]/
62093	氹	氹	 /variant of 凼[dang4]/
62095	氺	氺	 /old variant of 水[shui3]/
62096	氼	氼	 /old variant of 溺[ni4]/
62101	氾	泛	 /variant of 泛[fan4]/
62166	汅	汅	 /old variant of 沔[mian3]/
62172	汎	泛	 /variant of 泛[fan4]/
62213	汙	污	 /variant of 污[wu1]/
62214	汙垢	污垢	 /variant of 污垢[wu1 gou4]/
62215	汚	污	 /variant of 污[wu1]/
62341	污七八糟	污七八糟	 /variant of 烏七八糟|乌七八糟[wu1 qi1 ba1 zao1]/
62360	污蔑	污蔑	 /variant of 污衊|污蔑[wu1 mie4]/
62386	汫	汫	 /old variant of 阱[jing3]/used in 汫濙|汫𣸨[jing3 ying2]/
62534	沇	沇	 /old variant of 兗|兖[yan3]/
62536	沈	沉	 /variant of 沉[chen2]/
62544	沈澱	沉淀	 /variant of 沉澱|沉淀[chen2 dian4]/
62548	沈魚落雁	沉鱼落雁	 /variant of 沉魚落雁|沉鱼落雁[chen2 yu2 - luo4 yan4]/
62625	沒sei了	没sei了	 /variant of 沒誰了|没谁了[mei2 sei2 le5]/
62632	沒人味兒	没人味儿	 /erhua variant of 沒人味|没人味[mei2 ren2 wei4]/
62635	沒六兒	没六儿	 /variant of 沒溜兒|没溜儿[mei2 liu4 r5]/
62638	沒勁兒	没劲儿	 /erhua variant of 沒勁|没劲[mei2 jin4]/
62669	沒有勁頭兒	没有劲头儿	 /erhua variant of 沒有勁頭|没有劲头[mei2 you3 jin4 tou2]/
62683	沒沒無聞	没没无闻	 /variant of 默默無聞|默默无闻[mo4 mo4 - wu2 wen2]/
62688	沒準兒	没准儿	 /erhua variant of 沒準|没准[mei2 zhun3]/
62709	沒譜兒	没谱儿	 /erhua variant of 沒譜|没谱[mei2 pu3]/
62738	沖擊	冲击	 /variant of 衝擊|冲击[chong1 ji1]/
62778	沙其馬	沙其马	 /variant of 沙琪瑪|沙琪玛[sha1 qi2 ma3]/
62786	沙囊	沙囊	 /sandbag/variant of 砂囊[sha1 nang2]/
62828	沙槌	沙槌	 /variant of 沙錘|沙锤[sha1 chui2]/
62875	沙糖	沙糖	 /variant of 砂糖[sha1 tang2]/
62890	沙鍋	沙锅	 /variant of 砂鍋|砂锅[sha1 guo1]/
62898	沙魚	沙鱼	 /variant of 鯊魚|鲨鱼[sha1 yu2]/
62906	沢	沢	 /Japanese variant of 澤|泽/
63001	河魨	河鲀	 /variant of 河豚[he2 tun2]/
63021	油加利	油加利	 /variant of 尤加利[you2 jia1 li4]/
63192	泄	泄	 /variant of 洩|泄[xie4]/
63207	泈	泈	 /old variant of 汷[Zhong1]/
63340	法碼	法码	 /variant of 砝碼|砝码[fa3 ma3]/
63393	法馬	法马	 /variant of 砝碼|砝码[fa3 ma3]/
63423	泛濫	泛滥	 /variant of 氾濫|泛滥[fan4 lan4]/
63440	泝	泝	 /variant of 溯[su4]/
63441	泝源	泝源	 /variant of 溯源[su4 yuan2]/
63511	波希米亞	波希米亚	 /variant of 波西米亞|波西米亚[Bo1 xi1 mi3 ya4]/
63558	波浪鼓	波浪鼓	 /variant of 撥浪鼓|拨浪鼓[bo1 lang5 gu3]/
63561	波濤磷磷	波涛磷磷	 /variant of 波濤粼粼|波涛粼粼[bo1 tao1 lin2 lin2]/
63675	注	注	 /(bound form) to pour into; to flow into; to inject/(bound form) to focus (one's spirit, gaze etc) on a single point; to concentrate/(bound form) stake (in gambling)/classifier for stakes, sums of money, transactions or beams of light/variant of 註|注[zhu4]/
63804	洇	洇	 /variant of 湮[yan1]/
63858	洋琴	洋琴	 /variant of 揚琴|扬琴[yang2 qin2]/
63944	洗煉	洗炼	 /variant of 洗練|洗练[xi3 lian4]/
64282	洼	洼	 /variant of 窪|洼[wa1]/
64384	流水帳	流水帐	 /variant of 流水賬|流水账[liu2 shui3 zhang4]/
64402	流球	流球	 /variant of 琉球[Liu2 qiu2], Ryūkyū, e.g. the Ryūkyū Islands 琉球群島|琉球群岛[Liu2 qiu2 Qun2 dao3] stretching from Japan to Taiwan/
64468	浄	浄	 /Japanese variant of 淨|净/
64483	浜	浜	 /Japanese variant of 濱|滨[bin1]/used in Japanese place names such as Yokohama 橫浜|横浜[Heng2 bin1] with phonetic value hama/
64579	浮圖	浮图	 /variant of 浮屠[fu2 tu2]/alternative term for 佛陀[Fo2 tuo2]/
64600	浮游	浮游	 /to float/to drift/to wander/variant of 蜉蝣[fu2 you2]/
64606	浮燥	浮燥	 /variant of 浮躁[fu2 zao4]/
64636	浲	浲	 /old variant of 漨[feng2]/(used in place names)/
64740	海嵎	海嵎	 /variant of 海隅[hai3 yu2]/
64996	涂	涂	 /variant of 途[tu2]/
65007	涅磐	涅磐	 /variant of 涅槃[nie4 pan2]/
65099	消閒兒	消闲儿	 /erhua variant of 消閒|消闲[xiao1 xian2]/
65117	消食兒	消食儿	 /erhua variant of 消食[xiao1 shi2]/
65148	涌	涌	 /variant of 湧|涌[yong3]/
65173	涖	莅	 /variant of 蒞|莅[li4], to attend/
65175	涙	涙	 /Japanese variant of 淚|泪[lei4]/
65223	涵蓄	涵蓄	 /variant of 含蓄[han2 xu4]/
65226	涶	涶	 /variant of 唾[tuo4]/
65263	淂	淂	 /(river)/old variant of 得[de2]/
65282	淊	淊	 /variant of 淹[yan1]/to flood/
65373	淛	浙	 /variant of 浙[Zhe4]/
65377	淞	淞	 /variant of 凇[song1]/
65380	淡	淡	 /insipid/diluted/weak/mild/light in color/tasteless/indifferent/(variant of 氮[dan4]) nitrogen/
65420	淤	淤	 /silt/river sludge/to silt up/choked with silt/variant of 瘀[yu1]/
65425	淤滯	淤滞	 /silted up/obstructed by silt/variant of 瘀滯|瘀滞[yu1 zhi4]/
65428	淤血	淤血	 /variant of 瘀血[yu1 xue4]/
65432	淦	淦	 /(archaic) water leaking into a boat/historically, the name of a river in Jiangxi/(neologism) to fuck (euphemistic variant of 幹|干[gan4])/
65451	淩	淩	 /variant of 凌[ling2]/
65660	混	混	 /muddy; turbid (variant of 渾|浑[hun2])/brainless; foolish (variant of 渾|浑[hun2])/Taiwan pr. [hun4]/
65689	混名兒	混名儿	 /erhua variant of 混名[hun4 ming2]/
65712	混球兒	混球儿	 /erhua variant of 混球[hun2 qiu2]/
65731	淸	淸	 /variant of 清[qing1]/
65834	清徹	清彻	 /variant of 清澈[qing1 che4]/
65972	渇	渇	 /Japanese variant of 渴/
65973	済	済	 /Japanese variant of 濟|济/
65974	渉	渉	 /Japanese variant of 涉[she4]/
65975	渋	渋	 /Japanese variant of 澀|涩[se4]/
65976	渓	渓	 /Japanese variant of 溪[xi1]/
65977	渕	渕	 /variant of 淵|渊[yuan1]/
65978	渖	渖	 /old variant of 瀋|沈[shen3]/
66197	游	游	 /to swim/variant of 遊|游[you2]/
66260	渾球	浑球	 /variant of 混球[hun2 qiu2]/
66261	渾球兒	浑球儿	 /variant of 混球兒|混球儿[hun2 qiu2 r5]/
66265	渾蛋	浑蛋	 /variant of 混蛋[hun2 dan4]/
66295	湌	湌	 /variant of 餐[can1]/
66378	湣	湣	 /(ancient character used in posthumous titles of monarchs)/old variant of 憫|悯[min3]/
66393	湮	湮	 /variant of 洇[yin1]/
66449	湻	淳	 /old variant of 淳[chun2]/
66450	湼	涅	 /variant of 涅[nie4]/
66451	満	満	 /Japanese variant of 滿|满/
66472	源源本本	源源本本	 /variant of 原原本本[yuan2 yuan2 ben3 ben3]/
66545	溢	溢	 /to overflow/(literary) excessive/old variant of 鎰|镒[yi4]/
66578	溫	温	 /warm; lukewarm/to warm up/(bound form) temperature/(bound form) mild; soft; tender/to review (a lesson etc)/(TCM) fever/epidemic; pestilence (old variant of 瘟[wen1])/
66696	溷濁	溷浊	 /variant of 混濁|混浊[hun4 zhuo2]/
66698	溺	溺	 /variant of 尿[niao4]/
66706	溼	湿	 /variant of 濕|湿[shi1]/
66707	溼地	湿地	 /variant of 濕地|湿地[shi1 di4]/
66878	滙	汇	 /variant of 匯|汇[hui4]/
66879	滛	淫	 /variant of 淫[yin2]/
66880	滝	滝	 /Japanese variant of 瀧|泷[long2]/
67144	漁鉤	渔钩	 /variant of 魚鉤|鱼钩[yu2 gou1]/
67145	漁鉤兒	渔钩儿	 /variant of 魚鉤兒|鱼钩儿[yu2 gou1 r5]/
67169	漂蕩	漂荡	 /variant of 飄盪|飘荡[piao1 dang4]/
67172	漂零	漂零	 /variant of 飄零|飘零[piao1 ling2]/
67175	漄	漄	 /old variant of 涯[ya2]/
67276	漡	漡	 /old variant of 湯|汤[shang1]/
67369	漥	漥	 /variant of 窪|洼[wa1]/
67397	漫罵	漫骂	 /variant of 謾罵|谩骂[man4 ma4]/
67471	漿	浆	 /variant of 糨[jiang4]/
67488	潃	潃	 /old variant of 滫[xiu3]/
67489	潄	漱	 /variant of 漱[shu4]/
67640	潭第	潭第	 /variant of 覃第[tan2 di4]/
67650	潮州	潮州	 /see 潮州市[Chao2 zhou1 Shi4]/see 潮州鎮|潮州镇[Chao2 zhou1 Zhen4]/Chaozhou, variant of Minnan dialect 閩南語|闽南语[Min3 nan2 yu3] spoken in east Guangdong/
67693	潵	潵	 /old variant of 撒[sa3]/
67711	澁	涩	 /old variant of 澀|涩[se4]/
67712	澂	澄	 /variant of 澄[cheng2]/
67719	澄徹	澄彻	 /variant of 澄澈[cheng2 che4]/
67741	澈底	澈底	 /variant of 徹底|彻底[che4 di3]/
67742	澈查	澈查	 /variant of 徹查|彻查[che4 cha2]/
67764	澙	澙	 /variant of 潟[xi4]/
67765	澟	澟	 /old variant of 凜|凛[lin3]/
67778	澣	浣	 /variant of 浣[huan4]/
67800	澫	𬇕	 /variant of 漫[man4]/overflow of water/spreading/
67844	澹泊	澹泊	 /variant of 淡泊[dan4 bo2]/
67845	澹然	澹然	 /variant of 淡然[dan4 ran2]/
67866	激忿	激忿	 /variant of 激憤|激愤[ji1 fen4]/
67890	激進份子	激进分子	 /variant of 激進分子|激进分子[ji1 jin4 fen4 zi3]/
67943	濕噠噠	湿哒哒	 /variant of 濕答答|湿答答[shi1 da1 da1]/
67949	濕淥淥	湿渌渌	 /variant of 濕漉漉|湿漉漉[shi1 lu4 lu4]/
68022	濬	浚	 /variant of 浚[jun4]/
68027	濯	濯	 /variant of 櫂|棹[zhao4]/
68056	濶	阔	 /variant of 闊|阔[kuo4]/
68088	濿	濿	 /variant of 砅[li4]/
68090	瀂	澛	 /(used in place names)/old variant of 滷|卤[lu3]/
68114	瀏海	浏海	 /variant of 劉海|刘海[liu2 hai3]/
68124	瀒	瀒	 /variant of 濇[se4]/
68176	瀬	瀬	 /Japanese variant of 瀨|濑/
68178	瀰漫	弥漫	 /variant of 彌漫|弥漫[mi2 man4]/
68196	灋	法	 /old variant of 法[fa3]/law/
68250	灠	灠	 /variant of 漤[lan3]/
68251	灠	灠	 /variant of 濫|滥[lan4]/
68268	灨	赣	 /variant of 贛|赣[Gan4]/
68276	火伴	火伴	 /variant of 伙伴[huo3 ban4]/
68334	火暴	火暴	 /variant of 火爆[huo3 bao4]/
68433	灮	灮	 /old variant of 光[guang1]/
68582	炁	炁	 /(Daoism) Qi; vital force; life force (variant of 氣|气[qi4])/
68594	炌	炌	 /flaming fire/old variant of 烗[kai4]/
68608	炏	炏	 /old variant of 炎[yan2]/
68639	炗	炗	 /old variant of 光[guang1]/
68648	炤	照	 /variant of 照[zhao4]/to shine/to illuminate/
68696	炲	炲	 /variant of 炱[tai2]/
68712	炸土豆條兒	炸土豆条儿	 /erhua variant of 炸土豆條|炸土豆条[zha2 tu3 dou4 tiao2]/
68808	烉	烉	 /old variant of 煥|焕[huan4]/
68810	烊金	烊金	 /variant of 煬金|炀金[yang2 jin1]/
68960	烕	烕	 /old variant of 滅|灭[mie4]/
68961	烖	灾	 /variant of 災|灾[zai1]/
68966	烘動	烘动	 /variant of 轟動|轰动[hong1 dong4]/
68993	烝	烝	 /multitudinous/the masses/to present (to sb)/to rise/to advance/to progress/archaic variant of 蒸[zheng1]/
69020	烱	炯	 /old variant of 炯[jiong3]/
69051	焈	焈	 /old variant of 熙[xi1]/
69073	焔	焔	 /old variant of 焰[yan4]/
69081	焙果	焙果	 /variant of 貝果|贝果[bei4 guo3]/
69157	無動於中	无动于中	 /variant of 無動於衷|无动于衷[wu2 dong4 yu2 zhong1]/
69203	無寧	无宁	 /variant of 毋寧|毋宁[wu2 ning4]/
69218	無庸	无庸	 /variant of 毋庸[wu2 yong1]/
69528	焦噪	焦噪	 /variant of 焦躁[jiao1 zao4]/
69539	焦燥	焦燥	 /variant of 焦躁[jiao1 zao4]/
69554	焱	焱	 /variant of 焰[yan4]/
69555	焴	焴	 /old variant of 煜[yu4]/
69563	焼	焼	 /old variant of 燒|烧[shao1]/
69564	焿	焿	 /variant of 羹[geng1], used in restaurants and night markets in Taiwan/
69567	煅	煅	 /to calcine/variant of 鍛|锻[duan4]/
69596	煊	煊	 /variant of 暄[xuan1]/
69617	煑	煮	 /variant of 煮[zhu3]/
69620	煕	煕	 /old variant of 熙/
69621	煖	暖	 /variant of 暖[nuan3]/
69622	煗	暖	 /variant of 暖[nuan3], warm/
69656	煙礆	烟硷	 /variant of 菸鹼|烟碱[yan1 jian3]/
69681	煙蒂	烟蒂	 /variant of 菸蒂|烟蒂[yan1 di4]/
69696	煙頭兒	烟头儿	 /erhua variant of 煙頭|烟头[yan1 tou2]/
69698	煙鹼	烟碱	 /variant of 菸鹼|烟碱[yan1 jian3]/
69699	煙鹼酸	烟碱酸	 /variant of 菸鹼酸|烟碱酸[yan1 jian3 suan1]/
69706	煞	煞	 /to terminate/to cut short/to bring to a stop/to squeeze/to tighten/to damage/variant of 殺|杀[sha1]/
69717	煞氣騰騰	煞气腾腾	 /variant of 殺氣騰騰|杀气腾腾[sha1 qi4 teng2 teng2]/
69763	照像	照像	 /variant of 照相[zhao4 xiang4]/
69764	照像機	照像机	 /variant of 照相機|照相机[zhao4 xiang4 ji1]/camera/
69847	煰	煰	 /dry (old variant of 燥[zao4])/
69867	熄屏	熄屏	 /variant of 息屏[xi1 ping2]/
69871	熅	煴	 /variant of 熨[yun4]/
69873	熈	熙	 /variant of 熙[xi1]/
69906	熏衣草	熏衣草	 /variant of 薰衣草[xun1 yi1 cao3]/
69947	熙壤	熙壤	 /variant of 熙攘[xi1 rang3]/
69950	熙熙壤壤	熙熙壤壤	 /variant of 熙熙攘攘[xi1 xi1 - rang3 rang3]/
70028	熱中	热中	 /variant of 熱衷|热衷[re4 zhong1]/
70044	熱呼	热呼	 /variant of 熱乎|热乎[re4 hu5]/
70045	熱呼呼	热呼呼	 /variant of 熱乎乎|热乎乎[re4 hu1 hu1]/
70170	熴	熴	 /variant of 焜[kun1]/
70213	燄	焰	 /variant of 焰[yan4]/
70214	燇	燇	 /old variant of 焌[jun4]/
70244	燈芯	灯芯	 /variant of 燈心|灯心[deng1 xin1]/
70255	燉煌	燉煌	 /variant of 敦煌[Dun1 huang2]/
70267	燐	磷	 /variant of 磷[lin2]/
70325	燕	燕	 /swallow (family Hirundinidae)/old variant of 宴[yan4]/
70351	燗	燗	 /old variant of 爛|烂[lan4]/
70440	燰	燰	 /old variant of 煨[wei1]/
70446	燻	熏	 /variant of 熏[xun1]/
70461	爆冷門兒	爆冷门儿	 /erhua variant of 爆冷門|爆冷门[bao4 leng3 men2]/
70465	爆擊	爆击	 /variant of 暴擊|暴击[bao4 ji1]/
70494	爆肚兒	爆肚儿	 /erhua variant of 爆肚[bao4 du3]/
70510	爊	爊	 /variant of 熬[ao1]/
70511	爌	爌	 /old variant of 晃[huang3]/bright/
70514	爌	爌	 /old variant of 曠|旷[kuang4]/bright and spacious/
70533	爔	爔	 /(archaic) fire/old variant of 曦[xi1]/
70534	爕	燮	 /old variant of 燮[xie4]/
70535	爗	烨	 /variant of 燁|烨[ye4]/
70555	爛熳	烂熳	 /variant of 爛漫|烂漫[lan4 man4]/
70558	爛縵	烂缦	 /variant of 爛漫|烂漫[lan4 man4]/
70566	爤	爤	 /old variant of 爛|烂[lan4]/
70567	爥	爥	 /old variant of 燭|烛[zhu2]/
70651	爯	爯	 /old variant of 稱|称[chen4]/
70652	爯	爯	 /old variant of 稱|称[cheng1]/
70655	爲	为	 /variant of 為|为[wei2]/
70656	爲	为	 /variant of 為|为[wei4]/
70696	爺們兒	爷们儿	 /erhua variant of 爺們|爷们[ye2 men5]/
70734	牀	床	 /variant of 床[chuang2]/
70793	牋	笺	 /variant of 箋|笺[jian1]/
70809	牎	窗	 /old variant of 窗[chuang1]/
70811	牐	闸	 /old variant of 閘|闸[zha2]/sluice/lock (on waterway)/
70814	牓	榜	 /variant of 榜[bang3]/
70815	牕	窗	 /variant of 窗[chuang1]/
70875	牚	牚	 /variant of 撐|撑[cheng1]/
70878	牛B	牛B	 /variant of 牛屄[niu2 bi1]/
70959	牛逼	牛逼	 /variant of 牛屄[niu2 bi1]/
70991	牟	牟	 /barley/to moo/to seek or obtain/old variant of 侔[mou2]/old variant of 眸[mou2]/
71020	牢什子	牢什子	 /variant of 勞什子|劳什子[lao2 shi2 zi5]/
71135	牴牾	牴牾	 /variant of 抵牾[di3 wu3]/
71136	牴觸	牴触	 /variant of 抵觸|抵触[di3 chu4]/
71317	牽聯	牵联	 /variant of 牽連|牵连[qian1 lian2]/
71336	犂	犂	 /see 犂靬[Li2 jian1]/variant of 犁[li2]/
71337	犂靬	犂靬	 /variant of 犁靬[Li2 jian1]/
71342	犇	奔	 /variant of 奔[ben1]/
71362	犟	犟	 /variant of 強|强[jiang4]/
71364	犟勁兒	犟劲儿	 /erhua variant of 犟勁|犟劲[jiang4 jin4]/
71365	犠	犠	 /Japanese variant of 犧|牺/
71377	犫	犫	 /old variant of 犨[chou1]/
71393	犮	犮	 /old variant of 拔[ba2]/
71394	犮	犮	 /old variant of 犬[quan3]/
71411	犯憷	犯憷	 /variant of 犯怵[fan4 chu4]/
71420	犯罪份子	犯罪分子	 /variant of 犯罪分子[fan4 zui4 fen4 zi3]/
71594	狠	狠	 /ruthless; fierce; ferocious/determined; resolute/to harden (one's heart)/old variant of 很[hen3]/
71605	狡滑	狡滑	 /variant of 狡猾[jiao3 hua2]/
71612	狥	徇	 /variant of 徇[xun4]/
71662	狼籍	狼籍	 /variant of 狼藉[lang2 ji2]/
71667	狼頭	狼头	 /variant of 榔頭|榔头[lang2 tou5]/
71671	猂	悍	 /variant of 悍[han4]/
71748	猟	猟	 /Japanese variant of 獵|猎/
71757	猨	猿	 /variant of 猿[yuan2]/
71768	猳	猳	 /mythical ape/variant of 豭[jia1]/
71832	獃	呆	 /foolish; stupid (variant of 呆[dai1])/expressionless; blank (variant of 呆[dai1])/
71856	獋	嗥	 /old variant of 嗥[hao2]/
71878	獏	獏	 /variant of 貘[mo4]/
71885	獘	毙	 /to collapse/variant of 斃|毙[bi4]/variant of 獙[bi4]/
71891	獞	獞	 /old variant of 壯|壮, Zhuang ethnic group of Guangxi/
71896	獣	獣	 /Japanese variant of 獸|兽/
71897	獧	狷	 /nimble/variant of 狷[juan4]/impetuous/rash/
71902	獨佔	独占	 /variant of 獨占|独占[du2 zhan4]/
71980	獨腳戲	独脚戏	 /variant of 獨角戲|独角戏[du2 jiao3 xi4]/
72004	獨院兒	独院儿	 /erhua variant of 獨院|独院[du2 yuan4]/
72021	獯鬻	獯鬻	 /variant of 葷粥|荤粥[Xun1 yu4]/
72025	獱	㺍	 /old variant of 猵[bian1]/
72130	玁	𤞤	 /variant of 獫|猃[xian3]/
72162	玅	妙	 /variant of 妙[miao4]/
72163	玆	玆	 /variant of 茲|兹[zi1]/now/here/this/time/year/
72365	玍	玍	 /variant of 嘎[ga3]/
72380	玡	玡	 /variant of 琊[ya2]/
72398	玩兒完	玩儿完	 /erhua variant of 玩完[wan2 wan2]/
72417	玩意兒	玩意儿	 /erhua variant of 玩意[wan2 yi4]/
72433	玩藝	玩艺	 /variant of 玩意[wan2 yi4]/
72434	玩藝兒	玩艺儿	 /variant of 玩意兒|玩意儿[wan2 yi4 r5]/
72524	珍羞	珍羞	 /variant of 珍饈|珍馐[zhen1 xiu1]/
72533	珎	珍	 /variant of 珍[zhen1]/
72579	珡	珡	 /variant of 琴[qin2], guqin or zither/
72586	珪	珪	 /variant of 圭[gui1]/
72619	班白	班白	 /variant of 斑白[ban1 bai2]/
72640	班駁	班驳	 /variant of 斑駁|斑驳[ban1 bo2]/
72643	珳	珳	 /old variant of 玟[wen2]/
72649	珻	珻	 /old variant of 玫[mei2]/
72886	琍	璃	 /(phonetic character used in transliteration of foreign names)/Taiwan pr. [li4]/variant of 璃[li2]/
72890	琝	琝	 /old variant of 玟[min2]/
72930	琴酒	琴酒	 /gin (Taiwan variant of 金酒[jin1 jiu3])/
72944	琹	琴	 /variant of 琴[qin2], guqin or zither/
72956	瑇	玳	 /variant of 玳[dai4]/
72957	瑉	瑉	 /variant of 珉[min2]/
72977	瑜珈	瑜珈	 /variant of 瑜伽[yu2 jia1]/yoga/
73021	瑠	琉	 /old variant of 琉[liu2]/
73070	瑪竇	玛窦	 /Matthew/St Matthew the evangelist/less common variant of 馬太|马太[Ma3 tai4] (preferred by the Catholic Church)/
73088	瑯	琅	 /variant of 琅[lang2]/
73103	瑻	瑻	 /old variant of 琨[kun1]/
73127	璝	璝	 /variant of 瑰[gui1]/
73132	璢	琉	 /old variant of 琉[liu2]/
73249	璿	璇	 /variant of 璇[xuan2]/
73253	瓈	璃	 /variant of 璃[li2]/
73274	瓌	瑰	 /old variant of 瑰[gui1]/
73326	瓤兒	瓤儿	 /erhua variant of 瓤[rang2]/
73378	瓮	瓮	 /variant of 甕|瓮[weng4]/earthen jar/urn/
73409	甁	甁	 /variant of 瓶[ping2]/
73433	甎	砖	 /variant of 磚|砖[zhuan1]/
73449	甕菜	瓮菜	 /variant of 蕹菜[weng4 cai4]/
73450	甖	罂	 /variant of 罌|罂[ying1]/
73516	甚	甚	 /variant of 什[shen2]/
73520	甚巨	甚巨	 /variant of 甚鉅|甚巨[shen4 ju4]/
73533	甛	甛	 /old variant of 甜[tian2]/
73572	甞	尝	 /old variant of 嘗|尝[chang2]/
73911	産	产	 /variant of 產|产[chan3]/
73914	甦	苏	 /variant of 蘇|苏[su1]/to revive/
73966	用錢	用钱	 /variant of 佣錢|佣钱[yong4 qian5]/
73997	甬	甬	 /variant of 桶[tong3], bucket/(classifier) cubic dry measure (5 pecks 五斗, approx half-liter)/
74005	甮	甮	 /old variant of 甭[beng2]/need not/
74007	甯	宁	 /variant of 寧|宁[ning2]/
74081	甲冑	甲冑	 /variant of 甲胄[jia3 zhou4]/
74228	男孩兒	男孩儿	 /erhua variant of 男孩[nan2 hai2]/
74282	甿	甿	 /variant of 氓[meng2]/
74284	畁	畁	 /variant of 畀[bi4]/
74285	畂	亩	 /old variant of 畝|亩[mu3]/
74286	畄	畄	 /old variant of 留[liu2]/
74287	畆	亩	 /old variant of 畝|亩[mu3]/
74290	畊	耕	 /variant of 耕[geng1]/
74294	界乎	界乎	 /variant of 介乎[jie4 hu1]/
74326	畒	畒	 /old variant of 畝|亩[mu3]/
74374	留海	留海	 /variant of 劉海|刘海[liu2 hai3]/
74395	留連	留连	 /variant of 流連|流连[liu2 lian2]/
74396	留連果	留连果	 /variant of 榴槤果|榴梿果, durian fruit/
74423	畜牲	畜牲	 /variant of 畜生[chu4 sheng5]/
74464	略奪	略夺	 /variant of 掠奪|掠夺[lu:e4 duo2]/
74485	畧	略	 /variant of 略[lu:e4]/
74514	畫	画	 /to draw; to paint/picture; painting (CL:幅[fu2],張|张[zhang1])/to draw (a line) (variant of 劃|划[hua4])/stroke of a Chinese character (variant of 劃|划[hua4])/(calligraphy) horizontal stroke (variant of 劃|划[hua4])/
74562	畮	亩	 /old variant of 畝|亩[mu3]/
74593	異形詞	异形词	 /variant spelling of the same Chinese word, e.g. 筆劃|笔划[bi3 hua4] and 筆畫|笔画[bi3 hua4]/exact synonym and homonym written with different characters/
74608	異文	异文	 /variant character/loan word/variant written form (for the same word)/different edition/
74643	異讀	异读	 /variant pronunciation (when the same character has more than one reading)/
74648	異質體	异质体	 /variant/
74660	異體	异体	 /variant form (of a Chinese character)/
74661	異體字	异体字	 /variant Chinese character/
74663	畱	留	 /old variant of 留[liu2]/
74666	畳	畳	 /Japanese variant of 疊|叠[die2]/Japanese tatami matting/
74667	畵	畵	 /variant of 畫|画[hua4]/
74704	當回事兒	当回事儿	 /erhua variant of 當回事|当回事[dang4 hui2 shi4]/
74790	畺	畺	 /old variant of 疆[jiang1]/
74802	疉	叠	 /variant of 疊|叠[die2]/
74815	疋	匹	 /variant of 匹[pi3]/classifier for cloth: bolt/
74817	疋	疋	 /variant of 雅[ya3]/
74818	疍	疍	 /variant of 蜑[Dan4]/
74819	疎	疏	 /variant of 疏[shu1]/
74902	疙疸	疙疸	 /variant of 疙瘩[ge1 da5]/
74931	疲塌	疲塌	 /variant of 疲沓[pi2 ta5]/
74954	疾惡如仇	疾恶如仇	 /variant of 嫉惡如仇|嫉恶如仇[ji2 e4 - ru2 chou2]/
74970	疿	痱	 /variant of 痱[fei4]/
75083	痐	蛔	 /old variant of 蛔[hui2]/
75084	痒	痒	 /variant of 癢|痒[yang3]/to itch/to tickle/
75138	痜	痜	 /old variant of 禿|秃[tu1]/bald/
75142	痠	痠	 /variant of 酸[suan1]/to ache/to be sore/
75152	痩	痩	 /Japanese variant of 瘦[shou4]/
75158	痰盂兒	痰盂儿	 /erhua variant of 痰盂[tan2 yu2]/
75163	痲疹	痲疹	 /variant of 麻疹[ma2 zhen3]/
75164	痲痺	痲痹	 /variant of 麻痺|麻痹[ma2 bi4]/
75165	痳	痳	 /hernia/urinary hesitancy/erroneous variant of 痲[ma2]/
75175	痴獃	痴呆	 /variant of 痴呆[chi1 dai1]/
75215	瘋癱	疯瘫	 /variant of 風癱|风瘫[feng1 tan1]/
75236	瘜肉	瘜肉	 /variant of 息肉[xi1 rou4]/
75301	瘺	瘺	 /variant of 瘻|瘘[lou4]/
75318	癄	憔	 /old variant of 憔[qiao2]/
75319	癅	瘤	 /old variant of 瘤[liu2]/
75325	癈	废	 /variant of 廢|废[fei4]/disabled/
75334	癎	癎	 /variant of 癇|痫, epilepsy/
75335	癐	𤶊	 /(literary) serious illness/(Cantonese) variant of 攰[gui4]/
75336	癒	愈	 /variant of 愈[yu4]/to heal/
75342	癕	癕	 /old variant of 癰|痈[yong1]/
75353	癡	痴	 /variant of 痴[chi1]/
75376	癮頭兒	瘾头儿	 /erhua variant of 癮頭|瘾头[yin3 tou2]/
75397	発	発	 /Japanese variant of 發|发/
75449	登陸	登陆	 /to land/to come ashore/to make landfall (of typhoon etc)/to log in (frequently used erroneous variant of 登錄|登录[deng1 lu4])/
75463	發人深醒	发人深醒	 /variant of 發人深省|发人深省[fa1 ren2 shen1 xing3]/
75467	發佈	发布	 /variant of 發布|发布[fa1 bu4]/
75535	發憷	发憷	 /variant of 發怵|发怵[fa1 chu4]/
75792	白扯蛋	白扯蛋	 /variant of 白扯淡[bai2 che3 dan4]/
75909	白眼珠兒	白眼珠儿	 /erhua variant of 白眼珠[bai2 yan3 zhu1]/
76157	百不雜	百不杂	 /variant of 百不咋[bai3 bu4 za5]/
76225	百廢具興	百废具兴	 /variant of 百廢俱興|百废俱兴[bai3 fei4 ju4 xing1]/
76316	百頁窗	百页窗	 /variant of 百葉窗|百叶窗[bai3 ye4 chuang1]/
76330	皃	皃	 /variant of 貌[mao4]/
76353	皇	皇	 /emperor/old variant of 惶[huang2]/
76398	皇曆	皇历	 /variant of 黃曆|黄历[huang2 li5]/
76406	皇皇	皇皇	 /magnificent/variant of 惶惶[huang2 huang2]/variant of 遑遑[huang2 huang2]/
76426	皐	皋	 /high riverbank/variant of 皋[gao1]/
76444	皜	皓	 /variant of 皓[hao4]/spotlessly white/
76450	皨	皨	 /old variant of 星[xing1]/
76548	皷	鼓	 /old variant of 鼓[gu3]/
76554	皺摺	皱摺	 /variant of 皺折|皱折[zhou4 zhe2]/
76563	皻	皻	 /old variant of 齇[zha1]/rosacea/
76571	盃	杯	 /variant of 杯[bei1]/trophy cup/classifier for certain containers of liquids: glass, cup/
76584	盇	盍	 /variant of 盍[he2]/
76613	盋	盋	 /obscure variant of 缽|钵[bo1]/
76614	盌	碗	 /variant of 碗[wan3]/
76619	盎斯	盎斯	 /variant of 盎司[ang4 si1]/
76819	盤據	盘据	 /variant of 盤踞|盘踞[pan2 ju4]/
76833	盤石	盘石	 /variant of 磐石[pan2 shi2]/
76849	盤跚	盘跚	 /variant of 蹣跚|蹒跚[pan2 shan1]/
76872	盧	卢	 /(old) rice vessel/black/old variant of 廬|庐[lu2]/(slang) (Tw) troublesome/fussy/
76903	盪	荡	 /variant of 蕩|荡[dang4]/
76904	盪	荡	 /variant of 燙|烫[tang4]/variant of 趟[tang4]/
76906	盪然	荡然	 /variant of 蕩然|荡然[dang4 ran2]/
77045	直捷了當	直捷了当	 /variant of 直截了當|直截了当[zhi2 jie2 liao3 dang4]/
77064	直昇機	直升机	 /variant of 直升機|直升机[zhi2 sheng1 ji1]/
77327	省分	省分	 /variant of 省份[sheng3 fen4]/
77330	省勁兒	省劲儿	 /erhua variant of 省勁|省劲[sheng3 jin4]/
77363	眂	眂	 /old variant of 視|视[shi4]/
77372	眇小	眇小	 /variant of 渺小[miao3 xiao3]/
77452	看得過兒	看得过儿	 /erhua variant of 看得過|看得过[kan4 de5 guo4]/
77505	県	県	 /Japanese variant of 縣|县/Japanese prefecture/
77506	眎	视	 /variant of 視|视[shi4]/variant of 示[shi4]/
77512	眞	眞	 /variant of 真[zhen1]/
77572	真珠	真珠	 /variant of 珍珠[zhen1 zhu1]/
77606	真象	真象	 /(variant of 真相[zhen1 xiang4]) the truth about sth; the actual facts/
77620	眡	视	 /old variant of 視|视[shi4]/
77625	眦	眦	 /variant of 眥|眦[zi4]/
77630	眩	眩	 /(literary) dizzy/(literary) dazzled; bewildered/to dazzle (variant of 炫[xuan4])/
77634	眩目	眩目	 /variant of 炫目[xuan4 mu4]/
77635	眩耀	眩耀	 /giddy; confused/variant of 炫耀[xuan4 yao4]/
77641	眰	眰	 /old variant of 眣[die2]/
77681	眼力見兒	眼力见儿	 /erhua variant of 眼力見|眼力见[yan3 li4 jian4]/
77793	眽眽	眽眽	 /variant of 脈脈|脉脉[mo4 mo4]/
77813	眾所週知	众所周知	 /variant of 眾所周知|众所周知[zhong4 suo3 zhou1 zhi1]/
77836	睂	睂	 /old variant of 眉[mei2]/
77839	睄	睄	 /to look at (old variant of 瞧[qiao2])/
77851	睓	睓	 /variant of 㥏[tian3]/
77853	睘	睘	 /variant of 瞏[qiong2]/
77870	睠	眷	 /(literary) to regard with love and affection; to feel concern for (variant of 眷[juan4])/
77937	睪丸	睪丸	 /Taiwan variant of 睾丸[gao1 wan2]/
77948	睽違	睽违	 /variant of 暌違|暌违[kui2 wei2]/
77949	睽隔	睽隔	 /variant of 暌隔[kui2 ge2]/
77975	瞋目	瞋目	 /variant of 嗔目[chen1 mu4]/
78010	瞖	翳	 /variant of 翳[yi4]/
78057	瞭	了	 /unofficial variant of 瞭[liao4]/
78060	瞭如指掌	了如指掌	 /variant of 了如指掌[liao3 ru2 zhi3 zhang3]/
78078	瞹	瞹	 /variant of 曖|暧[ai4]/
78096	矁	瞅	 /old variant of 瞅[chou3]/
78099	矇在鼓裡	蒙在鼓里	 /variant of 蒙在鼓裡|蒙在鼓里[meng2 zai4 gu3 li3]/
78107	矉	矉	 /to glare angrily/to open the eyes with anger/variant of 顰|颦, to scowl/to knit the brows/
78115	矙	瞰	 /variant of 瞰[kan4]/
78134	矢	矢	 /arrow/dart/straight/to vow/to swear/old variant of 屎[shi3]/
78185	知識份子	知识分子	 /variant of 知識分子|知识分子[zhi1 shi5 fen4 zi3]/
78207	矦	矦	 /old variant of 侯[hou2]/
78371	石咀山	石咀山	 /Shijushan or Shizuishan (place name)/variant of Shizuishan 石嘴山[Shi2 zui3 shan1], prefecture-level city in Ningxia on the border with Inner Mongolia/
78372	石咀山區	石咀山区	 /variant of 石嘴山區|石嘴山区[Shi2 zui3 shan1 qu1]/Shizuishan district of Shizuishan, Ningxia/
78373	石咀山市	石咀山市	 /variant of Shizuishan 石嘴山市[Shi2 zui3 shan1 shi4], prefecture-level city in Ningxia on the border with Inner Mongolia/
78529	矴	碇	 /variant of 碇[ding4]/
78549	砂	砂	 /sand/gravel/granule/variant of 沙[sha1]/
78556	砂槌	砂槌	 /variant of 沙錘|沙锤[sha1 chui2]/
78566	砂錘	砂锤	 /variant of 沙錘|沙锤[sha1 chui2]/
78581	砌末	砌末	 /variant of 切末[qie4 mo5]/
78593	砍大山	砍大山	 /variant of 侃大山[kan3 da4 shan1]/
78638	砕	砕	 /variant of 碎[sui4]/
78647	砢磣	砢碜	 /variant of 磕磣|磕碜[ke1 chen5]/
78652	砦	寨	 /variant of 寨[zhai4]/
78671	砲	炮	 /variant of 炮[pao4]/
78678	砲轟	炮轰	 /variant of 炮轟|炮轰[pao4 hong1]/
78828	硏	硏	 /variant of 研[yan2]/
78829	硐	硐	 /variant of 洞[dong4]/cave/pit/
78832	硑	硑	 /old variant of 砰[peng1]/
78863	硫磺	硫磺	 /variant of 硫黃|硫黄[liu2 huang2]/
78908	硬梆梆	硬梆梆	 /variant of 硬邦邦[ying4 bang1 bang1]/
78947	确	确	 /variant of 確|确[que4]/variant of 埆[que4]/
78970	碁	棋	 /variant of 棋[qi2]/
78974	碈	碈	 /old variant of 珉[min2]/
78987	碎塊兒	碎块儿	 /erhua variant of 碎塊|碎块[sui4 kuai4]/
79015	碑座兒	碑座儿	 /erhua variant of 碑座[bei1 zuo4]/
79019	碑珓	碑珓	 /variant of 杯珓[bei1 jiao4]/
79081	碪	砧	 /variant of 砧[zhen1]/
79087	碯	碯	 /variant of 瑙[nao3]/agate/
79100	碰瓷兒	碰瓷儿	 /erhua variant of 碰瓷[peng4 ci2]/
79102	碰磁	碰磁	 /variant of 碰瓷[peng4 ci2]/
79169	碼瑙	码瑙	 /variant of 瑪瑙|玛瑙[ma3 nao3]/
79203	磁器	磁器	 /variant of 瓷器[ci2 qi4]/
79269	磕	磕	 /variant of 嗑[ke4]/
79279	磖	磖	 /old variant of 砬[la2]/
79291	磟	碌	 /variant of 碌[liu4]/
79320	磨拳擦掌	磨拳擦掌	 /variant of 摩拳擦掌[mo1 quan2 ca1 zhang3]/
79323	磨擦	磨擦	 /variant of 摩擦[mo2 ca1]/
79329	磨煉	磨炼	 /variant of 磨練|磨练[mo2 lian4]/
79350	磨菇	磨菇	 /variant of 蘑菇[mo2 gu5]/
79367	磵	磵	 /variant of 澗|涧[jian4]/
79375	磷磷	磷磷	 /variant of 粼粼[lin2 lin2]/
79391	礀	礀	 /variant of 澗|涧[jian4]/
79404	礆	硷	 /variant of 鹼|碱[jian3]/
79423	礚	礚	 /variant of 磕[ke1]/
79426	礝	礝	 /old variant of 碝[ruan3]/
79472	礮	礮	 /ancient ballista for throwing heavy stones/variant of 炮[pao4], cannon/
79474	礲	𰦭	 /old variant of 礱|砻[long2]/
79595	祅	祅	 /evil spirit/goblin/witchcraft/variant of 妖[yao1]/common erroneous variant of 祆[Xian1] Ormazda/
79598	祇	只	 /variant of 只[zhi3]/
79612	祍	祍	 /old variant of 衽[ren4]/
79621	祕	秘	 /variant of 秘[mi4]/
79662	祘	祘	 /variant of 算[suan4], to calculate/
79667	祛淤	祛淤	 /variant of 祛瘀[qu1 yu1]/
79778	神甫	神甫	 /variant of 神父[shen2 fu5]/
79795	神經原	神经原	 /variant of 神經元|神经元[shen2 jing1 yuan2]/
79860	神雕俠侶	神雕侠侣	 /variant of 神鵰俠侶|神雕侠侣[Shen2 diao1 Xia2 lu:3]/
79937	祻	祻	 /variant of 禍|祸, disaster/
80114	禝	禝	 /old variant of 稷[ji4]/
80119	禥	禥	 /old variant of 祺[qi2]/
80127	禩	祀	 /variant of 祀[si4]/
80227	禺	禺	 /old variant of 偶[ou3]/
80230	禽	禽	 /(bound form) birds; fowl/(literary) birds and animals/old variant of 擒[qin2]/
80263	秀外惠中	秀外惠中	 /variant of 秀外慧中[xiu4 wai4 hui4 zhong1]/
80342	私秘	私秘	 /variant of 私密[si1 mi4]/
80371	秉燭	秉烛	 /variant of 炳燭|炳烛[bing3 zhu2]/
80374	秉賦	秉赋	 /variant of 稟賦|禀赋[bing3 fu4]/
80375	秊	年	 /grain/harvest (old)/variant of 年[nian2]/
80433	秌	秋	 /old variant of 秋[qiu1]/
80434	秏	秏	 /variant of 耗[hao4]/
80556	秔	粳	 /variant of 粳[jing1]/
80580	秚	秚	 /old variant of 拌[ban4]/
80606	秤	秤	 /to weigh (variant of 稱|称[cheng1])/
80608	秤坨	秤坨	 /variant of 秤砣[cheng4 tuo2]/
80709	移殖	移殖	 /variant of 移植[yi2 zhi2]/
80726	稀哩嘩啦	稀哩哗啦	 /variant of 稀里嘩啦|稀里哗啦[xi1 li5 hua1 la1]/
80773	稆	稆	 /variant of 穭|穞[lu:3]/
80775	稉	粳	 /variant of 粳[jing1]/
80812	稍安勿躁	稍安勿躁	 /variant of 少安毋躁[shao3 an1 wu2 zao4]/
80813	稍安毋躁	稍安毋躁	 /variant of 少安毋躁[shao3 an1 wu2 zao4]/
80855	稟承	禀承	 /variant of 秉承[bing3 cheng2]/
80861	稨豆	稨豆	 /variant of 扁豆[bian3 dou4]/
80862	稬	糯	 /variant of 糯[nuo4]/
80863	稭	秸	 /variant of 秸[jie1]/
80915	稱	称	 /old variant of 秤[cheng4]/
80944	稲	稲	 /variant of 稻[dao4]/
80949	稺	稚	 /old variant of 稚[zhi4]/
80980	稾	稿	 /variant of 稿[gao3]/
80995	穀歌	谷歌	 /variant of 谷歌[Gu3 ge1]/
81009	穂	穂	 /Japanese variant of 穗[sui4]/
81011	穅	糠	 /variant of 糠[kang1]/
81013	穆	穆	 /solemn/reverent/calm/burial position in an ancestral tomb (old)/old variant of 默/
81035	穉	稚	 /variant of 稚[zhi4]/
81038	穌	稣	 /archaic variant of 蘇|苏[su1]/to revive/
81114	穏	穏	 /Japanese variant of 穩|稳/
81126	穣	穣	 /Japanese variant of 穰[rang2]/
81127	穤	糯	 /variant of 糯[nuo4]/
81129	穨	颓	 /variant of 頹|颓[tui2]/
81169	穯	穯	 /old variant of 穡|穑[se4]/
81243	空心兒	空心儿	 /erhua variant of 空心[kong4 xin1]/
81362	穽	阱	 /variant of 阱[jing3]/
81439	窂	窂	 /variant of 牢[lao2]/
81445	窅	窅	 /sunken eyes/deep and hollow/remote and obscure/variant of 杳[yao3]/
81448	窈	窈	 /(literary) deep; profound; dim (variant of 杳[yao3])/
81449	窈冥	窈冥	 /variant of 杳冥[yao3 ming2]/
81452	窈靄	窈霭	 /variant of 杳靄|杳霭[yao3 ai3]/
81460	窓	窗	 /variant of 窗[chuang1]/
81499	窨	窨	 /to scent tea with flowers/variant of 熏[xun1]/
81573	窯姐兒	窑姐儿	 /erhua variant of 窯姐|窑姐[yao2 jie3]/
81576	窰	窑	 /variant of 窯|窑[yao2]/
81593	窻	窗	 /variant of 窗[chuang1]/
81595	窾	窾	 /crack/hollow/cavity/to excavate or hollow out/(onom.) water hitting rock/(old) variant of 款[kuan3]/
81598	竃	竃	 /old variant of 灶[zao4]/
81617	竈	灶	 /variant of 灶[zao4]/
81743	竚	伫	 /to stand for a long time (variant of 佇|伫[zhu4])/
81744	竜	竜	 /Japanese variant of 龍|龙/
81745	竝	并	 /variant of 並|并[bing4]/
81770	竢	俟	 /variant of 俟[si4]/
81811	竦然	竦然	 /variant of 悚然[song3 ran2]/
81812	竪	竖	 /variant of 豎|竖[shu4]/
81822	端五	端五	 /variant of 端午[Duan1 wu3]/
81961	竺	竺	 /variant of 篤|笃[du3]/
81969	竾	竾	 /variant of 篪[chi2]/
81973	笀	笀	 /old variant of 芒[mang2]/arista (of grain)/
82007	笑渦	笑涡	 /variant of 笑窩|笑窝[xiao4 wo1]/
82018	笑臉兒	笑脸儿	 /erhua variant of 笑臉|笑脸[xiao4 lian3]/
82022	笑話兒	笑话儿	 /erhua variant of 笑話|笑话[xiao4 hua5]/
82185	笻	笻	 /variant of 筇[qiong2]/
82188	筃	筃	 /a kind of bamboo/old variant of 茵[yin1]/
82197	筆劃	笔划	 /variant of 筆畫|笔画[bi3 hua4]/
82248	等一下兒	等一下儿	 /erhua variant of 等一下[deng3 yi1 xia4]/
82250	等一會兒	等一会儿	 /erhua variant of 等一會|等一会[deng3 yi1 hui4]/
82304	筊	筊	 /variant of 珓[jiao4]/
82338	答復	答复	 /variant of 答覆|答复[da2 fu4]/
82349	答訕	答讪	 /variant of 搭訕|搭讪[da1 shan4]/
82375	策畫	策画	 /variant of 策劃|策划[ce4 hua4]/
82381	筞	策	 /variant of 策[ce4]/
82390	筦	管	 /variant of 管[guan3]/
82392	筩	筒	 /variant of 筒[tong3]/
82395	筯	箸	 /variant of 箸[zhu4]/
82402	筴	策	 /variant of 策[ce4]/
82416	箇	个	 /variant of 個|个[ge4]/
82435	箒	帚	 /variant of 帚[zhou3]/
82476	箠	棰	 /variant of 棰[chui2]/
82563	箭魚	箭鱼	 /variant of 劍魚|剑鱼[jian4 yu2]/
82574	箴	箴	 /to warn/to admonish/variant of 針|针[zhen1]/
82634	節骨眼兒	节骨眼儿	 /erhua variant of 節骨眼|节骨眼[jie1 gu5 yan3]/
82727	篭	篭	 /old variant of 籠|笼[long2]/
82729	篲	篲	 /variant of 彗[hui4]/
82740	篹	篹	 /ancient bamboo basket for food/variant of 匴[suan3]/bamboo container for hats/
82742	篹	纂	 /(literary) to compile; to edit (variant of 纂[zuan3])/
82766	簑	蓑	 /variant of 蓑[suo1]/
82767	簒	篡	 /old variant of 篡[cuan4]/
82770	簗	簗	 /erroneous variant of 築|筑[zhu4]/
82810	簡煉	简炼	 /variant of 簡練|简练[jian3 lian4]/
82856	簮	簪	 /old variant of 簪[zan1]/
82858	簷	檐	 /variant of 檐[yan2]/
82868	簽	签	 /to sign one's name/to write brief comments on a document/inscribed bamboo stick (variant of 籤|签[qian1])/visa/
82933	籌畫	筹画	 /variant of 籌劃|筹划[chou2 hua4]/
82942	籌馬	筹马	 /variant of 籌碼|筹码[chou2 ma3]/
82949	籐	藤	 /variant of 藤[teng2]/
82950	籑	籑	 /old variant of 撰[zhuan4]/
82951	籑	馔	 /old variant of 饌|馔[zhuan4]/
82952	籒	籒	 /old variant of 籀[zhou4]/
82955	籖	签	 /Japanese variant of 籤|签[qian1]/
82960	籝	籝	 /old variant of 籯[ying2]/
82976	籢	奁	 /old variant of 奩|奁[lian2]/
82988	籭	籭	 /old variant of 篩|筛[shai1]/
83066	粃	秕	 /variant of 秕[bi3]/
83068	粇	糠	 /old variant of 糠[kang1]/
83113	粋	粋	 /Japanese variant of 粹/
83173	粗鹵	粗卤	 /variant of 粗魯|粗鲁[cu1 lu3]/
83175	粘	粘	 /variant of 黏[nian2]/
83192	粚	粚	 /old variant of 黐[chi1]/
83193	粛	粛	 /Japanese variant of 肅|肃/
83207	粦	磷	 /variant of 磷[lin2]/
83208	粧	妆	 /variant of 妝|妆[zhuang1]/
83211	粬	粬	 /variant of 麴|曲[qu1]/
83212	粰	粰	 /variant of 稃[fu1]/
83231	粺	稗	 /polished rice/old variant of 稗[bai4]/
83351	精練	精练	 /(textiles) to scour/to degum (silk)/variant of 精煉|精炼[jing1 lian4]/
83391	糆	糆	 /variant of 麵|面[mian4]/rice noodles/rice fragments/
83393	糉	粽	 /variant of 粽[zong4]/
83411	糊里糊塗	糊里糊涂	 /variant of 糊裡糊塗|糊里糊涂[hu2 li5 hu2 tu2]/
83469	糜費	糜费	 /variant of 靡費|靡费[mi2 fei4]/
83497	糟踏	糟踏	 /variant of 糟蹋[zao1 ta4]/
83506	糢糊	糢糊	 /variant of 模糊[mo2 hu5]/
83527	糭	糭	 /old variant of 粽[zong4]/
83538	糱	糱	 /variant of 糵[nie4]/
83546	糺	纠	 /old variant of 糾|纠[jiu1]/
83595	紀錄	纪录	" /variant of 記錄|记录[ji4 lu4] (but in Taiwan, not for the verb sense ""to record"")/"
83605	約但	约但	 /variant of 約旦|约旦[Yue1 dan4]/
83606	約但河	约但河	 /variant of 約旦河|约旦河[Yue1 dan4 He2]/
83622	約摸	约摸	 /variant of 約莫|约莫[yue1 mo5]/
83892	紅裝	红装	 /variant of 紅妝|红妆[hong2 zhuang1]/
83902	紅通通	红通通	 /variant of 紅彤彤|红彤彤[hong2 tong1 tong1]/
83967	紋絲兒	纹丝儿	 /erhua variant of 紋絲|纹丝[wen2 si1]/
83969	紋縷兒	纹缕儿	 /erhua variant of 紋縷|纹缕[wen2 lu:3]/
83978	紋身	纹身	 /variant of 文身[wen2 shen1]/
83980	紋面	纹面	 /variant of 文面[wen2 mian4]/
83999	納悶兒	纳闷儿	 /erhua variant of 納悶|纳闷[na4 men4]/
84098	純樸	纯朴	 /variant of 淳樸|淳朴[chun2 pu3]/
84195	紙馬兒	纸马儿	 /erhua variant of 紙馬|纸马[zhi3 ma3]/
84222	紜紜	纭纭	 /variant of 芸芸[yun2 yun2]/
84223	紝	纴	 /to weave/to lay warp for weaving/silk thread for weaving/variant of 紉|纫, to sew/to stitch/thread/
84319	紥	扎	 /variant of 紮|扎[za1]/
84320	紥	扎	 /variant of 紮|扎[zha1]/
84374	紫菜苔	紫菜苔	 /variant of 紫菜薹[zi3 cai4 tai2]/
84400	紮實	扎实	 /variant of 扎實|扎实[zha1 shi5]/
84413	累墜	累坠	 /variant of 累贅|累赘[lei2 zhui4]/
84526	紵	纻	 /variant of 苧|苎[zhu4]/(literary) cloth made from ramie fiber/
84585	絃	絃	 /variant of 弦/bow string/string of musical instrument/watch spring/chord (straight line joining two points on a curve)/hypotenuse/
84629	経	経	 /Japanese variant of 經|经/
84630	絍	絍	 /to weave/to lay warp for weaving/variant of 紝|纴[ren4], silk thread for weaving/
84633	絏	绁	 /variant of 紲|绁[xie4]/
84662	結帳	结帐	 /variant of 結賬|结账[jie2 zhang4]/
84825	絚	絚	 /old variant of 緪[geng1]/
84830	絛綸	绦纶	 /variant of 滌綸|涤纶[di2 lun2]/
84835	絝	绔	 /variant of 褲|裤[ku4]/
84878	給與	给与	 /variant of 給予|给予[ji3 yu3]/
84891	絪縕	𬘡缊	 /variant of 氤氳|氤氲[yin1 yun1]/
84892	絫	絫	 /variant of 累[lei3], to accumulate/
85011	絵	絵	 /Japanese variant of 繪|绘/
85012	絶	绝	 /variant of 絕|绝[jue2]/
85015	絻	絻	 /old variant of 冕[mian3]/
85033	綂	綂	 /old variant of 統|统[tong3]/
85038	綉	绣	 /variant of 繡|绣[xiu4]/
85066	綑	捆	 /variant of 捆[kun3]/
85180	綗	綗	 /variant of 絅|䌹[jiong3]/
85181	綘	綘	 /variant of 縫|缝[feng2]/
85182	継	継	 /Japanese variant of 繼|继/
85183	続	続	 /Japanese variant of 續|续/
85307	綫	线	 /variant of 線|线[xian4]/
85343	維它命	维它命	 /variant of 維他命|维他命[wei2 ta1 ming4]/
85532	綳	绷	 /variant of 繃|绷[beng1]/variant of 繃|绷[beng3]/
85533	綴	缀	 /variant of 輟|辍[chuo4]/
85540	綵	䌽	 /variant of 彩[cai3]/
85574	綽	绰	 /to grab; to snatch up/variant of 焯[chao1]/
85598	綿聯	绵联	 /variant of 綿連|绵连[mian2 lian2]/
85671	緍	𦈏	 /old variant of 緡|缗[min2]/
85673	総	総	 /Japanese variant of 總|总/
85674	緐	繁	 /old variant of 繁[fan2]/
85675	緑	緑	 /Japanese variant of 綠|绿[lu:4]/
85680	緔鞋	绱鞋	 /variant of 上鞋[shang4 xie2]/
85681	緖	緖	 /variant of 緒|绪[xu4]/
85729	緜	绵	 /old variant of 綿|绵[mian2]/cotton/
85763	緤	緤	 /variant of 紲|绁[xie4]/to tie/to bind/
85764	緥	褓	 /variant of 褓[bao3]/
85800	編者案	编者案	 /variant of 編者按|编者按[bian1 zhe3 an4]/
85846	緫	緫	 /variant of 總|总[zong3]/
85884	縁	縁	 /Japanese variant of 緣|缘/
85885	縂	縂	 /variant of 總|总[zong3]/
85887	縄	縄	 /Japanese variant of 繩|绳/
85901	縐褶	绉褶	 /variant of 皺褶|皱褶[zhou4 zhe3]/
85935	縦	縦	 /old variant of 縱|纵[zong4]/
85936	縧	绦	 /variant of 絛|绦[tao1]/
86055	縹渺	缥渺	 /variant of 飄渺|飘渺[piao1 miao3]/
86056	縹緲	缥缈	 /variant of 飄渺|飘渺[piao1 miao3]/
86099	總會三明治	总会三明治	 /(Tw) club sandwich (variant of 總匯三明治|总汇三明治[zong3 hui4 san1 ming2 zhi4])/
86179	繁冗	繁冗	 /variant of 煩冗|烦冗[fan2 rong3]/
86218	繃巴吊拷	绷巴吊拷	 /variant of 繃扒吊拷|绷扒吊拷[beng1 ba1 diao4 kao3]/
86228	繆	缪	 /variant of 謬|谬[miu4]/
86230	繆	缪	 /old variant of 穆[mu4]/
86232	繆思	缪思	 /variant of 繆斯|缪斯[Miu4 si1]/
86238	繊	繊	 /Japanese variant of 纖|纤/
86239	繋	繋	 /variant of 繫|系[xi4]/
86265	繖	伞	 /damask silk/variant of 傘|伞[san3]/
86308	繦	襁	 /string of copper coins/variant of 襁[qiang3]/
86335	繭	茧	 /(bound form) cocoon/(bound form) callus (variant of 趼[jian3])/
86337	繮	缰	 /variant of 韁|缰[jiang1]/
86395	纂	纂	 /(literary) to compile; to edit/(coll.) (hairstyle) bun; chignon (as 纂兒|纂儿[zuan3 r5])/red silk ribbon/variant of 纘|缵[zuan3]/
86402	纉	纉	 /variant of 纘|缵[zuan3]/
86430	纍纍	累累	 /variant of 累累[lei2 lei2]/
86431	纎	纎	 /old variant of 纖|纤[xian1]/
86450	纒	纒	 /old variant of 纏|缠[chan2]/
86453	纔	才	 /(variant of 才[cai2]) just now/(variant of 才[cai2]) (before an expression of quantity) only/
86518	缺心眼兒	缺心眼儿	 /erhua variant of 缺心眼[que1 xin1 yan3]/
86543	缾	瓶	 /variant of 瓶[ping2]/
86544	罁	罁	 /old variant of 缸[gang1]/
86550	罄竭	罄竭	 /variant of 磬竭[qing4 jie2]/
86554	罄身兒	罄身儿	 /erhua variant of 罄身[qing4 shen1]/
86557	罆	罆	 /variant of 罐[guan4]/
86558	罇	樽	 /variant of 樽[zun1]/
86561	罉	罉	 /(dialect) cooking pot/variant of 鐺|铛[cheng1]/
86562	罋	瓮	 /variant of 甕|瓮[weng4]/
86566	罎	罎	 /variant of 罈|坛[tan2]/
86578	罔	罔	 /to deceive/there is none/old variant of 網|网[wang3]/
86579	罔兩	罔两	 /variant of 魍魎|魍魉[wang3 liang3]/
86592	罣	罣	 /variant of 掛|挂[gua4]/
86654	置裝	置装	 /variant of 治裝|治装[zhi4 zhuang1]/
86655	置裝費	置装费	 /variant of 治裝費|治装费[zhi4 zhuang1 fei4]/
86712	罸	罚	 /variant of 罰|罚[fa2]/
86721	羀	羀	 /old variant of 罶[liu3]/
86722	羂	羂	 /variant of 罥[juan4]/
86745	羅唆	罗唆	 /erroneous variant of 囉唆|啰唆[luo1 suo5]/
86746	羅唣	罗唣	 /variant of 囉唣|啰唣[luo2 zao4]/
86747	羅喉	罗喉	 /variant of 羅睺|罗睺[luo2 hou2]/
86748	羅嗦	罗嗦	 /erroneous variant of 囉唆|啰唆[luo1 suo5]/
86751	羅圈兒	罗圈儿	 /erhua variant of 羅圈|罗圈[luo2 quan1]/
86840	羅皂	罗皂	 /variant of 囉唣|啰唣[luo2 zao4]/
86872	羅鍋兒	罗锅儿	 /erhua variant of 羅鍋|罗锅[luo2 guo1]/
86895	羇	羇	 /variant of 羈|羁[ji1]/
86913	羊桃	羊桃	 /variant of 楊桃|杨桃[yang2 tao2]/carambola/star fruit/
86950	羊角瘋	羊角疯	 /variant of 羊角風|羊角风[yang2 jiao3 feng1]/
87176	羗	羌	 /variant of 羌[qiang1]/
87183	羞	羞	 /shy/ashamed/shame/bashful/variant of 饈|馐[xiu1]/delicacies/
87201	羣	群	 /variant of 群[qun2]/
87321	羮	羮	 /variant of 羹[geng1]/
87335	羴	膻	 /(old) a flock of sheep or goats/variant of 膻[shan1]/
87337	羶	膻	 /variant of 膻[shan1]/
87387	翄	翅	 /variant of 翅[chi4]/
87434	翔	翔	 /to soar/to glide/variant of 詳|详[xiang2]/(slang) shit/
87442	翖	翖	 /old variant of 翕[xi1]/
87444	翟	翟	 /surname Di/variant of 狄[Di2], generic name for northern ethnic minorities during the Qin and Han Dynasties (221 BC-220 AD)/
87462	翦	翦	 /variant of 剪[jian3]/
87470	翫	玩	 /variant of 玩[wan2]/Taiwan pr. [wan4]/
87512	翺	翱	 /variant of 翱[ao2]/
87593	翼	翼	 /wing/area surrounding the bullseye of a target/to assist/one of the 28 constellations of Chinese astronomy/old variant of 翌/
87633	老伴兒	老伴儿	 /erhua variant of 老伴[lao3 ban4]/
87638	老傢伙	老家伙	 /variant of 老家伙[lao3 jia1 huo5]/
87687	老奸巨滑	老奸巨滑	 /variant of 老奸巨猾[lao3 jian1 ju4 hua2]/
87703	老客兒	老客儿	 /erhua variant of 老客[lao3 ke4]/
87748	老板	老板	 /variant of 老闆|老板[lao3 ban3]/
87947	耈	耈	 /old variant of 耇[gou3]/
87948	耉	耉	 /old variant of 耇[gou3]/
87949	耊	耊	 /old variant of 耋[die2]/
87987	耎	耎	 /old variant of 軟|软[ruan3]/
88024	耑	专	 /variant of 專|专[zhuan1]/
88025	耑	端	 /old variant of 端[duan1]/start/origin/
88069	耞	耞	 /flail (for threshing grain)/old variant of 枷[jia1]/
88194	耶酥	耶酥	 /variant of 耶穌|耶稣[Ye1 su1]/
88202	耼	耼	 /variant of 聃[dan1]/
88204	耽心	耽心	 /variant of 擔心|担心[dan1 xin1]/
88205	耽憂	耽忧	 /variant of 擔憂|担忧[dan1 you1]/
88235	聊天兒	聊天儿	 /erhua variant of 聊天[liao2 tian1]/
88489	聡	聡	 /old variant of 聰|聪[cong1]/
88490	聦	聦	 /variant of 聰|聪[cong1]/
88491	聨	聨	 /variant of 聯|联[lian2]/
88492	聮	聮	 /old variant of 聯|联[lian2]/
88494	聯係	联系	 /variant of 聯繫|联系[lian2 xi4]/
88540	聯接	联接	 /variant of 連接|连接[lian2 jie1]/
88564	聯綴	联缀	 /variant of 連綴|连缀[lian2 zhui4]/
88565	聯綿	联绵	 /variant of 連綿|连绵[lian2 mian2]/
88575	聯號	联号	 /variant of 連號|连号[lian2 hao4]/
88581	聯貫	联贯	 /variant of 連貫|连贯[lian2 guan4]/
88683	聴	聴	 /Japanese variant of 聽|听[ting1]/
88725	聼	聼	 /variant of 聽|听[ting1]/
88770	聽牆根兒	听墙根儿	 /erhua variant of 聽牆根|听墙根[ting1 qiang2 gen1]/
88871	肉呼呼	肉呼呼	 /variant of 肉乎乎[rou4 hu1 hu1]/
88936	肊	肊	 /variant of 臆[yi4]/
88962	肎	肯	 /old variant of 肯[ken3]/
88967	肏逼	肏逼	 /variant of 肏屄[cao4 bi1]/
88968	肐	胳	 /variant of 胳[ge1]/
88970	肕	肕	 /old variant of 韌|韧[ren4]/
88979	肖蛸	肖蛸	 /variant of 蠨蛸|蟏蛸[xiao1 shao1]/
88988	肚兒	肚儿	 /erhua variant of 肚[du3]/
89107	肧	胚	 /variant of 胚[pei1]/
89125	肬	肬	 /variant of 疣[you2]/
89142	肰	肰	 /dog meat/old variant of 然[ran2]/
89169	肹	肹	 /old variant of 肸[xi1]/
89224	胇	胇	 /old variant of 肺[fei4]/
89254	背影兒	背影儿	 /erhua variant of 背影[bei4 ying3]/
89283	背謬	背谬	 /variant of 悖謬|悖谬[bei4 miu4]/
89349	胞子	胞子	 /variant of 孢子[bao1 zi3]/
89371	胡同兒	胡同儿	 /erhua variant of 胡同[hu2 tong4]/
89376	胡塗	胡涂	 /variant of 糊塗|糊涂[hu2 tu5]/
89410	胡牌	胡牌	 /variant of 和牌[hu2 pai2]/
89413	胡琴兒	胡琴儿	 /erhua variant of 胡琴[hu2 qin2]/
89422	胡臭	胡臭	 /variant of 狐臭[hu2 chou4]/
89430	胡蝶	胡蝶	 /variant of 蝴蝶[hu2 die2]/
89497	胷	胸	 /variant of 胸[xiong1]/
89606	脂麻	脂麻	 /variant of 芝麻[zhi1 ma5]/
89607	脃	脆	 /old variant of 脆[cui4]/
89619	脇	胁	 /variant of 脅|胁[xie2]/
89642	脊令	脊令	 /variant of 鶺鴒|鹡鸰[ji2 ling2]/
89672	脖梗	脖梗	 /variant of 脖頸|脖颈[bo2 geng3]/
89673	脖梗兒	脖梗儿	 /erhua variant of 脖梗[bo2 geng3]/
89674	脖梗子	脖梗子	 /variant of 脖頸子|脖颈子[bo2 geng3 zi5]/
89677	脖頸兒	脖颈儿	 /erhua variant of 脖頸|脖颈[bo2 geng3]/
89679	脗	吻	 /variant of 吻[wen3]/
89687	脣	唇	 /variant of 唇[chun2]/
89691	脧	脧	 /variant of 朘[juan1]/
89692	脨	脨	 /old variant of 瘠[ji2]/
89693	脩	修	 /variant of 修[xiu1]/
89748	脫疘	脱肛	 /variant of 脫肛|脱肛[tuo1 gang1]/
89811	脳	脳	 /Japanese variant of 腦|脑/
89815	脹奶	胀奶	 /variant of 漲奶|涨奶[zhang4 nai3]/
89823	脿	脿	 /old variant of 膘[biao1]/
89837	腌	腌	 /variant of 醃|腌[yan1]/
89935	腦性痲痺	脑性痲痹	 /variant of 腦性麻痺|脑性麻痹/cerebral palsy/spasticity/
89960	腦瓜兒	脑瓜儿	 /erhua variant of 腦瓜|脑瓜[nao3 gua1]/
90048	腳	脚	 /role (variant of 角[jue2])/
90065	腳指	脚指	 /variant of 腳趾|脚趾[jiao3 zhi3]/
90071	腳根	脚根	 /variant of 腳跟|脚跟[jiao3 gen1]/
90085	腳色	脚色	 /variant of 角色[jue2 se4]/
90107	腳門	脚门	 /variant of 角門|角门[jiao3 men2]/
90109	腳鴨子	脚鸭子	 /variant of 腳丫子|脚丫子[jiao3 ya1 zi5]/
90199	膆	膆	 /(literary) fat/variant of 嗉[su4]/
90205	膈肢	膈肢	 /variant of 胳肢[ge2 zhi5]/
90209	膌	膌	 /old variant of 瘠[ji2]/
90217	膓	肠	 /old variant of 腸|肠[chang2]/
90218	膔	膔	 /variant of 膘[biao1]/
90311	膫	膫	 /male genitals/old variant of 膋[liao2]/
90312	膬	膬	 /old variant of 脆[cui4]/
90415	臈	腊	 /old variant of 臘|腊[la4]/
90424	臉形	脸形	 /variant of 臉型|脸型, shape of face/physiognomy/
90460	臋	臀	 /old variant of 臀[tun2]/
90462	臌脹	臌胀	 /variant of 鼓脹|鼓胀[gu3 zhang4]/
90470	臏	膑	 /variant of 髕|髌[bin4]/
90474	臓	臓	 /Japanese variant of 臟|脏/
90475	臕	膘	 /variant of 膘[biao1]/
90485	臙	胭	 /variant of 胭[yan1]/
90488	臝	裸	 /variant of 裸[luo3]/
90489	臞	臞	 /variant of 癯[qu2]/
90528	臥薪嚐膽	卧薪尝胆	 /variant of 臥薪嘗膽|卧薪尝胆[wo4 xin1 - chang2 dan3]/
90544	臧	臧	 /old variant of 藏[zang4]/old variant of 臟|脏[zang4]/
90758	自各兒	自各儿	 /variant of 自個兒|自个儿[zi4 ge3 r5]/
91142	臯	皋	 /variant of 皋[gao1]/
91275	臽	臽	 /(archaic) pit; hole in the ground/old variant of 陷[xian4]/
91295	與	与	 /variant of 歟|欤[yu2]/
91402	興高彩烈	兴高彩烈	 /variant of 興高采烈|兴高采烈[xing4 gao1 cai3 lie4]/
91533	舋	舋	 /variant of 釁|衅/quarrel/dispute/a blood sacrifice (arch.)/
91556	舍	舍	 /old variant of 捨|舍[she3]/
91567	舎	舎	 /Japanese variant of 舍[she4]/
91578	舒壓	舒压	 /variant of 紓壓|纾压[shu1 ya1]/
91605	舓	舓	 /old variant of 舐[shi4]/
91613	舖	铺	 /variant of 鋪|铺[pu4]/store/
91614	舗	舗	 /Japanese variant of 舖|铺/
91615	舘	馆	 /variant of 館|馆[guan3]/
91622	舝	舝	 /variant of 轄|辖[xia2]/
91669	舢舨	舢舨	 /variant of 舢板[shan1 ban3]/
91671	舩	船	 /variant of 船[chuan2]/
91734	般桓	般桓	 /variant of 盤桓|盘桓[pan2 huan2]/
91818	艁	艁	 /old variant of 造[zao4]/
91842	艢	樯	 /variant of 檣|樯[qiang2]/
91843	艣	橹	 /variant of 櫓|橹[lu3]/
91858	艨衝	艨冲	 /variant of 艨艟[meng2 chong1]/
91860	艪	橹	 /variant of 櫓|橹[lu3]/
91918	艱巨	艰巨	 /variant of 艱鉅|艰巨[jian1 ju4]/
91991	艶	艳	 /variant of 豔|艳[yan4]/
91992	艷	艳	 /variant of 豔|艳[yan4]/
92005	艸	草	 /variant of 草[cao3]/
92011	艾	艾	 /variant of 刈[yi4]/variant of 乂[yi4]/
92075	芀	芀	 /old variant of 苕[tiao2]/
92097	芒	芒	 /awn (of cereals)/arista (of grain)/tip (of a blade)/Miscanthus sinensis (type of grass)/variant of 邙, Mt Mang at Luoyang in Henan/
92143	芣苡	芣苡	 /variant of 芣苢[fu2 yi3]/
92151	芥茉	芥茉	 /variant of 芥末[jie4 mo5]/
92156	芥蘭	芥兰	 /variant of 芥藍|芥蓝[gai4 lan2]/
92192	芭達雅	芭达雅	 /variant of 帕塔亞|帕塔亚[Pa4 ta3 ya4]/Pattaya or Phatthaya city in Chon Buri province of east Thailand/
92211	花兒	花儿	 /erhua variant of 花[hua1]/
92373	花著	花着	 /variant of 花招[hua1 zhao1]/
92399	花邊兒	花边儿	 /erhua variant of 花邊|花边[hua1 bian1]/
92425	芲	花	 /old variant of 花[hua1]/
92447	芸	芸	 /Japanese variant of 藝|艺[yi4]/
92526	苞穀	苞谷	 /variant of 包穀|包谷[bao1 gu3]/
92528	苞粟	苞粟	 /variant of 包粟[bao1 su4]/
92529	苞藏禍心	苞藏祸心	 /variant of 包藏禍心|包藏祸心[bao1 cang2 - huo4 xin1]/
92563	若望	若望	 /John/Saint John/less common variant of 約翰|约翰[Yue1 han4] preferred by the Catholic Church/
92580	苦不唧兒	苦不唧儿	 /erhua variant of 苦不唧[ku3 bu5 ji1]/
92624	苦活兒	苦活儿	 /erhua variant of 苦活[ku3 huo2]/
92667	苩	苩	 /old variant of 葩[pa1]/
92709	英哩	英哩	 /variant of 英里[ying1 li3]/
92790	苺	苺	 /variant of 莓, berry/strawberry/
92830	茄克	茄克	 /variant of 夾克|夹克[jia1 ke4]/
92852	茅竹	茅竹	 /variant of 毛竹[mao2 zhu2]/
92860	茆	茆	 /variant of 茅[mao2]/thatch/
92870	茊	茊	 /old variant of 茲|兹[zi1]/
92877	茘	荔	 /variant of 荔[li4]/
93015	荅	荅	 /variant of 答[da1]/
93016	荅	荅	 /variant of 答[da2]/
93021	草	草	 /variant of 肏[cao4]/
93120	荍	荞	 /common mallow (Malva sinensis)/variant of 蕎|荞[qiao2]/
93174	荘	荘	 /Japanese variant of 莊|庄/
93175	荳	豆	 /legume; pulse; bean; pea (CL:顆|颗[ke1],粒[li4]) (variant of 豆[dou4])/
93236	莊稼戶兒	庄稼户儿	 /erhua variant of 莊稼戶|庄稼户[zhuang1 jia5 hu4]/
93282	莜麥菜	莜麦菜	 /variant of 油麥菜|油麦菜[you2 mai4 cai4]/
93301	莩	莩	 /variant of 殍[piao3]/
93336	莫明其妙	莫明其妙	 /variant of 莫名其妙[mo4 ming2 qi2 miao4]/
93365	莭	莭	 /variant of 節|节[jie2]/
93423	菑	灾	 /old variant of 災|灾[zai1]/
93426	菓	果	 /variant of 果[guo3]/fruit/
93498	菫	菫	 /variant of 堇[jin3]/violet/
93501	華	华	 /old variant of 花[hua1]/flower/
93606	華陀	华陀	 /variant of 華佗|华佗[Hua4 Tuo2]/
93614	菰	菰	 /Manchurian wild rice (Zizania latifolia), now rare in the wild, formerly harvested for its grain, now mainly cultivated for its edible stem known as 茭白筍|茭白笋[jiao1 bai2 sun3], which is swollen by a smut fungus/variant of 菇[gu1]/
93651	菴	庵	 /variant of 庵[an1]/
93653	菷	菷	 /variant of 帚[zhou3]/
93654	菸	烟	 /tobacco (variant of 煙|烟[yan1])/
93656	菸斗	烟斗	 /variant of 煙斗|烟斗[yan1 dou3]/
93657	菸礆	烟硷	 /variant of 菸鹼|烟碱[yan1 jian3]/
93672	菾菜	菾菜	 /variant of 甜菜[tian2 cai4]/
93677	萅	萅	 /old variant of 春[chun1]/
93728	萌	萌	" /(bound form) to sprout; to bud/(coll.) cute; adorable (orthographic borrowing from Japanese 萌え ""moe"", affection for an anime or manga character)/variant of 氓[meng2]/"
93753	萕	萕	 /old variant of 薺|荠[ji4]/
93932	萲	萱	 /old variant of 萱[xuan1]/
93941	萹豆	萹豆	 /variant of 扁豆[bian3 dou4]/
93997	落漠	落漠	 /variant of 落寞[luo4 mo4]/
94008	落腮鬍子	落腮胡子	 /variant of 絡腮鬍子|络腮胡子[luo4 sai1 hu2 zi5]/
94017	落莫	落莫	 /variant of 落寞[luo4 mo4]/
94041	葅	葅	 /variant of 菹[zu1]/
94154	著邊兒	着边儿	 /erhua variant of 著邊|着边[zhao2 bian1]/
94183	葠	参	 /variant of 參|参[shen1]/
94251	葯	药	 /leaf of the iris/variant of 藥|药[yao4]/
94286	蒓	莼	 /variant of 蓴|莼[chun2]/
94368	蒙騙	蒙骗	 /variant of 矇騙|蒙骗[meng1 pian4]/
94375	蒜苔	蒜苔	 /variant of 蒜薹[suan4 tai2]/
94377	蒜茸	蒜茸	 /variant of 蒜蓉[suan4 rong2]/
94396	蒭	蒭	 /old variant of 芻|刍[chu2]/
94466	蒼惶	苍惶	 /variant of 倉皇|仓皇[cang1 huang2]/
94498	蒼黃	苍黄	 /greenish yellow/sallow (pale or yellow complexion)/variant of 倉皇|仓皇[cang1 huang2]/
94518	蓆	席	 /variant of 席[xi2]/woven mat/
94577	蓔	蓔	 /old variant of 䅵[zhuo2]/
94583	蓡	参	 /variant of 參|参[shen1]/
94643	蓱	蓱	 /variant of 萍[ping2]/
94660	蔆	菱	 /variant of 菱[ling2]/
94682	蔕	蒂	 /variant of 蒂[di4]/
94741	蔫兒	蔫儿	 /erhua variant of 蔫[nian1]/
94757	蔳	蔳	 /old variant of 蒨[qian4]/
94758	蔴	麻	 /hemp (variant of 麻[ma2])/
94759	蔵	蔵	 /Japanese variant of 藏/
94772	蕃	蕃	 /variant of 番[fan1]/foreign (non-Chinese)/
94774	蕃廡	蕃庑	 /variant of 繁蕪|繁芜[fan2 wu2]/
94775	蕃茄	蕃茄	 /variant of 番茄[fan1 qie2]/
94776	蕃衍	蕃衍	 /variant of 繁衍[fan2 yan3]/
94785	蕉萃	蕉萃	 /variant of 憔悴[qiao2 cui4]/
94788	蕋	蕊	 /variant of 蕊[rui3]/
94792	蕐	蕐	 /old variant of 華|华[hua2]/
94806	蕚	萼	 /old variant of 萼[e4]/
94809	蕠	蕠	 /variant of 茹[ru2]/see 蕠藘[ru2 lu:2]/
94810	蕠藘	蕠藘	 /variant of 茹藘, Rubia cordifolia or Rubia akane, roots used as red dye/
94854	蕭灑	萧洒	 /variant of 瀟灑|潇洒[xiao1 sa3]/
94880	蕿	萱	 /old variant of 萱[xuan1]/
94946	薌	芗	 /aromatic herb used for seasoning/variant of 香[xiang1]/
94981	薟	莶	 /variant of 蘞|蔹[lian3]/Taiwan pr. [lian4]/
95092	薫	薫	 /Japanese variant of 薰/
95093	薬	薬	 /Japanese variant of 藥|药/
95101	薰	熏	 /fragrance/warm/to educate/variant of 熏[xun1]/to smoke/to fumigate/
95111	薶	薶	 /old variant of 埋[mai2]/
95123	薻	薻	 /old variant of 藻[zao3]/
95127	藁	藁	 /variant of 槁[gao3]/
95135	藉	借	 /variant of 借[jie4]/
95139	藉以	藉以	 /variant of 借以[jie4 yi3]/
95147	藊豆	藊豆	 /variant of 扁豆[bian3 dou4]/
95192	藍縷	蓝缕	 /variant of 襤褸|褴褛[lan2 lu:3]/
95283	藐	藐	 /to despise/small/variant of 渺[miao3]/
95285	藐小	藐小	 /variant of 渺小[miao3 xiao3]/
95367	藥方兒	药方儿	 /erhua variant of 藥方|药方[yao4 fang1]/
95373	藥水兒	药水儿	 /erhua variant of 藥水|药水[yao4 shui3]/
95411	藳	藳	 /old variant of 稿[gao3]/
95412	藴	藴	 /variant of 蘊|蕴, to accumulate/to hold in store/to contain/to gather together/to collect/depth/inner strength/profundity/
95414	藷	薯	 /variant of 薯[shu3]/
95424	藼	萱	 /old variant of 萱[xuan1]/
95429	蘁	蘁	 /to disobey/contrary/against/to go against/to violate/obscure character, possibly variant of 惡|恶[e4]/
95430	蘂	蕊	 /variant of 蕊[rui3]/
95460	蘆鰻	芦鳗	 /variant of 鱸鰻|鲈鳗[lu2 man2], giant mottled eel (Anguilla marmorata)/
95549	蘇門達臘	苏门达腊	 /variant of 蘇門答臘|苏门答腊[Su1 men2 da2 la4]/
95553	蘇黎士	苏黎士	 /variant of 蘇黎世|苏黎世[Su1 li2 shi4]/
95581	蘐	萱	 /old variant of 萱[xuan1]/
95586	蘓	苏	 /old variant of 蘇|苏[su1]/
95588	蘗	蘗	 /old variant of 檗[bo4]/
95593	蘝	蘝	 /variant of 蘞|蔹, trailing plant/liana/creeper/wild vine (Gynostemma pentaphyllum or Vitis pentaphylla)/
95598	蘤	花	 /variant of 花[hua1]/flower/blossom/also pr. [wei3]/
95672	蘿艻	萝艻	 /old variant of 羅勒|罗勒[luo2 le4]/
95732	虎魄	虎魄	 /variant of 琥珀[hu3 po4]/
95764	處女座	处女座	 /Virgo (constellation and sign of the zodiac)/popular variant of 室女座[Shi4 nu:3 zuo4]/
95792	虗	虗	 /old variant of 虛|虚[xu1]/
95793	虙	虙	 /old variant of 伏[fu2]/
95890	號咷	号咷	 /variant of 號啕|号啕[hao2 tao2]/
95892	號啕	号啕	 /variant of 嚎啕[hao2 tao2]/
95893	號啕大哭	号啕大哭	 /variant of 嚎啕大哭[hao2 tao2 - da4 ku1]/
95933	虫	虫	 /variant of 蟲|虫[chong2]/
95940	虵	蛇	 /variant of 蛇[she2]/
95964	蚉	蚉	 /old variant of 蚊[wen2]/
95987	蚖	蚖	 /Protura (soil dwelling primitive hexapod)/variant of 螈, salamander/newt/triton/
95989	蚘	蛔	 /variant of 蛔[hui2]/
95996	蚦	蚦	 /variant of 蚺[ran2]/
96071	蛋	蛋	 /variant of 蜑[Dan4]/
96076	蛋卷兒	蛋卷儿	 /erhua variant of 蛋卷[dan4 juan3]/
96106	蛍	蛍	 /Japanese variant of 螢|萤/
96115	蛕	蛔	 /old variant of 蛔[hui2]/
96149	蛧	蛧	 /old variant of 魍[wang3]/
96225	蜋	螂	 /variant of 螂[lang2]/
96238	蜖	蛔	 /old variant of 蛔[hui2]/
96286	蜥易	蜥易	 /variant of 蜥蜴[xi1 yi4]/
96289	蜨	蝶	 /variant of 蝶[die2]/
96292	蜯	蜯	 /variant of 蚌[bang4]/
96303	蜺	霓	 /Japanese cicada/old variant of 霓[ni2]/
96311	蜻蝏	蜻蝏	 /variant of 蜻蜓[qing1 ting2]/
96318	蝃	蝃	 /variant of 螮|䗖[di4]/
96322	蝄蜽	蝄蜽	 /variant of 魍魎|魍魉[wang3 liang3]/
96323	蝋	蝋	 /Japanese variant of 蠟|蜡[la4]/
96327	蝎	蝎	 /variant of 蠍|蝎[xie1]/
96348	蝡	蠕	 /variant of 蠕[ru2]/
96352	蝥	蝥	 /variant of 蟊[mao2]/
96372	蝦蟆	虾蟆	 /variant of 蛤蟆[ha2 ma5]/
96378	蝨目魚	虱目鱼	 /variant of 虱目魚|虱目鱼[shi1 mu4 yu2]/
96381	蝯	猿	 /variant of 猿[yuan2]/
96384	蝱	虻	 /old variant of 虻[meng2]/
96389	蝳蝐	蝳蝐	 /variant of 玳瑁[dai4 mao4]/hawksbill turtle/
96436	融匯貫通	融汇贯通	 /variant of 融會貫通|融会贯通[rong2 hui4 - guan4 tong1]/
96458	螎	融	 /old variant of 融[rong2]/
96462	螘	螘	 /ant/variant of 蟻|蚁[yi3]/
96463	螙	螙	 /variant of 蠹[du4]/
96470	螞蜂	蚂蜂	 /variant of 馬蜂|马蜂[ma3 feng1]/
96484	螡	蚊	 /old variant of 蚊[wen2]/
96486	螢光	萤光	 /Taiwan variant of 熒光|荧光[ying2 guang1]/
96488	螢光棒	萤光棒	 /Taiwan variant of 熒光棒|荧光棒[ying2 guang1 bang4]/
96489	螢光燈	萤光灯	 /Taiwan variant of 熒光燈|荧光灯[ying2 guang1 deng1]/
96499	螥	螥	 /Japanese variant of 蒼|苍 house-fly/
96504	螭	螭	 /dragon with horns not yet grown (in myth or heraldry)/variant of 魑[chi1]/
96566	蟁	蚊	 /old variant of 蚊[wen2]/
96575	蟇	蟆	 /old variant of 蟆[ma2]/
96580	蟈蟈兒	蝈蝈儿	 /erhua variant of 蟈蟈|蝈蝈[guo1 guo5]/
96604	蟠據	蟠据	 /variant of 盤踞|盘踞[pan2 ju4]/
96605	蟠曲	蟠曲	 /variant of 盤曲|盘曲[pan2 qu1]/
96606	蟠根錯節	蟠根错节	 /variant of 盤根錯節|盘根错节[pan2 gen1 cuo4 jie2]/
96608	蟠石	蟠石	 /variant of 磐石[pan2 shi2]/
96609	蟠踞	蟠踞	 /variant of 盤踞|盘踞[pan2 ju4]/
96693	蠎	蠎	 /old variant of 蟒[mang3]/
96694	蠏	蟹	 /variant of 蟹[xie4]/
96699	蠒	茧	 /variant of 繭|茧[jian3]/
96725	蠟梅	蜡梅	 /variant of 臘梅|腊梅[la4 mei2]/
96745	蠢才	蠢才	 /variant of 蠢材[chun3 cai2]/
96758	蠧	蠧	 /variant of 蠹[du4]/
96762	蠭	蜂	 /old variant of 蜂[feng1]/
96772	蠲吉	蠲吉	 /variant of 涓吉[juan1 ji2]/
96798	蠶薄	蚕薄	 /variant of 蠶箔|蚕箔[can2 bo2]/
96807	蠷	蠷	 /variant of 蠼[qu2]/
96974	衂	衄	 /variant of 衄[nu:4]/
96976	衆	众	 /variant of 眾|众[zhong4]/
96978	衇	脉	 /variant of 脈|脉[mai4]/
97164	衒	衒	 /variant of 炫[xuan4]/(literary) to boast/to show off/
97171	衖	弄	 /variant of 弄[long4]/
97172	衖	衖	 /variant of 巷[xiang4]/
97198	衘	衔	 /variant of 銜|衔[xian2]/
97206	衚衕	胡同	 /variant of 胡同[hu2 tong4]/
97302	衞	衞	 /variant of 衛|卫[wei4]/to guard/to defend/
97303	衟	衟	 /old variant of 道[dao4]/
97367	衣鉤兒	衣钩儿	 /erhua variant of 衣鉤|衣钩[yi1 gou1]/
97462	衰	衰	 /variant of 縗|缞[cui1]/
97488	衹	只	 /variant of 只[zhi3]/
97490	衺	邪	 /old variant of 邪[xie2]/
97493	衿	衿	 /collar/belt/variant of 襟[jin1]/
97519	袎	袎	 /variant of 靿[yao4]/
97544	袖筒兒	袖筒儿	 /erhua variant of 袖筒[xiu4 tong3]/
97553	袠	帙	 /variant of 帙[zhi4]/variant of 秩[zhi4]/(classifier) ten years/
97554	袢	袢	 /used in 袷袢[qia1 pan4]/variant of 襻[pan4]/
97592	被窩兒	被窝儿	 /erhua variant of 被窩|被窝[bei4 wo1]/
97603	袮	袮	 /You/Thou (of deity)/variant of 你[ni3]/
97607	袴	裤	 /variant of 褲|裤[ku4]/
97608	袴子	裤子	 /variant of 褲子|裤子, trousers/pants/
97609	袵	衽	 /variant of 衽[ren4]/
97610	袷	袷	 /variant of 夾|夹[jia2]/
97613	袷襖	袷袄	 /variant of 夾襖|夹袄[jia2 ao3]/
97618	袿	袿	 /old variant of 褂[gua4]/
97683	裌	夹	 /variant of 夾|夹[jia2]/
97687	裏	里	 /variant of 裡|里[li3]/
97689	裏面	里面	 /variant of 裡面|里面[li3 mian4]/
97718	裙擺	裙摆	 /variant of 裙襬|裙摆[qun2 bai3]/
97796	補釘	补钉	 /variant of 補丁|补丁[bu3 ding5]/
97797	補闕	补阙	 /old variant of 補缺|补缺[bu3 que1]/
97800	補靪	补靪	 /variant of 補丁|补丁[bu3 ding5]/
97804	裝B	装B	 /variant of 裝屄|装屄[zhuang1 bi1]/
97832	裝璜	装璜	 /variant of 裝潢|装潢[zhuang1 huang2]/
97853	裝逼	装逼	 /variant of 裝屄|装屄[zhuang1 bi1]/
97867	裠	裙	 /old variant of 裙[qun2]/
97883	裡邊兒	里边儿	 /erhua variant of 裡邊|里边[li3 bian5]/
97892	裩	裩	 /variant of 褌|裈[kun1]/
97906	裵	裴	 /variant of 裴[pei2]/
97996	褀	褀	 /variant of 綥[qi2]/
98002	複刻	复刻	 /variant of 復刻|复刻[fu4 ke4]/
98033	複習	复习	 /variant of 復習|复习[fu4 xi2]/
98047	複迭	复迭	 /variant of 複疊|复叠[fu4 die2]/
98062	褏	褏	 /old variant of 袖[xiu4]/
98112	褓姆	褓姆	 /variant of 保姆[bao3 mu3]/
98113	褓母	褓母	 /variant of 保姆[bao3 mu3]/
98143	褭	袅	 /variant of 裊|袅[niao3]/
98181	褾	褾	 /cuff/border or edge (of clothing)/old variant of 裱[biao3]/
98184	襃	褒	 /variant of 褒[bao1]/
98200	襆	襆	 /(bound form) a kind of headscarf worn by men in ancient China (variant of 幞[fu2])/variant of 袱[fu2]/Taiwan pr. [pu2]/
98201	襇	裥	 /variant of 襉|裥[jian3]/
98205	襍	杂	 /variant of 雜|杂[za2]/
98214	襝衽	裣衽	 /variant of 斂衽|敛衽[lian3 ren4]/
98230	襢	袒	 /old variant of 袒[tan3]/
98234	襥	襥	 /old variant of 襆[fu2]/
98242	襬	䙓	 /variant of 襬|摆[bai3]/
98265	襽	襽	 /old variant of 襴|襕[lan2]/brocade/
98469	西藍花	西蓝花	 /variant of 西蘭花|西兰花[xi1 lan2 hua1]/
98495	西邊兒	西边儿	 /erhua variant of 西邊|西边[xi1 bian1]/
98544	要功	要功	 /variant of 邀功[yao1 gong1]/
98564	要末	要末	 /variant of 要麼|要么[yao4 me5]/
98593	要買人心	要买人心	 /variant of 邀買人心|邀买人心[yao1 mai3 ren2 xin1]/
98613	覆	复	 /variant of 復|复[fu4]/to reply to a letter/
98630	覆迭	复迭	 /variant of 覆疊|覆叠[fu4 die2]/
98631	覆述	复述	 /variant of 複述|复述[fu4 shu4]/
98632	覇	霸	 /variant of 霸[ba4]/
98633	覈	核	 /variant of 核[he2]/to investigate/
98634	覉	覉	 /variant of 羈|羁[ji1]/
98635	覊	羁	 /variant of 羈|羁[ji1]/
98712	覌	覌	 /variant of 觀|观[guan1]/
98731	規戒	规戒	 /variant of 規誡|规诫[gui1 jie4]/
98756	覐	覐	 /old variant of 覺|觉[jiao4]/
98757	覐	覐	 /old variant of 覺|觉[jue2]/
98763	覔	觅	 /old variant of 覓|觅[mi4]/
98824	覚	覚	 /Japanese variant of 覺|觉[jue2]/
98827	覤	覤	 /variant of 虩[xi4]/
98830	覧	覧	 /Japanese variant of 覽|览/
98831	覩	睹	 /old variant of 睹[du3]/
98912	覰	覰	 /variant of 覷|觑[qu4]/
98915	観	観	 /Japanese variant of 觀|观[guan1]/
98918	覷忽	觑忽	 /variant of 覷糊|觑糊[qu4 hu5]/
99049	觔	觔	 /variant of 筋[jin1]/variant of 斤[jin1]/
99050	觕	粗	 /variant of 粗[cu1]/
99054	觜	觜	 /variant of 嘴[zui3]/
99062	解	解	 /acrobatic display (esp. on horseback) (old)/variant of 懈[xie4] and 邂[xie4] (old)/
99094	解廌	解廌	 /variant of 獬豸[xie4 zhi4]/
99170	解鈴還需繫鈴人	解铃还需系铃人	 /variant of 解鈴還須繫鈴人|解铃还须系铃人[jie3 ling2 hai2 xu1 xi4 ling2 ren2]/
99184	觧	觧	 /variant of 解[jie3]/
99185	觧	觧	 /variant of 解[jie4]/
99186	觧	觧	 /variant of 解[xie4]/
99196	觵	觵	 /old variant of 觥[gong1]/
99226	觸楣頭	触楣头	 /variant of 觸霉頭|触霉头[chu4 mei2 tou2]/
99254	觽	觽	 /variant of 觿, ivory bodkin for undoing knots/
99255	觾	觾	 /variant of 燕[yan4], swallow/
99297	言詞	言词	 /variant of 言辭|言辞[yan2 ci2]/
99331	訂親	订亲	 /variant of 定親|定亲[ding4 qin1]/
99376	計畫	计画	 /variant of 計劃|计划[ji4 hua4]/
99436	討底兒	讨底儿	 /erhua variant of 討底|讨底[tao3 di3]/
99461	訓戒	训戒	 /variant of 訓誡|训诫[xun4 jie4]/
99487	託辭	托辞	 /variant of 託詞|托词[tuo1 ci2]/
99504	記念	记念	 /to commemorate; to honor the memory of (variant of 紀念|纪念[ji4 nian4])/
99541	記錄片	记录片	 /variant of 紀錄片|纪录片[ji4 lu4 pian4]/
99554	訢	䜣	 /pleased/delighted/happy/variant of 欣/
99642	訳	訳	 /Japanese variant of 譯|译[yi4]/
99657	訶叱	诃叱	 /variant of 呵斥[he1 chi4]/
99659	訶斥	诃斥	 /variant of 呵斥[he1 chi4]/
99660	訶譴	诃谴	 /variant of 呵譴|呵谴[he1 qian3]/
99679	註釋	注释	 /variant of 注釋|注释[zhu4 shi4]/
99682	証	证	 /to admonish/variant of 證|证[zheng4]/
99711	詒	诒	 /(archaic) to present/to bequeath/variant of 貽|贻[yi2]/
99758	評鑒	评鉴	 /variant of 評鑑|评鉴[ping2 jian4]/
99774	詞令	词令	 /variant of 辭令|辞令[ci2 ling4]/
99778	詞匯	词汇	 /variant of 詞彙|词汇[ci2 hui4]/
99848	試手兒	试手儿	 /erhua variant of 試手|试手[shi4 shou3]/
99901	詧	察	 /variant of 察[cha2]/
99973	話茬兒	话茬儿	 /erhua variant of 話茬|话茬[hua4 cha2]/
100010	詶	酬	 /old variant of 酬[chou2]/
100011	詸	詸	 /variant of 謎|谜[mi2]/
100063	誋	誋	 /variant of 忌[ji4]/
100068	認人兒	认人儿	 /erhua variant of 認人|认人[ren4 ren2]/
100082	認死理兒	认死理儿	 /erhua variant of 認死理|认死理[ren4 si3 li3]/
100117	誒	诶	 /variant of 欸[ei1]/
100118	誒	诶	 /variant of 欸[ei2]/
100119	誒	诶	 /variant of 欸[ei3]/
100120	誒	诶	 /variant of 欸[ei4]/
100137	誖	悖	 /old variant of 悖[bei4]/
100248	誣蔑	诬蔑	 /variant of 誣衊|诬蔑[wu1 mie4]/
100359	說著玩兒	说着玩儿	 /erhua variant of 說著玩|说着玩[shuo1 zhe5 wan2]/
100380	説	说	 /variant of 說|说[shuo1]/
100381	読	読	 /Japanese variant of 讀|读[du2]/
100382	誯	誯	 /old variant of 唱[chang4]/
100406	課金	课金	 /tax levied on a conquered people by an army/fee for a divination session/variant of 氪金[ke4 jin1], in-app purchase (gaming)/
100532	調門兒	调门儿	 /erhua variant of 調門|调门[diao4 men2]/
100538	調頭	调头	 /variant of 掉頭|掉头[diao4 tou2]/
100621	諌	諌	 /variant of 諫|谏[jian4]/
100630	諐	愆	 /old variant of 愆[qian1]/
100660	諙	话	 /old variant of 話|话[hua4]/
100670	諠	喧	 /variant of 喧[xuan1]/old variant of 諼|谖[xuan1]/
100711	諮	谘	 /variant of 咨[zi1]/
100734	諷諭	讽谕	 /variant of 諷喻|讽喻[feng3 yu4]/
100847	謌	歌	 /variant of 歌[ge1]/
100883	謚	谥	 /variant of 諡|谥[shi4]/
100888	講台	讲台	 /variant of 講臺|讲台[jiang3 tai2]/
100964	謡	谣	 /variant of 謠|谣[yao2]/
100967	謩	谟	 /old variant of 謨|谟[mo2]/
100968	謪	謪	 /to discuss (old variant of 商[shang1])/
101000	譁	哗	 /variant of 嘩|哗[hua2]/
101001	譁然	哗然	 /variant of 嘩然|哗然[hua2 ran2]/
101003	譆	嘻	 /(interjection expressing surprise, grief etc)/variant of 嘻[xi1]/
101005	證	证	 /certificate/proof/to prove/to demonstrate/to confirm/variant of 症[zheng4]/
101046	譌	讹	 /variant of 訛|讹[e2]/
101054	譔	撰	 /variant of 撰[zhuan4]/
101095	譚	谭	 /variant of 談|谈[tan2]/
101103	譜係	谱系	 /variant of 譜系|谱系[pu3 xi4]/
101117	譟	噪	 /variant of 噪[zao4]/
101118	譡	譡	 /old variant of 讜|谠[dang3]/
101119	譢	譢	 /old variant of 誶|谇[sui4]/
101162	警誡	警诫	 /variant of 警戒[jing3 jie4]/
101169	譩	譩	 /variant of 噫, yeah (interjection of approval)/to belch/
101176	譭	毁	 /variant of 毀|毁[hui3]/to defame/to slander/
101216	譱	譱	 /old variant of 善[shan4]/
101217	譲	譲	 /Japanese variant of 讓|让/
101219	譴呵	谴呵	 /variant of 譴訶|谴诃[qian3 he1]/
101277	譾	譾	 /variant of 謭|谫[jian3]/
101308	讁	谪	 /variant of 謫|谪[zhe2]/
101309	讃	赞	 /variant of 讚|赞[zan4]/
101312	讇	讇	 /to talk in one's sleep/old variant of 諂|谄[chan3]/
101371	變樣兒	变样儿	 /erhua variant of 變樣|变样[bian4 yang4]/
101387	變異型克雅氏症	变异型克雅氏症	 /variant Creutzfeldt-Jacobs disease, vCJD/
101388	變異株	变异株	 /variant/variant strain (of virus)/
101393	變種	变种	 /(biology) a mutation; a variety/a variant; a variety/
101433	變體	变体	 /variant/
101437	讌	䜩	 /variant of 宴[yan4]/
101438	讌饗	宴飨	 /variant of 宴饗|宴飨[yan4 xiang3]/
101439	讎	仇	 /variant of 仇[chou2]/
101441	讏	讏	 /variant of 讆[wei4]/
101442	讐	仇	 /variant of 仇[chou2]/
101443	讐	讐	 /variant of 讎|雠[chou2]/
101454	讓坐	让坐	 /variant of 讓座|让座[rang4 zuo4]/
101473	讙	欢	 /hubbub/clamor/variant of 歡|欢[huan1]/
101474	讚	赞	 /(bound form) to praise; to laud (variant of 贊|赞[zan4])/
101476	讚同	赞同	 /variant of 贊同|赞同[zan4 tong2]/
101488	讬	讬	 /nonstandard simplified variant of 託|托[tuo1]/
101498	谿	溪	 /variant of 溪[xi1]/
101505	豁拳	豁拳	 /variant of 划拳[hua2 quan2]/
101506	豁楞	豁楞	 /(dialect) (variant of 劐弄[huo1 leng5]) to mix/to stir/to make trouble/
101513	豆乾	豆干	 /variant of 豆干[dou4 gan1]/
101517	豆寇年華	豆寇年华	 /erroneous variant of 豆蔻年華|豆蔻年华[dou4 kou4 nian2 hua2]/
101560	豆角兒	豆角儿	 /erhua variant of 豆角[dou4 jiao3]/
101569	豈	岂	 /old variant of 愷|恺[kai3]/old variant of 凱|凯[kai3]/
101579	豊	豊	 /variant of 豐|丰[feng1]/
101580	豊	豊	 /ceremonial vessel/variant of 禮|礼[li3]/
101605	豏	豏	 /half-grown beans/variant of 餡|馅[xian4]/
101664	豑	豑	 /old variant of 秩[zhi4]/
101665	豓	艳	 /old variant of 豔|艳[yan4]/
101692	象樣	象样	 /variant of 像樣|像样[xiang4 yang4]/
101701	象話	象话	 /variant of 像話|像话[xiang4 hua4]/
101708	豣	豣	 /variant of 豜[jian1]/
101738	豫	豫	 /happy/carefree/at one's ease/variant of 預|预[yu4]/old variant of 與|与[yu4]/
101740	豫告	豫告	 /variant of 預告|预告[yu4 gao4]/to forecast/to predict/advance notice/
101788	豳	豳	 /name of an ancient county in Shaanxi/variant of 彬[bin1]/
101827	貍	狸	 /variant of 狸[li2]/
101832	貓匿	猫匿	 /variant of 貓膩|猫腻[mao1 ni4]/
101849	貓眼兒	猫眼儿	 /erhua variant of 貓眼|猫眼[mao1 yan3]/
101867	貛	獾	 /variant of 獾[huan1]/
101905	貝殼兒	贝壳儿	 /erhua variant of 貝殼|贝壳[bei4 ke2]/
101940	貟	贠	 /old variant of 員|员[yuan2]/
102177	貪得無饜	贪得无餍	 /variant of 貪得無厭|贪得无厌[tan1 de2 wu2 yan4]/
102191	貪玩兒	贪玩儿	 /erhua variant of 貪玩|贪玩[tan1 wan2]/
102244	貲	赀	 /to estimate/to fine (archaic)/variant of 資|资[zi1]/
102245	貲財	赀财	 /variant of 資財|资财[zi1 cai2]/
102248	貳心	贰心	 /variant of 二心[er4 xin1]/
102347	買賬	买账	 /variant of 買帳|买帐[mai3 zhang4]/
102372	費勁兒	费劲儿	 /erhua variant of 費勁|费劲[fei4 jin4]/
102403	費話	费话	 /to talk at length/to waste one's breath/variant of 廢話|废话[fei4 hua4]/
102456	貿易夥伴	贸易夥伴	 /variant of 貿易伙伴|贸易伙伴[mao4 yi4 huo3 ban4]/
102510	賅博	赅博	 /variant of 該博|该博[gai1 bo2]/
102598	賉	恤	 /variant of 恤[xu4]/
102611	賌	賌	 /old variant of 賅|赅[gai1]/
102619	賒帳	赊帐	 /variant of 賒賬|赊账[she1 zhang4]/
102657	賙濟	赒济	 /variant of 周濟|周济[zhou1 ji4]/
102659	賛	赞	 /variant of 贊|赞[zan4]/
102668	賜與	赐与	 /variant of 賜予|赐予[ci4 yu3]/
102711	賢惠	贤惠	 /variant of 賢慧|贤慧[xian2 hui4]/
102782	賦與	赋与	 /variant of 賦予|赋予[fu4 yu3]/
102883	賷	赍	 /variant of 齎|赍[ji1]/
102884	賸	剩	 /variant of 剩[sheng4]/
102979	贈與	赠与	 /variant of 贈予|赠予[zeng4 yu3]/
103000	贋	赝	 /variant of 贗|赝[yan4]/
103011	贏餘	赢余	 /variant of 盈餘|盈余[ying2 yu2]/
103013	贑	赣	 /variant of 贛|赣[Gan4]/
103020	贕	贕	 /still-born chick (in unhatched egg)/variant of 殰|㱩[du2]/
103036	贜	赃	 /variant of 贓|赃[zang1]/
103075	赤老	赤老	 /variant of 赤佬[chi4 lao3]/
103198	走味兒	走味儿	 /erhua variant of 走味[zou3 wei4]/
103257	走背字兒	走背字儿	 /erhua variant of 走背字[zou3 bei4 zi4]/
103294	赱	赱	 /variant of 走[zou3]/
103325	起名兒	起名儿	 /erhua variant of 起名[qi3 ming2]/
103335	起小兒	起小儿	 /erhua variant of 起小[qi3 xiao3]/
103400	起運	起运	 /variant of 啟運|启运[qi3 yun4]/
103423	趁心	趁心	 /variant of 稱心|称心[chen4 xin1]/
103426	趁早兒	趁早儿	 /erhua variant of 趁早[chen4 zao3]/
103431	趁錢	趁钱	 /variant of 稱錢|称钱[chen4 qian2]/
103432	趁願	趁愿	 /variant of 稱願|称愿[chen4 yuan4]/
103433	趂	趁	 /old variant of 趁[chen4]/
103482	超渡	超渡	 /variant of 超度[chao1 du4]/
103692	趦	趦	 /variant of 趑, to falter/unable to move/
103790	跂望	跂望	 /variant of 企望[qi3 wang4]/
103806	跌交	跌交	 /variant of 跌跤[die1 jiao1]/
103828	跌蕩	跌荡	 /variant of 跌宕[die1 dang4]/
103896	跖	跖	 /variant of 蹠|跖[zhi2]/
103947	跥	跺	 /variant of 跺[duo4]/
104133	跳踉	跳踉	 /variant of 跳梁[tiao4 liang2]/
104148	跴	踩	 /variant of 踩[cai3]/
104152	跼促	局促	 /variant of 侷促|局促[ju2 cu4]/
104154	踁	胫	 /variant of 脛|胫[jing4]/
104157	踅子	踅子	 /variant of 茓子[xue2 zi5]/
104160	踈	踈	 /variant of 疏[shu1]/
104164	踉蹡	踉𬧀	 /variant of 踉蹌|踉跄[liang4 qiang4]/
104166	踋	踋	 /old variant of 腳|脚[jiao3]/
104212	踟躇	踟躇	 /variant of 踟躕|踟蹰[chi2 chu2]/
104249	踪	踪	 /variant of 蹤|踪[zong1]/
104250	踫	碰	 /old variant of 碰[peng4]/
104253	踰	逾	 /variant of 逾[yu2]/
104270	蹀血	蹀血	 /variant of 喋血[die2 xue4]/
104300	蹎	蹎	 /to fall forward (variant of 顛|颠[dian1])/
104301	蹏	蹄	 /variant of 蹄[ti2]/
104304	蹔	暂	 /to scurry/variant of 暫|暂[zan4]/
104309	蹚渾水	蹚浑水	 /variant of 趟渾水|趟浑水[tang1 hun2 shui3]/
104312	蹟	迹	 /variant of 跡|迹[ji4]/
104325	蹦兒	蹦儿	 /erhua variant of 蹦[beng4]/
104334	蹦達	蹦达	 /variant of 蹦躂|蹦跶[beng4 da5]/
104336	蹦高兒	蹦高儿	 /erhua variant of 蹦高[beng4 gao1]/
104338	蹧塌	蹧塌	 /variant of 糟蹋[zao1 ta4]/
104339	蹧蹋	蹧蹋	 /variant of 糟蹋[zao1 ta4]/
104358	蹮	蹮	 /old variant of 躚|跹[xian1]/
104376	蹴踘	蹴踘	 /variant of 蹴鞠[cu4 ju1]/
104378	蹵	蹴	 /variant of 蹴[cu4]/
104386	蹻	跷	 /variant of 蹺|跷[qiao1]/to raise one's foot/stilts/
104396	躂	跶	 /to stumble/to slip/variant of 達|达[da2]/
104397	躃	躃	 /variant of 躄[bi4]/
104412	躊躕	踌蹰	 /variant of 躊躇|踌躇[chou2 chu2]/
104435	躙	躙	 /variant of 躪|躏, to trample down/to oppress/to overrun/
104437	躛	躛	 /variant of 躗[wei4]/
104449	躡腳根	蹑脚根	 /variant of 躡腳跟|蹑脚跟[nie4 jiao3 gen1]/
104487	身分	身分	 /variant of 身份[shen1 fen4]/
104488	身分證	身分证	 /variant of 身份證|身份证[shen1 fen4 zheng4]/
104489	身分證號碼	身分证号码	 /variant of 身份證號碼|身份证号码[shen1 fen4 zheng4 hao4 ma3]/I.D. number/
104522	身板兒	身板儿	 /erhua variant of 身板[shen1 ban3]/
104560	躭	耽	 /variant of 耽[dan1]/
104561	躰	躰	 /variant of 體|体[ti3]/
104583	躳	躬	 /old variant of 躬[gong1]/
104584	躶	裸	 /variant of 裸[luo3]/
104585	躹	躹	 /variant of 鞠[ju1]/
104599	軃	軃	 /variant of 嚲|亸[duo3]/
104601	軆	軆	 /old variant of 體|体[ti3]/
104607	車份兒	车份儿	 /erhua variant of 車份|车份[che1 fen4]/
104654	車箱	车箱	 /variant of 車廂|车厢[che1 xiang1]/
104883	軟泥兒	软泥儿	 /erhua variant of 軟泥|软泥[ruan3 ni2]/
104929	軠	軠	 /old variant of 軖[kuang2]/
104930	軡	軡	 /old variant of 黔[Qian2]/
104931	転	転	 /Japanese variant of 轉|转/
104941	軶	軶	 /old variant of 軛|轭[e4]/
104962	軼	轶	 /to excel/to surpass/to be scattered/variant of 逸[yi4], leisurely/
104963	軼事	轶事	 /variant of 逸事[yi4 shi4]/
104965	軼塵	轶尘	 /variant of 逸塵|逸尘[yi4 chen2]/
104966	軼群	轶群	 /variant of 逸群[yi4 qun2]/
104968	軽	軽	 /Japanese variant of 輕|轻[qing1]/
104976	較勁兒	较劲儿	 /erhua variant of 較勁|较劲[jiao4 jin4]/
104987	較真兒	较真儿	 /erhua variant of 較真|较真[jiao4 zhen1]/
105030	輋	𪨶	 /old variant of 畲[She1]/
105032	輓	挽	 /variant of 挽[wan3]/to draw (a cart)/to lament the dead/
105035	輓近	挽近	 /old variant of 晚近[wan3 jin4]/
105144	輙	辄	 /variant of 輒|辄[zhe2]/
105195	輪回	轮回	 /variant of 輪迴|轮回[lun2 hui2]/
105238	輭	软	 /variant of 軟|软[ruan3]/
105242	輯穆	辑穆	 /variant of 輯睦|辑睦[ji2 mu4]/
105301	輼	輼	 /variant of 轀|辒, hearse/
105302	輾	辗	 /variant of 碾[nian3]/
105304	輾軋	辗轧	 /variant of 碾軋|碾轧[nian3 ya4]/
105485	轉軸兒	转轴儿	 /erhua variant of 轉軸|转轴[zhuan4 zhou2]/
105497	轉遊	转游	 /variant of 轉悠|转悠[zhuan4 you5]/
105506	轉鈴兒	转铃儿	 /erhua variant of 轉鈴|转铃[zhuan4 ling2]/
105530	轗軻	𫐘轲	 /(literary) variant of 坎坷[kan3 ke3]/
105534	轜	轜	 /variant of 輀[er2]/
105535	轝	轝	 /variant of 輿|舆[yu2]/
105593	辟	辟	 /(literary) king; monarch/(literary) (of a sovereign) to summon to official service/(literary) to avoid (variant of 避[bi4])/(literary) to repel (variant of 避[bi4])/
105594	辟	辟	 /penal law/variant of 闢|辟[pi4]/
105599	辠	罪	 /variant of 罪[zui4], crime/
105600	辢	辣	 /old variant of 辣[la4]/
105623	辤	辞	 /old variant of 辭|辞[ci2]/
105663	辭	辞	 /to resign/to dismiss/to decline/(literary) to take leave/(archaic poetic genre) ballad/variant of 詞|词[ci2]/
105667	辭典	辞典	 /dictionary (variant of 詞典|词典[ci2 dian3])/CL:本[ben3],部[bu4]/
105687	辯別	辩别	 /variant of 辨別|辨别[bian4 bie2]/
105794	辳	农	 /variant of 農|农[nong2]/
105797	辺	辺	 /Japanese variant of 邊|边[bian1]/
105831	迆	迆	 /variant of 迤[yi2]/
105832	迆	迆	 /variant of 迤[yi3]/
105862	迎頭兒	迎头儿	 /erhua variant of 迎頭|迎头[ying2 tou2]/
105869	迏	迏	 /old variant of 達|达[da2]/
106048	迷之	迷之	 /variant of 謎之|谜之[mi2 zhi1]/
106107	迹	迹	 /variant of 跡|迹[ji4]/
106108	迺	迺	 /variant of 乃[nai3] (used as a surname, in given names or in place names)/
106160	追根究底兒	追根究底儿	 /erhua variant of 追根究底[zhui1 gen1 jiu1 di3]/
106253	退色	退色	 /variant of 褪色[tui4 se4]/also pr. [tui4 shai3]/
106403	逈	迥	 /old variant of 迥[jiong3]/
106436	透澈	透澈	 /variant of 透徹|透彻[tou4 che4]/
106474	逓	逓	 /Japanese variant of 遞|递[di4]/
106480	逕	迳	 /variant of 徑|径[jing4]/used in the names of people and places/
106489	逗	逗	 /to tease (playfully); to entice/(coll.) to joke/(coll.) funny; amusing/to stay; to sojourn/brief pause at the end of a phrase (variant of 讀|读[dou4])/
106504	逗笑兒	逗笑儿	 /erhua variant of 逗笑[dou4 xiao4]/
106509	逗遛	逗遛	 /variant of 逗留[dou4 liu2]/
106534	這末	这末	 /variant of 這麼|这么[zhe4 me5]/
106538	這疙瘩	这疙瘩	 /variant of 這嘎達|这嘎达[zhei4 ga1 da5]/
106541	這裏	这里	 /variant of 這裡|这里[zhe4 li3]/
106545	這邊兒	这边儿	 /erhua variant of 這邊|这边[zhe4 bian1]/
106553	這麽	这么	 /variant of 這麼|这么[zhe4 me5]/
106601	通太	通太	 /variant of 通泰[tong1 tai4]/
106934	連結	连结	 /variant of 聯結|联结[lian2 jie2]/(Tw) link (on a website); hyperlink/
106937	連絡	连络	 /variant of 聯絡|联络[lian2 luo4]/
106942	連綿詞	连绵词	 /variant of 聯綿詞|联绵词[lian2 mian2 ci2]/
106960	連翩	连翩	 /variant of 聯翩|联翩[lian2 pian1]/
106965	連袂	连袂	 /variant of 聯袂|联袂[lian2 mei4]/
107003	逥	回	 /variant of 迴|回[hui2]/
107004	逩	奔	 /variant of 奔[ben4]/
107011	週	周	 /week/weekly/variant of 周[zhou1]/
107034	週游	周游	 /variant of 周遊|周游, to tour/to travel around/
107038	週遊	周游	 /variant of 周遊|周游, to tour/to travel around/
107039	週長	周长	 /variant of 周長|周长[zhou1 chang2]/
107065	進帳	进帐	 /variant of 進賬|进账[jin4 zhang4]/
107133	逸事遺聞	逸事遗闻	 /variant of 軼事遺聞|轶事遗闻[yi4 shi4 yi2 wen2]/
107141	逸聞	逸闻	 /variant of 軼聞|轶闻[yi4 wen2]/
107146	逹	逹	 /erroneous variant of 達|达[da2]/
107147	逺	逺	 /old variant of 遠|远[yuan3]/
107148	逼	逼	 /to force (sb to do sth)/to compel/to press for/to extort/to press on towards/to press up to/to close in on/euphemistic variant of 屄[bi1]/
107198	遅	遅	 /Japanese variant of 遲|迟/
107218	遉	侦	 /old variant of 偵|侦[zhen1]/
107245	遊抏	游抏	 /old variant of 遊玩|游玩[you2 wan2]/
107301	運匠	运匠	 /variant of 運將|运将[yun4 jiang4]/
107383	過份	过份	 /variant of 過分|过分[guo4 fen4]/
107765	遛彎兒	遛弯儿	 /erhua variant of 遛彎|遛弯[liu4 wan1]/
107797	遟	遟	 /variant of 遲|迟[chi2]/
107888	遡	溯	 /variant of 溯[su4]/
107900	遨翔	遨翔	 /variant of 翱翔[ao2 xiang2]/
107970	遯	遁	 /variant of 遁[dun4]/
108012	遶	绕	 /variant of 繞|绕[rao4], to rotate around/to spiral/to move around/to go round (an obstacle)/to by-pass/to make a detour/
108295	邈遠	邈远	 /variant of 渺遠|渺远[miao3 yuan3]/
108297	邉	邉	 /old variant of 邊|边[bian1]/
108362	邎	邎	 /variant of 遙|遥[yao2]/
108374	邕	邕	 /city surrounded by a moat/old variant of 雍[yong1]/old variant of 壅[yong1]/
108377	邕邕	邕邕	 /variant of 雍雍[yong1 yong1]/
108391	邠	邠	 /variant of 豳[Bin1]/
108392	邠	邠	 /variant of 彬[bin1]/
108400	那	那	 /variant of 哪[na3]/
108402	那	那	 /(archaic) many/beautiful/how/old variant of 挪[nuo2]/
108422	那昝	那昝	 /variant of 那咱[na4 zan5]/
108430	那末	那末	 /variant of 那麼|那么[na4 me5]/
108432	那知	那知	 /variant of 哪知[na3 zhi1]/
108447	那麽	那么	 /variant of 那麼|那么[na4 me5]/
108456	邨	村	 /variant of 村[cun1]/
108490	邱	邱	 /variant of 丘[qiu1]/
108492	邱比特	邱比特	 /(Tw) variant of 丘比特[Qiu1 bi3 te4]/
108496	邳	邳	 /variant of 丕[pi1]/
108529	郄	郄	 /variant of 郤[Xi4]/
108567	郞	郞	 /variant of 郎[Lang2]/
108568	郞	郞	 /variant of 郎[lang2]/
108581	郤	郤	 /variant of 隙[xi4]/
108674	郷	郷	 /Japanese variant of 鄉|乡/
108683	都卜勒	都卜勒	 /variant of 多普勒[Duo1 pu3 le4]/
108801	鄕	鄕	 /variant of 鄉|乡[xiang1]/country/village/
108836	鄦	鄦	 /old variant of 許|许/
108881	鄰佑	邻佑	 /variant of 鄰右|邻右[lin2 you4]/
108910	鄷	鄷	 /old variant of 酆[Feng1]/
108920	酆都	酆都	 /old variant of 豐都|丰都[Feng1 du1]/Fengdu county Chongqing municipality/name of a famous necropolis/
109024	酒令兒	酒令儿	 /erhua variant of 酒令[jiu3 ling4]/
109067	酒渦	酒涡	 /variant of 酒窩|酒窝[jiu3 wo1]/
109121	酔	酔	 /Japanese variant of 醉/
109138	酢	酢	 /variant of 醋[cu4]/
109161	酧	酬	 /variant of 酬[chou2]/
109295	醉熏熏	醉熏熏	 /variant of 醉醺醺[zui4 xun1 xun1]/
109310	醋勁兒	醋劲儿	 /erhua variant of 醋勁|醋劲[cu4 jin4]/
109335	醕	醇	 /old variant of 醇[chun2]/
109336	醖	醖	 /variant of 醞|酝[yun4]/
109371	醣	醣	 /carbohydrate/old variant of 糖[tang2]/
109374	醤	醤	 /Japanese variant of 醬|酱[jiang4]/
109444	醱酵	酦酵	 /variant of 發酵|发酵[fa1 jiao4]/
109452	醸	醸	 /Japanese variant of 釀|酿/
109455	醻	酬	 /variant of 酬[chou2]/
109456	醼	宴	 /variant of 宴[yan4]/
109475	釆	釆	 /old variant of 辨[bian4]/
109476	采	采	 /color/complexion/looks/variant of 彩[cai3]/variant of 採|采[cai3]/
109484	釈	釈	 /Japanese variant of 釋|释/
109640	重文	重文	 /repetitious passage/multiple variants of Chinese characters/
109673	重活兒	重活儿	 /erhua variant of 重活[zhong4 huo2]/
109735	重覆	重复	 /variant of 重複|重复[chong2 fu4]/
109762	重迭	重迭	 /variant of 重疊|重叠[chong2 die2]/
109946	金匱	金匮	 /variant of 金櫃|金柜[jin1 gui4]/
109947	金匱石室	金匮石室	 /variant of 金櫃石室|金柜石室[jin1 gui4 shi2 shi4]/
110250	釘	钉	 /nail/to follow closely/to keep at sb (to do sth)/variant of 盯[ding1]/
110256	釘書針	钉书针	 /variant of 訂書針|订书针[ding4 shu1 zhen1]/
110299	針箍兒	针箍儿	 /erhua variant of 針箍|针箍[zhen1 gu1]/
110319	釡	釡	 /old variant of 釜[fu3]/
110329	釣鉤兒	钓钩儿	 /erhua variant of 釣鉤|钓钩[diao4 gou1]/
110345	釦眼兒	扣眼儿	 /erhua variant of 釦眼|扣眼[kou4 yan3]/
110351	釬	焊	 /variant of 焊[han4]/
110357	釸	釸	 /variant of 矽[xi1]/
110362	鈀	钯	 /old variant of 耙[pa2]/
110367	鈆	鈆	 /old variant of 沿[yan2]/
110368	鈆	铅	 /old variant of 鉛|铅[qian1]/
110377	鈎	钩	 /variant of 鉤|钩[gou1]/
110378	鈎稽	钩稽	 /variant of 鉤稽|钩稽[gou1 ji1]/
110384	鈔	钞	 /money/paper money/variant of 抄[chao1]/
110391	鈕釦	钮扣	 /variant of 紐扣|纽扣[niu3 kou4]/
110404	鈬	鈬	 /Japanese variant of 鐸|铎, large ancient bell/
110427	鉄	鉄	 /old variant of 鐵|铁[tie3]/
110428	鉄	鉄	 /old variant of 紩[zhi4]/
110429	鉅	巨	 /variant of 巨[ju4]/
110430	鉅	钜	 /(literary) hard iron/(literary) hook; barb/used in personal names and place names/variant of 巨[ju4]/
110432	鉅子	钜子	 /(Mohism) master; leader (variant of 鉅子|巨子[ju4 zi3])/
110435	鉅款	巨款	 /variant of 巨款[ju4 kuan3]/
110437	鉅額	巨额	 /variant of 巨額|巨额[ju4 e2]/
110442	鉋	铇	 /variant of 刨[bao4]/
110461	鉚起來	铆起来	 /variant of 卯起來|卯起来[mao3 qi3 lai5]/
110485	鉢	钵	 /variant of 缽|钵[bo1]/
110488	鉤兒	钩儿	 /erhua variant of 鉤|钩[gou1]/
110493	鉤心鬥角	钩心斗角	 /variant of 勾心鬥角|勾心斗角[gou1 xin1 dou4 jiao3]/
110507	鉨	鉨	 /variant of 璽|玺 ruler's seal/
110511	鉱	鉱	 /Japanese variant of 礦|矿/
110514	鉶	铏	 /soup cauldron/(arch.) sacrificial tripod with two handles and a lid/old variant of 硎[xing2]/
110521	鉾	𫓴	 /(archaic) battle helmet (variant of 鍪[mou2])/
110667	銕	銕	 /old variant of 鐵|铁[tie3]/
110685	銞	銞	 /old variant of 鈞|钧[jun1]/
110697	銭	銭	 /Japanese variant of 錢|钱/
110700	銲	焊	 /variant of 焊[han4]/
110714	銵	銵	 /old variant of 鏗|铿[keng1]/
110741	銹	锈	 /variant of 鏽|锈[xiu4]/
110745	銾	汞	 /variant of 汞[gong3]/
110765	鋍	鋍	 /old term for beryllium, now written 鈹|铍[pi2]/variant of 鈸|钹[bo2], cymbals/
110775	鋒鋩	锋铓	 /variant of 鋒芒|锋芒[feng1 mang2]/
110840	鋭	鋭	 /Japanese variant of 銳|锐/
110850	鋳	鋳	 /Japanese variant of 鑄|铸/
110851	鋸	锯	 /variant of 鋦|锔[ju1]/
110867	鋺	鋺	 /variant of 碗[wan3]/
110868	鋻	鉴	 /variant of 鑑|鉴[jian4]/
110937	錄相	录相	 /variant of 錄像|录像[lu4 xiang4]/
110939	錄象	录象	 /variant of 錄像|录像[lu4 xiang4]/
110988	錢串兒	钱串儿	 /erhua variant of 錢串|钱串[qian2 chuan4]/
111078	錬	錬	 /Japanese variant of 煉|炼[lian4]/
111120	録	録	 /Japanese variant of 錄|录[lu4]/
111129	錶盤	表盘	 /variant of 表盤|表盘[biao3 pan2]/watch face/
111143	鍊	炼	 /variant of 鏈|链[lian4], chain/variant of 煉|炼[lian4]/
111182	鍫	锹	 /variant of 鍬|锹[qiao1]/
111188	鍳	鉴	 /old variant of 鑒|鉴[jian4]/
111203	鍼	针	 /variant of 針|针[zhen1], needle/
111205	鍾	钟	 /handleless cup; goblet/(bound form) to concentrate (one's affection etc)/variant of 鐘|钟[zhong1]/
111227	鎋	鎋	 /linchpin (used to fasten a wheel to an axle) (variant of 轄|辖[xia2])/
111228	鎌	镰	 /variant of 鐮|镰[lian2]/
111230	鎏	鎏	 /variant of 鎦|镏[liu2]/
111231	鎏金	鎏金	 /variant of 鎦金|镏金[liu2 jin1]/
111232	鎒	鎒	 /variant of 耨[nou4]/
111234	鎔	镕	 /to smelt/to fuse/variant of 熔[rong2]/
111235	鎔爐	镕炉	 /variant of 熔爐|熔炉, smelting furnace/forge/
111258	鎗	枪	 /variant of 槍|枪[qiang1]/rifle/spear/
111260	鎚	锤	 /variant of 錘|锤[chui2]/
111284	鎭	鎭	 /variant of 鎮|镇[zhen4]/town/
111343	鎲	镋	 /old variant of 钂|镋[tang3]/
111349	鎸	鎸	 /variant of 鐫|镌, to engrave (on wood or stone)/to inscribe/
111351	鎻	锁	 /old variant of 鎖|锁[suo3]/
111353	鏁	鏁	 /old variant of 鎖|锁[suo3]/
111394	鏟	铲	 /variant of 剷|铲[chan3]/(bound form) spade; shovel/
111404	鏠	鏠	 /old variant of 鋒|锋[feng1]/
111423	鏢槍	镖枪	 /variant of 標槍|标枪[biao1 qiang1]/
111459	鐗	鐗	 /variant of 鐧|锏[jian3]/
111489	鐡	鐡	 /variant of 鐵|铁[tie3], iron/
111509	鐱	鐱	 /old variant of 劍|剑[jian4]/
111527	鐵哥們兒	铁哥们儿	 /erhua variant of 鐵哥們|铁哥们[tie3 ge1 men5]/
111626	鐵鈎兒	铁钩儿	 /erhua variant of 鐵鈎|铁钩[tie3 gou1]/
111681	鑒	鉴	 /variant of 鑑|鉴[jian4]/
111692	鑚	钻	 /variant of 鑽|钻[zuan4]/
111693	鑛	矿	 /variant of 礦|矿[kuang4]/
111699	鑣	镳	 /bit (of a bridle)/variant of 鏢|镖[biao1]/
111700	鑤	刨	 /variant of 刨[bao4]/
111702	鑪	炉	 /variant of 爐|炉[lu2]/
111719	鑳	鑳	 /old variant of 鍵|键[jian4]/
111721	鑵	罐	 /variant of 罐[guan4]/
111775	鑿死卯子	凿死卯子	 /variant of 鑿死鉚子|凿死铆子[zao2 si3 mao3 zi5]/
111780	钁	䦆	 /variant of 鐝|镢[jue2]/
111783	锺	锺	 /nonstandard simplified variant of 鍾|钟[zhong1]/
111982	長統靴	长统靴	 /variant of 長筒靴|长筒靴[chang2 tong3 xue1]/
112075	門地	门地	 /variant of 門第|门第[men2 di4]/
112076	門坎	门坎	 /variant of 門檻|门槛[men2 kan3]/
112077	門坎兒	门坎儿	 /erhua variant of 門坎|门坎[men2 kan3]/
112108	門栓	门栓	 /variant of 門閂|门闩[men2 shuan1]/
112163	閃亮兒	闪亮儿	 /erhua variant of 閃亮|闪亮[shan3 liang4]/
112205	閃鑠	闪铄	 /variant of 閃爍|闪烁[shan3 shuo4]/
112216	閇	閇	 /old variant of 閉|闭[bi4]/
112305	開國元勛	开国元勋	 /variant of 開國元勳|开国元勋, founding figure (of country or dynasty)/founding father/fig. also used of company, school etc/
112428	開消	开消	 /variant of 開銷|开销[kai1 xiao1]/
112502	開花兒	开花儿	 /erhua variant of 開花|开花[kai1 hua1]/
112521	開誠佈公	开诚布公	 /variant of 開誠布公|开诚布公[kai1 cheng2 bu4 gong1]/
112594	閑	闲	 /enclosure/(variant of 閒|闲[xian2]) idle/unoccupied/leisure/
112595	閑人	闲人	 /variant of 閒人|闲人[xian2 ren2]/
112608	閑談	闲谈	 /variant of 閒談|闲谈[xian2 tan2]/
112614	閒	閒	 /variant of 間|间[jian1]/
112615	閒	閒	 /variant of 間|间[jian4]/
112675	閔	闵	 /old variant of 憫|悯[min3]/
112679	閗	閗	 /variant of 鬥|斗[dou4]/
112688	閙	闹	 /variant of 鬧|闹[nao4]/
112692	関	関	 /variant of 關|关[guan1]/
112700	閤	合	 /variant of 合[he2]/
112701	閤	𬮤	 /side door/variant of 閣|阁[ge2]/pavilion/cabinet/boudoir/
112702	閤	𬮤	 /variant of 闔|阖[he2]/
112707	閧	哄	 /variant of 鬨|哄[hong4]/
112710	閨密	闺密	 /variant of 閨蜜|闺蜜[gui1 mi4]/
112764	閲	閲	 /Japanese variant of 閱|阅/
112765	閳	閳	 /old variant of 闡|阐[chan3]/
112796	闁	闁	 /old variant of 褒[bao1]/to praise/
112802	闇	暗	 /(literary) to close (a door)/to eclipse/confused; ignorant (variant of 暗[an4])/dark (variant of 暗[an4])/
112815	闊老	阔老	 /variant of 闊佬|阔佬[kuo4 lao3]/
112825	闌干	阑干	 /(literary) crisscross/uneven/disorderly/rim of the eye/variant of 欄杆|栏杆[lan2 gan1]/
112842	闔家	阖家	 /variant of 合家[he2 jia1]/
112867	闗	闗	 /old variant of 關|关[guan1]/
112868	闘	闘	 /Japanese variant of 鬥|斗/
112869	闚	窥	 /variant of 窺|窥[kui1]/
112949	關系	关系	 /variant of 關係|关系[guan1 xi5]/
112959	關連	关连	 /variant of 關聯|关联[guan1 lian2]/
113015	阢隉	阢陧	 /variant of 杌隉|杌陧[wu4 nie4]/
113019	阬	坑	 /variant of 坑[keng1]/
113028	阯	址	 /variant of 址[zhi3]/variant of 沚[zhi3]/
113160	阻橈	阻桡	 /variant of 阻撓|阻挠[zu3 nao2]/
113223	阿初佛	阿初佛	 /erroneous variant of 阿閦佛, Aksobhya, the imperturbable ruler of Eastern Paradise, Abhirati/
113245	阿嘿顏	阿嘿颜	 /variant of 阿黑顏|阿黑颜[a1 hei1 yan2]/
113293	阿弗洛狄忒	阿弗洛狄忒	 /variant of 阿佛洛狄忒[A1 fu2 luo4 di2 te4]/
113354	阿斯匹林	阿斯匹林	 /aspirin (loanword) (variant of 阿司匹林[a1 si1 pi3 lin2])/
113392	阿沙力	阿沙力	 /variant of 阿莎力[a1 sha1 li4]/
113460	阿盧巴	阿卢巴	 /Aruba, variant of 阿魯巴|阿鲁巴[A1 lu3 ba1]/
113473	阿美尼亞	阿美尼亚	 /variant of 亞美尼亞|亚美尼亚[Ya4 mei3 ni2 ya4], Armenia/
113567	陁	陁	 /variant of 阤[tuo2]/variant of 陀[tuo2]/
113675	陏	陏	 /old variant of 隨|随[Sui2]/
113699	陖	陖	 /old variant of 峻[jun4]/
113700	陗	峭	 /variant of 峭[qiao4]/
113704	陜	陜	 /variant of 狹|狭[xia2]/variant of 峽|峡[xia2]/
113716	陞	升	 /to ascend; to rise (variant of 升[sheng1])/to promote; to elevate (variant of 升[sheng1])/
113801	陥	陥	 /Japanese variant of 陷[xian4]/
113802	陪	陪	 /to accompany/to keep sb company/to assist/old variant of 賠|赔[pei2]/
114095	険	険	 /Japanese variant of 險|险/
114096	陻	堙	 /variant of 堙[yin1]/to block/
114113	陽台	阳台	 /variant of 陽臺|阳台[yang2 tai2]/
114153	陽萎	阳萎	 /variant of 陽痿|阳痿[yang2 wei3]/
114173	陿	狭	 /old variant of 狹|狭[xia2]/
114174	隂	阴	 /variant of 陰|阴[yin1]/
114176	隄	堤	 /variant of 堤[di1]/
114249	隔三岔五	隔三岔五	 /variant of 隔三差五[ge2 san1 - cha4 wu3]/
114286	隕	陨	 /(bound form) to fall from the sky/variant of 殞|殒[yun3]/
114287	隕命	陨命	 /variant of 殞命|殒命[yun3 ming4]/to die/to perish/
114295	隖	坞	 /variant of 塢|坞[wu4]/
114319	隟	隟	 /old variant of 隙[xi4]/
114320	隠	隠	 /Japanese variant of 隱|隐[yin3]/
114321	隣	邻	 /variant of 鄰|邻[lin2]/
114322	隤	𬯎	 /variant of 頹|颓[tui2]/
114497	隱身草兒	隐身草儿	 /erhua variant of 隱身草|隐身草[yin3 shen1 cao3]/
114522	隷	隶	 /variant of 隸|隶[li4]/
114654	雅片	雅片	 /variant of 鴉片|鸦片[ya1 pian4]/
114781	雋	隽	 /variant of 俊[jun4]/
114817	雍穆	雍穆	 /variant of 雍睦[yong1 mu4]/
114822	雑	雑	 /Japanese variant of 雜|杂/
114830	雕弊	雕弊	 /variant of 凋敝[diao1 bi4]/
114831	雕敝	雕敝	 /variant of 凋敝[diao1 bi4]/
114838	雕落	雕落	 /variant of 凋落[diao1 luo4]/
114841	雕謝	雕谢	 /variant of 凋謝|凋谢[diao1 xie4]/
114844	雕零	雕零	 /variant of 凋零[diao1 ling2]/
114915	雙截棍	双截棍	 /variant of 雙節棍|双节棍[shuang1 jie2 gun4]/
114980	雙瞳翦水	双瞳翦水	 /variant of 雙瞳剪水|双瞳剪水[shuang1 tong2 - jian3 shui3]/
115058	雚	雚	 /variant of 萑[huan2]/
115087	雜和麵兒	杂和面儿	 /erhua variant of 雜和麵|杂和面[za2 huo5 mian4]/
115104	雜拌兒	杂拌儿	 /erhua variant of 雜拌|杂拌[za2 ban4]/
115112	雜牌兒	杂牌儿	 /erhua variant of 雜牌|杂牌[za2 pai2]/
115140	雜遝	杂遝	 /variant of 雜沓|杂沓[za2 ta4]/
115149	雝	雍	 /old variant of 雍[yong1]/
115162	雞奸	鸡奸	 /variant of 雞姦|鸡奸[ji1 jian1]/
115277	離譜兒	离谱儿	 /erhua variant of 離譜|离谱[li2 pu3]/
115471	雪裡紅	雪里红	 /variant of 雪裡蕻|雪里蕻[xue3 li3 hong2]/
115489	雰圍	雰围	 /variant of 氛圍|氛围[fen1 wei2]/
115544	雲豆	云豆	 /variant of 芸豆[yun2 dou4]/
115568	零丁	零丁	 /variant of 伶仃[ling2 ding1]/
115620	零雜兒	零杂儿	 /erhua variant of 零雜|零杂[ling2 za2]/
115647	雷姆斯汀	雷姆斯汀	 /variant of 德國戰車|德国战车, Rammstein (German metal band)/
115938	電視臺	电视台	 /variant of 電視台|电视台[dian4 shi4 tai2]/
116058	霉乾菜	霉干菜	 /variant of 梅乾菜|梅干菜[mei2 gan1 cai4]/
116067	霉雨	霉雨	 /variant of 梅雨[mei2 yu3]/
116068	霊	霊	 /Japanese variant of 靈|灵/
116071	霍丘	霍丘	 /variant of 霍邱[Huo4 qiu1]/Huoqiu county in Lu'an 六安[Lu4 an1], Anhui/Huoqiu (place in Anhui)/
116124	霑	沾	 /variant of 沾[zhan1]/to moisten/
116125	霒	霒	 /old variant of 陰|阴[yin1]/
116134	霛	霛	 /old variant of 靈|灵[ling2]/
116158	霡	霡	 /old variant of 霢[mai4]/
116183	霩	霩	 /variant of 廓[kuo4]/
116185	霪雨	霪雨	 /variant of 淫雨[yin2 yu3]/
116226	露餡兒	露馅儿	 /erhua variant of 露餡|露馅[lou4 xian4]/
116266	霺	霺	 /old variant of 溦[wei1]/
116269	靁	靁	 /old variant of 雷[lei2]/
116360	靑	靑	 /variant of 青[qing1]/
116601	靝	靔	 /old variant of 天[tian1]/
116696	非盈利	非盈利	 /erroneous variant of 非營利|非营利[fei1 ying2 li4]/
116697	非盈利組織	非盈利组织	 /erroneous variant of 非營利組織|非营利组织[fei1 ying2 li4 zu3 zhi1]/
116737	靠夭	靠夭	 /variant of 靠腰[kao4 yao1]/
116857	靣	靣	 /variant of 面[mian4]/
116861	靦覥	䩄觍	 /variant of 靦腆|腼腆[mian3 tian3]/
116890	靭	韧	 /variant of 韌|韧[ren4]/
116893	靰鞡	靰鞡	 /variant of 烏拉|乌拉[wu4 la5]/
116894	靱	韧	 /old variant of 韌|韧[ren4]/
116918	鞀	鞀	 /variant of 鼗[tao2]/
116919	鞁	鞁	 /horse tack (articles of harness such as saddle and bridle)/variant of 鞴[bei4]/
116927	鞇	鞇	 /variant of 茵[yin1]/
116928	鞉	鞉	 /old variant of 鼗[tao2]/
116945	鞌	鞍	 /variant of 鞍[an1]/
116973	鞝	鞝	 /variant of 緔|绱[shang4]/
116975	鞝鞋	鞝鞋	 /variant of 上鞋[shang4 xie2]/
117012	鞲	鞲	 /variant of 韝[gou1]/
117015	鞵	鞋	 /variant of 鞋[xie2]/
117019	鞾	靴	 /variant of 靴[xue1]/
117021	韀	韀	 /variant of 韉|鞯[jian1]/
117032	韈	袜	 /variant of 韤|袜[wa4]/
117122	韤	袜	 /variant of 襪|袜[wa4]/
117127	韮	韭	 /variant of 韭[jiu3]/
117268	頂刮刮	顶刮刮	 /variant of 頂呱呱|顶呱呱[ding3 gua1 gua1]/
117279	頂尖兒	顶尖儿	 /erhua variant of 頂尖|顶尖[ding3 jian1]/
117330	頃	顷	 /variant of 傾|倾[qing1]/
117457	頌辭	颂辞	 /variant of 頌詞|颂词[song4 ci2]/
117490	預會	预会	 /variant of 與會|与会[yu4 hui4]/
117554	頒白	颁白	 /variant of 斑白[ban1 bai2]/
117656	頚	頚	 /old variant of 頸|颈[jing3]/
117659	頟	额	 /variant of 額|额[e2]/
117674	頫	𫖯	 /variant of 俯[fu3]/
117675	頬	頬	 /variant of 頰|颊[jia2]/
117696	頭半天兒	头半天儿	 /erhua variant of 頭半天|头半天[tou2 ban4 tian1]/
117730	頭昏腦漲	头昏脑涨	 /variant of 頭昏腦脹|头昏脑胀[tou2 hun1 - nao3 zhang4]/
117737	頭暈腦漲	头晕脑涨	 /variant of 頭暈腦脹|头晕脑胀[tou2 yun1 nao3 zhang4]/
117782	頭臉兒	头脸儿	 /erhua variant of 頭臉|头脸[tou2 lian3]/
117819	頳	頳	 /old variant of 赬|赪[cheng1]/
117820	頴	颕	 /old variant of 穎|颖[ying3]/
117877	頼	赖	 /variant of 賴|赖[lai4]/
117878	頽	颓	 /variant of 頹|颓[tui2]/
117884	顇	悴	 /variant of 悴[cui4]/
117885	顋	腮	 /variant of 腮[sai1]/
117959	顔	颜	 /Japanese variant of 顏|颜[yan2]/
117960	顕	顕	 /Japanese variant of 顯|显/
117970	顚	顚	 /variant of 顛|颠[dian1]/
117981	顛峰	颠峰	 /variant of 巔峰|巅峰[dian1 feng1]/
118028	顦	憔	 /variant of 憔[qiao2]/
118060	顫慄	颤栗	 /variant of 戰慄|战栗[zhan4 li4]/
118101	顯白	显白	 /variant of 顯擺|显摆[xian3 bai5]/
118313	風魔	风魔	 /variant of 瘋魔|疯魔[feng1 mo2]/
118328	颺	飏	 /to soar/to fly/to float/variant of 揚|扬[yang2], to scatter/to spread/
118334	颿	帆	 /to gallop/Taiwan pr. [fan2]/variant of 帆[fan1]/
118337	飃	飘	 /variant of 飄|飘[piao1]/
118349	飄泊	飘泊	 /variant of 漂泊[piao1 bo2]/
118350	飄洋	飘洋	 /variant of 漂洋[piao1 yang2]/
118351	飄流	飘流	 /variant of 漂流[piao1 liu2]/
118359	飄緲	飘缈	 /variant of 飄渺|飘渺[piao1 miao3]/
118368	飄颻	飘飖	 /variant of 飄搖|飘摇[piao1 yao2]/
118379	飈	飚	 /variant of 飆|飙[biao1]/
118380	飌	飌	 /old variant of 風|风[feng1]/
118400	飛抓	飞抓	 /variant of 飛撾|飞挝[fei1 zhua1]/
118494	飜	翻	 /variant of 翻[fan1]/
118570	飡	飡	 /variant of 餐[can1]/
118578	飤	饲	 /old variant of 飼|饲[si4]/
118585	飬	飬	 /old variant of 餋[juan4]/
118586	飬	飬	 /old variant of 養|养[yang3]/
118588	飮	飮	 /variant of 飲|饮[yin3]/
118620	飯館兒	饭馆儿	 /erhua variant of 飯館|饭馆[fan4 guan3]/
118622	飰	飰	 /old variant of 飯|饭[fan4]/
118623	飱	飧	 /variant of 飧[sun1]/
118701	餁	饪	 /variant of 飪|饪[ren4]/
118720	餈	糍	 /variant of 糍[ci2]/
118826	餓莩	饿莩	 /variant of 餓殍|饿殍[e4 piao3]/
118840	餘	馀	 /variant of 餘|余[yu2], remainder/
118877	餘皇	余皇	 /variant of 艅艎[yu2 huang2]/
118885	餘輝	余辉	 /variant of 餘暉|余晖[yu2 hui1]/
118897	餚	肴	 /variant of 肴[yao2]/
118907	餠	餠	 /variant of 餅|饼[bing3]/
118909	餡兒	馅儿	 /erhua variant of 餡|馅[xian4]/
118910	餡兒餅	馅儿饼	 /erhua variant of 餡餅|馅饼[xian4 bing3]/
118914	餧	喂	 /variant of 餵|喂[wei4]/
118924	餫	餫	 /variant of 餛|馄[hun2]/
118926	餬口	糊口	 /variant of 糊口[hu2 kou3]/
118946	餹	糖	 /old variant of 糖[tang2]/
118949	餻	糕	 /variant of 糕[gao1]/
118951	餽	馈	 /(literary) to make an offering to the gods/variant of 饋|馈[kui4]/
118961	饄	饄	 /old variant of 糖[tang2]/
118964	饇	𱃲	 /variant of 飫|饫[yu4]/
118974	饍	膳	 /variant of 膳[shan4]/
118977	饑	饥	 /variant of 飢|饥[ji1]/
119017	饝	馍	 /variant of 饃|馍[mo2]/
119026	饟	饷	 /variant of 餉|饷[xiang3]/
119202	香純	香纯	 /variant of 香醇[xiang1 chun2]/
119220	香菰	香菰	 /variant of 香菇[xiang1 gu1]/
119221	香菸	香烟	 /cigarette (CL:支[zhi1],條|条[tiao2],根[gen1],包[bao1],盒[he2]) (variant of 香煙|香烟[xiang1 yan1])/
119453	馬爾谷	马尔谷	 /Mark/St Mark the evangelist/less common variant of 馬克|马克[Ma3 ke4] preferred by the Catholic Church/
119470	馬糊	马糊	 /variant of 馬虎|马虎[ma3 hu5]/
119527	馬蹬	马蹬	 /erroneous variant of 馬鐙|马镫[ma3 deng4]/
119582	馭	驭	 /variant of 御[yu4]/to drive/to manage/to control/
119587	馮	冯	 /to gallop/to assist/to attack/to wade/great/old variant of 憑|凭[ping2]/
119597	馯	馯	 /old variant of 駻[han4]/
119618	馳鶩	驰鹜	 /variant of 馳騖|驰骛[chi2 wu4]/
119639	馿	驴	 /variant of 驢|驴[lu:2]/
119659	駃	𫘝	 /(literary) fast horse/(literary) fast (variant of 快[kuai4])/
119661	駄	駄	 /Japanese variant of 馱|驮/
119662	駅	駅	 /Japanese variant of 驛|驿[yi4]/
119663	駆	駆	 /Japanese variant of 驅|驱/to gallop/
119664	駈	驱	 /old variant of 驅|驱[qu1]/
119701	駕御	驾御	 /variant of 駕馭|驾驭[jia4 yu4]/
119746	駞	驼	 /variant of 駝|驼[tuo2]/
119748	駠	駠	 /old variant of 騮|骝[liu2]/
119749	駡	骂	 /variant of 罵|骂[ma4]/
119766	駮	驳	 /variant of 駁|驳[bo2]/
119776	駵	駵	 /old variant of 騮|骝[liu2]/
119797	騌	骔	 /variant of 騣|鬃[zong1]/
119835	騏驎	骐𬴊	 /(literary) fine horse/variant of 麒麟[qi2 lin2]/
119836	騏麟	骐麟	 /variant of 麒麟[qi2 lin2]/
119837	騐	验	 /variant of 驗|验[yan4]/
119839	騒	騒	 /Japanese variant of 騷|骚/
119840	験	験	 /Japanese variant of 驗|验/
119843	騗	騗	 /old variant of 騙|骗[pian4]/to get on a horse by swinging one leg over/
119844	騘	騘	 /old variant of 驄|骢[cong1]/
119859	騣	鬃	 /variant of 鬃[zong1]/
119883	騷	骚	 /(bound form) to disturb; to disrupt/flirty; coquettish/abbr. for 離騷|离骚[Li2 Sao1]/(literary) literary writings; poetry/foul-smelling (variant of 臊[sao1])/(dialect) (of certain domestic animals) male/
119961	驕奢淫佚	骄奢淫佚	 /variant of 驕奢淫逸|骄奢淫逸[jiao1 she1 yin2 yi4]/
119999	驘	骡	 /variant of 騾|骡[luo2]/
120057	驚艷	惊艳	 /variant of 驚豔|惊艳[jing1 yan4]/
120110	驩	欢	 /a breed of horse/variant of 歡|欢[huan1]/
120149	骨瘦如豺	骨瘦如豺	 /variant of 骨瘦如柴[gu3 shou4 - ru2 chai2]/
120166	骨董	骨董	 /variant of 古董[gu3 dong3]/
120211	骽	腿	 /hip bone/old variant of 腿[tui3]/
120218	髄	髄	 /variant of 髓[sui3]/
120220	髈	膀	 /old variant of 膀[bang3]/
120399	高勾麗	高勾丽	 /variant of 高句麗|高句丽[Gao1 gou1 li2]/
120763	髙	髙	 /variant of 高[gao1]/
120768	髠	髠	 /variant of 髡[kun1]/
120770	髢	髢	 /old variant of 鬄[di2]/
120772	髥	髯	 /old variant of 髯[ran2]/
120775	髨	髨	 /old variant of 髡[kun1]/
120776	髩	髩	 /old variant of 鬢|鬓[bin4]/
120777	髪	髪	 /Japanese variant of 髮|发/
120791	髮小兒	发小儿	 /erhua variant of 髮小|发小[fa4 xiao3]/
120820	髴	佛	 /(female) head ornament/variant of 彿|佛[fu2]/
120826	鬀	剃	 /variant of 剃[ti4]/
120831	鬄	鬄	 /old variant of 剃[ti4]/
120893	鬢腳	鬓脚	 /variant of 鬢角|鬓角[bin4 jiao3]/
120921	鬥趣兒	斗趣儿	 /variant of 逗趣兒|逗趣儿[dou4 qu4 r5]/
120926	鬦	斗	 /variant of 鬭|斗[dou4]/
120956	鬧轟轟	闹轰轰	 /variant of 鬧哄哄|闹哄哄[nao4 hong1 hong1]/
120965	鬪	斗	 /variant of 鬥|斗[dou4]/
120966	鬫	鬫	 /variant of 闞|阚[kan4]/to roar/to growl/
120967	鬬	鬬	 /variant of 鬥|斗[dou4]/
120968	鬭	斗	 /variant of 鬥|斗[dou4]/
120971	鬰	郁	 /old variant of 鬱|郁[yu4]/
120989	鬴	鬴	 /variant of 釜[fu3]/
120990	鬵	鬵	 /big iron pot/cauldron/variant of 甑[zeng4], rice pot/
120993	鬼	鬼	 /disembodied spirit; ghost; devil/(suffix) person with a certain vice or addiction etc/sly; crafty; resourceful (variant of 詭|诡[gui3])/one of the 28 constellations of ancient Chinese astronomy/
120999	鬼哭狼嗥	鬼哭狼嗥	 /variant of 鬼哭狼嚎[gui3 ku1 lang2 hao2]/
121045	魀	魀	 /old variant of 尬[ga4]/
121075	魊	魊	 /variant of 蜮[yu4]/
121140	魔難	魔难	 /variant of 磨難|磨难[mo2 nan4]/
121153	魚具	鱼具	 /variant of 漁具|渔具[yu2 ju4]/
121174	魚汛	鱼汛	 /variant of 漁汛|渔汛[yu2 xun4]/
121175	魚汛期	鱼汛期	 /variant of 漁汛期|渔汛期[yu2 xun4 qi1]/
121194	魚網	鱼网	 /variant of 漁網|渔网[yu2 wang3]/
121222	魚鉤兒	鱼钩儿	 /erhua variant of 魚鉤|鱼钩[yu2 gou1]/
121254	魭	魭	 /old variant of 黿|鼋[yuan2]/
121308	鮌	鲧	 /variant of 鯀|鲧[Gun3]/
121364	鮮艷	鲜艳	 /variant of 鮮豔|鲜艳[xian1 yan4]/
121374	鮺	鲝	 /variant of 鮓|鲊[zha3]/variant of 苲[zha3]/
121380	鯁直	鲠直	 /variant of 耿直[geng3 zhi2]/
121460	鰐	鳄	 /variant of 鱷|鳄[e4]/
121465	鰕	鰕	 /variant of 蝦|虾[xia1]/
121466	鰛	鰛	 /variant of 鰮|鳁, sardine/
121508	鱆魚	𫠒鱼	 /variant of 章魚|章鱼[zhang1 yu2]/
121520	鱓	鳝	 /variant of 鱔|鳝[shan4]/
121543	鱠	鲙	 /used in 鱠魚|鲙鱼[kuai4 yu2]/minced or diced fish (variant of 膾|脍[kuai4])/
121545	鱣	鳣	 /variant of 鱔|鳝[shan4]/
121569	鱻	鲜	 /fish/old variant of 鮮|鲜[xian1]/
121570	鱻	鲜	 /old variant of 鮮|鲜[xian3]/
121571	鳥	鸟	 /variant of 屌[diao3]/penis/
121623	鳩合	鸠合	 /variant of 糾合|纠合[jiu1 he2]/
121629	鳩集	鸠集	 /variant of 糾集|纠集[jiu1 ji2]/
121631	鳫	鳫	 /old variant of 雁[yan4]/
121632	鳬	凫	 /old variant of 鳧|凫[fu2]/
121633	鳯	鳯	 /variant of 鳳|凤[feng4]/
121716	鴂	鴂	 /tailorbird (Orthotomus spp.)/weaver bird (family Ploceidae)/variant of 鴃[jue2], shrike/cuckoo/
121723	鴈	雁	 /variant of 雁[yan4]/
121730	鴎	鴎	 /Japanese variant of 鷗|鸥/
121755	鴟梟	鸱枭	 /variant of 鴟鴞|鸱鸮[chi1 xiao1]/
121774	鴪	鴪	 /old variant of 鴥[yu4]/
121784	鴻圖	鸿图	 /variant of 宏圖|宏图[hong2 tu2]/
121790	鴻福	鸿福	 /variant of 洪福[hong2 fu2]/
121793	鴻運	鸿运	 /variant of 紅運|红运[hong2 yun4]/
121835	鵞	鹅	 /variant of 鵝|鹅[e2]/
121864	鵶	鸦	 /variant of 鴉|鸦[ya1]/
121877	鶏	鶏	 /Japanese variant of 雞|鸡/
121880	鶕	鶕	 /old variant of 鵪|鹌[an1]/
121889	鶤	鶤	 /variant of 鵾|鹍[kun1]/
121894	鶪	䴗	 /variant of 鵙[ju2]/
121896	鶬鶊	鸧鹒	 /variant of 倉庚|仓庚[cang1 geng1]/
121923	鶵	𬸅	 /variant of 雛|雏[chu2]/
121935	鷀	鹚	 /variant of 鶿|鹚[ci2]/
121940	鷄	鸡	 /variant of 雞|鸡[ji1]/
121943	鷉	䴘	 /variant of 鷈|䴘[ti1]/
121944	鷊	鹝	 /pheasant/turkey/old variant of 鷁|鹢[yi4]/
121954	鷞	鷞	 /variant of 鸘|鹴[shuang1]/
121966	鷰	燕	 /variant of 燕[yan4]/
121970	鷳	鹇	 /variant of 鷴|鹇[xian2]/
121990	鷹雕	鹰雕	 /variant of 鷹鵰|鹰雕[ying1 diao1]/
122005	鸊	䴙	 /variant of 鷿|䴙[pi4]/
122006	鸊鷉	䴙䴘	 /variant of 鷿鷈|䴙䴘[pi4 ti1]/
122008	鸎	莺	 /variant of 鶯|莺[ying1]/
122017	鸖	鸖	 /old variant of 鶴|鹤[he4]/
122027	鸜	鸜	 /variant of 鴝|鸲[qu2]/
122039	鹵味	卤味	 /variant of 滷味|卤味[lu3 wei4]/
122045	鹵莽	卤莽	 /variant of 魯莽|鲁莽[lu3 mang3]/
122047	鹸	鹸	 /Japanese variant of 鹼|碱[jian3]/
122053	鹹津津兒	咸津津儿	 /erhua variant of 鹹津津|咸津津[xian2 jin1 jin1]/
122059	鹹絲絲兒	咸丝丝儿	 /erhua variant of 鹹絲絲|咸丝丝[xian2 si1 si1]/
122069	鹻	碱	 /variant of 鹼|碱[jian3]/
122166	麁	麁	 /variant of 麤|粗[cu1]/
122171	麄	麄	 /variant of 粗[cu1]/
122172	麅	麅	 /variant of 狍[pao2]/
122181	麐	麟	 /variant of 麟[lin2]/
122192	麕	麕	 /variant of 麇[jun1]/
122225	麞	獐	 /variant of 獐[zhang1]/
122235	麤	粗	 /remote; distant/variant of 粗[cu1]/
122307	麥阿密	麦阿密	 /variant of 邁阿密|迈阿密[Mai4 a1 mi4]/
122316	麪	面	 /variant of 麵|面[mian4]/
122317	麫	麫	 /variant of 麵|面[mian4]/
122320	麯	曲	 /variant of 麴|曲[qu1]/
122348	麵條兒	面条儿	 /erhua variant of 麵條|面条[mian4 tiao2]/
122367	麺	麺	 /old variant of 麵|面[mian4]/
122370	麻俐	麻俐	 /variant of 麻利[ma2 li5]/
122449	麽	么	 /variant of 麼|么[me5]/
122535	黃柏	黄柏	 /variant of 黃檗|黄檗[huang2 bo4]/
122655	黃蟮	黄蟮	 /variant of 黃鱔|黄鳝[huang2 shan4]/
122760	黎黑	黎黑	 /variant of 黧黑[li2 hei1]/
122807	黑乎乎	黑乎乎	 /variant of 黑糊糊[hei1 hu1 hu1]/
122829	黑呼呼	黑呼呼	 /variant of 黑糊糊[hei1 hu1 hu1]/
122880	黑忽忽	黑忽忽	 /variant of 黑糊糊[hei1 hu1 hu1]/
123014	黑貝	黑贝	 /variant of 黑背[hei1 bei4]/
123076	黒	黒	 /Japanese variant of 黑/
123129	黙	黙	 /Japanese variant of 默/
123142	點兒	点儿	 /erhua variant of 點|点[dian3]/
123298	黯淡	黯淡	 /variant of 暗淡[an4 dan4]/
123304	黱	黱	 /old variant of 黛[dai4]/
123306	黴	霉	 /variant of 霉[mei2]/
123320	鼃	蛙	 /old variant of 蛙[wa1]/
123321	鼄	鼄	 /old variant of 蛛[zhu1]/
123322	鼅	鼅	 /old variant of 蜘[zhi1]/
123323	鼇	鳌	 /variant of 鰲|鳌[ao2]/
123324	鼈	鳖	 /variant of 鱉|鳖[bie1]/
123423	鼡	鼡	 /variant of 鼠[shu3]/
123520	齊大非耦	齐大非耦	 /variant of 齊大非偶|齐大非偶[qi2 da4 fei1 ou3]/
123606	齗	龂	 /old variant of 齦|龈[yin2]/
123609	齚	齚	 /variant of 齰[ze2]/
123617	齢	齢	 /Japanese variant of 齡|龄/
123618	齣	出	 /variant of 出[chu1] (classifier for plays or chapters of classical novels)/
123619	齦	龈	 /variant of 啃[ken3]/
123630	齧	啮	 /variant of 嚙|啮[nie4]/
123632	齩	咬	 /variant of 咬[yao3]/
123810	龎	厐	 /variant of 龐|庞[pang2], huge/enormous/
123828	龒	龒	 /old variant of 龍|龙[long2]/
123836	龘	龘	 /old variant of 龖[da2]/
123838	龜	龟	 /variant of 皸|皲[jun1]/
123863	龝	龝	 /old variant of 秋[qiu1]/
123866	龢	和	 /(literary) harmonious (variant of 和[he2])/
123869	龥	龥	 /variant of 籲|吁[yu4]/
123874	𠈌	𠈌	 /old variant of 虞[yu2]/used in 人從眾𠈌|人从众𠈌[ren2 cong2 zhong4 yu2]/
123883	𦙶	𦙶	 /variant of 股[gu3]/(used in place names)/
123885	𧿹外翻	𧿹外翻	 /variant of 拇外翻[mu3 wai4 fan1]/
123886	𧿹趾	𧿹趾	 /variant of 拇趾[mu3 zhi3]/
123891	𩧢	𱅒	 /variant of 騁|骋[cheng3]/
123893	𩵚魠魚	𬶂𱇏鱼	 /variant of 土魠魚|土𱇏鱼[tu3 tuo1 yu2]/
