1	1	0
1	1	9
1	2	0
3	C
3	D	打	印
3	P
3	Q
4	2	1
4	S	店
8	8
9	9	6
A	A	制
A	B	制
A	C	G
A	咖
A	片
A	菜
B	M
B	站
B	超
C	J	B
C	P
C	P	值
C	位
E	仔
G	友
I	P
J	K	制	服
K	人
K	仔
K	他	命
K	房
K	歌
K	粉
K	金
L	照
M	C
M	V
M	巾
N	G
N	G	片	段
N	久
O	S
O	型	腿
P	A
P	A	部
P	K
P	O
P	O	文
P	U
P	U	A
P	民
Q	R	扣
T	A
T	F	卡
T	o	n	y
T	台
T	型	台
T	恤
T	裇
U	P	主
U	S	B	手	指
U	型	枕
U	型	池
U	盾
V	C	R
X	光
c	o	s
c	o	s	e	r
e	人
i	n	s
i	人
m	u	a
w	o	r	d	姐
π	日
ㄅ	ㄧ	ㄤ	ˋ
ㄏ	ㄤ
㐖	毒
㞎	㞎
㵐	水
㹴	犬
一	一
一	一	映	射
一	下
一	下	子
一	不	做	，	二	不	休
一	不	小	心
一	世
一	丘	之	貉
一	中	一	台
一	了	百	了
一	二
一	五	一	十
一	些
一	介	不	取
一	代
一	代	不	如	一	代
一	元
一	元	化
一	元	醇
一	共
一	再
一	刀	切
一	分	一	毫
一	分	熟
一	切
一	刻	千	金
一	匙
一	千	零	一	夜
一	半
一	半	天
一	卡	通
一	去	不	回
一	反	往	常
一	口
一	口	吃	不	成	胖	子
一	口	咬	定
一	句
一	同
一	向
一	周
一	味
一	品
一	哄	而	散
一	哄	而	起
一	哥
一	唱	一	和
一	回	事
一	回	生	二	回	熟
一	堆
一	壁
一	夔	已	足
一	夕
一	夜	情
一	夜	露	水
一	大	早
一	大	通
一	天	到	晚
一	夫	一	妻
一	夫	多	妻
一	失	足	成	千	古	恨
一	套
一	如
一	如	往	常
一	如	所	料
一	如	既	往
一	妻	制
一	姐
一	字
一	字	不	差
一	字	不	提
一	字	不	漏
一	字	不	落
一	字	千	金
一	字	巾
一	定
一	定	要
一	家
一	家	之	主
一	家	人
一	家	子
一	小	撮
一	小	部	分
一	展	身	手
一	山	不	容	二	虎
一	己
一	席	之	地
一	年	半
一	年	四	季
一	年	多
一	年	期
一	年	生
一	度
一	式	二	份
一	往	情	深
一	往	直	前
一	律
一	心
一	心	一	德
一	心	一	意
一	心	二	用
一	心	多	用
一	念	之	差
一	意
一	意	孤	行
一	手
一	手	遮	天
一	打
一	把	好	手
一	把	屎	一	把	尿
一	把	手
一	把	抓
一	把	死	拿
一	抓	一	大	把
一	抿	子
一	拍	即	合
一	排
一	探	究	竟
一	推	六	二	五
一	改	再	改
一	文	不	值
一	文	不	名
一	斑
一	方
一	方	面
一	旁
一	族
一	日	三	秋
一	日	三	餐
一	日	不	如	一	日
一	日	之	雅
一	日	千	里
一	旦
一	早
一	是	一	，	二	是	二
一	晃
一	曝	十	寒
一	更
一	月
一	月	份
一	望	而	知
一	朝	一	夕
一	朝	天	子	一	朝	臣
一	杯	羹
一	板	一	眼
一	板	三	眼
一	柱	擎	天
一	根	筋
一	棍	子	打	死
一	概
一	次
一	次	又	一	次
一	次	性
一	次	方	程
一	次	方	程	式
一	步	到	位
一	步	登	天
一	步	裙
一	毛	不	拔
一	氧	化	二	氮
一	氧	化	氮
一	氧	化	碳
一	波	三	折
一	波	未	平	，	一	波	又	起
一	派	胡	言
一	流
一	清	二	楚
一	清	二	白
一	清	如	水
一	清	早
一	潭	死	水
一	物	降	一	物
一	犯	再	犯
一	生
一	生	一	世
一	甲
一	甲	子
一	男	半	女
一	病	不	起
一	瘸	一	拐
一	百	一
一	目	了	然
一	目	十	行
一	直
一	眨	眼
一	眼
一	眼	望	去
一	眼	看	穿
一	睹
一	瞥
一	瞬
一	矢	中	的
一	知	半	解
一	碗	水	端	平
一	神	教
一	秘
一	空
一	站	式
一	笑	了	之
一	笑	置	之
一	等
一	等	一
一	箭	之	仇
一	系	列
一	而	再	，	再	而	三
一	肚	子
一	肚	皮
一	股	子
一	股	清	流
一	胎	制
一	胎	化
一	腔
一	致
一	致	字
一	致	性
一	般
一	般	人
一	般	性
一	般	而	言
一	般	般
一	落	千	丈
一	血
一	行
一	言
一	言	一	行
一	言	不	合
一	言	九	鼎
一	言	以	蔽	之
一	言	千	金
一	言	堂
一	走	了	之
一	起
一	路
一	路	上
一	路	平	安
一	蹴	即	至
一	蹴	而	就
一	蹴	而	得
一	蹶	不	振
一	身
一	身	汗
一	退	六	二	五
一	通	百	通
一	遍
一	遍	又	一	遍
一	道
一	部	分
一	醉	方	休
一	雨	成	秋
一	霎
一	霎	眼
一	面
一	面	之	交
一	面	倒
一	骨	碌
一	黑	早
丁	丁
丁	丑
丁	二	烯
丁	二	醇
丁	亥
丁	克
丁	冬
丁	加	奴
丁	卯
丁	型	肝	炎
丁	基
丁	夫
丁	字
丁	字	尺
丁	字	梁
丁	字	步
丁	字	街
丁	巳
丁	是	丁	，	卯	是	卯
丁	未
丁	格	犬
丁	汝	昌
丁	烯
丁	烷
丁	玲
丁	磊
丁	糖
丁	肇	中
丁	腈	手	套
丁	酉
丁	醇
丁	醛
丁	香
丁	骨	牛	排
丁	鱥
七	七	八	八
七	上	八	下
七	上	八	落
七	事
七	分	之	一
七	分	熟
七	十
七	十	年	代
七	和	弦
七	喜
七	嘴	八	舌
七	堵
七	夕
七	大	姑	八	大	姨
七	孔
七	巧	板
七	弦	琴
七	彩
七	律
七	情
七	情	六	欲
七	扭	八	歪
七	折	八	扣
七	方
七	旬	老	人
七	星
七	曜
七	月
七	月	份
七	武	士
七	河	州
七	碳	糖
七	美
七	老	八	十
七	角	形
七	里	河
七	里	香
七	零	八	碎
七	零	八	落
七	魄
万	俟
丈	人
丈	八	蛇	矛
丈	夫
丈	母
丈	母	娘
丈	量
三	C
三	P
三	七
三	七	二	十	一
三	七	仔
三	下	五	除	二
三	不
三	不	朽
三	不	沾
三	不	知
三	不	管
三	世
三	九	天
三	五
三	五	成	群
三	井
三	人	成	虎
三	人	行
三	仇
三	代
三	代	同	堂
三	令	五	申
三	伏
三	伏	天
三	位	博	士
三	倍
三	元
三	元	醇
三	元	音
三	光
三	光	政	策
三	八
三	分
三	分	之	一
三	分	熟
三	分	球
三	包
三	北
三	十
三	十	二	位	元
三	十	二	相
三	十	六	字	母
三	十	而	立
三	千	大	千	世	界
三	原
三	叉	戟
三	反
三	台
三	合	一
三	合	一	疫	苗
三	合	土
三	合	星
三	合	院
三	和	弦
三	天	不	打	，	上	房	揭	瓦
三	夷	教
三	姑	六	婆
三	官	大	帝
三	家	村
三	小
三	尖	瓣
三	岔	口
三	度
三	弦
三	得	利
三	心	二	意
三	思	而	行
三	手	病
三	振
三	振	出	局
三	教
三	教	九	流
三	文	治
三	族
三	旬	九	食
三	明
三	明	市
三	明	治
三	星
三	星	堆
三	春
三	昧
三	更
三	更	半	夜
三	曹
三	月
三	月	份
三	月	街
三	朋	四	友
三	板
三	次
三	次	元
三	次	方
三	次	方	程
三	民
三	氟	化	硼
三	氯	化	磷
三	氯	氧	磷
三	氯	氰	胺
三	氯	甲	烷
三	氯	蔗	糖
三	水
三	江
三	江	平	原
三	江	源
三	沙
三	沙	市
三	河
三	河	市
三	法	司
三	洋
三	流
三	浦
三	炮
三	焦
三	牲
三	班	倒
三	生	有	幸
三	田
三	甲
三	略
三	番	五	次
三	百	六	十	行
三	皇
三	皇	五	帝
三	皇	炮	捶
三	硝	基	甲	苯
三	碳	糖
三	磷	酸	腺	苷
三	穗
三	等	分
三	等	分	角
三	聚	氰	胺
三	胞	胎
三	自
三	色	堇
三	芝
三	菱
三	藏
三	藩	市
三	角
三	角	凳
三	角	巾
三	角	座
三	角	形
三	角	旗
三	角	板
三	角	法
三	角	洲
三	角	肌
三	貂	角
三	足	鼎	立
三	跪	九	叩
三	退
三	通
三	部	曲
三	都
三	酸	甘	油	酯
三	里	屯
三	里	河
三	重
三	重	奏
三	阿	姨
三	陪	小	姐
三	音
三	音	度
三	魂
三	魂	七	魄
三	鹿
上	上	之	策
上	下
上	下	五	千	年
上	下	其	手
上	下	床
上	下	文
上	下	班
上	乘
上	交
上	代
上	任
上	位
上	位	概	念
上	佳
上	供
上	元
上	刀	山	，	下	火	海
上	分
上	刑
上	前
上	升
上	午
上	半
上	半	夜
上	半	天
上	半	年
上	半	晌
上	半	身
上	半	部	分
上	去
上	口
上	古
上	台
上	司
上	合
上	吊
上	周
上	呼	吸	道	感	染
上	品
上	唇
上	善	若	水
上	回
上	坡
上	坡	段
上	坡	路
上	域
上	外
上	夜
上	天
上	天	入	地
上	夸	克
上	好
上	官
上	家
上	尉
上	山
上	岸
上	峰
上	工
上	市
上	市	公	司
上	帝
上	年
上	床
上	座
上	座	率
上	座	部
上	弦
上	弦	月
上	心
上	思
上	房
上	手
上	文
上	新	世
上	方
上	旬
上	星
上	星	期
上	映
上	月
上	有	老	下	有	小
上	期
上	杭
上	林
上	架
上	栗
上	校
上	桌
上	梁	不	正	下	梁	歪
上	榜
上	次
上	款
上	水
上	汽
上	流
上	浣
上	浮
上	海
上	海	市
上	海	白	菜
上	游
上	演
上	火
上	焦
上	片
上	牌
上	牙	膛
上	犬	式
上	班
上	班	族
上	田
上	界
上	疏
上	皮
上	相
上	空
上	第
上	等
上	等	兵
上	算
上	肢
上	膘
上	膛
上	臂
上	船
上	色
上	菜
上	菜	秀
上	蔡
上	行
上	街
上	衣
上	衫
上	西	天
上	覆
上	路
上	身
上	述
上	部
上	都
上	野
上	限
上	面
上	鞋
上	首
上	高
下	一	代
下	一	次
下	一	步
下	一	站
下	世
下	九	流
下	乳
下	人
下	令
下	任
下	作
下	修
下	凡
下	列
下	午
下	午	好
下	午	茶
下	半
下	半	天
下	半	年
下	半	身
下	去
下	同
下	唇
下	回
下	地
下	坡
下	坡	路
下	垂
下	士
下	夸	克
下	奶
下	嫁
下	家
下	寒	武
下	山
下	崽
下	工
下	工	夫
下	巴
下	弦
下	弦	月
下	情
下	手
下	拜
下	挫
下	放
下	方
下	旋
下	旋	削	球
下	旬
下	星	期
下	月
下	期
下	架
下	棋
下	榻
下	次
下	款
下	毒
下	毒	手
下	毛	毛	雨
下	水
下	水	管
下	水	道
下	沉
下	注
下	流
下	浣
下	浮
下	海
下	游
下	滑
下	焦
下	片
下	犬	式
下	狠	心
下	班
下	界
下	箸
下	而	上
下	聘
下	肚
下	肢
下	腰
下	腹	部
下	至	上
下	落
下	落	不	明
下	葬
下	蛋
下	行
下	西	洋
下	跌
下	跪
下	身
下	逐	客	令
下	酒
下	酒	菜
下	里	巴	人
下	野
下	降
下	限
下	院
下	陷
下	雨
下	雪
下	面
下	鼻	甲
不	一
不	一	定
不	一	而	足
不	一	致	字
不	三	不	四
不	下
不	中	意
不	中	用
不	丹
不	主	故	常
不	久
不	久	前
不	乏
不	了
不	了	了	之
不	二
不	亢	不	卑
不	亦
不	人	道
不	仁
不	以	物	喜	，	不	以	己	悲
不	休
不	但
不	住
不	佞
不	佳
不	依
不	便
不	俗
不	信	任	投	票
不	信	任	案
不	倒	翁
不	倦
不	值
不	值	一	文
不	值	一	笑
不	值	得
不	假	思	索
不	偏	不	倚
不	偏	斜
不	停
不	光
不	光	彩
不	克
不	免
不	免	一	死
不	入	虎	穴	，	焉	得	虎	子
不	公
不	共	戴	天
不	兼	容	性
不	再
不	准
不	凡
不	出	所	料
不	分
不	分	上	下
不	分	伯	仲
不	分	彼	此
不	分	情	由
不	分	皂	白
不	分	系
不	分	高	下
不	划	算
不	利
不	到
不	力
不	加
不	加	思	索
不	加	拘	束
不	加	理	睬
不	卑	不	亢
不	去	理
不	及
不	及	格
不	只
不	可
不	可	一	世
不	可	以
不	可	估	量
不	可	侵	犯
不	可	分	割
不	可	告	人
不	可	多	得
不	可	少
不	可	或	缺
不	可	抗	力
不	可	抗	拒
不	可	挽	回
不	可	收	拾
不	可	理	喻
不	可	端	倪
不	可	缺	少
不	可	置	信
不	可	能
不	可	解
不	可	言	喻
不	可	逆
不	可	逾	越
不	可	避
不	可	避	免
不	可	靠
不	合
不	合	作
不	合	法
不	合	理
不	吉
不	吉	利
不	同
不	名	一	文
不	吐	不	快
不	吝
不	吝	珠	玉
不	含	糊
不	周
不	周	山
不	周	延
不	咋	地
不	咋	的
不	和
不	咎	既	往
不	啻
不	善
不	在
不	在	乎
不	在	了
不	在	意
不	均
不	堪
不	堪	入	目
不	堪	忍	受
不	外
不	外	乎
不	外	露
不	大
不	太	好
不	失
不	好
不	好	受
不	好	惹
不	好	意	思
不	如
不	如	人	意
不	妙
不	妥
不	妨
不	孕
不	孕	症
不	孝
不	安
不	安	其	室
不	安	分
不	安	好	心
不	完	善
不	定
不	定	元
不	定	式
不	定	形
不	定	方	程
不	定	期
不	宜
不	容
不	容	置	疑
不	少
不	局	限
不	屈
不	屑
不	巧
不	差
不	已
不	干	涉
不	平
不	平	凡
不	平	常
不	平	等
不	平	衡
不	幸
不	幸	之	事
不	幸	之	幸
不	幸	言	中
不	很
不	得
不	得	不
不	得	了
不	得	人	心
不	得	已
不	得	而	知
不	必
不	必	要
不	忍
不	忍	心
不	忙
不	快
不	忮	不	求
不	忿
不	怒	而	威
不	怕
不	怕	官	，	只	怕	管
不	怕	慢	，	就	怕	站
不	怠
不	恤
不	恤	人	言
不	恭
不	息
不	患	寡	而	患	不	均
不	惑
不	惜
不	惜	血	本
不	惟
不	想
不	愉	快
不	意
不	愧
不	愧	不	怍
不	慌	不	忙
不	慎
不	懈
不	懈	怠
不	成
不	成	功	便	成	仁
不	成	文
不	成	文	法
不	成	材
不	才
不	打	不	成	器
不	打	不	成	才
不	打	自	招
不	折	不	扣
不	拘
不	拘	一	格
不	振
不	揣	冒	昧
不	支
不	攻	自	破
不	敢	苟	同
不	敢	越	雷	池	一	步
不	敢	高	攀
不	敬
不	料
不	方	便
不	日
不	明
不	明	不	白
不	明	事	理
不	易
不	是
不	是	吃	素	的
不	是	滋	味
不	智
不	暇
不	曾
不	月
不	服
不	服	水	土
不	服	罪
不	期
不	期	然	而	然
不	期	而	至
不	期	而	遇
不	朽
不	材
不	枉
不	止
不	止	一	次
不	正	常
不	死	不	休
不	死	心
不	比
不	毛
不	毛	之	地
不	求	人
不	求	甚	解
不	治
不	治	之	症
不	法
不	法	分	子
不	注	意
不	消
不	清
不	清	楚
不	渝
不	溶
不	然
不	爽
不	特
不	理
不	理	不	睬
不	甘
不	甘	寂	寞
不	甘	心
不	甘	示	弱
不	甚
不	用
不	用	找
不	由
不	由	得
不	由	自	主
不	畏
不	疾	不	徐
不	登	大	雅	之	堂
不	白	之	冤
不	相	上	下
不	相	容
不	相	容	原	理
不	相	干
不	相	符
不	省	人	事
不	看	僧	面	看	佛	面
不	眠	不	休
不	睦
不	瞅	不	睬
不	知
不	知	丁	董
不	知	何	故
不	知	利	害
不	知	去	向
不	知	天	高	地	厚
不	知	好	歹
不	知	所	之
不	知	所	云
不	知	所	以
不	知	所	措
不	知	死	活
不	知	疲	倦
不	知	者	不	罪
不	破	不	立
不	碎	玻	璃
不	祥
不	祥	之	兆
不	禁
不	移
不	稂	不	莠
不	空	成	就	佛
不	端
不	符
不	第
不	等
不	等	式
不	算
不	管
不	管	三	七	二	十	一
不	置	可	否
不	耐	受
不	肖
不	育
不	育	性
不	育	症
不	能
不	能	不
不	能	自	已
不	自	在
不	自	然
不	自	量
不	自	量	力
不	致
不	舒	服
不	良
不	良	人
不	苟
不	若
不	菲
不	落	俗	套
不	落	窠	臼
不	虞
不	行
不	行	了
不	衰
不	要
不	解
不	言	而	喻
不	言	自	明
不	豫
不	起	眼
不	越	雷	池
不	足
不	足	月
不	足	道
不	近	人	情
不	迭
不	送
不	透	明
不	透	水
不	通
不	逞	之	徒
不	速
不	速	之	客
不	速	而	至
不	遂
不	遑
不	道	德
不	雅
不	首	先	使	用
丐	版
丑	牛
丑	角
且	休
且	慢
且	末
世	上
世	世
世	世	代	代
世	事
世	交
世	人
世	仇
世	代
世	代	交	替
世	伯
世	俗
世	博
世	外	桃	源
世	外	桃	花	源
世	子
世	宗
世	宗	大	王
世	家
世	尊
世	局
世	情
世	故
世	母
世	爵
世	界
世	界	各	地
世	界	和	平
世	界	屋	脊
世	界	末	日
世	界	杯
世	界	知	名
世	界	第	一
世	界	金	融	中	心
世	相
世	系
世	胄
世	行
世	足
世	道
世	面
丘	八
丘	北
丘	壑
丘	成	桐
丘	比	特
丘	疹
丘	逢	甲
丘	陵
丙	三	醇
丙	二	醇
丙	午
丙	型
丙	型	肝	炎
丙	基
丙	子
丙	寅
丙	戌
丙	氨	酸
丙	烯
丙	烯	腈
丙	烯	酸
丙	烯	酸	酯
丙	烯	醛
丙	烷
丙	申
丙	等
丙	糖
丙	辰
丙	酮
丙	酮	酸
丙	酸	氟	替	卡	松
丙	醇
丙	醚
丙	醛
丞	相
丫	子
丫	挺
丫	杈
丫	角
丫	髻
丫	鬟
中	中
中	二	病
中	人
中	介
中	介	所
中	伏
中	低	端
中	俄
中	保
中	值	定	理
中	元
中	元	普	渡
中	共
中	共	中	央
中	分
中	北	部
中	午
中	南
中	南	海
中	南	部
中	印
中	卷
中	原
中	古
中	向	性	格
中	和
中	和	市
中	圈	套
中	土
中	型
中	埔
中	外
中	大	西	洋	脊
中	天
中	央
中	央	凹
中	央	政	府
中	央	省
中	央	研	究	院
中	央	社
中	央	邦
中	子
中	子	星
中	子	源
中	宣	部
中	寮
中	尉
中	尼
中	局
中	山
中	山	市
中	山	成	彬
中	山	服
中	山	陵
中	川
中	巴
中	巴	士
中	常
中	年
中	庭
中	庸
中	庸	之	道
中	式
中	彩
中	微	子
中	心
中	心	矩
中	心	粒
中	性
中	情	局
中	意
中	招
中	指
中	控	面	板
中	提	琴
中	文
中	新	世
中	新	社
中	方
中	旅	社
中	日
中	旬
中	暑
中	朝
中	期
中	村
中	板
中	校
中	概	股
中	止
中	正
中	段
中	毒
中	毒	性
中	毒	者
中	水
中	江
中	油
中	法
中	波
中	洋	脊
中	流
中	流	砥	柱
中	海	油
中	港
中	游
中	源	地	震
中	澳
中	灶
中	焦
中	爪	哇
中	牟
中	班
中	生	代
中	用
中	的
中	看
中	看	不	中	用
中	石	化
中	研	院
中	秋
中	科	院
中	程
中	空
中	空	玻	璃
中	立
中	立	性
中	立	派
中	站
中	等
中	等	教	育
中	等	普	通	教	育
中	美
中	美	文	化	研	究	中	心
中	美	洲
中	老	年
中	老	年	人
中	考
中	耳
中	耳	炎
中	肯
中	脊
中	英
中	行
中	西
中	西	合	璧
中	西	部
中	超
中	路
中	辣
中	途
中	邪
中	部
中	都
中	野
中	阮
中	隔
中	青
中	青	年
中	非
中	餐
中	高	度	防	空
中	魔
丰	姿
串	串
串	串	狗
串	串	香
串	供
串	口
串	味
串	流
串	行
串	行	口
串	通
串	音
丸	子
丸	山
丹	佛
丹	寨
丹	尼
丹	尼	斯
丹	尼	索	瓦	人
丹	巴
丹	布	朗
丹	彩
丹	徒
丹	心
丹	方
丹	桂
丹	毒
丹	江	口
丹	江	口	市
丹	沙
丹	瑞
丹	田
丹	皮
丹	砂
丹	衷
丹	霞
丹	霞	地	貌
丹	霞	山
丹	青
丹	魄
主	人
主	人	公
主	人	翁
主	任
主	使
主	修
主	公
主	刀
主	力
主	和	弦
主	和	派
主	品	牌
主	唱
主	因
主	委
主	嫌
主	子
主	宰
主	宰	者
主	峰
主	席
主	序	星
主	心	骨
主	意
主	打
主	打	品	牌
主	打	歌
主	抓
主	持
主	持	人
主	掌
主	播
主	攻
主	政
主	教
主	教	座	堂
主	料
主	旋	律
主	族
主	日
主	旨
主	材
主	板
主	格
主	次
主	法	向	量
主	流
主	演
主	犯
主	球
主	理	人
主	祭
主	科
主	管
主	簿
主	航	道
主	菜
主	裁
主	裁	判
主	要
主	角
主	音
主	食
主	麻
主	麻	日
乃	堆	拉
乃	堆	拉	山	口
乃	是
乃	至
久	久
久	之
久	仰
久	仰	大	名
久	保
久	已
久	慕
久	攻	不	下
久	治
久	留
久	病
久	等
久	而	久	之
久	陪
之	一
之	上
之	下
之	中
之	乎	者	也
之	前
之	外
之	字	形
之	字	路
之	所	以
之	至
乍	得
乍	得	湖
乍	浦
乍	看
乍	青	乍	白
乏	力
乏	味
乏	燃	料
乏	燃	料	棒
乒	乓
乒	乓	球
乒	乓	球	拍
乖	乖
乖	乖	女
乖	乖	牌
乖	僻
乖	巧
乖	忤
乖	戾
乖	离
乖	迕
乘	人	之	危
乘	以
乘	便
乘	坐
乘	客
乘	搭
乘	方
乘	法
乘	法	表
乘	法	逆
乘	火	打	劫
乘	船
乘	警
乘	除
乘	隙
乙	丑
乙	二	醇
乙	亥
乙	卯
乙	型
乙	型	肝	炎
乙	基
乙	女
乙	女	心
乙	巳
乙	方
乙	未
乙	氧	基
乙	氨	基
乙	炔
乙	烯
乙	烯	基
乙	烷
乙	硫	醇
乙	肝
乙	酉
乙	酰
乙	酰	胺	吡	咯	烷	酮
乙	酸
乙	酸	基
乙	酸	根
乙	醇
乙	醇	酸
乙	醚
乙	醛
乜	嘢
乜	斜
九	九	乘	法	表
九	份
九	分	之	一
九	十
九	卿
九	台
九	天
九	天	玄	女
九	如
九	孔
九	孔	螺
九	尾	狐
九	嶷	山
九	州
九	巴
九	成
九	折
九	旬	老	人
九	月
九	月	份
九	死	一	生
九	江
九	江	市
九	泉
九	流
九	牛	一	毛
九	牛	二	虎	之	力
九	重	霄
九	野
九	鼎
乞	丐
乞	人
乞	伏
乞	休
乞	和
乞	恕
乞	求
乞	食
也	好
也	好	不	了	多	少
也	就	是
也	有	今	天
乩	童
乳	交
乳	光
乳	化
乳	名
乳	品
乳	哺
乳	山
乳	山	市
乳	房
乳	果	糖
乳	母
乳	汁
乳	液
乳	清
乳	源
乳	燕
乳	牙
乳	牛
乳	痂
乳	癌
乳	白
乳	白	天	空
乳	白	色
乳	突
乳	糖
乳	糖	不	耐	症
乳	罩
乳	脂
乳	腐
乳	腺
乳	腺	炎
乳	腺	癌
乳	草
乳	部
乳	酪
乳	酪	蛋	糕
乳	酸
乳	酸	菌
乳	香
乶	下
乾	嘉	三	大	家
乾	坤
乾	安
乾	旦
乾	陵
乾	隆
了	不	得
了	不	起
了	了
了	事
了	去	了
了	如	指	掌
了	局
了	得
了	然
了	知
了	若	指	掌
了	解
予	以
事	主
事	事
事	件
事	例
事	倍	功	半
事	假
事	先
事	先	通	知
事	典
事	到	今	日
事	到	如	今
事	前
事	半	功	倍
事	危	累	卵
事	奉
事	宜
事	工
事	已	至	此
事	怕	行	家
事	情
事	故
事	故	照	射
事	物
事	理
事	由
事	界
事	略
事	端
二	一	添	作	五
二	丁	醚
二	七
二	世
二	人	世	界
二	代
二	伏
二	便
二	元
二	元	醇
二	八
二	八	佳	人
二	分
二	分	之	一
二	分	裂
二	分	音	符
二	副
二	十
二	十	五	史
二	十	八	宿
二	十	四	史
二	十	四	孝
二	十	多
二	合	一
二	名	法
二	哈
二	哥
二	地	主
二	奶
二	婚
二	尕	子
二	尖	瓣
二	屄
二	年	生
二	度
二	心
二	愣	子
二	房
二	手
二	手	房
二	把	刀
二	把	手
二	拇	指
二	指
二	更
二	月
二	月	份
二	杆	子
二	林
二	次
二	次	元
二	次	型
二	次	方
二	次	方	程
二	次	曲
二	次	曲	面
二	次	革	命
二	正	丙	醚
二	毛	子
二	氧	化	氮
二	氧	化	物
二	氧	化	硅
二	氧	化	硫
二	氧	化	碳
二	氧	芑
二	氯	甲	烷
二	氯	胺
二	水
二	流
二	流	子
二	甘	醇
二	甲
二	甲	基	砷	酸
二	甲	基	胂	酸
二	甲	苯
二	百	五
二	硫	化	碳
二	硫	基	丙	醇
二	磷	酸	腺	苷
二	等
二	等	公	民
二	糖
二	老
二	者
二	胎
二	胡
二	致
二	苯	氯	胂
二	茬	罪
二	遍	苦
二	道
二	道	江
二	郎
二	郎	神
二	郎	腿
二	部	制
二	醇
二	重
二	重	唱
二	重	奏
二	重	性
二	重	根
二	重	母	音
二	阿	姨
二	鬼	子
于	丹
于	洪
于	田
于	都
云	云
云	城
互	不	侵	犯
互	不	相	欠
互	信
互	利
互	助
互	勉
互	惠
互	惠	生
互	扔
互	操	性
互	文
互	斥
互	生
互	相
互	相	依	存
互	相	扯	皮
互	粉
互	素
互	通
互	通	性
五	一
五	七
五	世
五	五
五	代
五	代	史
五	光	十	色
五	分	之	一
五	分	熟
五	分	美	金
五	刑
五	加
五	十
五	十	步	笑	百	步
五	十	肩
五	卅
五	原
五	口	通	商
五	味
五	味	俱	全
五	味	子
五	四
五	大	三	粗
五	大	名	山
五	大	洲
五	大	湖
五	子	棋
五	官
五	官	端	正
五	家	渠
五	家	渠	市
五	寨
五	峰
五	帝
五	常
五	常	市
五	度
五	形
五	彩
五	打	一
五	指
五	指	山
五	指	山	市
五	斗	米	道
五	方
五	星
五	更
五	月
五	月	份
五	步	蛇
五	毛
五	毛	特	效
五	河
五	洲
五	湖	四	海
五	瘟
五	瘟	神
五	百	年	前	是	一	家
五	短	身	材
五	碳	糖
五	祖	拳
五	等	爵	位
五	股
五	胡
五	色
五	芒	星
五	花	肉
五	苓	散
五	行
五	行	八	作
五	角
五	角	形
五	角	星
五	辛
五	辛	素
五	通
五	道	口
五	金
五	金	店
五	院
五	霸
五	音
五	音	不	全
五	音	度
五	香
五	香	粉
五	鬼
井	上
井	下
井	井
井	口
井	字	棋
井	底	之	蛙
井	水	不	犯	河	水
井	然
井	然	有	序
井	田
井	田	制
井	研
些	微
亟	待
亟	需
亡	佚
亡	命
亡	命	之	徒
亡	故
亡	母
亡	者
亡	魂
亢	旱
亢	直
交	九
交	互
交	付
交	代
交	保
交	兵
交	出
交	割
交	加
交	卷
交	卸
交	叉
交	叉	口
交	叉	引	用
交	叉	感	染
交	叉	火	力
交	叉	熵
交	友
交	口
交	合
交	售
交	困
交	城
交	大
交	契
交	好
交	媾
交	安
交	尾
交	差
交	底
交	往
交	心
交	情
交	手
交	托
交	拜
交	接
交	接	班
交	易
交	易	所
交	易	所	交	易	基	金
交	易	日
交	易	者
交	替
交	朋	友
交	杯	酒
交	椅
交	流
交	流	道
交	涉
交	火
交	班
交	由
交	界
交	睫
交	管
交	管	所
交	臂
交	臂	失	之
交	融
交	角
交	警
交	趾
交	迫
交	通
交	通	卡
交	通	堵	塞
交	通	工	具
交	通	意	外
交	通	管	理	局
交	通	肇	事	罪
交	通	警	察
交	通	部
交	通	阻	塞
交	配
交	集
交	骨
亦	作
亦	即
亦	或
亨	利
亨	利	五	世
亨	格	洛
亨	氏
亨	特
亨	祚
亨	通
享	受
享	名
享	年
享	有
享	清	福
享	用
享	福
京	二	胡
京	兆
京	口
京	味
京	哈
京	城
京	巴	狗
京	斯	敦
京	族
京	津
京	津	冀
京	片	子
京	畿
京	畿	道
京	胡
京	郊
京	都
京	都	府
亭	亭	玉	立
亭	午
亭	子
亭	湖
亮	光
亮	出
亮	堂
亮	堂	堂
亮	屏
亮	底	牌
亮	度
亮	彩
亮	星
亮	晶	晶
亮	氨	酸
亮	相
亮	眼
亮	眼	人
亮	菌
亮	菌	甲	素
亳	州
亳	州	市
亹	亹
亹	亹	不	倦
人	丁
人	不	可	貌	相
人	不	可	貌	相	，	海	水	不	可	斗	量
人	世
人	中
人	之	初	，	性	本	善
人	之	常	情
人	事
人	事	不	知
人	事	管	理
人	事	部
人	云	亦	云
人	五	人	六
人	人
人	人	皆	知
人	位	相	宜
人	保
人	偶
人	像
人	力
人	口
人	口	密	度
人	口	密	集
人	口	普	查
人	口	稠	密
人	各	有	所	好
人	名
人	命
人	品
人	在	江	湖	，	身	不	由	己
人	均
人	士
人	外	有	人	，	天	外	有	天
人	大
人	夫
人	如	其	名
人	妖
人	妻
人	子
人	孔
人	字	形
人	字	拖
人	字	拖	鞋
人	字	洞
人	定
人	家
人	寰
人	居
人	山	人	海
人	工
人	工	受	孕
人	工	呼	吸
人	工	授	精
人	工	智	慧
人	工	智	能
人	工	概	念
人	工	河
人	工	湖
人	工	照	亮
人	形
人	影
人	心
人	心	不	古
人	心	不	足	蛇	吞	象
人	心	惶	惶
人	心	所	向
人	心	果
人	心	隔	肚	皮
人	性
人	性	化
人	情
人	情	世	故
人	情	味
人	意
人	憎	狗	嫌
人	所	共	知
人	手
人	才
人	才	外	流
人	才	流	失
人	文
人	文	社	科
人	族
人	有	三	急
人	望
人	格
人	格	化
人	格	神
人	格	魅	力
人	梯
人	次
人	武
人	母
人	比	人	得	死
人	氏
人	民
人	民	代	表
人	民	公	社
人	民	公	社	化
人	民	政	府
人	民	法	院
人	民	警	察
人	治
人	流
人	海
人	渣
人	潮
人	父
人	物
人	犯
人	猿
人	球
人	琴	俱	亡
人	瑞
人	生
人	生	一	世	，	草	木	一	春
人	生	地	不	熟
人	生	如	朝	露
人	生	朝	露
人	生	路	不	熟
人	畜	共	患	症
人	皇
人	相
人	盾
人	社	部
人	算	不	如	天	算
人	精
人	群
人	肉
人	肉	搜	索
人	肉	搜	索	引	擎
人	肉	沙	包
人	臣
人	蛇
人	行
人	行	地	下	通	道
人	行	道
人	言	可	畏
人	言	籍	籍
人	身
人	身	事	故
人	身	安	全
人	造
人	造	奶	油
人	造	牛	油
人	造	革
人	道
人	道	救	援
什	器
什	菜
什	邡
什	邡	市
仁	丹
仁	人	君	子
仁	人	志	士
仁	兄
仁	化
仁	厚
仁	和
仁	川
仁	川	市
仁	布
仁	弟
仁	德
仁	惠
仁	慈
仁	政
仁	波	切
仁	言	利	博
仆	街
仇	人
仇	外
仇	外	心	理
仇	家
仇	富
仇	怨
仇	恨
仇	恨	罪
仇	恨	罪	行
仇	隙
今	不	如	昔
今	世
今	井
今	人
今	古	文
今	夜
今	天
今	年
今	日
今	早
今	昔
今	晚
今	晨
今	朝
今	朝	有	酒	今	朝	醉
今	村
今	次
今	生
今	非	昔	比
今	音
介	之	推
介	乎
介	休
介	休	市
介	值	定	理
介	入
介	子
介	子	推
介	意
介	胄
介	面
仍	然
仔	密
仔	畜
仔	肩
仕	女
仕	宦
仕	途
他	人
他	他	米
他	信
他	喵	的
他	娘	的
他	山	之	石	可	以	攻	玉
他	律
他	性
他	日
他	用
他	者
他	者	化
他	者	性
仗	恃
仗	火
仗	腰
付	之	一	炬
付	之	一	笑
付	之	丙	丁
付	之	度	外
付	出
付	印
付	托
付	方
付	梓
付	款
付	款	方	式
付	清
仙	丹
仙	人
仙	人	掌
仙	人	掌	果
仙	人	球
仙	人	跳
仙	去
仙	台
仙	后	座
仙	境
仙	女
仙	女	座
仙	女	座	星	系
仙	女	星	座
仙	女	星	系
仙	女	棒
仙	姑
仙	姿	玉	色
仙	子
仙	居
仙	山
仙	方
仙	桃
仙	桃	市
仙	王	座
仙	界
仙	童
仙	股
仙	茅
仙	草
仙	逝
仡	佬	族
代	之	以
代	代
代	入
代	利	斯
代	可	可	脂
代	填
代	孕
代	字
代	宗
代	工
代	扣
代	指
代	收
代	替
代	替	父	母
代	替	者
代	步
代	母
代	班
代	理
代	理	人
代	理	商
代	理	孕	母
代	管
代	糖
代	罪
代	罪	羔	羊
代	考
代	行
代	表
代	表	人	物
代	表	作
代	表	性
代	言
代	言	人
代	金	券
代	餐
令	人
令	人	不	快
令	人	鼓	舞
令	兄
令	吉
令	名
令	和
令	堂
令	尊
令	尊	令	堂
令	弟
令	慈
令	正
令	牌
令	狐
令	狐	德	棻
令	箭
令	行	禁	止
令	郎
以	上
以	下
以	下	犯	上
以	人	名	命	名
以	便
以	偏	概	全
以	儆	效	尤
以	免
以	前
以	北
以	南
以	及
以	埃
以	外
以	太
以	太	坊
以	夷	制	夷
以	子	之	矛	，	攻	子	之	盾
以	小	人	之	心	，	度	君	子	之	腹
以	巴
以	弗	所
以	往
以	律
以	微	知	著
以	撒
以	斯	帖
以	暴	制	暴
以	暴	易	暴
以	期
以	本	人	名
以	次
以	此
以	死	明	志
以	毒	攻	毒
以	求
以	沫	相	濡
以	物	易	物
以	示	警	戒
以	老	大	自	居
以	至
以	致
以	色	列
以	色	列	人
以	西
以	言	代	法
以	貌	取	人
以	防
以	降
仫	佬
仫	佬	族
仰	人	鼻	息
仰	仗
仰	光
仰	光	大	金	塔
仰	天
仰	屋
仰	慕
仰	望
仰	泳
仰	角
仰	躺
仰	韶
仰	韶	文	化
仲	介
仲	夏
仲	尼
仲	巴
仲	父
仲	秋
仲	裁
仵	作
仵	工
任	一
任	丘
任	丘	市
任	事
任	人
任	人	宰	割
任	令
任	何
任	便
任	免
任	其	自	然
任	命
任	咎
任	城
任	天	堂
任	安
任	性
任	情
任	意
任	意	球
任	所
任	教
任	期
任	用
任	由
任	直
份	子
仿	似
仿	佛
仿	冒
仿	冒	品
仿	古
仿	品
仿	如
仿	宋
仿	射
仿	照
仿	生
仿	皮
仿	真
仿	行
仿	造
企	及
企	慕
企	投
企	望
企	求
企	盼
伄	儅
伊	人
伊	凡
伊	利	格	瑞
伊	利	湖
伊	吾
伊	塔
伊	塞	克	湖
伊	始
伊	娃
伊	尼	伊	德
伊	尼	特
伊	川
伊	州
伊	拉	克
伊	斯	坦	堡
伊	斯	曼
伊	斯	法	罕
伊	斯	特
伊	春
伊	春	市
伊	普	西	隆
伊	曼
伊	朗
伊	水
伊	波	拉
伊	洛	瓦	底
伊	犁
伊	犁	州
伊	犁	河
伊	犁	盆	地
伊	留	申
伊	科	病	毒
伊	索
伊	芙
伊	莉	莎	白
伊	藤
伊	藤	博	文
伊	蚊
伊	通
伊	通	河
伊	通	火	山	群
伊	里	奇
伊	金	霍	洛
伊	金	霍	洛	旗
伍	奢
伍	子	胥
伍	廷	芳
伍	德	豪	斯
伏	兵
伏	地
伏	地	挺	身
伏	地	魔
伏	天
伏	安
伏	惟
伏	明	霞
伏	案
伏	汛
伏	法
伏	流
伏	牛	山
伏	特
伏	特	加
伏	羲
伏	羲	氏
伏	虎
伏	都	教
伏	隔	核
伐	木
伐	木	工	人
伐	柯
休	伊	特
休	假
休	克
休	兵
休	妻
休	市
休	庭
休	怪
休	息
休	息	室
休	惜
休	想
休	憩
休	整
休	斯	敦
休	止
休	止	符
休	氏	旋	木	雀
休	沐
休	班
休	眠
休	眠	火	山
休	耕
伙	伴
伙	同
伙	夫
伙	食
伢	子
伢	崽
伯	仲	叔	季
伯	伯
伯	克	利
伯	南	克
伯	叔
伯	叔	祖	母
伯	叔	祖	父
伯	恩
伯	恩	斯
伯	恩	茅	斯
伯	明	翰
伯	母
伯	爵
伯	父
伯	莎
伯	邑	考
伯	都
伯	里	克	利
估	值
估	定
估	摸
估	算
估	衣
估	量
伴	同
伴	君	如	伴	虎
伴	唱
伴	奏
伴	娘
伴	手
伴	星
伴	有
伴	舞
伴	郎
伶	人
伶	仃
伶	俐
伶	俜
伶	鼬
伸	冤
伸	出
伸	卡	球
伸	展
伸	延
伸	手
伸	手	派
伸	手	牌
伸	港
伸	直
伸	肌
伺	候
伺	服
伺	服	器
伺	隙
似	乎
似	地
似	懂	非	懂
似	是	而	非
似	核
似	的
似	笑	非	笑
似	雪
伽	倻
伽	倻	琴
伽	利	略
伽	利	略	·	伽	利	雷
但	丁
但	凡
但	尼	生
但	是
位	元
位	列
位	子
位	居
位	形
位	次
位	移
位	置
位	面
低	三	下	四
低	下
低	丘
低	估
低	低	切	切
低	俗
低	俗	化
低	保
低	保	真
低	八	度
低	分
低	利
低	劣
低	吟
低	地
低	垂
低	平	火	山	口
低	廉
低	微
低	息
低	成	本
低	收	入
低	效
低	昂
低	沉
低	消
低	潮
低	矮
低	碳
低	空
低	端
低	端	人	口
低	等
低	粉
低	耗
低	聚	物
低	胸
低	能
低	脂
低	落
低	血	糖
低	谷
低	迷
低	速
低	速	率
低	陷
低	音
低	音	喇	叭
低	音	大	提	琴
低	音	提	琴
低	音	炮
低	音	管
低	首	下	心
住	友
住	口
住	商
住	嘴
住	地
住	址
住	宅
住	宅	泡	沫
住	客
住	家
住	宿
住	居
住	建	部
住	房
住	所
住	手
住	持
住	校
住	舍
住	院
住	院	部
佐	世	保
佐	丹	奴
佐	佐	木
佐	料
佐	科	威
佐	藤
佐	酒
佐	野
佐	餐
何	不
何	不	食	肉	糜
何	人
何	以
何	其
何	出	此	言
何	啻
何	在
何	如
何	妨
何	干
何	必
何	所
何	故
何	方
何	日
何	曾
何	止
何	等
何	苦
余	月
佚	名
佛	像
佛	光
佛	典
佛	卡	夏
佛	口	蛇	心
佛	坪
佛	塔
佛	媛
佛	家
佛	寺
佛	山
佛	山	市
佛	得	角
佛	心
佛	性
佛	手	瓜
佛	教
佛	教	徒
佛	朗	哥
佛	朗	明	哥
佛	法
佛	法	僧	目
佛	洛	伊	德
佛	洛	斯	特
佛	牙
佛	珠
佛	祖
佛	系
佛	舍	利
佛	蒙	特
佛	蒙	特	州
佛	陀
佛	骨
佛	骨	塔
作	下
作	主
作	人
作	件
作	伴
作	保
作	假
作	出
作	古
作	合
作	品
作	坊
作	威	作	福
作	孽
作	客
作	家
作	弄
作	弊
作	怪
作	息
作	手
作	揖
作	文
作	料
作	曲
作	曲	家
作	曲	者
作	案
作	梗
作	死
作	法
作	物
作	用
作	用	力
作	痛
作	祟
作	秀
作	答
作	者
作	色
作	誓
作	陪
佝	瞀
佟	佳	江
你	好
你	我
你	死	我	活
你	真	行
你	等
佣	金
佤	族
佧	佤	族
佩	奇
佩	戴
佩	服
佩	洛	西
佩	皮	尼	昂
佯	狂
佯	言
佳	世	客
佳	人
佳	人	才	子
佳	作
佳	偶
佳	冬
佳	境
佳	妙
佳	期
佳	木	斯
佳	木	斯	市
佳	美
佳	能
佳	里
佳	音
佼	佼	者
使	不	得
使	人	信	服
使	出
使	命
使	役
使	徒
使	得
使	性
使	性	子
使	成
使	然
使	用
使	用	者
使	用	量
使	眼	色
使	者
侃	侃
侃	大	山
侃	星
侈	靡
侉	子
例	假
例	句
例	外
例	外	字
例	如
例	子
例	示
例	行
例	行	公	事
例	言
侍	候
侍	奉
侍	女
侍	妾
侍	弄
侍	立
侍	者
侍	郎
侏	儒
侏	儒	症
侗	人
侗	族
供	佛	花
供	品
供	奉
供	房
供	暖
供	水
供	求
供	物
供	石
供	稿
供	花
供	血
供	血	者
供	述
供	需
依	仗
依	依
依	偎
依	傍
依	存
依	安
依	山	傍	水
依	序
依	循
依	我	看
依	撒	格
依	次
依	法
依	然
依	然	如	故
依	然	故	我
依	照
依	稀
依	附
依	靠
侮	弄
侮	慢
侮	蔑
侮	辱
侯	爵
侵	入
侵	入	岩
侵	入	性
侵	入	者
侵	吞
侵	夜
侵	害
侵	害	人
侵	截
侵	截	者
侵	晨
侵	犯
侵	略
侵	略	者
侵	限
便	中
便	人
便	便
便	函
便	利
便	利	商	店
便	利	店
便	利	性
便	器
便	士
便	嬛
便	宜
便	宜	行	事
便	宴
便	帽
便	急
便	意
便	所
便	捷
便	捷	化
便	是
便	服
便	桶
便	步	走
便	民
便	民	利	民
便	池
便	溺
便	盆
便	秘
便	血
便	衣
便	衣	警	察
便	道
便	酌
便	鞋
促	使
促	弦
促	成
促	求
促	膝
促	退
俄	中
俄	中	朝
俄	亥	俄
俄	亥	俄	州
俄	塔	社
俄	文
俄	期
俄	狄	浦	斯
俄	狄	浦	斯	期
俄	而
俊	俏
俊	拔
俊	秀
俊	美
俊	雅
俏	皮
俏	美
俑	坑
俗	不	可	耐
俗	世
俗	世	奇	人
俗	事
俗	人
俗	名
俗	套
俗	字
俗	家
俗	辣
保	不	住
保	不	定
保	亭
保	人
保	住
保	佑
保	修
保	修	期
保	健
保	健	操
保	全
保	八
保	准
保	利	科	技	有	限	公	司
保	呈
保	命
保	固
保	墒
保	姆
保	媒
保	存
保	守
保	守	派
保	安
保	安	族
保	定
保	定	市
保	密
保	密	性
保	山
保	山	市
保	底
保	康
保	德
保	持
保	持	克	制
保	持	原	貌
保	持	器
保	暖
保	有
保	本
保	甲
保	留
保	真	度
保	研
保	祐
保	管
保	管	箱
保	育
保	育	箱
保	育	院
保	苗
保	藏
保	角
保	送
保	重
保	障
保	靖
俞	天	白
俞	文	豹
俞	穴
俟	候
信	令
信	仰
信	仰	者
信	件
信	任
信	佛
信	使
信	使	核	糖	核	酸
信	函
信	口
信	噪	比
信	天	游
信	天	翁
信	奉
信	守
信	宜
信	宜	市
信	宿
信	封
信	州
信	差
信	徒
信	德	省
信	心
信	心	百	倍
信	念
信	息
信	息	化
信	息	差
信	息	管	理
信	息	素
信	意
信	手
信	教
信	服
信	札
信	步
信	然
信	物
信	用
信	用	卡
信	用	社
信	神	者
信	筒
信	管
信	箱
信	誓	旦	旦
信	道
信	都
信	靠
修	例
修	剪
修	士
修	女
修	好
修	建
修	成	正	果
修	手
修	指	甲
修	撰
修	改
修	改	稿
修	整
修	文
修	昔	底	德
修	昔	底	德	陷	阱
修	正
修	正	案
修	正	液
修	武
修	水
修	水	利
修	法
修	理
修	真
修	睦
修	禊
修	葺
修	行
修	行	人
修	路
修	身
修	造
修	道
修	道	士
修	道	院
修	阻
修	院
修	面
修	鞋	匠
修	音
俯	仰
俯	伏
俯	就
俯	拾	即	是
俯	拾	皆	是
俯	看
俯	瞰
俯	角
俯	身
俯	首
俯	首	帖	耳
俱	佳
俱	全
俱	舍	宗
俳	句
俸	恤
俾	使
俾	倪
俾	利
俾	格	米
俾	路	支
俾	路	支	省
倍	塔
倍	增
倍	增	器
倍	感
倍	率
倏	地
倏	忽
倏	然
倒	下
倒	伏
倒	休
倒	位
倒	像
倒	刺
倒	反
倒	嗓
倒	噍
倒	嚼
倒	地
倒	坍
倒	塌
倒	序
倒	弄
倒	彩
倒	影
倒	戈
倒	戈	卸	甲
倒	扁
倒	手
倒	打	一	耙
倒	把
倒	持	泰	阿
倒	放
倒	映
倒	春	寒
倒	是
倒	替
倒	木
倒	槽
倒	流
倒	海	翻	江
倒	灌
倒	灶
倒	片
倒	班
倒	相
倒	睫
倒	空
倒	立
倒	立	像
倒	置
倒	胃	口
倒	背	如	流
倒	背	手
倒	苦	水
倒	茬
倒	蛋
倒	血	霉
倒	行	逆	施
倒	角
倒	退
倒	逼
倒	霉
倒	霉	蛋
倘	如
倘	或
倘	然
倘	能	如	此
倘	若
候	乘
候	任
候	命
候	缺
倚	仗
倚	托
倚	重
倚	靠
借	一	步
借	代
借	以
借	位
借	住
借	光
借	入	方
借	出
借	助
借	取
借	口
借	古	喻	今
借	命
借	喻
借	契
借	字
借	宿
借	指
借	支
借	故
借	方
借	款
借	款	人
借	火
借	用
借	端
借	箸
借	腹	生	子
借	重
倡	始
倡	言
倡	言	者
倥	侗
倦	容
倦	怠
倨	傲
倩	影
倩	碧
倪	匡
倪	桂	珍
倭	人
倭	寇
倭	瓜
倭	黑	猩	猩
值	域
值	夜
值	守
值	宿
值	得
值	得	一	提
值	日
值	日	生
值	星
值	此
值	班
值	遇
偃	息
偃	旗	息	鼓
假	人
假	人	像
假	仙
假	令
假	作
假	使
假	借
假	借	字
假	充
假	冒
假	冒	品
假	名
假	吏
假	唱
假	善	人
假	嗓
假	嗓	子
假	大	空
假	如
假	子
假	定
假	寐
假	小	子
假	山
假	座
假	性
假	想
假	惺	惺
假	意
假	慈	悲
假	手
假	手	他	人
假	托
假	扮
假	招	子
假	拱
假	掰
假	摔
假	日
假	期
假	案
假	死
假	洋	鬼	子
假	牙
假	球
假	的
假	眼
假	秤
假	而
假	肢
假	肯	定	句
假	腿
假	芫	茜
假	若
假	象
假	象	牙
假	造
假	道
假	道	伐	虢
假	面
假	面	具
假	音
假	高	音
偌	大
偎	傍
偏	低
偏	倚
偏	偏
偏	僻
偏	光
偏	利	共	生
偏	向
偏	好
偏	安
偏	宕
偏	巧
偏	差
偏	待
偏	微	分
偏	微	分	方	程
偏	心
偏	心	率
偏	心	眼
偏	心	矩
偏	房
偏	才
偏	振
偏	振	光
偏	振	波
偏	斜
偏	方
偏	旁
偏	析
偏	殿
偏	激
偏	疼
偏	私
偏	科
偏	移
偏	置
偏	航
偏	袒
偏	西
偏	要
偏	角
偏	邪	不	正
偏	重
偏	食
偏	高
偕	同
偕	老
做	不	到
做	事
做	人
做	人	家
做	人	情
做	伴
做	作
做	出
做	到
做	功
做	功	夫
做	大
做	好	做	歹
做	媒
做	完
做	官
做	客
做	小
做	小	抄
做	工
做	工	作
做	工	夫
做	市	商
做	手
做	掉
做	操
做	文	章
做	法
做	活
做	派
做	球
做	生	意
做	生	日
做	生	活
做	眉	做	眼
做	眼
做	眼	色
做	空
做	自	己
做	菜
做	鬼
停	下
停	住
停	俸
停	刊
停	工
停	息
停	手
停	放
停	更
停	服
停	板	制	度
停	歇
停	止
停	步
停	泊
停	火
停	用
停	留
停	站
停	航
停	表
停	靠
停	靠	港
停	靠	站
停	食
健	保
健	全
健	力
健	友
健	在
健	康
健	康	食	品
健	忘
健	忘	症
健	慰	器
健	旺
健	美
健	美	操
健	行
健	走
健	身
健	身	室
健	身	房
偲	偲
偶	一
偶	人
偶	像
偶	像	包	袱
偶	合
偶	然
偶	然	事	件
偶	然	性
偶	犯
偶	而
偶	蹄
偶	蹄	目
偶	遇
偷	偷
偷	偷	摸	摸
偷	加
偷	去
偷	取
偷	吃
偷	子
偷	安
偷	工
偷	情
偷	惰
偷	拍
偷	排
偷	摸
偷	油	婆
偷	渡
偷	渡	者
偷	漏
偷	生
偷	看
偷	眼
偷	空
偷	笑
偷	腥
偷	跑
傀	儡
傅	柯
傈	僳
傈	僳	族
傍	亮
傍	午
傍	大	款
傍	晚
傍	近
傍	黑
催	乳
催	乳	激	素
催	促
催	化
催	化	作	用
催	吐
催	命
催	奶
催	婚
催	情
催	收
催	更
催	熟
催	生
催	生	婆
催	生	素
催	生	者
催	眠
催	眠	曲
催	肥
催	膘
催	芽
催	谷
催	逼
傲	人
傲	岸
傲	慢
傲	然
傲	睨
傲	立
傲	雪	凌	霜
傲	雪	欺	霜
傲	霜	凌	雪
傲	骨
傻	X
傻	不	愣	登
傻	乎	乎
傻	人	有	傻	福
傻	冒
傻	叉
傻	子
傻	屄
傻	帽
傻	愣	愣
傻	爆	眼
傻	瓜
傻	瓜	式
傻	白	甜
傻	眼
傻	笑
傻	蛋
像	元
像	差
像	片
像	片	簿
像	章
像	素
僧	人
僧	伽
僧	俗
僧	多	粥	少
僧	尼
僧	帽	水	母
僧	帽	猴
僧	帽	瓣
僧	徒
僧	院
僬	僬
僭	主
僭	主	政	治
僭	越
僮	族
僵	住
僵	住	症
僵	化
僵	固	性
僵	局
僵	持
僵	直
僵	硬
僻	地
儆	戒
儋	州
儋	州	市
儒	士
儒	家
儒	教
儒	林	外	史
儒	生
儒	略	日
儒	者
儒	艮
儒	雅
兀	凳
兀	立
兀	自
允	准
允	宜
允	文	允	武
元	世	祖
元	代
元	件
元	凶
元	古	代
元	古	宙
元	史
元	器	件
元	夜
元	太	祖
元	宇	宙
元	宵
元	山
元	山	市
元	年
元	旦
元	曲
元	曲	四	大	家
元	月
元	朗
元	朗	市
元	朝
元	末
元	末	明	初
元	氏
元	神
元	素
元	老
元	老	院
元	肉
元	配
元	青
元	音
元	首
兄	妹
兄	嫂
兄	弟
兄	弟	姐	妹
充	任
充	作
充	值
充	值	卡
充	公
充	其	量
充	分
充	塞
充	填
充	填	物
充	好
充	抵
充	斥
充	氧
充	沛
充	溢
充	盈
充	血
充	裕
充	足
充	足	理	由	律
兆	周
兆	瓦
兆	瓦	特
兆	赫
先	不	先
先	主
先	人
先	令
先	例
先	兆
先	公
先	到	先	得
先	前
先	君
先	哲
先	大	母
先	天
先	天	不	足
先	天	性
先	天	性	缺	陷
先	天	愚	型
先	妣
先	容
先	慈
先	有
先	期
先	民
先	河
先	烈
先	父
先	王
先	王	之	政
先	王	之	道
先	生
先	皇
先	知
先	祖
先	秦
先	行
先	行	者
先	走	一	步
先	鞭
光	亮
光	亮	度
光	伏
光	伏	器	件
光	光
光	刻
光	功	率
光	化	作	用
光	化	性	角	化	病
光	合
光	合	作	用
光	圈
光	大
光	天	化	日
光	子
光	宗	耀	祖
光	害
光	山
光	州
光	州	市
光	年
光	度
光	彩
光	影
光	影	效
光	接	收	器
光	敏
光	斑
光	明
光	明	正	大
光	明	磊	落
光	是
光	景
光	束
光	柱
光	棍
光	波
光	源
光	溜
光	滑
光	漆
光	照
光	照	度
光	爆
光	碟
光	磁
光	磁	碟
光	耀
光	耦
光	耦	合	器
光	能
光	能	合	成
光	膀	子
光	芒
光	追
光	通	量
光	速
光	量
克	他	命
克	利	斯	朵	夫
克	制
克	勒
克	孜	勒
克	山
克	己
克	己	奉	公
克	拉
克	拉	克
克	拉	夫	丘	克
克	拉	科	夫
克	拉	通
克	文
克	日
克	服
克	朗
克	朗	代	克
克	期
克	林	姆
克	林	德
克	林	霉	素
克	格	勃
克	汀	病
克	沙	奇	病	毒
克	流	感
克	漏	字
克	耶	族
克	耶	邦
克	西
克	里	斯	托	弗
克	里	斯	汀
克	里	斯	蒂	娃
克	里	斯	蒂	安
克	里	斯	蒂	安	松
克	里	普	斯
克	里	木
克	里	特
克	隆
克	隆	人
克	隆	氏	病
克	雅	氏	症
克	霉	唑
免	不	了
免	不	得
免	冠
免	受
免	得
免	息
免	持
免	掉
免	提
免	洗	杯
免	洗	筷
免	疫
免	疫	力
免	疫	法
免	票
免	遭
免	除
免	黜
兔	唇
兔	子
兔	崽	子
兔	年
兔	斯	基
兔	死	狐	悲
兔	死	狗	烹
兔	爸
兔	羔	子
兕	觥
兜	兜
兜	售
兜	圈	子
兜	帽
兜	底
兜	抄
兜	捕
兜	翻
兜	肚
兜	鍪
入	不	敷	出
入	世
入	主
入	伍
入	伍	生
入	伙
入	住
入	侵
入	侵	者
入	口
入	口	就	化
入	味
入	土
入	境
入	夜
入	定
入	局
入	席
入	座
入	微
入	息
入	情	入	理
入	手
入	托
入	教
入	月
入	木	三	分
入	樽
入	海	口
入	涅
入	球
入	盟
入	眠
入	眼
入	睡
入	神
入	籍
入	罪
入	罪	化
入	肉
入	股
入	行
入	超
入	迷
入	道
入	院
全	世	界
全	世	界	第	一
全	乎
全	份
全	休
全	副
全	副	精	力
全	力
全	力	以	赴
全	勤
全	南
全	同
全	向
全	城
全	域
全	天
全	天	候
全	套
全	家
全	家	福
全	局
全	局	作	用	域
全	局	性
全	屏
全	州
全	州	市
全	市
全	年
全	度	音
全	影
全	心
全	心	全	意
全	息
全	情
全	情	投	入
全	才
全	拼
全	攻	全	守
全	文
全	文	搜	索
全	新
全	新	世
全	方	位
全	日	制
全	日	空
全	景
全	本
全	椒
全	民
全	民	健	保
全	民	投	票
全	民	皆	兵
全	活
全	港
全	然
全	熟
全	熟	蛋
全	班
全	球
全	球	化
全	球	南	方
全	球	性
全	球	暖	化
全	球	而	言
全	球	通
全	盛
全	省
全	知
全	知	全	能
全	票
全	程
全	等
全	等	形
全	素
全	素	食
全	美
全	聚	德
全	能
全	般
全	色
全	裸
全	豹
全	貌
全	跏	坐
全	距
全	身
全	身	心
全	身	而	退
全	身	麻	醉
全	速
全	部
全	都
全	陪
全	集
全	面
全	面	禁	止
全	音
全	食
全	麻
八	一	五
八	二	丹
八	仙
八	仙	桌
八	仙	湖
八	位	元
八	佰	伴
八	八	六
八	公	山
八	分	之	一
八	分	音	符
八	十
八	卦
八	卦	山
八	卦	拳
八	卦	掌
八	哥
八	哥	狗
八	大	元	老
八	大	菜	系
八	婆
八	字
八	字	命	理
八	字	形
八	字	步
八	字	眉
八	岐	大	蛇
八	度
八	廓
八	廓	街
八	成
八	戒
八	拜	之	交
八	斗	之	才
八	方
八	旗
八	旗	制	度
八	旗	子	弟
八	月
八	月	之	光
八	月	份
八	正	道
八	步
八	法
八	法	拳
八	疸
八	相	成	道
八	美
八	老
八	股
八	股	文
八	苦
八	角
八	角	床
八	角	形
八	角	茴	香
八	角	街
八	里
八	重	奏
八	音
八	音	盒
公	丈
公	主
公	主	抱
公	主	病
公	了
公	事
公	事	包
公	事	房
公	交
公	交	卡
公	交	站
公	仔
公	休
公	休	日
公	使
公	信	力
公	倍	式
公	假
公	允
公	元
公	元	前
公	克
公	公
公	共
公	共	交	通
公	共	休	息	室
公	共	假	期
公	共	安	全	罪
公	共	秩	序
公	共	行	政
公	共	道	德
公	出
公	函
公	分
公	分	母
公	判
公	制
公	募
公	勺
公	升
公	卿
公	司
公	司	三	明	治
公	司	治	理
公	司	法
公	合
公	告
公	哈
公	因	子
公	因	式
公	地
公	堂
公	墓
公	婆
公	子
公	安
公	安	局
公	安	部
公	室
公	害
公	宴
公	家
公	寓
公	寸
公	尺
公	屋
公	差
公	布
公	帑
公	平
公	平	交	易
公	平	合	理
公	府
公	式
公	式	化
公	引
公	德
公	德	心
公	心
公	房
公	投
公	推
公	撮
公	文
公	文	包
公	斗
公	斤
公	映
公	有
公	有	制
公	有	化
公	案
公	款
公	正
公	毫
公	民
公	民	投	票
公	法
公	派
公	海
公	演
公	然
公	然	表	示
公	燕
公	爵
公	爵	夫	人
公	爹
公	牛
公	物
公	犬
公	理
公	理	法
公	用
公	畜
公	益
公	益	金
公	知
公	石
公	示
公	社
公	祭
公	私
公	秉
公	租	房
公	立
公	章
公	筷
公	筷	母	匙
公	署
公	羊
公	羊	春	秋
公	而	忘	私
公	股
公	路
公	道
公	里
公	鹿
六	分	之	一
六	十
六	十	四	位	元
六	十	四	卦
六	十	年	代
六	合
六	合	八	法
六	合	彩
六	四
六	四	事	件
六	字	真	言
六	安
六	安	市
六	家
六	方
六	月
六	月	份
六	朝
六	朝	四	大	家
六	氟	化	硫
六	淫
六	甲
六	畜
六	碳	糖
六	神
六	腑
六	芒	星
六	角
六	角	形
六	角	星
六	角	螺	帽
六	邪
兮	兮
共	乘
共	事
共	享
共	刺	激
共	匪
共	同
共	同	主	持	人
共	同	利	益
共	同	基	金
共	同	社
共	和
共	和	制
共	和	派
共	商
共	存
共	存	性
共	工
共	建	房
共	形
共	性
共	情
共	振
共	有
共	模
共	模	抑	制	比
共	焦
共	犯
共	生
共	用
共	管
共	赴
共	通
共	通	性
共	面
兵	不	血	刃
兵	刃
兵	制
兵	力
兵	卒
兵	器
兵	士
兵	家
兵	家	常	事
兵	差
兵	役
兵	戈
兵	戎
兵	推
兵	棋	推	演
兵	法
兵	源
兵	痞
兵	站
兵	符
兵	船
兵	部
其	一
其	三
其	中
其	二
其	他
其	先
其	外
其	它
其	所
其	次
其	自	身
具	保
具	名
具	有
具	格
具	象
典	型
典	型	化
典	型	用	途
典	座
典	押
典	故
典	章
典	籍
典	藏
典	雅
兼	任
兼	具
兼	善	天	下
兼	容
兼	容	性
兼	差
兼	施
兼	有
兼	程
兼	而	有	之
兼	蓄
冉	冉
冉	冉	上	升
再	一	次
再	三
再	三	再	四
再	不
再	不	然
再	世
再	也
再	入
再	四
再	婚
再	嫁
再	就	是
再	平	衡
再	度
再	建
再	拜
再	改
再	次
再	版
再	犯
再	生
再	生	水
再	生	燃	料
再	生	父	母
再	生	稻
再	生	能	源
再	者
再	育
再	衰	三	竭
再	起
再	造
再	醮
冏	卿
冏	寺
冏	牧
冒	充
冒	冒	失	失
冒	名
冒	失
冒	失	鬼
冒	昧
冒	暑
冒	死
冒	火
冒	牌
冒	犯
冒	犯	者
冒	用
冒	雨
冕	冠
冕	雀
冗	位
冗	兵
冗	冗
冗	官
冗	散
冗	繁
冗	言
冗	食
冠	以
冠	冕
冠	冕	堂	皇
冠	名
冠	子
冠	心	病
冠	海	雀
冤	仇
冤	孽
冤	家
冤	家	路	窄
冤	屈
冤	情
冤	抑
冤	枉
冤	枉	路
冤	案
冤	死
冤	苦
冤	魂
冥	冥	之	中
冥	合
冥	婚
冥	府
冥	思	苦	想
冥	思	苦	索
冥	想
冥	王
冥	王	星
冥	界
冥	福
冥	道
冬	不	拉
冬	令
冬	夏
冬	天
冬	季
冬	山
冬	月
冬	歇	期
冬	烘
冬	瓜
冬	病	夏	治
冬	眠
冬	粉
冬	耕
冬	至
冬	菇
冬	菜
冬	衣
冬	青
冰	冷
冰	凌
冰	凝	器
冰	刀
冰	咖	啡
冰	品
冰	坨	子
冰	塔
冰	塔	林
冰	塞
冰	墩	墩
冰	壑
冰	天	雪	地
冰	封
冰	屋
冰	山
冰	山	一	角
冰	川
冰	川	期
冰	帽
冰	店
冰	心
冰	排
冰	斗
冰	晶
冰	晶	石
冰	期
冰	染	染	料
冰	柱
冰	桶
冰	棍
冰	棒
冰	棺
冰	橇
冰	毒
冰	水
冰	沙
冰	河
冰	河	期
冰	洞
冰	洲	石
冰	消	瓦	解
冰	淇	淋
冰	湖
冰	溜
冰	激	凌
冰	火
冰	炭	不	相	容
冰	爪
冰	片
冰	球
冰	硬
冰	碴
冰	窖
冰	箱
冰	糕
冰	糖
冰	船
冰	花
冰	菜
冰	蛋
冰	袋
冰	醋	酸
冰	隙
冰	雕
冰	雪
冰	雪	皇	后
冰	雹
冰	霜
冰	鞋
冶	天
冶	容
冶	金
冷	不	丁
冷	不	防
冷	傲
冷	僻
冷	冷
冷	冷	清	清
冷	冽
冷	切
冷	天
冷	奴
冷	媒
冷	字
冷	寂
冷	峻
冷	房
冷	敷
冷	敷	布
冷	暖
冷	暖	房
冷	暖	自	知
冷	暴	力
冷	森	森
冷	水
冷	水	江
冷	水	江	市
冷	汗
冷	淡
冷	清
冷	清	清
冷	漠
冷	盆
冷	眼
冷	笑
冷	若	冰	霜
冷	菜
冷	萃
冷	萃	咖	啡
冷	落
冷	藏
冷	藏	箱
冷	血
冷	遇
冷	酷
冷	面
冷	餐
冼	星	海
凄	梗
准	予
准	入
凋	敝
凋	落
凋	零
凌	兢
凌	夷
凌	志
凌	晨
凌	汛
凌	河
凌	波	舞
凌	海
凌	海	市
凌	源
凌	源	市
凌	空
凌	虐
凌	辱
凌	霄	花
凝	冰
凝	固
凝	望
凝	液
凝	睇
凝	神
凝	聚
凝	聚	力
凝	肩
凝	花	菜
凝	血
凝	血	素
凝	血	酶
凝	血	酶	原
凝	重
凝	集
凝	集	素
凡	事
凡	人
凡	例
凡	俗
凡	士	林
凡	士	通
凡	夫
凡	夫	俗	子
凡	庸
凡	得	瓦	力
凡	心
凡	是
凡	百
凡	立	水
凡	近
凡	高
凳	子
凶	事
凶	信
凶	兆
凶	光
凶	刀
凶	多	吉	少
凶	巴	巴
凶	年
凶	暴
凶	服
凶	焰
凶	狠
凶	荒
凸	凸
凸	出
凸	多	胞	形
凸	度
凸	性
凸	槌
凸	版
凸	版	印	刷
凸	耳
凸	起
凸	面
凹	入
凹	凸
凹	凸	不	平
凹	凸	印	刷
凹	凸	形
凹	凸	性
凹	凸	有	致
凹	坑
凹	岸
凹	度
凹	朴	皮
凹	槽
凹	洞
凹	版
凹	痕
凹	造	型
凹	陷
凹	雕
出	世
出	主	意
出	乎
出	乎	意	外
出	乎	意	料
出	了	事
出	事
出	亡
出	人	命
出	人	意	外
出	人	意	料
出	人	意	表
出	仕
出	任
出	份	子
出	伏
出	使
出	借
出	入
出	入	口
出	入	境
出	入	境	管	理	局
出	入	平	安
出	兵
出	其	不	意
出	具
出	列
出	力
出	勤
出	包
出	千
出	去
出	口
出	口	商
出	口	商	品
出	口	成	章
出	名
出	品
出	品	人
出	售
出	圈
出	土
出	境
出	外
出	大	差
出	奇
出	奔
出	嫁
出	官
出	家
出	家	人
出	尖
出	局
出	山
出	岔	子
出	巡
出	差
出	席
出	席	者
出	庭
出	彩
出	征
出	恭
出	息
出	手
出	招
出	拳
出	操
出	新
出	月
出	月	子
出	格
出	榜
出	毛	病
出	水
出	水	口
出	水	芙	蓉
出	汁
出	汗
出	洋
出	洋	相
出	活
出	海
出	淤	泥	而	不	染
出	清
出	港
出	溜
出	溜	屁
出	漏	子
出	演
出	版
出	版	商
出	版	物
出	版	社
出	版	者
出	生
出	生	入	死
出	生	地
出	生	日	期
出	生	率
出	生	缺	陷
出	界
出	示
出	神
出	神	入	化
出	租
出	糗
出	缺
出	罪
出	老	千
出	自
出	自	肺	腑
出	航
出	色
出	苗
出	草
出	菇
出	菜
出	菜	秀
出	落
出	血
出	血	性
出	行
出	言
出	警
出	走
出	超
出	路
出	身
出	迎
出	逃
出	道
出	院
出	露
出	面
出	鞘
出	餐
凼	子
凼	肥
函	人
函	件
函	大
函	子
函	授
函	送
刀	俎
刀	光	血	影
刀	具
刀	刃
刀	叉
刀	口
刀	塔
刀	子
刀	子	嘴	巴	，	豆	腐	心
刀	子	嘴	，	豆	腐	心
刀	客
刀	山	火	海
刀	工
刀	斧	手
刀	片
刀	疤
刀	背
刀	螂
刀	身
刀	郎
刀	鞘
刁	悍
刁	斗
刁	民
刁	滑
刃	具
分	一	杯	羹
分	久	必	合	，	合	久	必	分
分	之
分	享
分	光
分	光	光	度	法
分	克
分	公	司
分	列
分	列	式
分	割
分	力
分	包
分	化
分	升
分	叉
分	句
分	地
分	外
分	娩
分	子
分	子	式
分	子	料	理
分	子	量
分	宜
分	家
分	寸
分	封
分	封	制
分	局
分	居
分	屏
分	岔
分	工
分	店
分	度
分	形
分	心
分	成
分	房
分	所
分	手
分	手	代	理
分	手	炮
分	批
分	拆
分	掉
分	支
分	散
分	散	和	弦
分	散	式
分	文
分	文	不	取
分	明
分	期
分	期	付	款
分	析
分	析	人	士
分	析	器
分	析	家
分	析	法
分	枝
分	校
分	桃
分	歧
分	段
分	母
分	毫
分	毫	之	差
分	治
分	泌
分	泌	物
分	波	多	工
分	洪
分	派
分	流
分	清
分	班
分	瓦
分	相
分	社
分	神
分	租
分	立
分	站
分	管
分	米
分	而	治	之
分	肥
分	色
分	蘖
分	行
分	袂
分	裂
分	角	器
分	解
分	解	作	用
分	身
分	辨
分	辨	率
分	述
分	送
分	部
分	配
分	配	器
分	配	律
分	野
分	量
分	隔
分	音	符
分	餐
切	·	格	瓦	拉
切	中
切	中	要	害
切	入
切	刀
切	分	音
切	切
切	削
切	割
切	勿
切	口
切	合
切	向
切	向	力
切	向	速	度
切	向	量
切	尼
切	平	面
切	忌
切	成
切	望
切	末
切	杆
切	激
切	片
切	牙
切	痛
切	盼
切	碎
切	磋
切	磋	琢	磨
切	糕
切	肉	刀
切	腹
切	莫
切	菜	板
切	要
切	身
切	近
切	迫
切	除
切	面
切	音
切	骨	之	仇
刈	包
刈	羽
刊	印
刊	正
刊	物
刊	登
刊	行
刑	事
刑	事	局
刑	事	拘	留
刑	事	法	庭
刑	事	法	院
刑	事	犯
刑	事	犯	罪
刑	事	警	察
刑	事	警	察	局
刑	人
刑	具
刑	名
刑	堂
刑	天
刑	庭
刑	律
刑	戮
刑	房
刑	拘
刑	期
刑	杖
刑	案
刑	求
刑	法
刑	舂
刑	警
刑	辱
刑	部
划	子
划	拉
划	拳
划	算
划	船
划	艇
列	位
列	侯
列	克
列	入
列	兵
列	出
列	印
列	子
列	席
列	弗
列	支	敦	士	登
列	支	敦	斯	登
列	明
列	星
列	治	文
列	缺
列	表
初	一
初	三
初	中
初	中	生
初	二
初	伏
初	估
初	冬
初	升
初	夏
初	夜
初	始
初	始	化
初	婚
初	小
初	年
初	心
初	探
初	文
初	更
初	期
初	次
初	步
初	潮
初	犯
初	生
初	秋
初	稿
初	等
初	等	教	育
初	衷
初	露
判	令
判	例
判	例	法
判	刑
判	官
判	定
判	明
判	然
判	罪
判	袂
刨	冰
刨	刀
刨	子
刨	工
刨	床
刨	根
刨	程
刨	花
刨	花	板
利	事
利	什	曼	病
利	他
利	他	林
利	他	能
利	令	智	昏
利	伯	曼
利	刀
利	刃
利	口	酒
利	器
利	基
利	多
利	多	卡	因
利	奈	唑	胺
利	好
利	害
利	尿
利	川
利	川	市
利	己
利	市
利	弊
利	得
利	息
利	息	率
利	手
利	民
利	津
利	爪
利	物	浦
利	率
利	用
利	益
利	空
利	索
利	落
利	辛
利	隆	圭
利	雅	得
利	雅	德
利	默	里	克
刮	刀
刮	刮	卡
刮	勺
刮	掉
刮	擦
刮	痧
刮	皮	刀
刮	目	相	待
刮	目	相	看
刮	蹭
到	不	行
到	了
到	付
到	任
到	位
到	家
到	底
到	得
到	手
到	期
到	期	收	益	率
到	期	日
到	案
到	此
制	伏
制	定
制	度
制	度	化
制	式
制	式	化
制	服
制	服	呢
制	止
制	衡
制	裁
制	霸
刷	入
刷	卡
刷	夜
刷	子
刷	屏
刷	扣
刷	新
刷	洗
刷	爆
刷	牙
券	商
刺	中
刺	五	加
刺	刀
刺	刺	不	休
刺	史
刺	字
刺	客
刺	戟
刺	戳
刺	探
刺	柏
刺	桐
刺	梨
刺	棱
刺	槐
刺	死
刺	激
刺	激	性
刺	激	物
刺	痛
刺	目
刺	眼
刺	破
刺	穿
刺	耳
刺	胞
刺	花
刺	芹	菇
刺	身
刺	青
刺	骨
刺	鼻
刻	刀
刻	印
刻	奇
刻	度
刻	意
刻	意	求	工
刻	本
刻	板
刻	板	印	象
刻	毒
刻	版
刻	痕
刻	苦
刻	薄
刻	薄	寡	恩
刻	骨
刻	骨	相	思
剁	碎
剃	刀
剃	度
削	尖
削	弱
削	波
削	球
削	瘦
削	籍
削	除
剋	架
前	一	向
前	一	天
前	三	甲
前	不	久
前	世
前	事
前	些
前	人
前	件
前	任
前	例
前	兆
前	冠
前	列
前	列	腺
前	列	腺	炎
前	列	腺	素
前	半	夜
前	半	天
前	半	晌
前	半	生
前	叉
前	咽
前	哨
前	因
前	夕
前	夜
前	天
前	夫
前	奏
前	奏	曲
前	女	友
前	妻
前	嫌
前	年
前	庭
前	庭	窗
前	廊
前	往
前	情
前	房	角
前	所	未	有
前	排
前	掠	翼
前	提
前	揭
前	方
前	方	高	能
前	日
前	晌
前	景
前	景	可	期
前	朝
前	期
前	桅
前	此
前	段
前	沿
前	燕
前	生
前	田
前	甲	板
前	男	友
前	瞻
前	瞻	性
前	科
前	秦
前	程
前	空	翻
前	端
前	置
前	翅
前	者
前	肢
前	胃
前	胸
前	腿
前	臂
前	茅
前	菜
前	行
前	言
前	路
前	身
前	述
前	途
前	途	未	卜
前	途	渺	茫
前	部
前	金
前	院
前	面
前	首	相
前	鼻	音
剔	牙
剔	透
剔	除
剖	析
剖	白
剖	腹
剖	腹	藏	珠
剖	解
剖	面
剞	劂
剩	下
剩	女
剩	磁
剩	菜
剪	刀
剪	刀	差
剪	刀	手
剪	切
剪	切	力
剪	切	板
剪	力
剪	子
剪	彩
剪	影
剪	成
剪	掉
剪	接
剪	映
剪	枝
剪	片
剪	草	除	根
剪	裁
剪	除
副	主	任
副	主	席
副	作	用
副	刊
副	司	令
副	品
副	官
副	室
副	手
副	教	授
副	本
副	歌
副	法	向	量
副	理
副	相
副	科
副	翼
副	菜
副	食
副	食	品
副	黏	液	病	毒
割	包
割	包	皮
割	取
割	席
割	接
割	肉
割	腕
割	草
割	裂
割	除
割	韭	菜
剽	悍
剿	匪
劈	叉
劈	啪
劈	情	操
劈	手
劈	柴
劈	理
劈	空	扳	害
劈	腿
劈	裂
劈	面
劐	弄
力	主
力	作
力	促
力	保
力	保	健
力	偶
力	克
力	士
力	帆
力	度
力	征
力	心
力	戒
力	所	不	及
力	所	能	及
力	拓
力	拚
力	挫
力	挺
力	攻
力	有	未	逮
力	比	多
力	求
力	波
力	畜
力	矩
力	臂
力	行
力	道
力	量
力	量	均	衡
力	阻
功	令
功	利
功	到	自	然	成
功	力
功	名
功	夫
功	夫	流	感
功	夫	球
功	夫	病	毒
功	夫	茶
功	底
功	德
功	成	不	居
功	成	名	就
功	放
功	效
功	烈
功	率
功	用
功	罪
功	耗
功	能
功	能	性
功	能	性	磁	共	振	成	像
功	能	群
功	能	表
功	能	集
功	臣
功	莫	大	焉
功	高	望	重
加	上
加	之
加	人	一	等
加	以
加	俸
加	倍
加	值
加	入
加	冕
加	冠
加	冰
加	分
加	利	利
加	加	林
加	勒	比
加	勒	比	海
加	和
加	哩
加	固
加	大
加	大	力	度
加	大	努	力
加	央
加	委
加	官
加	害
加	密
加	封
加	州
加	工
加	工	成	本
加	彭
加	德	士
加	德	西
加	快
加	急
加	息
加	意
加	拉	加	斯
加	拉	巴	哥	斯
加	拉	罕
加	拿	大
加	拿	大	皇	家
加	拿	大	雁
加	持
加	料
加	氟
加	沃	特
加	沙
加	油
加	油	工
加	油	添	醋
加	油	站
加	法
加	注
加	派
加	深
加	深	印	象
加	深	理	解
加	添
加	演
加	特	林
加	班
加	甜
加	百	列
加	的	夫
加	的	斯
加	盟
加	盟	店
加	粗
加	航
加	蓬
加	薪
加	藤
加	辣
加	速
加	速	器
加	速	度
加	速	踏	板
加	里
加	里	曼	丹
加	里	波	第
加	重
加	餐
加	麻	大
劣	汰
劣	等
助	一	臂	之	力
助	力
助	威
助	手
助	手	席
助	推
助	推	火	箭
助	攻
助	教
助	理
助	益
助	眠
助	跑
努	克
努	出
努	力
努	力	以	赴
努	嘴
努	瓦	克	肖	特
努	美	阿
劫	匪
劫	囚
劫	寨
劫	持
劫	持	者
劫	掠
劫	波
劫	洗
劫	色
劫	道
勃	列	日	涅	夫
勃	利
勃	勃
勃	固
勃	固	河
勃	拉	姆	斯
勃	朗	峰
勃	海
勃	然
勃	然	大	怒
勃	艮	第
勃	起
勇	力
勇	士
勇	往	直	前
勇	悍
勇	敢
勇	武
勇	猛
勇	略
勉	力
勐	海
勒	令
勒	克	斯
勒	威	耶
勒	戒
勒	斯	波	斯
勒	死
勒	索
勒	索	罪
勒	脖	子
勒	逼
勘	定
勘	察
勘	察	加
勘	探
勘	正
勘	界
勘	破
募	化
募	捐
募	款
募	集
勠	力
勤	力
勤	勉
勤	勤
勤	密
勤	快
勤	政	廉	政
勤	王
勤	苦
勺	子
勾	三	搭	四
勾	人
勾	出
勾	勒
勾	引
勾	手
勾	拳
勾	搭
勾	玉
勾	留
勾	破
勾	股	定	理
勾	肩	搭	背
勾	芡
勾	走
勾	起
勾	通
勾	魂
勿	c	u	e
勿	忘	我
勿	求	人
包	乘
包	乘	制
包	二	奶
包	伙
包	住
包	公
包	剿
包	包
包	吃	包	住
包	含
包	商
包	囊
包	在	我	身	上
包	埋
包	夜
包	子
包	子	有	肉	不	在	褶	上
包	容
包	容	心
包	封
包	工
包	巾
包	庇
包	待	制
包	心	菜
包	房
包	打	天	下
包	承	制
包	抄
包	括
包	拯
包	探
包	月
包	河
包	治	百	病
包	活
包	涵
包	皮
包	票
包	租
包	管
包	粟
包	船
包	茅
包	荒
包	菜
包	藏
包	衣
包	袋
包	被
包	袱
包	裹
包	豪	斯
包	身	工
包	退
包	里	斯
包	金
包	青	天
匆	促
匆	匆
匆	忙
匆	猝
匆	遽
匈	奴
匈	牙	利
匍	匐
匕	首
化	作
化	合
化	合	物
化	名
化	外
化	子
化	州
化	州	市
化	工
化	德
化	日
化	武
化	油	器
化	用
化	痰
化	石
化	石	燃	料
化	石	群
化	肥
化	蛹
化	解
化	身
北	上
北	二	外
北	京
北	京	人
北	京	咳
北	京	市
北	京	猿	人
北	京	音
北	伐
北	佬
北	冕	座
北	冰	洋
北	半	球
北	史
北	周
北	圻
北	坡
北	埔
北	塔
北	外
北	大
北	大	荒
北	大	西	洋
北	威	州
北	安
北	安	市
北	安	普	敦
北	宋
北	屯
北	屯	市
北	山
北	山	羊
北	川
北	市
北	布	拉	班	特
北	平
北	征
北	戴	河
北	投
北	斗
北	斗	七	星
北	斗	星
北	方
北	方	佬
北	方	邦
北	朝
北	朱	雀
北	林
北	柴	胡
北	江
北	汽
北	洋
北	洋	政	府
北	洋	系
北	派	螳	螂	拳
北	流
北	流	市
北	海
北	海	市
北	海	道
北	港
北	漂
北	燕
北	疆
北	碚
北	票
北	票	市
北	端
北	竿
北	美
北	美	洲
北	苑
北	角
北	越
北	辰
北	邙
北	部
北	非
北	面
北	魏
北	鼻
匝	月
匝	道
匠	心
匡	扶	社	稷
匡	正
匣	子
匪	夷	所	思
匪	巢
匪	徒
匪	穴
匪	首
匹	偶
匹	克
匹	克	球
匹	夫
匹	配
匿	名
匿	影	藏	形
十	一
十	一	月
十	一	月	份
十	一	路
十	七
十	三
十	三	日
十	之	八	九
十	九
十	二
十	二	分
十	二	地	支
十	二	平	均	律
十	二	支
十	二	星	座
十	二	月
十	二	月	份
十	二	角	形
十	五
十	位
十	倍
十	克
十	全
十	全	十	美
十	八
十	六
十	六	位	元
十	六	烷	值
十	分
十	分	之	一
十	四
十	堰
十	堰	市
十	天	干
十	字
十	字	形
十	字	架
十	字	架	刑
十	字	花	科
十	字	路	口
十	常	侍
十	干
十	成
十	戒
十	月
十	月	份
十	月	革	命
十	有	八	九
十	角	形
十	足
十	面	埋	伏
千	伏
千	位
千	位	元
千	佛	洞
千	兆
千	克
千	分	尺
千	卡
千	古
千	古	罪	人
千	周
千	夫
千	奇	百	怪
千	字	文
千	帕
千	年
千	焦
千	瓦
千	禧	一	代
千	禧	年
千	秋
千	篇	一	律
千	米
千	赫
千	里
千	里	之	外
千	里	眼
千	里	迢	迢
千	金
千	金	方
千	金	要	方
升	上
升	任
升	值
升	入
升	堂	入	室
升	天
升	官
升	市
升	幅
升	序
升	息
升	斗
升	斗	小	民
升	旗
升	格
升	汞
升	空
升	起
升	遐
升	降
升	高
午	休
午	前
午	夜
午	安
午	宴
午	睡
午	餐
午	餐	肉
半	中	腰
半	乳	糖
半	乳	糖	血	症
半	信	半	疑
半	分
半	半	拉	拉
半	吊	子
半	坡
半	坡	村
半	壁	江	山
半	壁	河	山
半	夏
半	夜
半	夜	三	更
半	大
半	大	不	小
半	大	小	子
半	天
半	官	方
半	封	建
半	封	建	半	殖	民	地
半	年
半	懂	不	懂
半	成	品
半	截
半	截	衫
半	打
半	托
半	拉
半	拱
半	排	出	期
半	推	半	就
半	文	盲
半	旗
半	日	工	作
半	晌
半	月
半	月	刊
半	月	板
半	月	瓣
半	桶	水
半	死
半	殖	民	地
半	流	食
半	熟
半	熟	蛋
半	球
半	瓶	子	醋
半	瓶	醋
半	生
半	生	不	熟
半	白
半	百
半	真	半	假
半	神
半	票
半	空
半	空	中
半	糖	夫	妻
半	翅	目
半	老	徐	娘
半	胱	氨	酸
半	腰
半	腱	肌
半	膜	肌
半	衰	期
半	裸
半	跏	坐
半	路
半	路	出	家
半	蹲
半	身	不	遂
半	身	像
半	透	明
半	途
半	通	不	通
半	音
半	音	程
半	麻	醉
卑	下
卑	不	足	道
卑	以	自	牧
卑	劣
卑	卑	不	足	道
卑	南
卑	南	族
卑	微
卑	怯
卑	污
卑	躬	屈	膝
卑	鄙
卑	陋
卒	中
卓	乎	不	群
卓	尼
卓	有	成	效
卓	溪
卓	然
卓	著
卓	越
南	三	角	座
南	下
南	丹
南	乳
南	京
南	京	市
南	京	路
南	充
南	充	市
南	冕	座
南	冰	洋
南	北
南	北	朝
南	北	美
南	十	字	座
南	半	球
南	召
南	史
南	和
南	唐
南	坡
南	城
南	大
南	大	洋
南	安
南	安	市
南	安	普	敦
南	宋
南	定
南	山
南	岸
南	川
南	州
南	希
南	平
南	平	市
南	庄
南	征
南	征	北	伐
南	投
南	投	市
南	拳
南	斯	拉	夫
南	方
南	方	古	猿
南	方	周	末
南	昌
南	昌	市
南	明
南	普	陀	寺
南	朝
南	朝	宋
南	朝	梁
南	木	林
南	江
南	沙
南	洋
南	派	螳	螂
南	浦	市
南	海
南	海	子
南	港
南	湖
南	漳
南	澳
南	燕
南	特
南	瓜
南	疆
南	皮
南	盟
南	票
南	端
南	竹
南	竿
南	箕	北	斗
南	美
南	美	梨
南	美	洲
南	航
南	芬
南	苑
南	越
南	迦	巴	瓦	峰
南	通
南	通	市
南	部
南	郭
南	陵
南	雄
南	雄	市
南	靖
南	非
南	非	茶
南	面
南	高	加	索
博	世
博	主
博	伊	西
博	友
博	取
博	古
博	古	通	今
博	士
博	士	山
博	士	生
博	士	茶
博	大
博	大	精	深
博	客
博	客	圈
博	山
博	弈
博	彩
博	徒
博	得
博	德
博	文
博	斯	沃	思
博	望
博	格
博	格	多
博	湖
博	物
博	物	院
博	登	湖
博	白
博	眼	球
博	福	斯
博	美	犬
博	而	不	精
博	蒂
博	蒙	特
博	野
博	雅
卜	卜	米
卜	占
卜	卦
卜	宅
卜	居
卜	征
卜	甲
卜	筮
卜	骨
卟	吩
卟	啉
占	位	符
占	卜
占	地
占	地	方
占	城
占	婆
占	族
占	星
占	星	家
占	比
卡	介	苗
卡	他
卡	仙	尼
卡	位
卡	住
卡	其
卡	利	卡	特
卡	利	科
卡	司
卡	哇	伊
卡	夫
卡	夫	卡
卡	奴
卡	子
卡	宴
卡	尺
卡	尼	丁
卡	巴	斯	基
卡	帕
卡	座
卡	式
卡	恩
卡	扎	菲
卡	扣
卡	拉
卡	拉	O	K
卡	拉	什	尼	科	夫
卡	拉	卡	斯
卡	拉	奇
卡	拉	姆	昌	德
卡	拉	季	奇
卡	拉	比	拉
卡	文	迪	什
卡	斯	特	利	翁
卡	斯	特	里
卡	斯	翠
卡	方
卡	昂
卡	桑	德	拉
卡	森	城
卡	榫
卡	槽
卡	死
卡	波	耶	拉
卡	波	西	氏	肉	瘤
卡	洛	娜
卡	洛	斯
卡	片
卡	牌
卡	特
卡	特	彼	勒	公	司
卡	珊	德	拉
卡	瓦	斯
卡	瓦	格	博	峰
卡	秋	莎
卡	美	拉
卡	美	洛
卡	脖	子
卡	西	尼
卡	西	莫	夫
卡	路	里
卡	通
卯	兔
卯	榫
卯	眼
印	信
印	刷
印	刷	品
印	刷	所
印	刷	版
印	刷	者
印	刷	量
印	加
印	古	什
印	堂
印	堂	穴
印	太
印	子
印	尼
印	尼	盾
印	巴
印	度
印	度	人
印	度	支	那
印	度	教
印	度	教	徒
印	度	斯	坦
印	度	河
印	度	洋
印	度	航	空	公	司
印	度	鬼	椒
印	度	－	雅	利	安
印	戒
印	把	子
印	支
印	支	期
印	本
印	染
印	次
印	江
印	泥
印	版
印	痕
印	盒
印	章
印	第	安
印	第	安	人
印	第	安	座
印	航
印	花
印	行
印	象
印	象	分
印	象	派
印	鼠	客	蚤
印	鼻
危	亡
危	及
危	困
危	在	旦	夕
危	境
危	如	朝	露
危	如	累	卵
危	害
危	害	性
危	局
危	急
危	性
危	房
危	殆
危	而	不	持
危	若	朝	露
危	言	危	行
危	迫
危	途
危	重
危	重	病	人
即	付
即	令
即	位
即	使
即	便
即	刻
即	可
即	如
即	席
即	或
即	插	即	用
即	日
即	早
即	期	品
即	溶	咖	啡
即	由
即	食
卵	子
卵	巢
卵	形
卵	模
卵	泡
卵	石
卵	磷	脂
卵	精	巢
卵	裂
卵	鞘
卷	刃
卷	地	皮
卷	子
卷	宗
卷	尺
卷	尾	猴
卷	巴
卷	帙
卷	帙	浩	繁
卷	心	菜
卷	舌	元	音
卷	裹
卸	下
卸	任
卸	套
卸	扣
卸	除
卿	卿	我	我
厂	字	旁
厄	什	塔
厄	境
厄	娃
厄	洛	斯
厄	瓜	多
厗	奚
厘	金
厚	古	薄	今
厚	底	鞋
厚	度
厚	待
厚	望
厚	朴
厚	此	薄	彼
厚	死	薄	生
厚	生	相
厚	生	省
厚	薄
厚	道
厚	重
原	人
原	件
原	位
原	住	民
原	住	民	族
原	作
原	作	版
原	先
原	典	版
原	初
原	原	本	本
原	名
原	告
原	味
原	唱
原	因
原	地
原	地	踏	步
原	址
原	型
原	始
原	始	人
原	始	林
原	委
原	子
原	子	堆
原	子	核
原	子	武	器
原	子	能
原	子	量
原	定
原	居
原	州
原	平
原	平	市
原	形
原	意
原	文
原	料
原	有
原	木
原	本
原	材	料
原	核
原	核	生	物
原	核	生	物	界
原	水
原	汁
原	汁	原	味
原	油
原	煤
原	牛
原	物	料
原	理
原	生
原	生	家	庭
原	生	生	物
原	田
原	稿
原	籍
原	罪
原	色
原	著
原	被	告
原	貌
原	道
原	配
原	野
去	世
去	中	心	化
去	你	的
去	信
去	光	水
去	其	糟	粕
去	冰
去	取
去	向
去	向	不	明
去	回	票
去	年
去	年	底
去	得
去	掉
去	暑
去	根
去	死
去	氧	核	糖	核	酸
去	污
去	污	名	化
去	火
去	留
去	皮
去	皮	重
去	程
去	耦
去	路
去	逝
去	重
去	除
去	骨
去	魅
又	一	次
又	及
又	名
叉	乘
叉	勺
叉	圈
叉	子
叉	形
叉	架
叉	簧
叉	腰
及	其
及	早
及	格
及	物
及	笄
及	第
及	耳
及	至
友	人
友	商
友	善
友	好
友	悌
友	情
友	邦
反	串
反	之
反	之	亦	然
反	人	道	罪
反	人	道	罪	行
反	作	用
反	作	用	力
反	例
反	倒
反	光
反	光	面
反	共
反	其	道	而	行	之
反	分	裂	法
反	切
反	制
反	剪
反	叛
反	叛	分	子
反	口
反	右
反	向
反	咬	一	口
反	哺
反	嘴
反	噬
反	坐
反	坦	克
反	坫
反	基	督
反	季
反	射
反	射	作	用
反	射	光
反	射	弧
反	射	面
反	差
反	帝
反	常
反	式
反	式	脂	肪
反	式	脂	肪	酸
反	思
反	恐
反	悔
反	感
反	手
反	托	拉	斯
反	抗
反	抗	者
反	掌
反	接
反	撞
反	攻
反	政	府
反	散	射
反	文	旁
反	斜	杠
反	方
反	日
反	映
反	智
反	曲	弓
反	核
反	正
反	比
反	水
反	污
反	派
反	清
反	演
反	照
反	照	率
反	特
反	白
反	目
反	目	成	仇
反	相
反	相	器
反	省
反	空	降
反	粒	子
反	美
反	美	是	工	作	赴	美	是	生	活
反	而
反	胃
反	腐
反	腐	倡	廉
反	英
反	英	雄
反	袁
反	角
反	赤	道	流
反	走	私
反	超
反	身
反	酸
反	面
反	面	人	物
反	面	教	材
反	革	命
反	骨
反	高	潮
叔	丈	人
叔	丈	母
叔	伯
叔	公
叔	叔
叔	婆
叔	子
叔	岳
叔	母
叔	父
叔	祖
叔	祖	母
取	代
取	代	基
取	件
取	保
取	信
取	出
取	名
取	向
取	回
取	巧
取	得
取	得	一	致
取	景
取	景	器
取	景	框
取	暖
取	材
取	模
取	款
取	水
取	消
取	火
取	用
取	笑
取	而	代	之
取	走
取	道
受	不	了
受	主
受	事
受	享
受	任
受	保	人
受	俸
受	刑
受	刑	人
受	到
受	制
受	取
受	命
受	困
受	孕
受	害
受	害	人
受	害	者
受	寒
受	封
受	得	了
受	性
受	惠
受	戒
受	持
受	挫
受	控
受	支	配
受	教
受	暑
受	格
受	洗
受	洗	命	名
受	浸
受	潮
受	理
受	用
受	病
受	益
受	益	人
受	看
受	知
受	窘
受	精
受	精	卵
受	精	囊
受	累
受	罪
受	聘
受	胎
受	膏
受	苦
受	虐
受	虐	狂
受	辱
受	追	捧
受	阻
受	降
受	限
叛	匪
叛	徒
叛	教
叛	逃
叛	逆
叛	逆	者
口	交
口	令
口	供
口	信
口	出	狂	言
口	北
口	吃
口	吐	毒	焰
口	吻
口	味
口	哨
口	器
口	嚼	酒
口	子
口	射
口	岸
口	弦
口	彩
口	德
口	快	心	直
口	感
口	才
口	技
口	技	表	演	者
口	播
口	是	心	非
口	服
口	服	液
口	欲	期
口	水
口	水	仗
口	水	佬
口	水	歌
口	沫
口	活
口	淫
口	渴
口	湖
口	爆
口	琴
口	甜
口	白
口	皮
口	眼	歪	斜
口	碑
口	福
口	簧
口	簧	琴
口	糊
口	罩
口	腔
口	腔	炎
口	腹
口	臭
口	舌
口	蘑
口	袋
口	袋	妖	怪
口	袋	罪
口	角
口	足	目
口	蹄	疫
口	述
口	音
口	香	糖
口	鼻
古	丈
古	交
古	交	市
古	人
古	今
古	今	中	外
古	代
古	代	史
古	典
古	典	派
古	冶
古	北	界
古	史
古	吉	拉	特
古	吉	拉	特	邦
古	地	磁
古	坑
古	城
古	堡
古	塔
古	墓
古	墓	葬	群
古	奇
古	字
古	宅
古	巴
古	怪
古	惑	仔
古	拉	格
古	文
古	文	明
古	斯	塔	夫	·	多	雷
古	新	世
古	方
古	早
古	早	味
古	昔
古	板
古	柯
古	根	海	姆
古	根	罕
古	波
古	浪
古	物
古	特	雷	斯
古	玩
古	玩	店
古	琴
古	生	代
古	生	物
古	田
古	登	堡
古	稀
古	籍
古	老
古	老	肉
古	色	古	香
古	董
古	道
古	都
古	里	古	怪
古	雅	典
古	音
句	型
句	子
句	容
句	容	市
句	式
句	法
句	法	分	析
句	群
句	逗
句	首
另	一
另	一	半
另	一	方	面
另	加
另	外
另	存
另	寄
另	有
另	案
另	用
另	眼	相	看
另	行
另	行	通	知
叨	叨
叨	念
叩	拜
叩	球
叩	首
只	好
只	得
只	怕
只	是
只	有
只	消
只	知	其	一	，	不	知	其	二
只	管
只	能
只	要
叫	作
叫	做
叫	停
叫	喊
叫	嚷
叫	好
叫	屈
叫	床
叫	早
叫	春
叫	板
叫	法
叫	牌
叫	花	子
叫	苦
叫	苦	不	迭
叫	道
叫	醒
召	募
召	回
召	妓
召	陵
召	集
召	集	人
叭	啦	狗
叮	叮
叮	咚
叮	咬
可	一	而	不	可	再
可	不
可	不	是
可	人
可	以
可	作
可	信
可	信	任
可	信	度
可	再	生
可	分
可	加
可	卡	因
可	取
可	口
可	可
可	可	托	海
可	可	米
可	可	粉
可	可	脂
可	可	西	里
可	吃
可	否
可	哀
可	喜
可	嘉
可	回	收
可	堪
可	塑	性
可	好
可	容	忍
可	尊	敬
可	就
可	展	曲	面
可	巧
可	待	因
可	得	到
可	微
可	心
可	心	如	意
可	念
可	怕
可	怪
可	恃
可	恨
可	悲
可	惜
可	想	像
可	想	而	知
可	憎
可	懂	度
可	接	受	性
可	控	硅
可	掬
可	支	付	性
可	支	配	收	入
可	敬
可	是
可	望
可	望	有	成
可	望	而	不	可	及
可	欺
可	歌	可	泣
可	比
可	汗
可	溶
可	溶	性
可	燃
可	燃	冰
可	燃	性
可	畏
可	疑
可	疑	分	子
可	看
可	知
可	移	植
可	移	植	性
可	笑
可	耕	地
可	能
可	能	性
可	蠢
可	行
可	行	性
可	行	性	研	究
可	解
可	言
可	身
可	逆
可	逆	性
可	通
可	遇	不	可	求
可	鄙
可	采	性
可	靠
可	靠	性
可	食
台	下
台	伯	河
台	克	球
台	前
台	北
台	北	市
台	南
台	商
台	妹
台	安
台	客
台	山
台	山	市
台	州
台	州	市
台	座
台	式
台	江
台	球
台	球	桌
台	盟
台	磅
台	端
台	股
台	菜
台	西
叱	呵
叱	咄
叱	咤
叱	喝
史	上
史	丹	佛
史	前
史	前	人
史	前	古	器	物
史	努	比
史	卓
史	奴	比
史	威	士
史	官
史	家
史	密	斯
史	思	明
史	料
史	普	尼	克
史	泰	博
史	瓦	帝	尼
史	瓦	辛	格
史	籀	篇
史	籍
史	臣
史	蒂	夫
史	蒂	文
史	蒂	文	斯
史	蒂	芬	·	哈	珀
史	迪	威
史	高	比	耶
史	黛	西
右	上
右	下
右	手
右	撇	子
右	方
右	江
右	派
右	派	分	子
右	玉
右	翼
右	舵
右	舷
右	袒
右	面
右	首
司	令
司	令	官
司	令	部
司	南
司	各	特
司	寇
司	康
司	徒
司	徒	雷	登
司	法
司	法	官
司	法	部
司	法	院
司	祭
司	空
司	陶	特
叻	沙
吁	吁
吃	不	上
吃	不	下
吃	不	住
吃	不	服
吃	不	消
吃	了	定	心	丸
吃	人
吃	住
吃	刀
吃	力
吃	吃
吃	味
吃	喝
吃	喝	拉	撒	睡
吃	回	扣
吃	土
吃	奶
吃	奶	之	力
吃	完
吃	官	司
吃	布
吃	席
吃	得	住
吃	得	消
吃	拿	卡	要
吃	掉
吃	播
吃	案
吃	水
吃	水	不	忘	挖	井	人
吃	水	不	忘	掘	井	人
吃	油
吃	法
吃	灰
吃	瓜
吃	白	食
吃	的
吃	相
吃	穿
吃	素
吃	苦
吃	草
吃	藕
吃	角	子	老	虎
吃	豆	人
吃	豆	腐
吃	豆	豆
吃	醋
吃	重
吃	霸	王	餐
吃	食
吃	香
吃	香	喝	辣
各	不	相	同
各	人
各	位
各	取	所	需
各	地
各	奔	前	程
各	就	各	位
各	得	其	所
各	打	五	十	大	板
各	拉	丹	冬	山
各	拉	丹	冬	峰
各	方
各	族	人	民
各	有	千	秋
各	有	所	好
各	界
各	界	人	士
各	自
各	色
各	行	其	是
吆	五	喝	六
吆	呼
吆	喊
吆	喝
合	一
合	上
合	乎
合	乎	情	理
合	伙
合	伙	人
合	作
合	作	伙	伴
合	作	化
合	作	市
合	作	方
合	作	社
合	作	者
合	共
合	力
合	十
合	取
合	吃	族
合	同
合	同	各	方
合	同	法
合	唱
合	四	乙	尺	工
合	奏
合	婚
合	子
合	字
合	宜
合	家
合	山
合	山	市
合	川
合	式
合	影
合	心
合	情	合	理
合	意
合	成
合	成	器
合	成	法
合	成	物
合	成	石	油
合	成	革
合	扇
合	手
合	抱
合	拍
合	掌
合	掌	瓜
合	格
合	水
合	江
合	法
合	法	化
合	法	性
合	流
合	浦
合	演
合	照
合	理
合	理	化
合	理	性
合	璧
合	用
合	眼
合	眼	摸	象
合	租
合	算
合	群
合	聘
合	股
合	肥
合	肥	市
合	著
合	葬
合	身
合	金
合	院
合	集
合	音
吉	事
吉	事	果
吉	人	天	相
吉	人	自	有	天	相
吉	他
吉	他	手
吉	伯	特	氏	症	候	群
吉	佳	利
吉	兆
吉	凶
吉	列
吉	利
吉	利	丁
吉	利	服
吉	勒
吉	卜	力	工	作	室
吉	士
吉	士	粉
吉	大	港
吉	娃	娃
吉	它
吉	安
吉	安	市
吉	尼	斯
吉	州
吉	州	郡
吉	布	地
吉	布	提
吉	恩
吉	打
吉	拉	尼
吉	拉	德
吉	日
吉	普
吉	普	斯	夸
吉	木	乃
吉	本	斯
吉	林
吉	林	市
吉	林	省
吉	水
吉	特	巴
吉	田
吉	百	利
吉	祥
吉	祥	物
吉	米
吉	莫
吉	迪	恩
吉	里	巴	斯
吉	野
吉	野	家
吉	隆
吉	隆	坡
吉	首
吉	首	市
吊	具
吊	唁
吊	嗓	子
吊	塔
吊	床
吊	扇
吊	打
吊	扣
吊	斗
吊	杆
吊	梯
吊	死
吊	死	鬼
吊	牌
吊	球
吊	瓶
吊	瓶	族
吊	窗
吊	索
吊	胃	口
吊	膀	子
吊	起
同	一
同	上
同	事
同	人
同	仁
同	仁	堂
同	伙
同	伴
同	位
同	位	素
同	僚
同	功
同	化
同	化	作	用
同	卵
同	名
同	名	同	姓
同	喜
同	在
同	型	性
同	型	配	子
同	堂
同	好
同	妻
同	婚
同	字	框
同	安
同	宗	同	源
同	室	操	戈
同	居
同	屋
同	工
同	工	同	酬
同	年
同	床	共	枕
同	德
同	心
同	心	同	德
同	志
同	性
同	性	相	斥
同	情
同	情	者
同	意
同	感
同	房
同	日
同	期
同	框
同	案	犯
同	桌
同	款
同	步
同	步	加	速	器
同	比
同	江
同	江	市
同	治
同	流	合	污
同	源
同	犯
同	班
同	理
同	理	心
同	甘	共	苦
同	甘	苦
同	盟
同	知
同	窗
同	符	合	契
同	等
同	翅	目
同	胞
同	胞	兄	妹
同	花
同	蒙	其	利
同	行
同	袍
同	路
同	路	人
同	道
同	道	中	人
同	道	者
同	配	生	殖
同	量
同	音
同	音	字
名	下
名	人
名	人	堂
名	伶
名	位
名	作
名	分
名	列
名	列	前	茅
名	利
名	刺
名	古	屋
名	句
名	叫
名	嘴
名	垂	青	史
名	城
名	堂
名	士
名	妓
名	媛
名	字
名	家
名	宿
名	山
名	山	大	川
名	帖
名	手
名	曲
名	望
名	校
名	模
名	次
名	流
名	源
名	爵
名	片
名	牌
名	目
名	目	繁	多
名	相
名	篇
名	籍
名	臣
名	花	有	主
名	菜
名	著
名	角
名	言
名	酒
后	冠
后	妃
后	座
后	羿
吏	治
吏	胥
吏	部
吐	口
吐	司
吐	字
吐	根
吐	槽
吐	沫
吐	痰
吐	穗
吐	絮
吐	苦	水
吐	蕃
吐	蕃	王	朝
吐	血
吐	露
向	上
向	下
向	例
向	前
向	北
向	南
向	右	拐
向	外
向	左	拐
向	巴	平	措
向	心	力
向	性
向	慕
向	斜
向	日	葵
向	暮
向	火
向	背
向	西
向	西	南
向	量
向	隅
向	隅	而	泣
吖	丁	啶
吖	啶
吖	嗪
君	主
君	主	制
君	主	政	治
君	位
君	士	坦	丁	堡
君	子
君	子	之	交
君	子	之	交	淡	如	水
君	山
君	王
君	臣
吝	惜
吞	吃
吞	吐
吞	吐	量
吞	吞	吐	吐
吞	噬
吞	噬	作	用
吞	拿
吞	服
吞	米	桑	布	札
吞	精
吞	金
吞	音
吞	食
吟	哦
吟	唱
吠	叫
吠	陀
吡	叻
吡	咯
吡	唑
吡	啶
吡	喃
吡	嗪
吡	拉	西	坦
否	定
否	定	句
吧	主
吧	台
吧	唧
吧	唧	吧	唧
吧	啦	吧	啦
吧	嗒
吧	女
吧	托
吧	托	女
吩	咐
吩	嗪
吩	坦	尼
含	冤
含	含	糊	糊
含	商	咀	徵
含	垢	忍	辱
含	山
含	忍
含	意
含	括
含	有
含	水
含	沙	射	影
含	沙	量
含	油
含	油	岩
含	混
含	片
含	碳
含	笑
含	糊
含	糊	不	清
含	羞	草
含	苞
含	苞	待	放
含	蓄
含	辛	茹	苦
含	量
含	金
含	金	量
吭	吭
吭	哧
吮	吸
吱	吱	嘎	嘎
吱	呀
吱	嘎
吲	哚
吲	唑
吵	吵
吵	吵	嚷	嚷
吵	嘴
吵	嚷
吵	架
吵	醒
吸	住
吸	入
吸	入	器
吸	力
吸	取
吸	口
吸	吮
吸	地
吸	奶
吸	奶	器
吸	引
吸	引	力
吸	引	子
吸	引	眼	球
吸	把
吸	收
吸	毒
吸	氧
吸	水
吸	留
吸	睛
吸	碳
吸	管
吸	粉
吸	血
吸	血	者
吸	血	鬼
吸	金
吸	附
吸	附	性
吸	音
吸	食
吹	了
吹	口	哨
吹	吹	拍	拍
吹	哨
吹	哨	人
吹	喇	叭
吹	奏
吹	孔
吹	拂
吹	拍
吹	捧
吹	擂
吹	散
吹	毛	求	疵
吹	灰
吹	灰	之	力
吹	熄
吹	牛
吹	牛	皮
吹	竽	手
吹	笛	者
吹	管
吹	鼓	手
吻	合
吻	技
吻	痕
吻	部
吼	叫
吽	牙
吾	人
吾	等
呃	逆
呆	住
呆	傻
呆	子
呆	扳	手
呆	板
呆	根
呆	瓜
呆	站
呆	笨
呆	萌
呈	交
呈	文
呈	送
告	一	段	落
告	之
告	便
告	吹
告	密
告	密	者
告	急
告	慰
告	捷
告	求
告	白
告	知
告	示
告	示	牌
告	竣
告	罄
告	解
告	退
告	送
呋	喃
呋	喃	西	林
呢	呢
呢	喃
呢	子
呤	呤
呦	呦
周	中
周	代
周	作	人
周	全
周	公
周	到
周	勃
周	口
周	口	市
周	口	店
周	宣	王
周	密
周	小	川
周	幽	王
周	延
周	成	王
周	扒	皮
周	折
周	文	王
周	旋
周	日	圈
周	易
周	晬
周	有	光
周	朝
周	村
周	梁	淑	怡
周	武	王
周	永	康
周	波
周	渝	民
周	狗
周	王	朝
周	瑜
周	璇
周	知
周	穆	王
周	立	波
周	章
周	至
周	角
周	身
周	速
周	遭
呫	呫
呫	嚅
呱	呱
呱	呱	叫
呲	牙	咧	嘴
味	之	素
味	噌
味	精
味	素
味	美	思	酒
味	蕾
味	道
味	醂
呵	呵
呵	喝
呵	斥
呵	欠
呵	禁
呶	呶
呶	呶	不	休
呷	呷
呻	吟
呼	中
呼	之	欲	出
呼	出
呼	叫
呼	叫	中	心
呼	叫	器
呼	召
呼	吸
呼	吸	器
呼	吸	管
呼	吸	道
呼	呼
呼	和	浩	特
呼	和	浩	特	市
呼	咻
呼	哧
呼	哧	呼	哧
呼	哱	哱
呼	啦	啦
呼	啦	圈
呼	喊
呼	喝
呼	嚎
呼	延
呼	弄
呼	拉	圈
呼	救
呼	朋	引	伴
呼	格
命	不	久	矣
命	中
命	中	率
命	令
命	令	列
命	令	句
命	令	行
命	危
命	名
命	名	日
命	名	法
命	在	旦	夕
命	大
命	定
命	根
命	根	子
命	案
命	理
命	相
命	苦
命	薄
命	途
命	途	坎	坷
命	途	多	舛
咀	嚼
咂	嘴
咂	摸
咂	舌
咄	咄
咄	咄	怪	事
咄	咄	逼	人
咆	哮
咆	哮	如	雷
咋	呼
咋	舌
和	事	佬
和	合
和	善
和	好
和	好	如	初
和	尚
和	局
和	平
和	平	特	使
和	平	里
和	弦
和	政
和	散	那
和	暖
和	服
和	棋
和	歌
和	歌	山
和	洽
和	煦
和	牌
和	牛
和	珅
和	田
和	田	市
和	田	河
和	田	玉
和	睦
和	稀	泥
和	美
和	解
和	音
和	食
咎	由	自	取
咒	文
咔	唑
咔	嗒
咔	嚓
咕	咕	叫
咕	咚
咕	咾	肉
咕	唧
咕	攘
咖	哩
咖	啡
咖	啡	因
咖	啡	室
咖	啡	屋
咖	啡	店
咖	啡	色
咖	啡	豆
咖	喱
咖	喱	粉
咖	逼
咚	咚
咧	咧
咧	嘴
咨	嗟
咨	文
咪	咪
咪	唑
咪	嘴
咫	尺
咫	尺	天	涯
咬	合
咬	嚼
咬	字
咬	定
咬	定	牙	根
咬	文	嚼	字
咬	牙
咬	甲	癖
咬	痕
咬	耳	朵
咭	咭	呱	呱
咯	吱
咯	咯
咯	咯	笑
咯	噔
咯	嚓
咯	血
咱	家
咳	嗽
咳	痰
咳	血
咸	安
咽	喉
咽	炎
咽	鼓	管
哀	告
哀	哭
哀	嚎
哀	失
哀	婉
哀	子
哀	家
哀	平
哀	思
哀	怨
哀	悼
哀	愁
哀	戚
哀	歌
哀	求
哀	泣
哀	痛
哀	矜
品	位
品	保
品	名
品	味
品	味	生	活
品	客
品	川
品	德
品	性
品	控
品	族
品	月
品	服
品	格
品	牌
品	目
品	相
品	秩
品	第
品	等
品	管
品	色
品	茗
品	茶
品	行
品	貌
品	趣	志
品	酒
哂	笑
哄	堂	大	笑
哄	抬
哄	然
哄	笑
哆	嗦
哇	哇
哇	塞
哇	沙	比
哇	沙	米
哇	靠
哈	伯
哈	佛
哈	利
哈	利	·	波	特
哈	利	法	克	斯
哈	努	卡
哈	勃
哈	吉
哈	吉	斯
哈	哈
哈	哈	大	笑
哈	哈	笑
哈	啾
哈	喇
哈	喇	子
哈	士	奇
哈	士	蟆
哈	奴	曼
哈	姆	雷	特
哈	季	奇
哈	密
哈	密	市
哈	密	瓜
哈	尼
哈	尼	族
哈	巴	河
哈	巴	狗
哈	巴	雪	山
哈	布	斯	堡
哈	希
哈	得	斯
哈	德	斯
哈	恩
哈	扣
哈	拉
哈	拉	子
哈	拉	雷
哈	拿
哈	摩	辣
哈	日
哈	日	族
哈	普	西	科	德
哈	桑
哈	棒
哈	欠
哈	比	人
哈	特	福	德
哈	珀
哈	瓦	那
哈	腰
哈	蒙	德
哈	蜜	瓜
哈	迪
哈	迪	斯
哈	迷
哈	里
哈	里	斯	堡
哈	里	森	·	施	密	特
哈	雷	彗	星
哌	啶
哌	嗪
哌	替	啶
哎	呀
哎	呦
哎	唷
哐	哐	啷	啷
哐	啷
哥	吉	拉
哥	哥
哥	大
哥	尼	斯	堡
哥	布	林
哥	德	堡
哥	德	巴	赫	猜	想
哥	德	式
哥	斯	大	黎	加
哥	斯	拉
哥	本	哈	根
哥	林	多
哥	特	人
哥	特	式
哥	白	尼
哦	豁
哧	溜
哧	溜	溜
哨	兵
哨	卡
哨	子
哨	所
哨	笛
哩	哩	啦	啦
哩	溜	歪	斜
哪	些
哪	像
哪	吒
哪	怕
哪	知
哪	知	道
哭	哭	啼	啼
哭	喊
哭	泣
哭	笑	不	得
哭	腔
哭	鼻	子
哮	喘
哮	喘	病
哲	人
哲	人	其	萎
哲	人	石
哲	理
哲	蚌	寺
哺	乳
哺	乳	期
哺	母	乳
哺	育
哼	哧
哼	哼	唧	唧
哼	唧
哼	唱
哽	咽
哽	噎
哽	死
唁	信
唁	函
唇	典
唇	印
唇	形	科
唇	彩
唇	膏
唇	舌
唇	蜜
唇	裂
唇	角
唇	釉
唇	音
唉	唉
唉	姐
唐	三	藏
唐	中	宗
唐	人	街
唐	代
唐	代	宗
唐	伯	虎
唐	僖	宗
唐	僧
唐	初	四	大	家
唐	卡
唐	古	拉
唐	古	拉	山
唐	哀	帝
唐	太	宗
唐	宋
唐	宋	八	大	家
唐	宣	宗
唐	家	山
唐	家	璇
唐	寅
唐	山
唐	山	大	地	震
唐	山	市
唐	德	宗
唐	懿	宗
唐	手	道
唐	招	提	寺
唐	敬	宗
唐	文	宗
唐	明	皇
唐	昭	宗
唐	朝
唐	末
唐	棣
唐	武	宗
唐	氏	症
唐	河
唐	狗
唐	玄	宗
唐	璜
唐	睿	宗
唐	穆	宗
唐	突
唐	花
唐	高	宗
唐	高	祖
唔	好	睇
唧	咕
唧	唧
唧	唧	喳	喳
唧	唧	嘎	嘎
唧	啾
唧	筒
唧	筒	座
唬	人
唬	弄
售	完
售	完	即	止
售	票
售	票	口
售	罄
唯	一
唯	一	性
唯	二
唯	恐
唯	有
唯	物
唯	粉
唯	美
唯	象
唱	K
唱	功
唱	名
唱	和
唱	商
唱	喏
唱	念
唱	曲
唱	本
唱	歌
唱	段
唱	法
唱	片
唱	碟
唱	票
唱	腔
唱	臂
唱	衰
唵	嘛	呢	叭	咪	吽
唾	手	可	得
唾	沫
唾	沫	星	子
唾	液
唾	液	腺
唿	哨
唿	喇
唿	喇	喇
啁	哳
啁	啾
啃	老
啃	老	族
啄	食
商	丘
商	丘	市
商	事
商	人
商	代
商	南
商	品
商	品	化
商	圈
商	城
商	域
商	埠
商	女
商	定
商	家
商	展
商	州
商	店
商	旅
商	朝
商	榷
商	民
商	水
商	河
商	洛
商	洛	市
商	洽
商	港
商	演
商	用
商	界
商	祺
商	科
商	科	院	校
商	船
商	行
商	超
商	路
商	都
商	酌
商	量
商	鞅
啊	呀
啜	泣
啤	酒
啤	酒	肚
啤	酒	花
啥	子
啪	啪	啪
啪	嚓
啫	喱
啵	啵
啼	哭
啼	笑	皆	非
喀	什
喀	什	市
喀	啦	喀	啦
喀	喇	沁
喀	喇	沁	旗
喀	嚓
喀	土	穆
喀	奴	特
喀	山
喀	拉	喀	托
喀	拉	喀	托	火	山
喀	拉	拉	邦
喀	拉	汗	王	朝
喀	斯	特
喀	秋	莎
喁	喁
喃	喃
喃	字
善	事
善	人
善	哉
善	因
善	存
善	待
善	心
善	忘
善	思
善	意
善	感
善	本
善	款
善	用
善	男	信	女
善	策
善	能
善	自	保	重
善	良
善	行
善	解	人	意
善	言
喇	叭
喇	叭	形
喇	叭	水	仙
喇	叭	花
喇	叭	裙
喇	合
喇	嘛
喇	嘛	教
喇	沙
喇	舌
喉	咽
喉	塞	音
喉	擦	音
喉	炎
喉	片
喉	痧
喉	舌
喉	部
喉	音
喊	住
喊	冤
喊	叫
喊	道
喋	喋
喋	喋	不	休
喋	血
喘	吁	吁
喘	息
喘	振
喜	不	自	禁
喜	事
喜	人
喜	出	望	外
喜	力
喜	吟	吟
喜	大	普	奔
喜	好
喜	娘
喜	子
喜	孜	孜
喜	宴
喜	山	白	眉	朱	雀
喜	帕
喜	帖
喜	幛
喜	德
喜	感
喜	提
喜	洋	洋
喜	滋	滋
喜	盈	盈
喜	笑
喜	筵
喜	糖
喜	群	游
喜	色
喜	蛋
喜	酒
喜	雨
喝	令
喝	倒	彩
喝	光
喝	叱
喝	彩
喝	掉
喝	斥
喝	止
喝	茫
喝	茶
喝	道
喝	酒
喝	醉
喝	采
喝	高
喳	喳
喵	星	人
喵	的
喹	啉
喻	世	明	言
喼	汁
嗅	探
嗅	探	犬
嗅	球
嗉	囊
嗉	子
嗑	C	P
嗒	然
嗓	子
嗓	子	眼
嗓	眼
嗓	音
嗔	喝
嗔	怒
嗔	怨
嗔	怪
嗔	斥
嗔	狂
嗔	目
嗔	睨
嗔	色
嗖	嗖
嗜	好
嗜	痂	成	癖
嗜	睡	症
嗜	血
嗜	酒	如	命
嗜	酸	性	球
嗝	屁
嗞	啦
嗡	嗡
嗡	嗡	叫
嗡	嗡	祖	拉
嗣	位
嗣	子
嗣	徽
嗤	之	以	鼻
嗤	笑
嗤	鼻
嗥	叫
嗦	粉
嗯	哼
嗵	嗵	鼓
嗷	嗷	待	哺
嘀	咕
嘀	嗒
嘁	嘁	喳	喳
嘉	仁
嘉	善
嘉	士	伯
嘉	定
嘉	山
嘉	柏	隆	里
嘉	祥
嘉	禾
嘉	陵
嘉	陵	江
嘌	呤
嘎	了
嘎	吱
嘎	啦
嘎	嘎
嘎	嘎	小	姐
嘎	拉	哈
嘎	然
嘚	啵
嘟	囔
嘧	啶
嘲	哳
嘲	弄
嘲	笑
嘴	乖
嘴	唇
嘴	啃	泥
嘴	子
嘴	尖
嘴	巴
嘴	巴	子
嘴	快
嘴	快	心	直
嘴	敞
嘴	替
嘴	欠
嘴	炮
嘴	牢
嘴	琴
嘴	瓢
嘴	甜
嘴	甜	心	苦
嘴	皮	子
嘴	直
嘴	硬
嘴	笨
嘴	角
嘶	叫
嘶	吼
嘶	喊
嘹	亮
嘻	哈
嘻	嘻
嘻	皮
嘿	咻
嘿	嘿
噎	住
噎	死
噔	噔
噗	浪
噘	嘴
器	件
器	具
器	官
器	官	移	殖
器	材
器	械
器	物
器	皿
器	重
器	量
噩	耗
噪	音
噪	音	盒
噬	咬
噶	哈	巫	族
噶	啷	啷
噶	喇
噶	嗒
噶	嘣
噶	噶
噶	拉
噶	隆
噶	霏
噻	吩
噻	唑
噻	嗪
噼	里	啪	啦
嚎	叫
嚎	哭
嚎	啕
嚎	啕	大	哭
嚓	嚓
嚷	劈
嚷	嚷
嚼	子
嚼	舌
嚼	舌	根
嚼	酒
囊	中	取	物
囊	括
囊	揣
囊	泡
囊	空	如	洗
囊	胚
囊	膪
囊	袋
囔	囔
囚	室
囚	徒
囚	犯
囚	禁
囚	衣
四	一	二
四	下
四	不	像
四	世	同	堂
四	仰	八	叉
四	分	之	一
四	分	五	裂
四	分	音	符
四	化
四	十
四	合	院
四	周
四	境
四	大
四	大	佛	教	名	山
四	大	名	著
四	大	天	王
四	大	皆	空
四	大	盆	地
四	大	石	窟
四	大	美	女
四	子	王
四	子	王	旗
四	季
四	季	如	春
四	季	豆
四	季	豆	腐
四	害
四	射
四	川
四	川	大	地	震
四	川	旋	木	雀
四	川	盆	地
四	川	省
四	平
四	平	市
四	德
四	散
四	散	奔	逃
四	方
四	方	帽
四	方	步
四	旁
四	日	市
四	日	市	市
四	更
四	月
四	月	份
四	次
四	民
四	氟	化	硅
四	氯	乙	烯
四	氯	化	碳
四	海
四	清
四	湖
四	溢
四	碳	糖
四	肢
四	胡
四	角
四	角	形
四	象
四	起
四	近
四	郊
四	部	曲
四	重	奏
四	面
四	面	八	方
四	面	楚	歌
囝	仔
回	事
回	交
回	京
回	佣
回	信
回	信	地	址
回	充
回	光	反	照
回	光	返	照
回	函
回	到
回	力	球
回	升
回	南	天
回	去
回	口
回	合
回	合	制
回	吐
回	味
回	嗔	作	喜
回	嘴
回	回
回	回	青
回	堵
回	填
回	墨	印
回	天
回	奉
回	娘	家
回	家
回	家	吃	自	己
回	帖
回	想
回	扣
回	抽
回	拜
回	描
回	收
回	收	站
回	放
回	教
回	敬
回	文
回	旋	曲
回	族
回	族	人
回	春
回	暖
回	望
回	本
回	款
回	民
回	波
回	流
回	溯
回	潮
回	火
回	甘
回	甜
回	目
回	眸
回	神
回	程
回	空
回	答
回	老	家
回	耗
回	航
回	良	玉
回	落
回	血
回	覆
回	跌
回	路
回	返
回	退
回	音
回	首
因	之
因	人	成	事
因	公
因	利	乘	便
因	努	伊	特
因	吹	斯	汀
因	地	制	宜
因	如	此
因	子
因	孕	而	婚
因	小	失	大
因	式
因	式	分	解
因	循
因	故
因	材	施	教
因	果
因	此
因	父	之	名
因	由
因	私
因	素
因	而
囡	囡
困	倦
困	厄
困	境
困	守
困	局
困	惑
困	惑	不	解
困	窘
困	苦
囹	圄
固	件
固	化
固	原
固	原	市
固	始
固	守
固	安
固	定
固	定	收	入
固	形	物
固	形	量
固	有
固	然
固	醇
圈	a
圈	圈
圈	圈	叉	叉
圈	地
圈	套
圈	子
圈	定
圈	粉
圉	人
圉	限
圐	圙
土	丘
土	人
土	共
土	到	不	行
土	力	工	程
土	包	子
土	匪
土	司
土	器
土	地
土	地	公
土	地	改	革
土	地	神
土	坎
土	坯
土	坷	垃
土	埂
土	城
土	堆
土	墼
土	壤
土	家	族
土	崩	瓦	解
土	布
土	建
土	得	掉	渣
土	拉	弗	氏	菌
土	拍
土	改
土	政	策
土	方
土	方	子
土	方	工	程
土	族
土	星
土	曜	日
土	木
土	木	工	程
土	木	形	骸
土	木	身
土	桑
土	法
土	洋
土	澳
土	炕
土	牛
土	狗
土	狼
土	皇	帝
土	石	方
土	石	流
土	神
土	老	帽
土	耳	其
土	耳	其	人
土	耳	其	玉
土	耳	其	石
土	腥
土	茴	香
土	著
土	著	人
土	葬
土	豆
土	豆	泥
土	豚
土	豪
土	路
土	邦
土	音
土	香
土	默	特	右	旗
土	默	特	左	旗
在	一	起
在	下
在	下	面
在	世
在	乎
在	位
在	先
在	前
在	即
在	台
在	地
在	地	下
在	外
在	家
在	家	靠	父	母	，	出	外	靠	朋	友
在	座
在	建
在	意
在	我	看
在	握
在	教
在	旁
在	望
在	朝
在	校
在	此
在	此	之	前
在	理
在	行
在	身
在	逃
在	途
在	野
地	上
地	下
地	下	室
地	下	情
地	下	核	爆	炸
地	下	水
地	下	街
地	下	通	道
地	下	道
地	中	海
地	主
地	主	家	庭
地	位
地	保
地	函
地	利
地	利	人	和
地	力
地	勤
地	台
地	史
地	名
地	和
地	地	道	道
地	址
地	域
地	基
地	堡
地	塞	米	松
地	大	物	博
地	契
地	委
地	岬
地	幔
地	底
地	府
地	形
地	心
地	心	吸	力
地	心	引	力
地	拉	那
地	接
地	推
地	支
地	方
地	方	官
地	方	性
地	方	法	院
地	方	自	治
地	景
地	板
地	核
地	步
地	段
地	毯
地	毯	拖	鞋
地	洞
地	滑
地	漏
地	牛	翻	身
地	牢
地	球
地	球	村
地	球	物	理
地	理
地	理	位	置
地	理	定	位
地	瓜
地	痞
地	皇
地	皮
地	祇
地	租
地	穴
地	窄	人	稠
地	窖
地	窨
地	窨	子
地	籍
地	精
地	老	天	荒
地	藏
地	衣
地	表
地	表	水
地	西	泮
地	角	天	涯
地	貌
地	躺	拳
地	返
地	速
地	道
地	陪
地	雷
地	震
地	震	局
地	震	波
地	震	烈	度
地	面
地	面	控	制
地	面	核	爆	炸
地	面	水
地	面	灌	溉
坂	井
坂	本
均	一
均	值
均	分
均	可
均	差
均	方
均	日	照
均	沾
均	田	制
均	等
均	等	化
均	腐	土
均	衡
均	衡	器
坊	子
坋	土
坋	粒
坍	塌
坍	方
坎	坎
坎	坷
坎	坷	不	平
坎	坷	多	舛
坎	城
坎	培	拉
坎	大	哈
坎	大	哈	省
坎	子
坎	帕	拉
坎	德	拉
坎	昆
坎	炁
坎	特	伯	雷
坎	特	伯	雷	故	事	集
坎	肩
坐	下
坐	不	垂	堂
坐	享
坐	享	其	成
坐	便	器
坐	像
坐	冷	板	凳
坐	力
坐	化
坐	台	小	姐
坐	吃	享	福
坐	吃	山	空
坐	商
坐	墩
坐	失
坐	好
坐	姿
坐	定
坐	席
坐	探
坐	月
坐	月	子
坐	果
坐	椅
坐	浴	桶
坐	浴	盆
坐	牢
坐	班
坐	班	房
坐	立	不	安
坐	等
坐	落
坐	骨
坑	井
坑	人
坑	口
坑	坎
坑	害
坑	木
坑	洞
坑	爹
坑	蒙
坑	道
坡	度
坡	路
坡	道
坡	鹿
坤	包
坤	甸
坦	佩	雷
坦	克
坦	博	拉
坦	噶	尼	喀
坦	噶	尼	喀	湖
坦	承
坦	然
坦	率
坦	白
坦	言
坦	途
坨	子
坪	山
坪	林
坯	件
坯	子
坯	布
坯	料
坯	模
坳	陷
坷	垃
垂	下
垂	危
垂	垂
垂	幕
垂	念
垂	感
垂	暮	之	年
垂	柳
垂	死
垂	泣
垂	涎
垂	涎	三	尺
垂	涎	欲	滴
垂	直
垂	直	尾	翼
垂	老
垂	青
垂	髫
垃	圾
垃	圾	堆
垃	圾	工
垃	圾	桶
垃	圾	筒
垃	圾	箱
垃	圾	股
垃	圾	食	品
型	式
型	材
型	板
型	男
垓	下
垛	口
垝	垣
垣	曲
垣	衣
垮	塌
埂	子
埃	克	托
埃	博	拉
埃	博	拉	病	毒
埃	及
埃	及	豆
埃	塔
埃	夫	伯	里
埃	居
埃	德
埃	德	·	米	利	班	德
埃	德	加
埃	德	蒙
埃	德	蒙	·	伯	克
埃	拉	托	斯	特	尼
埃	拉	特
埃	文
埃	文	斯
埃	文	河	畔	斯	特	拉	特	福
埃	斯	特	朗
埃	曼	塔
埃	森
埃	森	哲
埃	涅	阿	斯
埃	琳	娜
埃	蕾
埃	迪	卡	拉
埋	伏
埋	名
埋	天	怨	地
埋	孔
埋	怨
埋	汰
埋	葬
埋	藏
埋	首
城	中
城	中	村
城	口
城	固
城	址
城	垣
城	堡
城	外
城	子	河
城	市
城	市	化
城	府
城	根
城	步
城	池
城	管
城	邑
城	邦
城	郊
城	郭
城	防
城	隍
埔	心
埔	里
域	名
域	外
培	修
培	土
培	林
培	根
培	植
培	育
培	里	克	利	斯
基	佬
基	加	利
基	友
基	因
基	因	修	改
基	因	型
基	因	工	程
基	因	座
基	因	改	造
基	地
基	址
基	坑
基	多
基	奈
基	岩
基	床
基	底
基	座
基	建
基	情
基	操
基	操	勿	6
基	改
基	普
基	本
基	本	上
基	本	利	率
基	本	功
基	本	原	理
基	本	完	成
基	本	定	理
基	本	概	念
基	本	法
基	本	粒	子
基	本	需	要
基	材
基	板
基	桑	加	尼
基	模
基	民
基	波
基	牙
基	甸
基	督
基	督	城
基	督	徒
基	督	教
基	督	教	徒
基	督	教	派
基	督	新	教
基	石
基	站
基	肥
基	辛	格
基	里	巴	斯
基	金
基	隆
基	隆	市
基	面
基	音
埼	玉
堂	倌
堂	兄
堂	兄	弟
堂	哥
堂	堂
堂	堂	正	正
堂	妹
堂	妹	夫
堂	姊
堂	姊	妹
堂	姐
堂	姐	夫
堂	嫂
堂	屋
堂	弟
堂	弟	妹
堂	弟	媳
堂	房
堂	皇
堂	而	皇	之
堂	食
堆	堆	帽
堆	放
堆	案	盈	几
堆	砌
堆	肥
堆	芯
堇	色
堇	菜
堡	子
堡	寨
堡	礁
堤	岸
堤	防
堪	培	拉
堪	察	加
堪	比
堪	虞
堰	塞	湖
堰	蜓	座
堵	住
堵	塞
堵	床	上
堵	截
堵	死
塌	下
塌	房
塌	方
塌	架
塌	棵	菜
塌	陷
塑	像
塑	封
塑	性
塑	料
塑	料	王
塑	料	袋
塑	膜
塑	身
塑	造
塔	什	干
塔	公
塔	公	寺
塔	列	朗
塔	利	班
塔	勒
塔	口
塔	可
塔	台
塔	吉	克
塔	吉	克	人
塔	吉	克	斯	坦
塔	吉	克	族
塔	吊
塔	城
塔	城	市
塔	塔	粉
塔	尖
塔	崩
塔	州
塔	希	提
塔	帕	斯
塔	扇
塔	扎
塔	拉	哈	西
塔	拉	斯	河
塔	拉	瓦
塔	斯	社
塔	斯	科	拉
塔	林
塔	河
塔	瓦	斯	科
塔	迪	奇
塔	那	那	利	佛
塔	里	木
塔	里	木	河
塔	里	木	盆	地
塔	防
塔	香
塕	埲
塘	堰
塘	沽
塘	虱
塞	勒	姆
塞	北
塞	外
塞	子
塞	尺
塞	巴	斯	蒂	安
塞	拉	利	昂
塞	拉	耶	佛
塞	擦	音
塞	族
塞	浦	路	斯
塞	牙
塞	特	犬
塞	耳
塞	音
填	充
填	充	物
填	地
填	堵
填	塞
填	塞	物
填	密
填	房
填	料
填	海
填	空
填	表
塬	地
境	地
境	域
境	外
境	由	心	生
境	界
境	遇
墉	垣
墒	土
墒	情
墓	主
墓	地
墓	坑
墓	塔
墓	石
墓	碑
墓	穴
墓	窖
墓	葬
墓	葬	群
墓	道
增	三	和	弦
增	值
增	光
增	兵
增	刊
增	加
增	加	值
增	厚
增	城
增	多
增	大
增	幅
增	年
增	持
增	援
增	收
增	殖
增	添
增	生
增	田
增	益
增	稠
增	色
增	速
增	重	粉
增	量
增	防
增	高
墟	里
墨	丘	利
墨	刑
墨	匣
墨	子
墨	客
墨	家
墨	巴	本
墨	斗
墨	水
墨	水	屏
墨	水	瓶	架
墨	汁
墨	玉
墨	盒
墨	竹	工	卡
墨	粉
墨	索	里	尼
墨	累
墨	翟
墨	者
墨	西	哥
墨	西	哥	人
墨	西	哥	城
墨	西	哥	辣	椒
墨	西	拿
墩	子
墩	布
壁	助
壁	咚
壁	塞
壁	架
壁	毯
壁	球
壁	癌
壁	立
壁	立	千	仞
壁	虎
壁	虱
壅	蔽
壑	谷
壤	土
壤	塘
士	丹	利
士	人
士	兵
士	力	架
士	卒
士	多
士	多	啤	梨
士	大	夫
士	子
士	官
士	巴	拿
士	敏	土
士	族
士	林
壬	午
壬	子
壬	寅
壬	戌
壬	申
壬	辰
夏	代
夏	令
夏	侯
夏	克	提
夏	利
夏	商	周
夏	天
夏	威	夷
夏	威	夷	州
夏	威	夷	果
夏	娃
夏	季
夏	州
夏	延
夏	敬	渠
夏	日
夏	普
夏	朝
夏	正	民
夏	河
夏	洛	克
夏	洛	特
夏	洛	特	·	勃	良	特
夏	洛	特	敦
夏	津
夏	王	朝
夏	目	漱	石
夏	禹
夏	至
夏	衍
夏	邑
夔	夔
夔	州
夕	照
外	丹
外	事
外	交
外	交	大	臣
外	交	官
外	交	家
外	交	手	腕
外	交	政	策
外	交	部
外	人
外	企
外	侮
外	借
外	八	字	腿
外	公
外	出
外	分	泌
外	分	泌	腺
外	力
外	加
外	加	附	件
外	勤
外	包
外	卡
外	向
外	向	型
外	商
外	在
外	在	超	越
外	地
外	地	人
外	型
外	太	空
外	套
外	婆
外	媒
外	嫁
外	子
外	宣
外	小	腿
外	差
外	延
外	形
外	心
外	快
外	患
外	手
外	推
外	推	法
外	插
外	援
外	搭	程	式
外	放
外	教
外	敷
外	文
外	文	系
外	斜	肌
外	星
外	星	人
外	景
外	水
外	泄
外	派
外	流
外	海
外	源
外	源	凝	集	素
外	溢
外	激	素
外	照	射
外	甥
外	甥	女
外	甥	女	婿
外	用
外	界
外	皮
外	相
外	眼	角
外	祖	母
外	祖	父
外	科
外	稃
外	管	局
外	籍
外	置
外	耳
外	耳	道
外	舅
外	蒙
外	蒙	古
外	行
外	衣
外	表
外	袍
外	貌
外	路
外	踝
外	送
外	逃
外	遇
外	邦	人
外	部
外	郭	城
外	院
外	需
外	露
外	面
外	食
外	食	族
外	骨	骼
外	高	加	索
夙	世
夙	夜
夙	夜	匪	懈
夙	嫌
夙	日
多	一	事	不	如	少	一	事
多	久
多	了	去	了
多	事
多	事	之	秋
多	佛
多	值
多	元
多	元	化
多	元	宇	宙
多	元	性
多	元	酯
多	利
多	力	多	滋
多	功	能
多	功	能	表
多	助
多	半
多	咱
多	哈
多	哈	回	合
多	哥
多	嘴
多	嘴	多	舌
多	型
多	士
多	多
多	多	少	少
多	多	益	善
多	大
多	如	牛	毛
多	妻	制
多	姿
多	姿	多	彩
多	子	多	福
多	孔
多	孔	性
多	寡
多	少
多	少	有	些
多	山
多	工
多	工	化
多	工	器
多	巴	胺
多	年
多	年	生
多	彩
多	彩	多	姿
多	得	是
多	心
多	情
多	愁	善	感
多	愁	多	病
多	才
多	拿	滋
多	放
多	方
多	方	位
多	方	面
多	早	晚
多	明	尼	加
多	星
多	普	勒
多	晶
多	晶	硅
多	束
多	栽	花	少	栽	刺
多	模
多	次
多	民	族
多	水	分
多	汁
多	特	蒙	德
多	瑙
多	瑙	河
多	瓣	蒜
多	用
多	用	表
多	用	途
多	疑
多	益
多	目	的
多	神	教
多	站
多	站	地	址
多	端
多	米	尼	克
多	米	尼	加
多	粒	子
多	糖
多	累
多	肉
多	肉	植	物
多	育
多	肽
多	胎	妊	娠
多	胞	形
多	舛
多	芬
多	菲	什
多	角	形
多	言
多	醣
多	重
多	重	性
多	金
多	面	手
多	面	角
多	音
多	音	字
多	香	果
夜	不	成	眠
夜	光
夜	半
夜	叉
夜	夜
夜	大
夜	宵
夜	市
夜	幕
夜	幕	低	垂
夜	店
夜	晚
夜	景
夜	曲
夜	校
夜	班
夜	生	活
夜	盲
夜	盲	症
夜	神	仙
夜	空
夜	色
夜	行
夜	行	性
夜	郎
夜	郎	自	大
夜	香	木
大	V
大	一
大	一	些
大	丈	夫
大	丈	夫	能	屈	能	伸
大	三
大	三	和	弦
大	三	度
大	不	了
大	不	列	蹀
大	不	相	同
大	不	里	士
大	丹	犬
大	主	教
大	久	保
大	久	保	利	通
大	乘
大	事
大	事	化	小	，	小	事	化	了
大	二
大	五	趾	跳	鼠
大	亨
大	人
大	仙
大	件
大	伙
大	伯
大	伯	子
大	作
大	佬
大	使
大	便
大	修
大	修	道	院
大	全
大	公
大	公	司
大	兵
大	典
大	冰	期
大	冶
大	冶	市
大	凡
大	出	其	汗
大	出	血
大	刀
大	分	子
大	列	巴
大	利	拉
大	剌	剌
大	前	天
大	前	年
大	前	提
大	剪	刀
大	副
大	力
大	力	士
大	力	水	手
大	力	神
大	力	神	杯
大	功
大	功	告	成
大	加
大	勇	若	怯
大	勇	若	怯	，	大	智	若	愚
大	化
大	匠
大	千	世	界
大	半
大	半	夜
大	卡
大	印
大	叔
大	口
大	可	不	必
大	吃
大	吃	二	喝
大	吃	大	喝
大	吃	特	吃
大	合	唱
大	吉
大	吉	大	利
大	同
大	同	市
大	名
大	名	鼎	鼎
大	吹	大	擂
大	呼	小	叫
大	和
大	咖
大	哥
大	哥	大
大	哭
大	唐
大	唐	狄	公	案
大	啖	一	番
大	喊
大	喊	大	叫
大	喜
大	嗓
大	嘴	巴
大	器
大	器	晚	成
大	四
大	地
大	地	主
大	地	之	歌
大	地	洞
大	坂
大	坑
大	型
大	城
大	城	市
大	埔
大	埤
大	堂
大	堡	礁
大	墓	地
大	夏
大	外
大	外	宣
大	多
大	夜
大	夜	班
大	大
大	大	咧	咧
大	大	小	小
大	大	方	方
大	夫
大	失	所	望
大	姐
大	姐	大
大	姑
大	姚
大	姨
大	姨	子
大	娘
大	婚
大	媒
大	嫂
大	宇
大	安
大	安	市
大	安	的	列	斯
大	宗
大	宛
大	家
大	家	庭
大	容	量
大	富	翁
大	寒
大	寨
大	寺	院
大	尉
大	小
大	小	三	度
大	小	便
大	小	姐
大	小	眼
大	尾	巴	狼
大	局
大	屯	火	山	群
大	山
大	山	雀
大	差	不	差
大	巴
大	帝
大	幅
大	幅	度
大	年	三	十
大	床	房
大	度
大	度	包	容
大	庸
大	建
大	心
大	志
大	忙	人
大	快	人	心
大	怒
大	恭
大	悟
大	悲	咒
大	惑	不	解
大	意
大	愚
大	慈	恩	寺
大	憝
大	我
大	戟	科
大	打	出	手
大	批
大	批	特	批
大	抵
大	拇	哥
大	拇	指
大	拐
大	括	弧
大	拿
大	指
大	提	琴
大	提	琴	手
大	放	光	明
大	教	堂
大	文	蛤
大	料
大	新
大	方
大	方	之	家
大	族
大	旗
大	明	湖
大	星	芹
大	昭	寺
大	智	如	愚
大	智	慧
大	智	若	愚
大	暑
大	月
大	月	氏
大	有
大	有	人	在
大	有	希	望
大	有	文	章
大	有	裨	益
大	朱	雀
大	李	杜
大	材	小	用
大	村
大	林
大	染	缸
大	柴	旦
大	校
大	桶
大	梁
大	棒
大	棚
大	概
大	款
大	正
大	步
大	步	流	星
大	武
大	武	口
大	殿
大	氅
大	氧	吧
大	水
大	汗
大	汗	淋	漓
大	江	健	三	郎
大	江	南	北
大	汶	口	文	化
大	沙	河
大	河
大	油
大	油	菜
大	法	官
大	波	斯	菊
大	洋
大	洋	中	脊
大	洋	洲
大	洲
大	流	行
大	浦	洞
大	浪
大	海
大	清
大	清	早
大	渡	口
大	渡	河
大	港
大	湖
大	溪	地
大	漠
大	潮
大	火
大	灰	狼
大	灶
大	炮	打	蚊	子
大	熊	座
大	爆	炸
大	片
大	牌
大	牛
大	牢
大	犬	座
大	猩	猩
大	王
大	班
大	球
大	理
大	理	寺
大	理	寺	卿
大	理	岩
大	理	州
大	理	市
大	理	白	族	自	治	州
大	理	石
大	理	花
大	生
大	用
大	田
大	田	市
大	男	人
大	略
大	疆
大	病
大	白
大	白	天
大	白	熊	犬
大	白	菜
大	眼	瞪	小	眼
大	眼	角
大	破	大	立
大	神
大	祥
大	祭	司
大	福
大	禹
大	秦
大	竹
大	笑
大	笨	象
大	箐	山
大	管
大	篆
大	米
大	系
大	美	人
大	老	婆
大	老	粗
大	考
大	而	化	之
大	耳	窿
大	肆
大	肆	鼓	吹
大	肉
大	肚	子
大	胃	王
大	能
大	腕
大	腹	便	便
大	腹	皮
大	腿
大	臣
大	自	然
大	致
大	舅	子
大	舵	手
大	英
大	茴	香
大	茴	香	子
大	草	原
大	荔
大	蒜
大	蛇	丸
大	行	其	道
大	街
大	街	小	巷
大	衣
大	西
大	西	庇	阿
大	西	洋
大	西	洋	中	脊
大	西	洋	洋	中	脊
大	要
大	角	星
大	解
大	言
大	豆
大	象
大	赦
大	起	大	落
大	足
大	跌
大	跌	市
大	路
大	踏	步
大	辟
大	逃	港
大	逆	不	道
大	通
大	道
大	道	具
大	道	理
大	邑
大	邱
大	邱	市
大	部
大	部	分
大	部	制
大	都
大	都	市
大	醇	小	疵
大	野
大	野	狼
大	量
大	釜
大	阪
大	阪	府
大	阮
大	阿	姨
大	限
大	院
大	雁
大	雁	塔
大	雄
大	雅
大	雨
大	雨	如	注
大	雪
大	雷
大	青	山
大	餐
大	鹿
大	麻
大	麻	二	酚
大	麻	里
大	麻	鳽
大	鼓
大	鼠
大	𥻗	子
天	上
天	上	下	刀	子
天	下
天	下	太	平
天	下	第	一
天	不	怕	地	不	怕
天	主
天	主	教
天	主	教	徒
天	井
天	亮
天	人
天	人	合	一
天	仙
天	作	之	合
天	使
天	候
天	兔	座
天	全
天	公
天	公	不	作	美
天	公	作	美
天	公	地	道
天	兵
天	冬	氨	酸
天	冬	苯	丙	二	肽	酯
天	冬	酰	胺
天	冷
天	分
天	南	地	北
天	南	海	北
天	台
天	台	宗
天	台	山
天	各	一	方
天	后
天	后	站
天	呀
天	命
天	和
天	哪
天	啊
天	地
天	地	良	心
天	坑
天	城	文
天	堂
天	外
天	外	有	天	，	人	外	有	人
天	大
天	天
天	妒	英	才
天	子
天	尊
天	山
天	峨
天	峻
天	崩	地	裂
天	帝
天	干
天	平
天	年
天	幸
天	底
天	底	下
天	府
天	庭
天	心
天	性
天	意
天	成
天	才
天	文
天	文	台
天	方
天	旱
天	明
天	朝
天	柱
天	梯
天	棚
天	次
天	水
天	水	市
天	水	碧
天	池
天	河
天	津
天	津	市
天	涯
天	涯	海	角
天	演
天	然
天	然	呆
天	然	毒	素
天	煞	孤	星
天	燕	座
天	父
天	牛
天	狼	星
天	王
天	王	星
天	珠
天	球
天	球	赤	道
天	理
天	理	教
天	琴	座
天	琴	星	座
天	璇
天	生
天	界
天	癸
天	皇
天	真
天	眼
天	祝
天	神
天	秤
天	秤	座
天	空
天	穿	日
天	窗
天	竺
天	竺	牡	丹
天	竺	葵
天	竺	鼠
天	等
天	箭	座
天	篷
天	罡
天	翻	地	覆
天	舟	座
天	良
天	色
天	花
天	花	板
天	花	病	毒
天	荒	地	老
天	葬
天	蟹	座
天	行	赤	眼
天	要	落	雨	，	娘	要	嫁	人
天	象
天	趣
天	道
天	道	酬	勤
天	那	水
天	量
天	雨	路	滑
天	青	石
天	魔
天	麻
天	黑
太	上
太	上	皇
太	保
太	保	市
太	公
太	公	兵	法
太	公	望
太	初
太	半
太	原
太	原	市
太	古
太	古	代
太	古	宙
太	古	洋	行
太	史
太	史	令
太	史	公
太	后
太	和
太	和	殿
太	太
太	夫	人
太	好	了
太	妃	糖
太	妹
太	婆
太	子
太	子	丹
太	子	十	三	峰
太	子	太	保
太	子	港
太	守
太	宗
太	常
太	平
太	平	公	主
太	平	洋
太	平	盛	世
太	康
太	液	池
太	湖
太	牢
太	田
太	白
太	白	山
太	白	星
太	白	粉
太	祖
太	空
太	空	人
太	空	探	索
太	空	服
太	空	梭
太	空	步
太	空	漫	步
太	空	站
太	空	舞	步
太	空	船
太	空	行	走
太	行	山
太	麻	里
夫	人
夫	君
夫	妻
夫	妻	反	目
夫	妻	店
夫	妻	相
夫	妻	肺	片
夫	婿
夫	子
夫	子	自	道
夫	家
夫	役
夭	亡
夭	折
央	中
央	人
央	企
央	及
央	告
央	求
央	行
夯	具
夯	土
夯	歌
夯	砣
失	主
失	之	交	臂
失	事
失	信
失	修
失	利
失	去
失	口
失	和
失	地
失	婚
失	守
失	宜
失	察
失	常
失	序
失	怙
失	恃
失	悔
失	意
失	手
失	掉
失	控
失	措
失	效
失	效	日	期
失	散
失	敬
失	明
失	明	症
失	智
失	智	症
失	望
失	期
失	枕
失	格
失	火
失	真
失	眠
失	瞻
失	神
失	禁
失	笑
失	策
失	算
失	色
失	落
失	血
失	衡
失	言
失	足
失	身
失	身	分
失	迎
失	迷
失	速
失	道
失	道	寡	助
失	重
失	陪
失	面	子
失	魂
失	魂	落	魄
夷	平
夷	戮
夷	洲
夷	然
夷	狄
夷	陵
夸	克
奄	列
奄	奄	一	息
奇	事
奇	人
奇	偶
奇	偶	性
奇	兵
奇	努	克
奇	台
奇	士
奇	妙
奇	崛
奇	差
奇	幻
奇	彩
奇	志
奇	思	妙	想
奇	怪
奇	才
奇	技
奇	效
奇	文
奇	景
奇	特
奇	珍
奇	瑞
奇	瓦	瓦
奇	缺
奇	能
奇	葩
奇	解
奇	趣
奇	蹄	目
奇	遇
奈	何
奈	培
奈	曼
奈	曼	旗
奈	洛	比
奈	秒
奈	米
奈	良
奉	上
奉	公
奉	公	克	己
奉	公	守	法
奉	召
奉	告
奉	命
奉	天
奉	子	成	婚
奉	承
奉	承	者
奉	新
奉	旨
奉	祀
奉	系
奉	若	神	明
奉	行
奉	迎
奉	送
奉	陪
奎	屯
奎	屯	市
奎	文
奎	星
奏	帖
奏	效
契	丹
契	卡
契	合
契	子
契	箭
奔	三
奔	命
奔	四
奔	奔	族
奔	忙
奔	放
奔	月
奔	波
奔	流
奔	走
奔	走	相	告
奔	赴
奔	跑
奔	逃
套	中	人
套	交	情
套	件
套	作
套	利
套	利	者
套	包
套	印
套	取
套	口	供
套	圈
套	套
套	娃
套	子
套	房
套	曲
套	服
套	期	保	值
套	牢
套	用
套	磁
套	筒
套	筒	扳	手
套	管
套	索
套	色
套	衫
套	袖
套	裙
套	路
套	近	乎
套	鞋
套	餐
奚	落
奠	基
奠	基	人
奠	基	石
奠	基	者
奠	定
奠	祭
奠	都
奠	酒
奢	侈
奢	侈	品
奢	望
奢	求
奢	泰
奢	盼
奢	靡
奢	香
女	上	位
女	主	人
女	主	人	公
女	人
女	人	家
女	伴
女	修	道	院
女	公	子
女	公	爵
女	友
女	同
女	同	胞
女	士
女	大
女	大	不	中	留
女	娃
女	婿
女	子
女	孩
女	孩	子
女	家
女	工
女	巫
女	性
女	性	化
女	排
女	方
女	星
女	朋	友
女	校
女	武	神
女	流
女	犯
女	王
女	生
女	生	外	向
女	的
女	皇
女	皇	帝
女	真
女	眷
女	神
女	神	蛤
女	票
女	童
女	管	家
女	色
女	警
女	足
女	郎
女	高
女	高	音
奴	化
奴	婢
奴	家
奴	工
奴	役
奴	性
奴	才
奶	名
奶	品
奶	嘴
奶	奶
奶	奶	灰
奶	奶	的
奶	娘
奶	子
奶	拽
奶	昔
奶	母
奶	水
奶	汁
奶	汁	烤
奶	油
奶	油	小	生
奶	油	果
奶	油	菜	花
奶	爸
奶	牛
奶	瓶
奶	白	菜
奶	站
奶	粉
奶	精
奶	素
奶	罩
奶	茶
奶	蛋	素
奶	酥
奶	酪
奶	音
奸	人
奸	佞
奸	商
奸	夫
奸	宄
奸	官
奸	官	污	吏
奸	徒
奸	民
奸	狡
奸	猾
奸	笑
奸	臣
奸	邪
好	不
好	不	好
好	不	容	易
好	久
好	事
好	事	之	徒
好	事	多	磨
好	事	者
好	些
好	人
好	人	好	事
好	似
好	使
好	像
好	半	天
好	去
好	又	多
好	友
好	受
好	吃
好	命
好	哇
好	喝
好	在
好	多
好	大	喜	功
好	奇
好	奇	心
好	好
好	好	先	生
好	客
好	家	伙
好	容	易
好	市	多
好	康
好	心
好	心	人
好	惹
好	意
好	意	思
好	感
好	手
好	整	以	暇
好	料
好	日	子
好	朋	友
好	望	角
好	棒
好	歹
好	比
好	氧
好	物
好	玩
好	球
好	生
好	用
好	看
好	睇
好	睡
好	立	克
好	端	端
好	笑
好	聚	好	散
好	色
好	色	之	徒
好	言
好	走
好	道
如	一
如	下
如	今
如	何
如	其	所	好
如	初
如	同
如	夫	人
如	履	薄	冰
如	常
如	意
如	意	套
如	意	郎	君
如	故
如	斯
如	日	中	天
如	是
如	有	所	失
如	期
如	果
如	此
如	火
如	火	如	荼
如	狼	似	虎
如	皋
如	皋	市
如	簧	之	舌
如	臂	使	指
如	花
如	花	似	玉
如	若
如	草
如	虎	添	翼
如	蛆	附	骨
如	金	似	玉
妃	子
妃	子	笑
妄	人
妄	取
妄	念
妄	想
妄	想	狂
妄	想	症
妄	求
妄	自	尊	大
妄	自	菲	薄
妄	言
妊	娠
妒	嫉
妒	忌
妓	女
妓	寨
妓	院
妖	人
妖	冶
妖	女
妖	姬
妖	媚
妖	孽
妖	怪
妖	物
妖	精
妖	言
妖	邪
妖	魔
妖	魔	化
妖	魔	鬼	怪
妗	子
妙	不	可	言
妙	品
妙	在	不	言	中
妙	手
妙	手	回	春
妙	手	空	空
妙	招
妙	智	慧
妙	法
妙	用
妙	趣
妞	妞
妥	善
妥	妥	的
妥	帖
妥	瑞	症
妨	功	害	能
妨	害
妮	可	·	基	德	曼
妮	子
妯	娌
妲	己
妹	夫
妹	妹
妹	婿
妹	子
妻	妾
妻	子
妻	室
妻	小
妾	侍
姆	佬
姆	佬	族
姆	拉	迪	奇
姊	丈
姊	夫
姊	妹
姊	姊
始	作	俑	者
始	建
始	料	未	及
始	新	世
始	末
始	祖
姐	丈
姐	夫
姐	妹
姐	妹	花
姐	姐
姑	丈
姑	且
姑	夫
姑	奶	奶
姑	妄	言	之
姑	姑
姑	姥	姥
姑	娘
姑	婆
姑	婆	芋
姑	子
姑	息
姑	母
姑	父
姑	爹
姒	文	命
姓	名
姓	氏
委	以
委	以	重	任
委	任
委	培
委	外
委	委	屈	屈
委	婉
委	屈
委	托	人
委	曲
委	曲	求	全
委	派
委	身
委	靡
姘	夫
姘	居
姚	安
姚	思	廉
姚	文	元
姚	明
姚	雪	垠
姜	太	公
姜	子	牙
姜	戎
姜	文
姜	石	年
姥	姥
姥	娘
姨	丈
姨	太	太
姨	夫
姨	奶	奶
姨	妹
姨	姐
姨	姥	姥
姨	娘
姨	婆
姨	母
姨	母	笑
姨	父
姬	佬
姬	妾
姬	松	茸
姬	路	城
姬	路	市
姮	娥
姿	容
姿	色
威	信
威	利
威	利	斯
威	力
威	化
威	卜
威	名
威	基	基
威	士
威	士	忌
威	士	忌	酒
威	奇	托
威	客
威	容
威	尼	斯
威	尼	斯	商	人
威	廉
威	廉	斯	堡
威	德
威	斯	康	星
威	斯	康	星	州
威	斯	康	辛
威	斯	敏	斯	特	教	堂
威	望
威	末	酒
威	武
威	武	不	屈
威	海
威	海	市
威	烈
威	猛
威	福	自	己
威	翟
威	迫
威	逼
威	重
威	震
威	震	天	下
娃	娃
娃	娃	兵
娃	娃	生
娃	娃	菜
娃	娃	音
娃	子
娉	婷
娓	娓
娘	娘
娘	娘	腔
娘	子
娘	家
娘	家	姓
娘	希	匹
娘	惹
娘	炮
娘	的
娘	胎
娜	塔	莉
娜	娜
娟	秀
娣	姒
娭	姐
娶	妻
娼	女
娼	妓
娼	家
婀	娜
婆	姨
婆	娑
婆	娘
婆	婆
婆	媳
婆	子
婆	家
婆	心
婉	妙
婉	拒
婉	言
婊	子
婕	妤
婚	事
婚	介
婚	介	所
婚	俗
婚	假
婚	典
婚	前
婚	友
婚	外
婚	外	情
婚	姻
婚	姻	法
婚	嫁
婚	宴
婚	房
婚	期
婚	神	星
婚	筵
婚	配
婢	女
婺	城
婺	女
婺	源
媒	人
媒	介
媒	合
媒	妁
媒	妁	之	言
媒	婆
媒	材
媒	界
媕	婀
媚	世
媚	俗
媚	外
媚	娃
媚	惑
媚	眼
媚	笑
媲	美
媵	侍
媾	合
媾	和
嫁	人
嫁	女
嫁	娶
嫁	接
嫂	嫂
嫂	子
嫉	妒
嫉	恨
嫌	忌
嫌	怨
嫌	恨
嫌	犯
嫌	猜
嫌	疑
嫌	疑	人
嫌	疑	犯
嫌	肥	挑	瘦
嫌	隙
嫏	嬛
嫖	妓
嫖	娼
嫖	客
嫖	宿
嫚	子
嫡	出
嫡	堂
嫡	子
嫡	母
嫡	系
嫣	然
嫣	然	一	笑
嫦	娥
嫩	主
嫩	肉	粉
嫩	芽
嫩	苗
嫪	毐
嬉	皮
嬉	皮	士
嬉	笑
嬉	耍
嬎	蛋
嬴	政
孀	婺
孀	居
子	丑
子	京
子	代
子	供	向
子	公	司
子	句
子	品	牌
子	嗣
子	囊	菌
子	域
子	夜
子	女
子	孝	父	慈
子	弟
子	房
子	曰
子	模	型
子	母
子	母	扣
子	民
子	洲
子	爵
子	目
子	程	序
子	粒
子	群
子	路
子	集
子	集	合
子	音
子	鼠
孑	孑
孑	孓
孑	然
孑	然	一	身
孑	立
孑	身
孔	丘
孔	乙	己
孔	夫	子
孔	子
孔	孟
孔	孟	之	道
孔	尚	任
孔	德
孔	教
孔	方	兄
孔	明
孔	林
孔	武
孔	武	有	力
孔	殷
孔	洞
孔	版	印	刷
孔	眼
孔	穴
孔	融
孔	道
孔	院
孔	隙
孔	雀
孔	雀	女
孔	雀	座
孔	雀	河
孔	雀	王	朝
孕	吐
孕	期
孕	激	素
孕	穗
孕	童
孕	育
孕	酮
字	串
字	元
字	元	集
字	典
字	句
字	型
字	字	珠	玉
字	尾
字	帖
字	幕
字	形
字	斟	句	酌
字	林
字	根
字	根	表
字	段
字	母
字	母	表
字	源
字	眼
字	符
字	符	串
字	符	集
字	素
字	重
字	集
字	面
字	音
字	首
存	亡
存	入
存	取
存	在
存	在	感
存	心
存	放
存	有
存	根
存	款
存	款	者
存	活
存	活	率
存	留
存	疑
存	簿
存	量
存	食
孛	星
孜	孜
孜	孜	不	倦
孜	孜	以	求
孜	孜	矻	矻
孜	然
孜	然	芹
孝	南
孝	子
孝	廉
孝	心
孝	悌
孝	悌	忠	信
孝	感
孝	感	市
孝	成	王
孝	敬
孝	昌
孝	服
孝	衣
孝	道
孟	加	拉
孟	夏
孟	姜	女
孟	婆
孟	子
孟	宗	竹
孟	州
孟	州	市
孟	村
孟	浩	然
孟	浪
孟	良	崮
孟	菲	斯
孟	郊
孢	子
季	世
季	候
季	冬
季	刊
季	夏
季	子
季	度
季	春
季	父
季	相
季	肋
季	莫	申	科
季	路
季	雨	林
孤	傲
孤	僻
孤	哀	子
孤	孀
孤	子
孤	孑
孤	孑	特	立
孤	家	寡	人
孤	寂
孤	寒
孤	寡
孤	山
孤	征
孤	拐
孤	拔
孤	男	寡	女
孤	立
孤	立	子
孤	立	子	波
孤	老
孤	苦	伶	仃
孤	身
孤	陋
孤	雌	生	殖
孤	零	零
孤	高
孤	魂
孤	魂	野	鬼
孩	奴
孩	子
孩	提
孩	童
孰	料
孰	真	孰	假
孱	弱
孳	乳
孳	息
孳	生
孵	化
孵	化	器
孵	化	期
孵	卵
孵	育
孵	蛋
孺	人
孺	子
孺	子	可	教
孽	子
孽	海	花
孽	畜
孽	障
它	本	身
宅	女
宅	子
宅	度	假
宅	男
宅	第
宅	舍
宅	邸
宅	配
宅	院
宇	宙
宇	宙	速	度
宇	文
宇	航
宇	航	局
宇	航	服
守	住
守	信
守	信	用
守	候
守	兵
守	分
守	制
守	口	如	瓶
守	土
守	夜
守	孝
守	寡
守	成
守	拙
守	更
守	服
守	望
守	望	台
守	望	相	助
守	株	待	兔
守	正	不	阿
守	法
守	活	寡
守	空	房
守	身
守	身	如	玉
安	丘
安	丘	市
安	乃	近
安	之	若	素
安	人
安	仁
安	保
安	倍
安	克	拉	治
安	克	雷	奇
安	全
安	全	套
安	全	局
安	全	帽
安	全	性
安	全	感
安	全	掣
安	全	措	施
安	全	期
安	全	港
安	全	眼	罩
安	分
安	分	守	己
安	利
安	化
安	匝
安	卓
安	南
安	南	子
安	卡	拉
安	危
安	可
安	吉
安	吉	星
安	哥	拉
安	圭	拉
安	地	斯
安	培
安	培	表
安	塔	那	那	利	佛
安	多	芬
安	大	略	湖
安	大	略	省
安	好
安	好	心
安	如	泰	山
安	如	磐	石
安	妮
安	娜
安	娜	·	卡	列	尼	娜
安	安
安	定
安	定	化
安	定	器
安	家
安	居
安	居	工	程
安	山	岩
安	岳
安	平
安	康
安	康	市
安	徒	生
安	得
安	得	拉	邦
安	德	海
安	德	烈
安	德	肋
安	徽
安	徽	省
安	心
安	息
安	息	日
安	息	茴	香
安	息	香
安	息	香	科
安	息	香	脂
安	慰
安	打
安	抵
安	拉
安	排
安	提	法
安	插
安	放
安	新
安	曼
安	替	比	林
安	枕
安	格	斯
安	格	斯	牛
安	次
安	歇
安	民	告	示
安	泰
安	源
安	溪
安	然
安	瓶
安	瓿
安	瓿	瓶
安	生
安	眠
安	眠	酮
安	石	榴
安	祖	花
安	神
安	祥
安	福
安	第	斯
安	第	斯	山
安	置
安	老	院
安	舒
安	葬
安	藤
安	西
安	身
安	身	立	命
安	逸
安	邦
安	重	根
安	非	他	命
安	非	他	明
宋	代
宋	史
宋	四	家
宋	太	祖
宋	徽	宗
宋	慈
宋	教	仁
宋	朝
宋	楚	瑜
宋	武	帝
宋	江
宋	濂
宋	白
宋	祁
宋	祖	英
宋	襄	公
完	了
完	事
完	事	大	吉
完	人
完	全
完	善
完	型	填	空
完	好
完	好	如	初
完	完	全	全
完	封
完	工
完	形
完	形	填	空
完	成
完	整
完	整	性
完	熟
完	爆
完	璧
完	璧	之	身
完	美
完	虐
完	蛋
宏	儒
宏	大
宏	旨
宏	病	毒
宏	碁
宏	都	拉	斯
宕	昌
宗	主
宗	匠
宗	喀	巴
宗	地
宗	室
宗	教
宗	教	徒
宗	教	改	革
宗	教	法	庭
宗	族
宗	旨
宗	正
宗	法
宗	派
宗	祠
宗	筋
官	二	代
官	位
官	俸
官	倒
官	僚
官	兵
官	制
官	印
官	司
官	名
官	吏
官	威
官	媒
官	子
官	客
官	宣
官	宦
官	宦	人	家
官	家
官	差
官	府
官	微
官	方
官	架	子
官	桂
官	渡
官	爵
官	田
官	箴
官	署
官	翻
官	能
官	能	基
官	逼	民	反
官	邸
官	非
宙	斯
定	下
定	位
定	位	球
定	作
定	例
定	做
定	出
定	分
定	刑
定	力
定	南
定	名
定	向
定	向	培	育
定	向	越	野
定	型
定	型	水
定	子
定	存
定	安
定	局
定	居
定	居	者
定	州
定	州	市
定	座	率
定	式
定	弦
定	影
定	律
定	心	丸
定	性
定	性	分	析
定	情
定	日
定	期
定	期	存	款
定	格
定	案
定	殖
定	洋
定	海
定	然
定	理
定	界
定	界	符
定	睛
定	神
定	票
定	罪
定	能
定	襄
定	西
定	西	市
定	速	巡	航
定	量
定	量	分	析
定	金
定	音
定	音	鼓
定	食
定	鼎
宛	城
宛	如
宛	然
宛	若
宜	人
宜	君
宜	城
宜	城	市
宜	家
宜	居
宜	川
宜	州
宜	昌
宜	昌	市
宜	春
宜	春	市
宜	秀
宜	章
宜	良
宜	都
宜	都	市
客	串
客	人
客	堂
客	套
客	官
客	室
客	家
客	家	人
客	居
客	店
客	座	教	授
客	房
客	服
客	梯
客	死
客	流
客	源
客	群
客	船
客	蚤
宣	介
宣	判
宣	化
宣	告
宣	城
宣	城	市
宣	威
宣	威	市
宣	州
宣	布
宣	德
宣	恩
宣	教
宣	明
宣	示
宣	言
宣	誓
宣	道
室	友
室	外
室	女
室	女	座
室	町
室	町	幕	府
宦	官
宦	海
宰	了
宰	予
宰	人
宰	制
宰	割
宰	客
宰	相
害	人
害	人	精
害	口
害	命
害	喜
害	得
害	怕
害	月	子
害	死
害	病
害	相	思	病
害	眼
害	羞
害	肚	子
害	臊
宴	客
宴	席
宵	夜
宵	小
宵	征
宵	禁
宵	衣	旰	食
家	丁
家	世
家	世	寒	微
家	主
家	事
家	人
家	什
家	伙
家	信
家	僮
家	兄
家	八	哥
家	公
家	具
家	去
家	叔
家	境
家	奴
家	姊
家	姐
家	姑
家	姬
家	娘
家	婆
家	嫂
家	子
家	宅
家	室
家	宴
家	家	酒
家	小
家	居
家	常
家	常	菜
家	常	豆	腐
家	底
家	庭
家	庭	主	夫
家	庭	地	址
家	庭	影	院
家	庭	暴	力
家	庭	煮	夫
家	弟
家	徒	四	壁
家	慈
家	政
家	教
家	族
家	景
家	暴
家	母
家	法
家	灶
家	燕
家	父
家	用
家	畜
家	的
家	眷
家	破	人	亡
家	祖
家	禽
家	私
家	童
家	累	千	金	，	坐	不	垂	堂
家	老
家	臣
家	舅
家	道
家	道	中	落
家	麻	雀
容	下
容	不	得
容	克
容	受
容	器
容	城
容	忍
容	或
容	易
容	止
容	貌
容	身
容	量
容	量	分	析
宿	世
宿	主
宿	仇
宿	儒
宿	分
宿	命
宿	命	通
宿	城
宿	夜
宿	娼
宿	州
宿	州	市
宿	弊
宿	怨
宿	恨
宿	昔
宿	松
宿	根
宿	疾
宿	舍
宿	草
宿	豫
宿	酒
宿	醉
寂	寂
寂	寞
寂	寥
寂	然
寄	主
寄	予
寄	予	厚	望
寄	件	人
寄	件	者
寄	出
寄	名
寄	售
寄	女
寄	子
寄	存
寄	存	器
寄	宿
寄	宿	生
寄	居
寄	居	蟹
寄	放
寄	望
寄	母
寄	父
寄	物
寄	生
寄	生	物
寄	生	生	活
寄	生	者
寄	籍
寄	送
寅	虎
密	不	可	分
密	令
密	件
密	使
密	函
密	切
密	切	注	意
密	友
密	合
密	告
密	商
密	宗
密	室
密	密
密	密	匝	匝
密	密	扎	扎
密	密	麻	麻
密	封
密	山
密	山	市
密	布
密	度
密	度	波
密	恐
密	排
密	探
密	接
密	教
密	文
密	斯
密	林
密	植
密	歇	根
密	歇	根	州
密	歇	根	湖
密	特	朗
密	西	根
密	西	根	州
密	西	西	比
密	西	西	比	州
密	西	西	比	河
密	送
密	集
密	麻	麻
寇	攘
寇	比	力	克
富	二	代
富	人
富	含
富	哥
富	商
富	士
富	士	山
富	士	康
富	士	通
富	婆
富	孀
富	川
富	平
富	庶
富	得	流	油
富	文	本
富	春	江
富	有
富	民
富	源
富	甲	一	方
富	翁
富	良	野
富	色	彩
富	裕
富	豪
富	足
富	里
寒	亭
寒	假
寒	冬
寒	冷
寒	噤
寒	士
寒	天
寒	微
寒	心
寒	意
寒	暄
寒	毛
寒	流
寒	潮
寒	窗
寒	舍
寒	衣
寒	酸
寒	露
寒	食
寓	居
寓	意
寓	所
寓	目
寓	言
察	察
察	看
寡	人
寡	助
寡	居
寡	情
寡	淡
寡	糖
寡	言
寡	陋
寤	寐
寤	寐	以	求
寥	寥
寥	廓
寥	若	晨	星
寥	落
寨	卡	病	毒
寮	屋
寮	房
寰	宇
寰	球
寰	螽
寸	口
寸	土	寸	金
寸	晷
寸	草	不	生
寺	院
封	一
封	三
封	丘
封	二
封	入
封	刀
封	包
封	印
封	口
封	四
封	土
封	地
封	城
封	套
封	存
封	山	育	林
封	底
封	建
封	建	主
封	建	制	度
封	建	思	想
封	控
封	檐	板
封	沙	育	林
封	河	期
封	泥
封	港
封	火
封	爵
封	王
封	疆
封	皮
封	神	榜
封	禁
封	裹
封	路
封	邑
封	面
射	中
射	出
射	干
射	影
射	手
射	手	座
射	流
射	程
射	箭
射	精
射	精	管
尉	氏
尉	犁
尊	公
尊	卑
尊	君
尊	命
尊	堂
尊	奉
尊	容
尊	尚
尊	崇
尊	意
尊	敬
尊	翁
尊	老
尊	者
尊	重
小	c	a	s	e
小	三
小	三	和	弦
小	三	度
小	丑
小	丘
小	乘
小	九	九
小	事
小	二
小	人
小	人	得	志
小	人	物
小	人	精
小	仙	女
小	伙
小	伙	子
小	便
小	便	器
小	便	宜
小	便	斗
小	便	池
小	偷
小	公	主
小	公	共
小	刀
小	包
小	升	初
小	半
小	卒
小	卷
小	叔
小	受
小	可
小	吃
小	吃	店
小	名
小	品
小	哥	哥
小	嗓
小	型
小	型	巴	士
小	型	核	武	器
小	城
小	夜
小	夜	曲
小	夜	班
小	太	太
小	女
小	女	人
小	奶	狗
小	妖
小	妖	精
小	妹
小	妹	妹
小	姐
小	姐	姐
小	姑
小	姑	子
小	姨
小	姨	子
小	娃
小	娃	娃
小	婊	砸
小	婿
小	子
小	孩
小	孩	堤	防
小	孩	子
小	官
小	家	碧	玉
小	家	鼠
小	寒
小	寨
小	小
小	屁	孩
小	屋
小	岩	洞
小	川
小	巧
小	己
小	巴
小	巷
小	幅
小	年	夜
小	店
小	康
小	建
小	弟
小	弟	弟
小	心
小	心	地	滑
小	心	眼
小	心	翼	翼
小	恭
小	意	思
小	憩
小	我
小	扁	豆
小	技
小	抄
小	拇	指
小	拐
小	指
小	提	琴
小	提	琴	手
小	插	曲
小	改	改
小	攻
小	日	子
小	日	本
小	昊
小	春
小	昭	寺
小	暑
小	曲
小	朋	友
小	本
小	松	菜
小	林
小	槌
小	步	舞	曲
小	段	子
小	民
小	池	百	合	子
小	河
小	油	菜
小	泉
小	泡
小	波
小	混	混
小	清	新
小	港
小	溪
小	滴
小	潮
小	瀑	布
小	灶
小	熊	座
小	燕	尾
小	牛
小	牛	肉
小	牝	牛
小	犬
小	犬	座
小	狗
小	玩	意
小	球
小	畑	健
小	病
小	登
小	白
小	白	兔
小	白	腰	雨	燕
小	白	菜
小	白	鼠
小	的
小	皇	帝
小	看
小	眼	角
小	睡
小	瞧
小	碟	子
小	祖	宗
小	票
小	秘
小	管
小	篆
小	米
小	米	椒
小	米	辣
小	粉
小	羊
小	羚	羊
小	老	婆
小	老	鼠
小	考
小	胖	爪
小	腹
小	腿
小	腿	肚
小	舅	子
小	舌
小	船
小	花
小	茴	香
小	菜
小	菜	一	碟
小	薰
小	蜜
小	蜜	蜂
小	蠹
小	行	星
小	袋
小	袋	鼠
小	褂
小	解
小	豆
小	豆	蔻
小	赤	壁
小	跑
小	路
小	道
小	道	具
小	道	消	息
小	酌
小	野
小	野	不	由	美
小	量
小	金
小	阿	姨
小	除	夕
小	雁	塔
小	雅
小	雨
小	雪
小	青	年
小	食
小	食	中	心
小	鬟
小	鬼
小	鼓
小	鼠
小	𥻗	子
少	不	了
少	不	得
少	不	更	事
少	之	又	少
少	刻
少	女
少	女	峰
少	奶	奶
少	子	化
少	安	毋	躁
少	尉
少	年
少	年	之	家
少	年	人
少	年	犯
少	年	老	成
少	府
少	放
少	有
少	林
少	林	寺
少	校
少	根	筋
少	男
少	男	少	女
少	艾
少	部	分
少	量
尖	刀
尖	利
尖	刻
尖	叫
尖	塔
尖	子
尖	子	生
尖	尖
尖	山
尖	峰
尖	扎
尖	新
尖	椒
尖	沙	咀
尖	牙
尖	石
尖	窄
尖	端
尖	草	坪
尖	酸
尖	酸	刻	薄
尚	且
尚	可
尚	存
尚	志
尚	志	市
尚	未
尚	武
尜	尜
尤	克	里	里
尤	其
尤	其	是
尤	利	西	斯
尤	加	利
尤	卡	坦
尤	坎
尤	德
尤	指
尤	溪
尤	物
尤	里	斯	·	伊	文	思
尤	金
尥	蹶	子
尬	意
尬	聊
尬	舞
就	任
就	伴
就	便
就	口
就	地
就	地	取	材
就	地	正	法
就	座
就	擒
就	是
就	晚	了
就	服
就	木
就	正
就	此
就	算
就	要
就	近
就	道
就	餐
尸	位	素	餐
尹	潽	善
尺	八
尺	子
尺	寸
尺	度
尺	素
尺	蠖
尺	蠖	蛾
尺	骨
尻	骨
尼	人
尼	克
尼	克	松
尼	克	森
尼	加	拉	瀑	布
尼	加	拉	瓜
尼	勒	克
尼	古	丁
尼	哥
尼	哥	底	母
尼	姆
尼	姑
尼	安	德	塔	人
尼	安	德	特	人
尼	布	甲	尼	撒
尼	康
尼	散	月
尼	斯
尼	斯	湖	水	怪
尼	日
尼	木
尼	桑
尼	特
尼	特	族
尼	采
尼	雅
尼	雅	河
尾	大	不	掉
尾	子
尾	巴
尾	期
尾	梢
尾	椎
尾	欠
尾	款
尾	水
尾	水	渠	道
尾	流
尾	牙
尾	班
尾	生
尾	羽
尾	翼
尾	蚴
尾	部
尾	音
尾	骨
尿	嘧	啶
尿	尿
尿	布
尿	布	疹
尿	床
尿	急
尿	意
尿	毒	症
尿	泡
尿	液
尿	炕
尿	片
尿	生	殖	管	道
尿	盆
尿	素
尿	脬
尿	遁
尿	道
局	中	人
局	促	一	隅
局	促	不	安
局	地
局	外
局	外	中	立
局	子
局	灶	性
局	部
局	部	作	用	域
局	部	性
局	部	麻	醉
局	限
局	限	性
局	面
局	麻
屁	事
屁	屁
屁	民
屁	眼
屁	精
屁	股
屁	股	眼
屁	股	蛋
屄	屄
居	中
居	人
居	位
居	住
居	住	地
居	住	者
居	功
居	功	自	傲
居	多
居	奇
居	孀
居	宅
居	安	思	危
居	官
居	室
居	家
居	心
居	心	不	良
居	心	何	在
居	所
居	正
居	民
居	然
居	留
居	第
居	酒	屋
居	里
居	里	夫	人
居	首
居	高	不	下
屈	光	度
屈	公	病
屈	原
屈	原	祠
屈	尊
屈	尊	俯	就
屈	才
屈	打	成	招
屈	指
屈	指	一	算
屈	曲
屈	服
屈	肌
屈	辱
屋	企
屋	外
屋	子
屋	宇
屋	架
屋	脊
屋	面
屋	面	瓦
屌	爆
屎	意
屎	蚵	螂
屏	保
屏	南
屏	占	比
屏	山
屏	幕
屏	息
屏	蔽
屏	蔽	罐
屏	退
屏	除
屏	障
展	位
展	出
展	列
展	品
展	室
展	布
展	帆
展	平
展	弦	比
展	播
展	望
展	期
展	玩
展	眉
展	示
展	翅
展	露
屙	尿
屙	屎
屠	伯
屠	刀
屠	城
屠	夫
屠	宰
屠	戮
屠	格	涅	夫
屠	毒
履	新
履	行
屯	子
屯	戍
屯	昌
屯	溪
屯	特
屯	落
山	下
山	丘
山	丹
山	丹	丹
山	亭
山	凹
山	包
山	南
山	南	市
山	口
山	口	洋
山	嘴
山	地
山	地	同	胞
山	坡
山	埃
山	城
山	壑
山	外	有	山	，	天	外	有	天
山	奈
山	子
山	寨
山	峰
山	崎
山	崖
山	崩
山	川
山	形
山	斗
山	旮	旯
山	明	水	秀
山	本
山	本	五	十	六
山	村
山	林
山	柰
山	核	桃
山	根
山	案	座
山	梁
山	梨
山	梨	醇
山	楂
山	楂	糕
山	歌
山	水
山	河
山	洞
山	洪
山	清	水	秀
山	火
山	炮
山	珍	海	味
山	瑞
山	田
山	盟	海	誓
山	神
山	竹
山	精
山	羊
山	羊	座
山	羌
山	胞
山	胡	桃	木
山	脊
山	腰
山	芋
山	茱	萸
山	茶
山	茶	花
山	莓
山	萮	菜
山	葵
山	行
山	西
山	西	省
山	谷
山	谷	市
山	路
山	道	年
山	野
山	阿
山	陬	海	澨
山	隘
山	雀
山	雉
山	靛
山	高	海	深
山	魈
山	麓
山	麻	雀
屹	立
岌	岌	可	危
岌	嶪
岐	山
岑	彭
岑	溪
岑	溪	市
岔	口
岔	子
岔	流
岔	路
岔	道
岩	壑
岩	屑
岩	崎
岩	手
岩	沙	海	葵	毒	素
岩	流	圈
岩	溶
岩	燕
岩	石
岩	石	圈
岩	穴
岩	羊
岬	角
岱	宗
岱	山
岳	丈
岳	家
岳	普	湖
岳	母
岳	池
岳	父
岳	西
岳	麓	山
岷	江
岸	上
岸	然
峇	厘
峇	峇	娘	惹
峇	拉	煎
峇	里
峒	室
峚	山
峨	嵋	拳
峨	眉
峨	眉	山
峨	眉	山	市
峭	壁
峰	值
峻	峭
崆	峒
崇	仁
崇	信
崇	奉
崇	尚
崇	川
崇	州
崇	州	市
崇	左
崇	左	市
崇	拜
崇	拜	者
崇	敬
崇	洋
崇	洋	媚	外
崇	高
崔	健
崔	圭	夏
崔	嵬
崔	巍
崔	明	慧
崔	永	元
崔	琦
崖	刻
崖	壁
崖	壑
崖	岸
崖	州
崖	沙	燕
崖	略
崖	谷
崖	限
崛	地	而	起
崛	立
崛	起
崦	嵫
崩	倒
崩	坍
崩	塌
崩	大	碗
崩	摧
崩	殂
崩	漏
崩	症
崩	落
崩	裂
崩	陷
崴	子
崽	子
嵊	州
嵊	州	市
嵊	泗
嵌	入
嵌	入	式
嵌	套
嵖	岈	山
嵞	山
嵩	山
嵩	明
嶙	峋
巍	峨
巍	巍
巍	然
巍	然	屹	立
川	外
川	崎
川	普
川	木	香
川	沙
川	流	不	息
川	滇	藏
川	端	康	成
川	芎
川	菜
川	藏
川	西
川	震
州	伯
州	界
州	立
巡	弋
巡	捕
巡	捕	房
巡	更
巡	查
巡	演
巡	航
巡	行
巡	警
巢	湖
巢	湖	市
巢	穴
工	事
工	人
工	件
工	位
工	作
工	作	列
工	作	坊
工	作	室
工	作	日
工	作	服
工	作	流
工	作	流	程
工	作	狂
工	作	站
工	作	者
工	作	表
工	作	量
工	作	面
工	作	餐
工	信	部
工	兵
工	具
工	具	人
工	具	箱
工	分
工	匠
工	友
工	口
工	商
工	商	界
工	地
工	地	秀
工	坊
工	夫
工	夫	茶
工	委
工	字	梁
工	寮
工	序
工	房
工	整
工	期
工	校
工	欲	善	其	事	，	必	先	利	其	器
工	科
工	程
工	薪	族
工	藤
工	蜂
工	行
工	部
左	上
左	下
左	丘	明
左	券
左	券	在	握
左	右
左	右	共	利
左	右	勾	拳
左	右	手
左	右	袒
左	右	逢	源
左	嗓	子
左	宗	棠
左	岸
左	思
左	思	右	想
左	手
左	拉
左	撇	子
左	氏	春	秋
左	氧	氟	沙	星
左	派
左	翼
左	耳	入	，	右	耳	出
左	膀	右	臂
左	至	右
左	舵
左	舷
左	袒
左	近
左	面
左	首
巧	了
巧	人
巧	克	力
巧	克	力	脆	片
巧	匠
巧	合
巧	固	球
巧	妙
巧	家
巧	思
巧	手
巧	立	名	目
巧	舌	如	簧
巧	言	令	色
巨	乳
巨	亨
巨	人
巨	匠
巨	嘴	沙	雀
巨	型
巨	大
巨	富
巨	峰
巨	幅
巨	擘
巨	星
巨	款
巨	流
巨	海	扇	蛤
巨	爵	座
巨	石
巨	石	柱	群
巨	著
巨	蛇	尾
巨	蛇	座
巨	蛋
巨	蜥
巨	蟒
巨	蟹
巨	蟹	座
巨	蠹
巨	野
巨	量
巨	集
巨	魔
巨	鹿
巫	婆
巫	山
巫	毒
巫	毒	教
巫	溪
巫	裔
差	不	多
差	不	多	的
差	事
差	使
差	分
差	分	方	程
差	商
差	失
差	役
差	得	多
差	旅
差	池
差	派
差	生
差	生	文	具	多
差	距
差	速	器
差	遣
己	丑
己	亥
己	卯
己	型	肝	炎
己	巳
己	方
己	未
己	糖
己	酉
已	久
已	作	故	人
已	婚
已	婚	已	育
已	往
已	成	形
已	故
已	然
已	知
巳	蛇
巴	不	得
巴	中
巴	中	市
巴	仙
巴	以
巴	先
巴	克	拉	瓦
巴	克	斯
巴	克	科	斯
巴	利
巴	利	文
巴	力
巴	勒	斯	坦
巴	勒	莫
巴	南
巴	卡	拉	瓦
巴	厘
巴	哈
巴	哈	伊
巴	哥
巴	哥	犬
巴	基	斯	坦
巴	塘
巴	士
巴	士	底
巴	士	拉
巴	士	站
巴	宰	族
巴	山
巴	山	夜	雨
巴	山	蜀	水
巴	州
巴	巴
巴	巴	多	斯
巴	巴	拉
巴	布	拉	族
巴	心	巴	肝
巴	戟
巴	扎
巴	拉	克
巴	拉	圭
巴	拉	基	列	夫
巴	拉	巴	斯
巴	拉	迪
巴	拿	芬
巴	掌
巴	斗
巴	斯
巴	斯	克
巴	斯	德
巴	新
巴	旦	木
巴	旦	杏
巴	望
巴	松
巴	松	管
巴	林
巴	林	右
巴	林	右	旗
巴	林	左
巴	林	左	旗
巴	楚
巴	比	Q
巴	比	妥
巴	氏
巴	洛	克
巴	特
巴	特	瓦	族
巴	瑞
巴	生
巴	甫	洛	夫
巴	登
巴	祖	卡
巴	耶	利	巴
巴	莫
巴	蜀
巴	西
巴	解
巴	豆
巴	赫
巴	里
巴	里	坤
巴	里	坤	草	原
巴	金
巴	金	森	氏	症
巴	阿
巴	青
巴	音	布	克	草	原
巴	音	郭	楞
巴	音	郭	楞	州
巴	音	郭	楞	蒙	古	自	治	州
巴	高	望	上
巴	黎
巴	黎	公	社
巷	子
巷	弄
市	丈
市	中	心
市	井
市	井	小	民
市	值
市	分
市	制
市	厘
市	委
市	容
市	寸
市	尺
市	府
市	引
市	撮
市	政
市	政	府
市	斤
市	曹
市	民
市	盈	率
市	立
市	郊
市	里
市	集
市	面
市	面	上
布	丁
布	下
布	什
布	伍
布	依
布	偶
布	列	塔	尼
布	列	斯	特
布	加	勒	斯	特
布	加	迪
布	匹
布	吉	河
布	哈	拉
布	哈	林
布	囊
布	坎	南
布	城
布	娃	娃
布	展
布	巾
布	希
布	希	威	克
布	希	鞋
布	帛
布	帛	菽	粟
布	幕
布	托
布	拉	吉
布	拉	德	福	德
布	拉	提	斯	拉	瓦
布	拉	格
布	拉	索	夫
布	拖
布	控
布	斐
布	料
布	施
布	朗
布	朗	克	士
布	朗	克	斯
布	朗	士
布	朗	尼
布	朗	族
布	松	布	拉
布	林
布	林	迪	西
布	氏	菌	苗
布	洛	芬
布	洛	陀
布	衣
布	袋
布	道
布	里	坦	尼
布	里	斯	托
布	里	斯	班
布	里	特	妮
布	防
布	隆	伯	格
布	隆	方	丹
布	隆	迪
布	雷	斯	特
布	鞋
帆	布
帆	布	鞋
帆	板
帆	船
希	仁
希	冀
希	律	王
希	拉	克
希	拉	蕊
希	拉	里
希	斯
希	望
希	望	落	空
希	格	斯
希	格	斯	玻	色	子
希	格	斯	粒	子
希	沃	特
希	波	克	拉	底
希	洪
希	特	勒
希	神
希	舒	美
希	蒙	·	佩	雷	斯
希	西	家
帑	藏
帕	夏
帕	子
帕	尼	尼
帕	尼	巴	特
帕	斯
帕	斯	卡
帕	斯	卡	三	角	形
帕	果	帕	果
帕	格	尼	尼
帕	特	里	克
帕	特	里	夏
帕	皮	提
帕	福	斯
帕	累	托
帕	能
帕	西
帕	金	森
帕	金	森	氏	症
帕	金	森	病
帖	子
帖	服
帛	琉
帛	金
帝	乙
帝	京
帝	位
帝	俄
帝	俊
帝	制
帝	力
帝	后
帝	汶	海
帝	王
帝	辛
帝	都
帡	幪
席	位
席	勒
席	地	而	坐
席	地	而	睡
席	子
席	德	尼
帷	幔
帷	幕
常	人
常	任
常	住
常	俸
常	委
常	客
常	山
常	州
常	州	市
常	常
常	年
常	微	分	方	程
常	德
常	德	市
常	情
常	春	藤
常	模
常	法
常	熟
常	熟	市
常	犯
常	理
常	用
常	用	品
常	用	字
常	衡	制
常	言
常	道
常	量
常	青
常	青	藤
常	青	藤	八	校
帹	暆
帽	匠
帽	天	山
帽	子
帽	檐
幅	度
幌	子
幔	子
幕	僚
幕	布
幕	府
幕	斯
幡	然
幢	幢
干	休
干	戈
干	支
干	政
干	涉
干	邑
平	交	道
平	人
平	仄
平	伏
平	信
平	假	名
平	凡
平	分
平	分	秋	色
平	利
平	南
平	印
平	原
平	反
平	叛
平	和
平	地
平	地	木
平	地	起	家
平	均
平	均	值
平	均	值	定	理
平	均	差
平	均	律
平	均	成	本	法
平	均	收	入
平	坦
平	城
平	埔	族
平	塘
平	壤
平	壤	市
平	天	下
平	安
平	安	北	道
平	安	南	道
平	安	夜
平	安	道
平	安	里
平	定
平	局
平	山
平	川
平	常
平	常	心
平	常	日
平	平
平	平	常	常
平	年
平	底
平	度
平	度	市
平	庸
平	息
平	成
平	房
平	手
平	抑
平	整
平	方
平	方	公	里
平	方	千	米
平	方	反	比	定	律
平	方	反	比	律
平	方	根
平	方	米
平	方	英	尺
平	日
平	旦
平	昌
平	明
平	易
平	易	近	人
平	替
平	月
平	板
平	果
平	果	市
平	武
平	民
平	江
平	淡
平	添
平	湖
平	湖	市
平	溪
平	滑
平	滑	字
平	滑	肌
平	潭
平	版
平	生
平	白
平	直
平	移
平	等
平	等	互	利
平	米
平	素
平	胸
平	舌	音
平	菇
平	行
平	衡
平	衡	木
平	衡	棒
平	角
平	谷
平	起	平	坐
平	身
平	邑
平	野
平	靖
平	面
平	面	波
平	面	角
年	三	十
年	下
年	中
年	久	失	修
年	之	久
年	事
年	事	已	高
年	代
年	代	初
年	份
年	俸
年	假
年	兄
年	刊
年	初
年	前
年	功	加	俸
年	友
年	味
年	均
年	均	日	照
年	夜
年	尊
年	少
年	尾
年	已	蹉	跎
年	年
年	幼
年	底
年	庚
年	度
年	息
年	成
年	收	入
年	月
年	末
年	楚	河
年	糕
年	老
年	老	力	衰
年	薪
年	表
年	逾
年	逾	古	稀
年	金
年	限
年	青
年	高	德	劭
幸	事
幸	喜
幸	好
幸	甚
幸	甚	至	哉
幸	福
幸	而
幻	化
幻	境
幻	影
幻	想
幻	景
幻	椅	式
幻	肢
幻	象
幼	仔
幼	吾	幼	，	以	及	人	之	幼
幼	女
幼	妹
幼	小
幼	崽
幼	年
幼	弟
幼	教
幼	稚
幼	童
幼	苗
幽	僻
幽	冥
幽	囹
幽	寂
幽	州
幽	幽
幽	微
幽	怨
幽	明
幽	暗
幽	浮
幽	浮	迷
幽	深
幽	禁
幽	美
幽	谷
幽	邃
幽	雅
幽	香
幽	魂
幽	默
幽	默	感
庇	佑
庇	古
庇	祐
床	位
床	友
床	技
床	沿
床	笠
床	笫
床	笫	之	事
床	笫	之	私
床	罩
序	列
序	幕
序	文
序	曲
序	次
序	章
序	言
序	跋
底	下
底	夸	克
底	子
底	定
底	座
底	料
底	朝	天
底	格	里	斯
底	格	里	斯	河
底	止
底	比	斯
底	汁
底	漆
底	片
底	版
底	牌
底	特	律
底	界
底	端
底	肥
底	薪
底	部
底	限
底	面
店	主
店	伙
店	堂
店	家
店	小	二
店	面
庚	午
庚	子
庚	寅
庚	戌
庚	申
庚	糖
庚	辰
府	上
府	城
府	尹
府	幕
府	治
府	第
府	谷
府	邸
度	估
度	假
度	假	村
度	外
度	姑
度	娘
度	日
度	日	如	年
度	牒
度	量
度	量	衡
座	上	客
座	位
座	堂
座	子
座	席
座	椅
座	椅	套	子
座	次
座	生	水	母
座	落
庭	堂
庭	外
庭	院
庭	除
庵	堂
庵	摩	勒
庵	摩	落	迦	果
庶	出
庶	吉	士
庶	妻
庶	子
庶	室
庶	民
康	乃	狄	克
康	乃	馨
康	乾	宗	迦	峰
康	乾	盛	世
康	佳
康	保
康	健
康	巴
康	平
康	康	舞
康	德
康	拜	因
康	斯	坦	察
康	斯	坦	茨
康	泰
康	涅	狄	格
康	涅	狄	格	州
康	熙
康	熙	字	典
康	生
康	白	度
康	科	德
康	衢
庸	人
庸	人	庸	福
庸	俗
庸	俗	化
庸	庸	碌	碌
庸	才
庸	碌
庾	信
廉	俸
廉	政
廉	政	公	署
廉	正
廉	江
廉	江	市
廉	直
廉	租	房
廉	署
廊	坊
廊	坊	市
廊	酒
廓	清
廖	沫	沙
延	伸
延	吉
延	吉	市
延	安
延	安	市
延	宕
延	展
延	展	性
延	川
延	平
延	年
延	性
延	接
延	期
延	期	付	款
延	津
延	禧	攻	略
延	聘
延	髓
廷	尉
廷	布
建	三	江
建	交
建	制
建	商
建	基
建	始
建	安
建	平
建	康
建	德
建	德	市
建	成
建	政
建	教	合	作
建	文
建	文	帝
建	昌
建	材
建	模
建	水
建	湖
建	物
建	白
建	立
建	立	者
建	置
建	行
建	言
建	造
建	都
廿	八	躔
廿	四	史
弄	不	懂
弄	不	清
弄	假	成	真
弄	僵
弄	到
弄	到	手
弄	嘴	弄	舌
弄	堂
弄	巧	反	拙
弄	巧	成	拙
弄	平
弄	懂
弄	懂	弄	通
弄	明	白
弄	歪
弄	死
弄	混
弄	清
弄	璋
弄	瓦
弄	直
弄	短
弄	碎
弄	糟
弄	臣
弄	走
弄	通
弄	醒
弊	案
弊	病
弊	端
弋	江
式	子
式	微
弓	弦
弓	弩
弓	弩	手
弓	形
弓	箭
弓	箭	手
弓	箭	步
弓	背
弓	腰
弓	臂
弓	足
弓	身
引	人	注	意
引	人	注	目
引	信
引	入
引	入	迷	途
引	出
引	力
引	力	波
引	向
引	吭	高	歌
引	咎
引	嫌
引	子
引	得
引	擎
引	文
引	柴
引	水
引	水	工	程
引	河
引	流
引	渡
引	火
引	火	柴
引	燃
引	爆
引	狗	入	寨
引	狼	入	室
引	理
引	用
引	用	句
引	申
引	蛇	出	洞
引	言
引	起
引	路
引	述
引	退
引	逗
弗	州
弗	拉	明	戈
弗	拉	芒
弗	格	森
弗	洛	伊	德
弗	洛	姆
弗	迪	南
弗	里	得	里	希
弗	里	德	里	希
弗	里	德	里	希	·	席	勒
弗	里	敦
弗	里	曼
弗	雷
弗	雷	德	里	克
弘	治
弘	法
弟	兄
弟	妹
弟	媳
弟	子
弟	弟
弦	切	角
弦	外	之	意
弦	外	之	音
弦	月
弦	月	窗
弦	歌
弦	而	鼓	之
弧	光
弧	度
弧	形
弧	菌
弩	兵
弩	弓
弱	作	用
弱	作	用	力
弱	化
弱	小
弱	旅
弱	智
弱	爆
弱	相	互	作	用
弱	酸
弱	音	踏	板
彀	中
彗	星
彗	核
彝	器
彝	族
彝	族	年
彝	良
形	上
形	似
形	像
形	制
形	同
形	同	陌	路
形	婚
形	容
形	式
形	式	化
形	形	色	色
形	意	拳
形	成
形	旁
形	核
形	神
形	符
形	色
形	象
形	象	代	言	人
形	象	大	使
形	貌
形	骸
彩	信
彩	券
彩	印
彩	卷
彩	塑
彩	排
彩	旗
彩	民
彩	泥
彩	票
彩	色
彩	虹
彩	虹	屁
彩	虹	族	群
彩	虹	旗
彩	虹	蜂	虎
彩	蚌
彩	蛋
彩	衣
彩	超
彩	霞
彪	休
彪	子
彪	形
彪	悍
彪	炳
彪	炳	千	古
彪	蒙
彬	彬
彬	彬	君	子
彬	蔚
彭	亨
彭	勃
彭	博
彭	博	社
彭	定	康
彭	州
彭	州	市
彭	斯
彭	湖
彭	真
彭	祖
彭	麻	麻
彰	化
彰	化	市
彰	彰
彰	明
彰	武
影	像
影	印
影	印	本
影	后
影	壁
影	子
影	射
影	展
影	帝
影	星
影	本
影	片
影	碟
影	迷
影	院
影	集
影	音
彳	亍
彷	徉
彷	徨
役	使
役	男
役	畜
彼	倡	此	和
彼	唱	此	和
彼	岸
彼	岸	花
彼	得
彼	得	堡
彼	得	格	勒
彼	得	潘
彼	拉	多
彼	拉	提	斯
彼	此
彼	此	彼	此
往	事
往	事	已	矣
往	例
往	初
往	前
往	古
往	外
往	常
往	年
往	往
往	日
往	昔
往	生
往	程
往	返
征	人
征	伐
征	地
征	夫
征	帆
征	彸
征	得
征	戍
征	旆
征	服
征	服	者
征	用
征	程
征	衣
征	衫
征	途
待	乙	妥
待	人
待	人	接	物
待	命
待	字
待	定
待	宵	草
待	用	餐
待	考
待	要
待	解
待	遇
徇	情
徇	情	枉	法
徇	私	枉	法
徇	私	舞	弊
很	是
律	所
律	政	司
律	法
徐	世	昌
徐	俊
徐	克
徐	匡	迪
徐	娘	半	老
徐	州
徐	州	市
徐	徐
徐	志	摩
徐	星
徐	步
徐	渭
徐	熙	媛
徐	福
徐	行
徐	霞	客
徒	具
徒	刑
徒	工
徒	弟
徒	手
徒	有	其	名
徒	步
徒	步	旅	行
徒	然
徒	裼
得	不	到
得	中
得	主
得	了
得	令
得	以
得	便
得	出
得	分
得	利
得	到
得	力
得	可	以
得	名
得	失
得	宜
得	很
得	悉
得	意
得	意	忘	形
得	意	洋	洋
得	手
得	救
得	文
得	梅	因
得	法
得	瑟
得	病
得	益
得	直
得	看
得	知
得	票
得	票	率
得	空
得	罪
得	色
得	要
得	逞
得	道
得	道	多	助
得	道	多	助	，	失	道	寡	助
徘	徊
徜	徉
御	史
御	姐
御	宅	族
御	弟
御	戎
御	手
御	批
御	用
御	膳	房
御	酒
循	分
循	序
循	道	宗
徭	役
微	不	足	道
微	中	子
微	乎	其	微
微	信
微	光
微	克
微	分
微	分	方	程
微	劈	恩
微	升
微	博
微	博	客
微	商
微	囊
微	型
微	妙
微	孔	膜
微	安
微	安	培
微	小
微	山
微	弱
微	微
微	恙
微	控	制	器
微	操
微	整
微	整	形
微	明
微	星
微	晶
微	晶	片
微	服
微	末
微	波
微	溶
微	漠
微	火
微	生	物
微	睡	眠
微	秒
微	笑
微	管
微	管	蛋	白
微	米
微	粒
微	聚	焦
微	胖
微	臣
微	茫
微	菌
微	薄
微	血	管
微	表	情
微	距
微	辣
微	醺
微	量
微	量	元	素
微	量	白	蛋	白
微	雕
德	三
德	不	配	位
德	仁
德	令	哈
德	令	哈	市
德	保
德	先	生
德	勒	巴	克
德	勒	斯	登
德	化
德	古	拉
德	古	西	加	巴
德	城
德	士
德	安
德	宏
德	宏	州
德	川
德	州
德	州	市
德	干
德	式
德	彪	西
德	性
德	惠
德	惠	市
德	意	志
德	才
德	政
德	文
德	昂
德	昌
德	格
德	梅	因
德	比
德	江
德	沃	夏	克
德	治
德	清
德	牧
德	班
德	育
德	航
德	行
德	都
德	里
德	雷	福	斯
德	雷	福	斯	案	件
德	高	望	重
徽	墨
徽	州
徽	章
徽	菜
心	上	人
心	下
心	不	在	焉
心	中
心	中	有	鬼
心	事
心	事	重	重
心	切
心	力
心	力	交	瘁
心	力	衰	竭
心	包
心	口
心	口	不	一
心	口	如	一
心	土
心	地
心	地	善	良
心	坎
心	塞
心	境
心	如	刀	割
心	如	止	水
心	孔
心	安	理	得
心	室
心	宿	二
心	寒
心	尖
心	底
心	弦
心	律
心	律	不	整
心	律	失	常
心	得
心	得	安
心	心	念	念
心	心	相	印
心	志
心	思
心	急
心	急	如	火
心	急	如	焚
心	急	火	燎
心	怦	怦	跳
心	性
心	悸
心	情
心	想
心	想	事	成
心	意
心	慌
心	房
心	扉
心	拙	口	笨
心	搏
心	智
心	服
心	服	口	服
心	材
心	根
心	梗
心	毒
心	毒	手	辣
心	流
心	潮	澎	湃
心	灰	意	冷
心	焦
心	照
心	照	不	宣
心	狠	手	辣
心	率
心	理
心	理	作	用
心	理	分	析
心	瓣
心	甘
心	田
心	疑
心	疼
心	病
心	痛
心	目
心	目	中
心	直	口	快
心	直	嘴	快
心	眼
心	眼	多
心	眼	大
心	眼	好
心	眼	小
心	知	肚	明
心	硬
心	碎
心	神
心	神	不	安
心	神	恍	惚
心	秀
心	窄
心	算
心	累
心	肌
心	肌	梗	塞
心	肌	梗	死
心	肌	炎
心	肝
心	肺
心	胸
心	腹
心	腹	之	患
心	花	怒	放
心	血
心	血	管
心	血	管	疾	病
心	路
心	跳
心	酸
心	醉
心	醉	神	迷
心	重
心	防
心	音
必	不	可	少
必	不	可	缺
必	修
必	和	必	拓
必	定
必	得
必	死	之	症
必	然
必	由	之	路
必	要
必	要	性
必	需
必	需	品
忌	口
忌	妒
忌	恨
忌	日
忌	辰
忍	不	住
忍	俊
忍	俊	不	禁
忍	冬
忍	受
忍	垢	偷	生
忍	得	住
忍	心
忍	痛
忍	者
忍	耐
忍	耐	力
忍	辱	偷	生
忍	辱	含	垢
忍	辱	求	全
忐	忑
忐	忑	不	安
忖	度
忖	思
忖	量
志	不	在	此
志	丹
志	同	道	合
志	向
志	在	四	方
志	士	仁	人
志	工
志	怪
志	留	系
志	趣
忘	不	了
忘	乎	所	以
忘	八
忘	八	旦
忘	八	蛋
忘	其	所	以
忘	年	交
忘	性
忘	恩
忘	情
忘	我
忘	掉
忘	本
忘	餐
忙	不	迭
忙	中	有	失
忙	乎
忙	忙	叨	叨
忙	活
忙	碌
忙	音
忠	信
忠	勇
忠	厚
忠	告
忠	心
忠	心	耿	耿
忠	恕
忠	清
忠	清	北	道
忠	清	南	道
忠	清	道
忠	烈
忠	臣
忠	言
忠	言	逆	耳
忤	逆
快	中	子
快	件
快	信
快	充
快	取
快	可	立
快	嘴
快	意
快	感
快	感	中	心
快	慢
快	慰
快	手
快	捷
快	捷	方	式
快	攻
快	板
快	步
快	步	流	星
快	步	跑
快	活
快	炒	店
快	照
快	班
快	船
快	艇
快	行	道
快	要
快	退
快	速
快	餐
快	餐	交	友
快	餐	店
快	餐	部
念	佛
念	力
念	叨
念	咒
念	念	不	忘
念	想
念	日
念	珠
念	珠	菌	症
忸	忸	怩	怩
忸	怩
忻	城
忻	州
忻	州	市
忻	府
忽	上	忽	下
忽	哨
忽	地
忽	布
忽	微
忽	必	烈
忽	忽
忽	忽	悠	悠
忽	悠
忽	然
忽	略
忽	而
忽	高	忽	低
怎	奈
怎	生
怎	的
怎	能
怒	不	可	遏
怒	吼
怒	喝
怒	容
怒	恨
怒	放
怒	斥
怒	族
怒	江
怒	江	傈	僳	族	自	治	州
怒	江	州
怒	潮
怒	火
怒	目
怒	目	相	向
怒	色
怔	住
怔	忡
怔	忪
怔	怔
怕	事
怕	死
怕	死	鬼
怕	生
怕	羞
怕	老	婆
怙	恃
思	之	心	痛
思	南
思	忖
思	念
思	情
思	想
思	想	交	流
思	想	包	袱
思	想	史
思	想	家
思	慕
思	政
思	明
思	春
思	春	期
思	潮
思	潮	起	伏
思	科
思	索
思	考
思	茅
思	茅	市
思	路
思	路	敏	捷
思	辨
思	量
怠	工
怠	忽
怠	惰
怠	慢
怡	人
怡	保
怡	保	市
怡	然
怡	然	自	得
急	不	及	待
急	不	可	待
急	不	可	耐
急	中	生	智
急	事
急	促
急	切
急	功	近	利
急	匆	匆
急	吼	吼
急	嘴	急	舌
急	如	星	火
急	婚	族
急	忙
急	急	忙	忙
急	性
急	性	人
急	性	子
急	性	照	射
急	性	病
急	拍	拍
急	救
急	救	站
急	救	箱
急	智
急	板
急	欲
急	流
急	火
急	用
急	症
急	眼
急	要
急	躁
急	迫
急	速
急	遽
急	需
怦	怦
怦	然
性	事
性	交
性	交	易
性	交	高	潮
性	伙	伴
性	伴
性	侵
性	侵	害
性	侵	犯
性	偏	好
性	健	康
性	冷	感
性	冷	淡
性	取	向
性	向
性	命
性	善
性	器
性	器	官
性	器	期
性	地
性	媾
性	子
性	工	作
性	工	作	者
性	幻	想
性	快	感
性	急
性	情
性	感
性	成	熟
性	指	向
性	教	育
性	暗	示
性	格
性	格	不	合
性	激	素
性	玩	物
性	生	活
性	疾	病
性	病
性	癖
性	禁	忌
性	福
性	能
性	腺
性	蕾	期
性	虐	待
性	行
性	高	潮
怨	不	得
怨	偶
怨	命
怨	天	尤	人
怨	女
怨	尤
怨	忿
怨	恨
怨	毒
怨	艾
怨	言
怪	不	得
怪	事
怪	人
怪	僻
怪	叔	叔
怪	味
怪	咖
怪	圈
怪	戾
怪	手
怪	才
怪	物
怪	癖
怪	相
怪	罪
怪	胎
怪	蜀	黍
怪	象
怪	道
怫	然
怯	子
怯	弱
怯	懦
怯	生
怯	生	生
怯	羞
怵	惕
怵	然
恁	般
恃	才	傲	物
恍	如
恍	如	隔	世
恍	惚
恍	然
恍	然	大	悟
恍	然	醒	悟
恍	神
恍	若
恍	若	隔	世
恐	共
恐	同
恐	同	症
恐	婚
恐	怕
恐	怖
恐	怖	分	子
恐	怖	片
恐	怖	症
恐	慌
恐	攻
恐	水	病
恐	水	症
恐	狼
恐	血	症
恐	高	症
恓	惶
恕	我	冒	昧
恕	罪
恢	宏
恢	恢
恣	情
恣	意
恣	欲
恣	睢
恣	肆
恤	嫠
恤	衫
恨	不	得
恨	不	能
恨	之	入	骨
恨	事
恨	人
恨	天	高
恨	嫁
恨	意
恨	透
恩	人
恩	仇
恩	俸
恩	公
恩	典
恩	准
恩	同	再	造
恩	培	多	克	勒
恩	威	兼	施
恩	平
恩	平	市
恩	德
恩	怨
恩	情
恩	惠
恩	慈
恩	斯	赫	德
恩	施
恩	施	土	家	族	苗	族	自	治	州
恩	施	州
恩	施	市
恩	格	斯
恩	比	天	大
恩	眄
恩	膏
恪	守
恪	慎
恪	遵
恬	和
恬	噪
恬	愉
恬	波
恬	淡
恬	漠
恬	然
恬	美
恬	退
恬	逸
恬	雅
恭	候
恭	喜
恭	城
恭	敬
恭	祝
息	屏
息	怒
息	烽
息	率
息	票
息	肉
息	肩
恰	似
恰	合
恰	吉
恰	好
恰	如
恰	如	其	分
恰	巧
恰	帕	斯	州
恰	恰
恰	恰	相	反
恰	恰	舞
恰	遇
悄	咪	咪
悄	悄
悄	悄	咪	咪
悄	然
悉	尼
悉	德	尼
悉	心
悉	悉	索	索
悌	友
悌	睦
悍	勇
悍	匪
悍	然
悔	之	已	晚
悔	婚
悔	恨
悔	恨	交	加
悔	悟
悔	意
悔	改
悔	棋
悔	罪
悖	晦
悖	逆
悚	然
悟	入
悟	性
悟	空
悟	能
悟	道
悠	久
悠	哉
悠	哉	悠	哉
悠	悠
悠	悠	球
悠	然
悠	然	神	往
患	上
患	得	患	失
患	有
患	病
患	病	者
患	者
您	好
悲	催
悲	切
悲	哀
悲	哽
悲	啼
悲	喜	交	集
悲	悼
悲	愁
悲	戚
悲	摧
悲	楚
悲	歌
悲	泣
悲	痛
悲	苦
悲	酸
悻	悻
悻	然
悼	念
悼	襄	王
情	不	自	禁
情	事
情	人
情	人	果
情	何	以	堪
情	分
情	史
情	同	手	足
情	同	骨	肉
情	味
情	商
情	境
情	境	模	型
情	夫
情	定
情	形
情	志
情	急
情	急	之	下
情	急	了
情	急	智	生
情	意
情	感
情	感	分	析
情	愫
情	投	意	合
情	操
情	景
情	有	可	原
情	歌
情	理
情	真	意	切
情	知
情	色
情	趣
情	趣	商	店
情	趣	玩	具
情	趣	用	品
情	趣	酒	店
情	逾	骨	肉
情	郎
情	非	得	已
情	面
惋	惜
惑	星
惕	然
惘	然
惘	然	若	失
惛	耄
惜	命
惜	售
惜	才
惜	福
惝	恍
惟	妙	惟	肖
惟	恐
惠	及
惠	城
惠	子
惠	安
惠	山
惠	州
惠	州	市
惠	斯	勒
惠	斯	特
惠	施
惠	普
惠	普	公	司
惠	更	斯
惠	民
惠	水
惠	特	曼
惦	念
惰	性
想	不	到
想	不	通
想	倒	美
想	像
想	像	力
想	入	非	非
想	出
想	到
想	家
想	得	美
想	必
想	念
想	想	看
想	望
想	法
想	睡
想	要
想	象
想	象	力
想	起
想	通
惴	惴	不	安
惶	恐
惶	恐	不	安
惶	惑
惶	惶
惶	遽
惹	不	起
惹	事
惹	人
惹	人	注	意
惹	人	注	目
惹	怒
惹	是	生	非
惹	是	非
惹	毛
惹	火
惹	草	拈	花
惹	草	沾	花
惹	起
惺	忪
惺	惺
惺	惺	惜	惺	惺
惺	惺	相	惜
愁	眉	不	展
愁	苦
愆	尤
愆	期
愈	加
愈	描	愈	黑
愈	演	愈	烈
愈	益
愉	快
意	下	如	何
意	中
意	中	事
意	中	人
意	即
意	向
意	味
意	境
意	外
意	外	事	故
意	大	利
意	大	利	人
意	大	利	青	瓜
意	式
意	志
意	志	力
意	念
意	念	移	物
意	思
意	思	意	思
意	想	不	到
意	指
意	料
意	料	之	中
意	料	之	外
意	旨
意	欲
意	涵
意	淫
意	甲
意	符
意	象
意	趣
愕	然
愚	不	可	及
愚	人
愚	公	移	山
愚	妄
愚	孝
愚	弄
愚	弱
愚	意
愚	懦
愚	拙
愚	昧
愚	民
愚	氓
愚	笨
愚	蠢
愚	陋
愚	騃
感	人
感	佩
感	光
感	光	鼓
感	冒
感	到
感	化
感	化	院
感	受
感	受	器
感	召
感	召	力
感	同	身	受
感	喟
感	官
感	念
感	性
感	恩
感	恩	戴	德
感	悟
感	情
感	情	史
感	情	用	事
感	想
感	愧
感	慨
感	戴
感	染
感	染	力
感	染	率
感	染	者
感	激
感	激	涕	零
感	知
感	知	力
感	遇
愧	怍
愧	恨
愧	汗
愧	疚
愧	色
愧	赧
慈	利
慈	和
慈	善
慈	善	家
慈	姑
慈	安	太	后
慈	恩	宗
慈	悲
慈	母
慈	江	道
慈	溪
慈	溪	市
慈	照	寺
慈	眉	善	目
慈	眉	善	眼
慈	石
慈	祥
慈	禧
慈	禧	太	后
慌	得
慌	忙
慌	神
慎	入
慎	密
慎	言
慎	重
慎	重	其	事
慕	名
慕	士	塔	格	峰
慕	容
慕	尼	黑
慕	斯
慕	洋	犬
慕	田	峪
慕	道	友
慢	半	拍
慢	吞	吞
慢	城	市
慢	工	出	巧	匠
慢	待
慢	性
慢	性	子
慢	性	疼	痛
慢	性	疾	病
慢	性	病
慢	性	阻	塞	性	肺	病
慢	悠	悠
慢	慢
慢	慢	吃
慢	慢	吞	吞
慢	板
慢	步
慢	火
慢	班
慢	生	活
慢	用
慢	行
慢	行	道
慢	走
慢	跑
慢	速
慧	眼
慧	能
慧	黠
慰	唁
慰	藉
慷	慨
慷	慨	捐	生
慷	慨	激	昂
慷	慨	解	囊
憋	不	住
憋	尿
憋	屈
憋	笑
憎	恨
憔	悴
憧	憧
憧	憬
憨	厚
憨	子
憨	直
憨	豆	先	生
憩	室	炎
憬	然
憾	事
憾	恨
懂	事
懂	哥
懂	局
懂	得
懂	眼
懂	行
懈	弛
懈	怠
懈	惰
懊	悔
懦	夫
懦	弱
懵	懂
懵	懵	懂	懂
懵	逼
懿	旨
戈	壁
戈	壁	沙	漠
戈	德	斯	通
戈	比
戈	瑞
戈	船
戈	雷
戊	五	醇
戊	午
戊	唑	醇
戊	型	肝	炎
戊	子
戊	寅
戊	戌
戊	戌	六	君	子
戊	申
戊	糖
戊	辰
戊	醇
戌	狗
戍	卒
戍	守
戍	角
戎	事
戎	甲
戎	羯
戎	行
戎	衣
成	丁
成	串
成	了
成	事
成	交
成	人
成	人	向
成	仁
成	仙
成	份
成	份	股
成	佛
成	例
成	倍
成	像
成	全
成	分
成	功
成	功	感
成	化
成	千
成	反	比
成	吉	思	汗
成	名
成	名	作
成	品
成	品	油
成	器
成	因
成	圈
成	型
成	夜
成	大
成	天
成	套
成	婚
成	安
成	家
成	家	立	室
成	就
成	就	感
成	年
成	年	人
成	年	累	月
成	年	者
成	形
成	心
成	性
成	才
成	批
成	效
成	教
成	文
成	文	法
成	日
成	本
成	材
成	果
成	核
成	武
成	活
成	活	率
成	渝
成	熟
成	熟	分	裂
成	片
成	田
成	百	上	千
成	真
成	立
成	章
成	竹	在	胸
成	精
成	群
成	色
成	蛹
成	行
成	衣
成	象
成	道
成	都
成	都	市
成	骨
成	骨	不	全	症
我	也	是	醉	了
我	人
我	去
我	司
我	操
我	方
我	曹
我	的	世	界
我	等
我	肏
我	行	我	素
我	醉	欲	眠
我	靠
戒	刀
戒	命
戒	子
戒	律
戒	心
戒	忌
戒	慎
戒	指
戒	毒
戒	毒	所
戒	治	所
戒	牒
戒	行
戒	酒
戒	除
戕	害
或	多	或	少
或	是
或	然
或	然	率
或	缺
或	者
戚	友
戚	戚
戚	族
戛	戛
戛	然
戛	然	而	止
截	停
截	取
截	塔
截	尾
截	屏
截	拳	道
截	止
截	止	到
截	止	日
截	止	期	限
截	止	至
截	然
截	然	不	同
截	稿
截	肢
截	至
截	距
截	面
戮	力
戮	力	同	心
戳	不	住
戳	刺	感
戳	咕
戳	子
戳	得	住
戳	心	灌	髓
戳	搭
戳	破
戳	穿
戳	脊	梁
戳	脊	梁	骨
戴	上
戴	克	里	先
戴	名	世
戴	套
戴	孝
戴	安	娜
戴	安	娜	王	妃
戴	帽	子
戴	月	披	星
戴	盆	望	天
戴	菊
戴	高	帽	子
戽	斗
戽	水
房	下
房	中	房
房	主
房	事
房	仲
房	卡
房	地	美
房	型
房	契
房	奴
房	子
房	客
房	室
房	屋
房	屋	中	介
房	山
房	市
房	檐
房	牙
房	牙	子
房	租
房	舍
所	以
所	以	然
所	向	披	靡
所	在
所	在	地
所	多
所	居
所	幸
所	得
所	思
所	指
所	料
所	有
所	有	主
所	有	人
所	有	制
所	有	格
所	有	物
所	有	者
所	生
所	用	非	人
所	知
所	能
所	致
所	部
所	需
扁	嘴	海	雀
扁	坯
扁	平
扁	平	足
扁	桃
扁	桃	腺
扁	桃	腺	炎
扁	穴
扁	舟
扁	虱
扁	豆
扁	食
扁	骨
扂	楔
扇	子
扇	形
扇	面	琴
手	下
手	下	留	情
手	交
手	倒	立
手	刀
手	刃
手	包
手	印
手	卷
手	套
手	套	箱
手	定
手	嶌	葵
手	工
手	巧
手	巾
手	帕
手	式
手	影
手	心
手	心	手	背	都	是	肉
手	性
手	感
手	抄	本
手	把
手	抓	羊	肉
手	拉	手
手	拿
手	拿	包
手	指
手	掌
手	掌	心
手	排
手	掣
手	控
手	提
手	提	包
手	提	箱
手	札
手	杖
手	柄
手	欠
手	段
手	法
手	活
手	淫
手	滑
手	球
手	用
手	相
手	稿
手	章
手	筋
手	肘
手	背
手	脖	子
手	腕
手	腕	子
手	腕	式
手	臂
手	舞	足	蹈
手	足
手	足	之	情
手	足	口	病
手	足	口	症
手	雷
才	不
才	兼	文	武
才	分
才	女
才	媛
才	子
才	子	佳	人
才	德
才	思
才	怪
才	智
才	略
才	能
才	高	八	斗
扎	住
扎	克	伯	格
扎	啤
扎	堆
扎	心
扎	扎
扎	根
扎	款
扎	猛	子
扎	眼
扎	穿
扒	手
扒	拉
扒	灰
扒	犁
扒	皮
扒	糕
扒	高	踩	低
打	c	a	l	l
打	下
打	下	手
打	不	通
打	中
打	井
打	交	道
打	仗
打	住
打	保	票
打	倒
打	假
打	假	球
打	光
打	光	棍
打	入
打	出	手
打	分
打	前	站
打	劫
打	勾
打	勾	勾
打	包
打	包	票
打	千
打	卡
打	卦
打	印
打	印	稿
打	口
打	吊	瓶
打	呃
打	呵	欠
打	呼
打	哄
打	哆	嗦
打	哈	哈
打	哈	欠
打	啵
打	嗝
打	嘴
打	嘴	巴
打	坐
打	坐	坡
打	垮
打	埋	伏
打	天	下
打	夯
打	奶
打	孔
打	孔	卡
打	孔	器
打	字
打	官	司
打	官	腔
打	定	主	意
打	家	劫	舍
打	小
打	尖
打	屁
打	屁	股
打	岔
打	工
打	工	人
打	工	仔
打	工	妹
打	席
打	底
打	底	子
打	怵
打	成
打	成	一	片
打	成	平	手
打	手
打	扮
打	折
打	折	扣
打	抱	不	平
打	拍
打	拍	子
打	招	呼
打	拱
打	拱	作	揖
打	拳
打	拼
打	掉
打	探
打	散
打	整
打	新
打	旋
打	早
打	春
打	更
打	杈
打	架
打	柴
打	格	子
打	棍	子
打	棚
打	死
打	水
打	水	漂
打	法
打	洞
打	消
打	混
打	滑
打	火	石
打	炮
打	烊
打	爆
打	牌
打	牙	祭
打	狗
打	狗	欺	主
打	球
打	理
打	瓜
打	的
打	盹
打	眼
打	瞌	睡
打	破
打	砸
打	碎
打	磨
打	稿	子
打	箍
打	算
打	翻
打	翻	身	仗
打	耳	光
打	胎
打	草
打	落	水	狗
打	薄	剪	刀
打	蛋	器
打	赤	膊
打	趔	趄
打	趣
打	跑
打	躬	作	揖
打	退
打	退	堂	鼓
打	通
打	通	宵
打	造
打	道	回	府
打	酒
打	野	炮
打	量
打	雪	仗
打	雷
打	靶
打	食
打	黑
打	鼓
打	鼾
扔	下
扔	掉
托	付
托	克	托
托	勒	密
托	勒	密	王
托	勒	玫
托	卡	塔
托	塔	天	王
托	尼
托	庇
托	底
托	拉	博	拉
托	拉	斯
托	架
托	洛	茨	基
托	特
托	班
托	生
托	皮	卡
托	福
托	管
托	管	班
托	老	所
托	育
托	腮
托	里
托	里	拆	利
扛	把	子
扣	上
扣	人	心	弦
扣	住
扣	分
扣	去
扣	屎	盆	子
扣	屎	盔	子
扣	帽	子
扣	扣
扣	押
扣	查
扣	球
扣	留
扣	肉
扣	襻
扣	除
扦	插
扭	力
扭	打
扭	扭	捏	捏
扭	捏
扭	曲
扭	矩
扭	腰
扭	蛋
扭	角	羚
扮	家	家	酒
扮	演
扮	相
扮	酷
扯	住
扯	嗓	子
扯	家	常
扯	平
扯	淡
扯	皮
扯	直
扯	破
扯	裂
扳	回
扳	回	一	城
扳	子
扳	平
扳	手
扳	指
扳	本
扳	罾
扳	道
扳	道	岔
扶	不	起	的	阿	斗
扶	乩
扶	他	林
扶	助
扶	南
扶	危
扶	弟	魔
扶	手
扶	手	椅
扶	持
扶	掖
扶	揄
扶	桑
扶	梯
扶	植
扶	正
扶	犁
扶	箕
批	件
批	假
批	八	字
批	准
批	判
批	卷
批	命
批	捕
批	改
批	文
批	流	年
批	示
批	踢	踢
批	量
扼	制
扼	守
扼	死
扼	腕
扼	襟	控	咽
扼	要
找	不	到
找	不	自	在
找	事
找	借	口
找	出
找	到
找	回
找	岔	子
找	平
找	抽
找	死
找	茬
找	遍
找	零
承	上	起	下
承	乏
承	付
承	做
承	包
承	包	人
承	包	商
承	受
承	受	力
承	平
承	建
承	德
承	德	市
承	想
承	托
承	接
承	望
承	租
承	租	人
承	租	方
承	籍
承	蒙
承	重
技	嘉
技	工
技	巧
技	校
技	法
技	能
抃	掌
抃	舞
抄	件
抄	家
抄	小	路
抄	底
抄	手
抄	本
抄	查
抄	身
抄	近
抄	近	路
抄	送
抄	道
抄	靶	子
把	兄	弟
把	妹
把	子
把	守
把	尿
把	屎
把	弄
把	式
把	手
把	拔
把	持
把	持	不	定
把	控
把	握
把	柄
把	玩
把	立
把	舵
把	袂
把	酒
抑	且
抑	制
抑	制	作	用
抑	制	酶
抑	塞
抑	或
抑	止
抑	素
抒	情
抓	住
抓	力
抓	功	夫
抓	包
抓	去
抓	取
抓	周
抓	哏
抓	地
抓	地	力
抓	大	放	小
抓	嫖
抓	工	夫
抓	手
抓	拍
抓	捕
抓	搔
抓	狂
抓	猴
抓	瞎
抓	走
投	中
投	井	下	石
投	保
投	保	人
投	保	方
投	入
投	其	所	好
投	合
投	契
投	奔
投	宿
投	寄
投	射
投	屏
投	店
投	影
投	影	中	心
投	影	片
投	影	面
投	手
投	拍
投	放
投	映
投	案
投	毒
投	河
投	注
投	生
投	票
投	票	率
投	票	站
投	票	箱
投	票	者
投	稿
投	考
投	胎
投	行
投	袂	而	起
投	身
投	降
投	靠
投	鼠	忌	器
抖	M
抖	瑟
抖	落
抖	音
抗	利	尿	激	素
抗	原
抗	命
抗	性
抗	抗	生	素
抗	拒
抗	捐
抗	日
抗	旱
抗	核	加	固
抗	母
抗	毒	素
抗	水
抗	洪
抗	炎	性
抗	生	素
抗	疫
抗	病
抗	病	毒
抗	癌
抗	直
抗	精	神	病
抗	美	援	朝
抗	耐	甲	氧	西	林	金	葡	菌
抗	菌
抗	菌	素
抗	血	清
抗	衡
抗	震
折	中
折	光
折	刀
折	半
折	合
折	回
折	射
折	射	率
折	戟	沉	沙
折	扇
折	扣
折	抵
折	挫
折	服
折	本
折	枝
折	桂
折	痕
折	磨
折	秤
折	算
折	罪
折	耗
折	耳	根
折	腰
折	角
折	返
折	返	跑
披	垂
披	巾
披	星	戴	月
披	甲
披	索
披	肩
披	露
披	靡
披	麻	戴	孝
抬	秤
抬	起
抬	高
抱	不	平
抱	大	腿
抱	定
抱	屈
抱	怨
抱	恨
抱	愧
抱	打	不	平
抱	抱
抱	拳
抱	持
抱	摔
抱	有
抱	朴	子
抱	枕
抱	歉
抱	病
抱	睡
抱	石
抱	粗	腿
抱	臂
抱	薪	救	火
抵	住
抵	充
抵	制
抵	岸
抵	扣
抵	抗
抵	抗	力
抵	押
抵	押	品
抵	押	物
抵	拒
抵	消
抵	牾
抵	用
抵	用	券
抵	用	金
抵	罪
抵	足	而	眠
抹	一	鼻	子	灰
抹	刀
抹	去
抹	布
抹	平
抹	油
抹	消
抹	灰
抹	片
抹	稀	泥
抹	胸
抹	脖	子
抹	茶
抹	零
抹	黑
押	注
押	租
押	解
押	送
押	金
抽	中
抽	冷	子
抽	出
抽	取
抽	咽
抽	嘴	巴
抽	噎
抽	射
抽	打
抽	抽	噎	噎
抽	插
抽	搐
抽	搭
抽	斗
抽	查
抽	水
抽	水	泵
抽	水	站
抽	泣
抽	痛
抽	空
抽	筋
抽	脂
抽	血
抽	象
抽	象	域
抽	身
抿	子
拂	士
拂	拭
拂	袖	而	去
拂	逆
拆	下
拆	借
拆	分
拆	卸
拆	字
拆	家
拆	封
拆	息
拆	放	款
拆	散
拆	洗
拆	用
拆	穿
拆	解
拆	除
拇	囊	炎
拇	外	翻
拇	指
拇	指	甲
拇	趾
拇	趾	外	翻
拈	指
拈	花	惹	草
拈	酸
拈	香
拉	K
拉	㞎	㞎
拉	丁
拉	丁	化
拉	丁	字	母
拉	丁	文
拉	丁	文	字
拉	丁	美	洲
拉	丁	舞
拉	交	情
拉	仇	恨
拉	伸
拉	倒
拉	克	替	醇
拉	入
拉	力
拉	力	器
拉	卜	楞	寺
拉	取
拉	各	斯
拉	呱
拉	坯
拉	大	便
拉	大	旗	作	虎	皮
拉	夫
拉	夫	堡
拉	奎	拉
拉	姆	安	拉
拉	孜
拉	客
拉	家	常
拉	尼	娜
拉	屎
拉	巴	斯
拉	巴	特
拉	布
拉	布	拉	多
拉	帕	斯
拉	平
拉	德
拉	手
拉	扯
拉	扯	大
拉	抬
拉	拉
拉	拉	扯	扯
拉	撒	路
拉	斐	特
拉	斯	穆	森
拉	普	拉	斯
拉	杆
拉	架
拉	格	朗	日
拉	格	比
拉	森
拉	比
拉	沙	病	毒
拉	法	格
拉	法	赫
拉	活
拉	狄	克
拉	生	意
拉	登
拉	皮
拉	碴
拉	磨
拉	祜	族
拉	票
拉	稀
拉	筋
拉	管
拉	米	夫	定
拉	美
拉	美	西	斯
拉	肚	子
拉	茶
拉	莫	斯
拉	菲	草
拉	辛
拉	近
拉	那	烈
拉	里
拉	青	格
拉	高
拉	黑
拊	掌
拊	髀
拌	和
拌	嘴
拌	炒
拌	蒜
拍	出
拍	婆	子
拍	子
拍	客
拍	岸
拍	手
拍	打
拍	拍	屁	股	走	人
拍	拖
拍	板
拍	案
拍	案	而	起
拍	演
拍	照
拍	片
拍	立	得
拍	胸	脯
拎	包
拎	起
拐	子
拐	杖
拐	棍
拐	角
拒	不	接	受
拒	付
拒	保
拒	捕
拒	接
拒	收
拒	斥
拓	印
拓	展
拓	拔
拓	本
拓	片
拓	荒
拓	荒	者
拓	跋
拓	跋	魏
拔	刀	相	助
拔	取
拔	地
拔	尖
拔	掉
拔	擢
拔	染
拔	根
拔	根	汗	毛	比	腰	粗
拔	毒
拔	毛
拔	河
拔	海
拔	火	罐
拔	牙
拔	示	巴
拔	秧
拔	罐
拔	罐	子
拔	罐	法
拔	群
拔	腿
拔	茅	茹
拔	萃
拔	除
拔	高
拖	下	水
拖	人	下	水
拖	住
拖	吊
拖	地
拖	地	板
拖	垮
拖	堂
拖	宕
拖	尾	巴
拖	布
拖	延
拖	延	症
拖	慢
拖	把
拖	拉
拖	拖	拉	拉
拖	拖	沓	沓
拖	拽
拖	放
拖	斗
拖	曳
拖	欠
拖	沓
拖	油	瓶
拖	磨
拖	移
拖	累
拖	累	症
拖	船
拖	行
拖	走
拖	雷
拖	鞋
拗	口
拗	口	令
拘	囚
拘	守
拘	役
拘	忌
拘	押
拘	拿
拘	捕
拘	束
拘	束	衣
拘	泥
拘	留
拘	留	所
拘	票
拘	禁
拘	迂
拙	作
拙	劣
拙	嘴	笨	舌
拙	直
拙	稿
拙	笨
拙	著
拚	去
拚	命
拚	死
拚	除
招	人
招	供
招	兵
招	募
招	呼
招	呼	站
招	商
招	妓
招	嫖
招	安
招	展
招	工
招	式
招	引
招	待
招	待	所
招	怨
招	惹
招	手
招	打
招	接
招	收
招	架
招	法
招	潮	蟹
招	牌
招	牌	菜
招	生
招	生	官
招	租
招	考
招	聘
招	聘	者
招	股
招	致
招	蜂	引	蝶
招	降
招	集
招	魂
招	魂	幡
招	魂	旛
拜	佛
拜	倒
拜	占	庭
拜	城
拜	堂
拜	天	地
拜	年
拜	把	子
拜	拜
拜	望
拜	泉
拜	火	教
拜	物	教
拜	登
拜	票
拜	祭
拜	金
拜	金	女
拜	魔
括	弧
括	毒
拭	子
拭	抹
拭	目
拭	目	以	待
拭	除
拮	据
拯	救
拯	救	大	兵	瑞	恩
拱	墅
拱	墩
拱	度
拱	廊
拱	形
拱	手
拱	抱
拱	柱
拱	火
拱	璧
拱	肩
拱	道
拳	交
拳	套
拳	手
拳	打
拳	拳
拳	曲
拳	棒
拳	法
拳	王
拴	住
拶	刑
拶	子
拶	指
拶	榨
拷	打
拷	掠
拷	花
拼	到	底
拼	刺
拼	刺	刀
拼	力
拼	卡
拼	合
拼	命
拼	命	三	郎
拼	多	多
拼	婚
拼	字
拼	客
拼	成
拼	房
拼	接
拼	搏
拼	板
拼	板	玩	具
拼	桌
拼	死
拼	死	拼	活
拼	法
拼	火
拼	爹
拼	版
拼	花	地	板
拼	音
拼	音	字	母
拼	音	文	字
拼	餐
拽	姐
拽	步
拾	人	涕	唾
拾	人	牙	慧
拾	取
拾	得
拾	掇
拾	物
拾	芥
拾	荒
拾	金	不	昧
拾	零
拾	音	器
拿	一	血
拿	下
拿	不	准
拿	不	出	手
拿	主	意
拿	人
拿	俄	米
拿	出
拿	到
拿	大
拿	得	起	放	得	下
拿	手
拿	手	菜
拿	捏
拿	捕
拿	撒	勒
拿	架	子
拿	索
拿	走
拿	起
持	久
持	份	者
持	刀
持	卡	人
持	守
持	家
持	平
持	方
持	有
持	有	人
持	械
持	用
持	股
持	重
指	事
指	事	字
指	交
指	代
指	令
指	令	集
指	使
指	出
指	到
指	北
指	南
指	印
指	名
指	向
指	定
指	尖
指	尖	陀	螺
指	居
指	引
指	授
指	控
指	摘
指	摹
指	教
指	斥
指	日	可	待
指	明
指	望
指	板
指	模
指	正
指	法
指	派
指	甲
指	甲	刀
指	甲	剪
指	甲	油
指	界
指	疔
指	示
指	示	器
指	示	符
指	考
指	腹
指	路
挈	挈
按	下
按	天
按	季
按	察
按	扣
按	捺
按	捺	不	住
按	揭
按	摩
按	摩	棒
按	摩	浴	缸
按	日
按	月
按	期
按	照
按	理
按	立
按	蚊
按	部	就	班
按	需
按	需	出	版
按	需	分	配
挎	兜
挎	包
挎	斗
挑	刺
挑	剔
挑	口	板
挑	唆
挑	嘴
挑	大	梁
挑	夫
挑	子
挑	山	工
挑	弄
挑	明
挑	染
挑	毛	剔	刺
挑	毛	病
挑	肥	嫌	瘦
挑	花
挑	花	眼
挑	起
挑	逗
挑	逗	性
挑	食
挑	高
挖	坑
挖	掉
挖	掘
挖	泥	船
挖	洞
挖	浚
挖	穴
挖	空
挖	空	心	思
挖	耳	勺
挖	苦
挖	角
挖	鼻	子
挨	不	上
挨	剋
挨	宰
挨	家
挨	延
挨	打
挨	批
挨	揍
挨	擦
挨	整
挨	板	子
挨	次
挨	肩	擦	背
挨	踢
挨	近
挪	借
挪	威
挪	用
挫	折
挫	折	感
振	作
振	安
振	幅
振	臂	一	呼
挹	取
挹	掬
挹	注
挹	酌
挺	住
挺	好
挺	拔
挺	直
挺	立
挺	腰
挺	身
挺	身	而	出
挽	具
挽	力
挽	回
挽	尊
挽	幛
挽	救
挽	歌
挽	留
捂	住
捅	破
捉	住
捉	取
捉	弄
捉	急
捉	拿
捉	捕
捉	捕	器
捉	摸
捉	摸	不	定
捉	迷	藏
捋	胳	膊
捋	臂	揎	拳
捋	袖	子
捎	信
捏	一	把	冷	汗
捏	一	把	汗
捏	估
捏	合
捏	碎
捏	脊
捏	造
捐	助
捐	募
捐	卵
捐	命
捐	款
捐	款	者
捐	物
捐	班
捐	生
捐	益	表
捐	精
捐	背
捐	血
捐	血	者
捕	俘
捕	快
捕	手
捕	拿
捕	捉
捕	禽	人
捕	食
捕	食	者
捕	鼠	器
捧	上	天
捧	到	天	上
捧	哏
捧	托
捧	杯
捧	腹
捧	腹	大	笑
捧	花
捧	角
捶	子
捶	打
捶	背
捶	胸
捷	克
捷	克	人
捷	克	斯	洛	伐	克
捷	兔
捷	安	特
捷	泳
捷	豹
捷	足	先	登
掀	天	揭	地
掀	掉
掀	翻
掀	起
掂	量
掇	刀
掇	臀	捧	屁
授	乳
授	予
授	人	以	柄
授	任
授	信
授	受
授	命
授	意
授	粉
授	精
掉	下
掉	向
掉	期
掉	漆
掉	球
掉	秤
掉	粉
掉	膘
掉	色
掉	落
掌	上	明	珠
掌	勺
掌	嘴
掌	子	面
掌	心
掌	控
掌	握
掌	故
掌	相
掌	管
掌	舵
掌	骨
掏	出
掏	包
掏	心	掏	肺
掏	空
掏	耳
掏	耳	勺
掏	腰	包
掐	架
掐	死
掐	算
掐	脖	子
排	他
排	便
排	偶
排	入
排	出
排	列
排	列	次	序
排	印
排	卵
排	名
排	名	榜
排	名	表
排	外
排	定
排	客
排	射
排	尿
排	屋
排	山	倒	海
排	布
排	序
排	律
排	插
排	放
排	斥
排	查
排	查	故	障
排	母
排	毒
排	比
排	水
排	水	口
排	水	孔
排	水	渠
排	水	管
排	水	量
排	污
排	污	管
排	泄
排	泄	物
排	洪
排	海
排	演
排	炮
排	版
排	班
排	球
排	空
排	笙
排	翅
排	舞
排	行
排	行	榜
排	解
排	走
排	遣
排	量
排	除
排	雷
排	面
排	骨
排	骨	精
掖	咕
掖	垣
掖	庭
掘	出
掘	墓	工	人
掘	客
掠	取
掠	美
掠	食
探	井
探	勘
探	囊	取	物
探	奇
探	子
探	家
探	察
探	尺
探	底
探	店
探	戈
探	摸
探	明
探	月
探	望
探	查
探	案
探	求
探	班
探	病
探	看
探	知
探	究
探	究	式
探	索
探	索	性
探	花
探	路
探	路	者
探	身
探	身	子
探	雷
掣	肘
接	上
接	下
接	人
接	任
接	住
接	入
接	到
接	力
接	力	棒
接	受
接	受	者
接	口
接	合
接	吻
接	地
接	壤
接	客
接	引
接	待
接	待	室
接	手
接	掌
接	收
接	收	器
接	替
接	枝
接	案
接	棒	人
接	活
接	洽
接	班
接	班	人
接	球
接	生
接	生	婆
接	穗
接	管
接	茬
接	警
接	踵
接	近
接	送
接	通
接	骨	木
控	件
控	制
控	制	室
控	制	棒
控	制	狂
控	告
控	方
控	管
控	罪
控	股
控	股	公	司
推	三	阻	四
推	介
推	估
推	倒
推	出
推	力
推	助
推	升
推	卸
推	及
推	友
推	子
推	宕
推	官
推	定
推	尊
推	展
推	崇
推	度
推	延
推	心
推	心	置	腹
推	恩
推	想
推	戴
推	手
推	托
推	拿
推	挽
推	推	搡	搡
推	搡
推	搪
推	故
推	敲
推	文
推	斥
推	斥	力
推	服
推	本	溯	源
推	求
推	油
推	溯
推	演
推	特
推	理
推	甄
推	知
推	移
推	究
推	算
推	索
推	翻
推	行
推	衍
推	送
推	重
掩	人	耳	目
掩	卷
掩	埋
掩	映
掩	耳
掩	蔽
掩	藏
掩	面	而	泣
措	勤
措	大
措	意
措	手
措	手	不	及
措	施
措	置
措	置	裕	如
掬	水
掮	客
掰	手	腕
掰	扯
掰	掰
掰	直
掰	腕	子
揄	袂
揉	制
揉	合
揉	和
揉	搓
揉	碎
揉	磨
揍	人
揍	扁
揍	死
描	摹
描	述
描	金
提	交
提	任
提	供
提	供	商
提	供	者
提	倡
提	倡	者
提	克	里	特
提	出
提	列
提	到
提	前
提	前	投	票
提	包
提	升
提	及
提	取
提	名
提	告
提	告	人
提	味
提	喻	法
提	多
提	婚
提	子
提	字	器
提	心
提	成
提	手
提	拔
提	挈
提	振
提	掖
提	提
提	摩	太
提	早
提	案
提	案	人
提	梁
提	款
提	款	卡
提	水	工	程
提	法
提	溜
提	琴
提	留
提	盒
提	督
提	示
提	示	付	款
提	示	音
提	神
提	箱
提	花
提	薪
提	要
提	起
提	起	精	神
提	述
提	速
提	醒
提	醒	物
提	防
提	高
插	上
插	不	上	手
插	件
插	值
插	入
插	入	因	子
插	卡	式
插	口
插	喉
插	嘴
插	孔
插	座
插	座	板
插	手
插	排
插	播
插	曲
插	槽
插	班
插	眼
插	秧
插	管
插	花
插	足
握	住
握	力
握	手
握	拳
握	持
握	有
揣	度
揣	想
揣	摩
揦	子
揩	拭
揩	擦
揩	油
揪	住
揪	出
揪	心
揪	心	扒	肝
揪	心	揪	肺
揪	揪
揪	痧
揪	送
揭	幕
揭	幕	式
揭	底
揭	批
揭	牌
揭	短
揭	破
揭	示
揭	秘
揭	穿
揭	西
揭	露
揭	黑
援	交
援	交	妹
援	交	小	姐
援	兵
援	助
援	助	之	手
援	引
援	手
援	救
援	用
援	藏
揶	揄
搋	子
搏	命
搏	感	情
搏	髀
搓	揉
搓	板
搓	洗
搓	衣	板
搔	首	弄	姿
搜	刮
搜	括
搜	捕
搜	救
搜	救	犬
搜	查
搜	查	令
搜	求
搜	狐
搜	狗
搜	索
搜	索	引	擎
搜	索	票
搜	身
搞	不	好
搞	不	懂
搞	基
搞	好
搞	定
搞	怪
搞	毛
搞	活
搞	混
搞	砸
搞	笑
搞	笑	片
搞	通
搞	鬼
搪	塞
搪	瓷
搬	兵
搬	出	去
搬	口
搬	唆
搬	家
搬	弄
搬	弄	是	非
搬	用
搬	移
搬	走
搭	乘
搭	伙
搭	伴
搭	便
搭	咕
搭	售
搭	嘴
搭	坐
搭	子
搭	客
搭	建
搭	扣
搭	把	手
搭	接
搭	接	片
搭	救
搭	架	子
搭	桌
搭	界
搭	白
搭	肩
搭	背
搭	腔
搭	腰
搭	膊
搭	茬
搭	街	坊
搭	配
搴	旗
摒	除
摔	倒
摔	打
摔	死
摔	破
摔	角
摔	跌
摔	跤
摘	下
摘	借
摘	取
摘	帽
摘	帽	子
摘	引
摘	抄
摘	桃	子
摘	牌
摘	由
摘	要
摘	除
摞	管
摩	加	迪	休
摩	加	迪	沙
摩	卡
摩	卡	咖	啡
摩	城
摩	天
摩	尼
摩	尼	教
摩	托
摩	托	艇
摩	拳	擦	掌
摩	挲
摩	揭	陀
摩	擦
摩	擦	力
摩	擦	音
摩	斯	拉
摩	旅
摩	根
摩	根	·	弗	里	曼
摩	根	士	丹	利
摩	梭
摩	梭	族
摩	洛	哥
摩	登
摩	登	原	始	人
摩	的
摩	羯
摩	羯	座
摩	肩	接	踵
摩	蟹	座
摩	西
摩	西	律	法
摩	西	的	律	法
摸	八	圈
摸	吧
摸	底
摸	彩
摸	排
摸	清
摸	牌
摸	索
摸	象
摸	金	校	尉
摸	黑
撂	倒
撂	地
撂	挑	子
撅	嘴
撇	下
撇	去
撇	嘴
撇	掉
撇	步
撇	清
撒	丫	子
撒	哈	拉
撒	哈	拉	人
撒	哈	拉	以	南
撒	哈	拉	以	南	非	洲
撒	哈	拉	威
撒	哈	拉	沙	漠
撒	尿
撒	手
撒	手	不	管
撒	手	人	寰
撒	拉
撒	拉	族
撒	播
撒	旦
撒	村
撒	然
撒	督
撒	腿
撒	西	米
撒	野
撕	咬
撕	扯
撕	掉
撕	破
撕	碎
撕	票
撕	裂
撕	逼
撞	倒
撞	死
撞	球
撞	衫
撞	鬼
撤	下
撤	兵
撤	出
撤	回
撤	掉
撤	款
撤	稿
撤	走
撤	退
撤	除
撩	人
撩	妹
撩	惹
撩	是	生	非
撩	起
撩	逗
撬	棍
撬	棒
播	出
播	客
播	州
播	弄
播	撒
播	放
播	放	列	表
播	映
播	送
播	音
撮	合
撰	文
撰	稿
撰	稿	人
撰	述
擂	茶
擅	美
擅	自
操	作
操	作	台
操	作	符
操	作	者
操	典
操	刀
操	刀	手
操	切
操	坪
操	守
操	弄
操	心
操	持
操	控
操	斧	伐	柯
操	法
操	演
操	神
操	舟
操	航
操	舵
操	舵	室
操	蛋
操	行
操	觚
擎	拳	合	掌
擢	升
擢	第
擤	鼻	涕
擦	亮
擦	亮	眼	睛
擦	子
擦	屁	股
擦	抹
擦	拭
擦	掉
擦	掠
擦	撞
擦	棒	球
擦	油
擦	洗
擦	澡
擦	碗	布
擦	除
擦	音
攀	供
攀	升
攀	害
攀	山	家
攀	岩
攀	扯
攀	折
攀	援
攀	枝	花
攀	枝	花	市
攀	比
攀	爬
攀	登
攀	越
攀	附
攀	高	枝
攘	善
攘	外
攘	夷
攘	攘
攘	攘	熙	熙
攘	羊
攘	臂
攘	袂
攘	袖
攘	辟
攘	除
攫	取
支	付
支	付	不	起
支	付	得	起
支	使
支	光
支	公	司
支	出
支	前
支	努	干
支	取
支	吾
支	子
支	差
支	店
支	座
支	恐
支	承
支	招
支	持
支	持	度
支	持	率
支	持	者
支	援
支	支	吾	吾
支	教
支	族
支	架
支	柱
支	根
支	流
支	票
支	票	簿
支	系
支	行
支	走
支	那
支	部
支	配
支	配	力
收	下
收	之	桑	榆
收	件	人
收	件	匣
收	件	箱
收	假
收	入
收	兵
收	冬
收	列
收	到
收	割
收	割	者
收	取
收	受
收	口
收	回
收	地
收	妥
收	存
收	存	箱
收	官
收	容
收	容	人
收	容	所
收	容	教	育
收	尾
收	尾	音
收	山
收	山	之	作
收	工
收	市
收	心
收	悉
收	成
收	房
收	手
收	押
收	拾
收	支
收	支	相	抵
收	效
收	方
收	服
收	束
收	款
收	生	婆
收	留
收	留	所
收	益
收	益	率
收	看
收	租
收	腹
收	藏
收	藏	家
收	集
收	音
改	信
改	元
改	刀
改	判
改	制
改	口
改	名
改	善
改	嘴
改	天
改	嫁
改	建
改	悔
改	成
改	掉
改	日
改	易
改	朝
改	期
改	款
改	正
改	水
改	版
改	用
改	稿
改	良
改	行
改	造
改	道
改	革
改	革	家
改	革	派
改	革	者
攻	伐
攻	克
攻	入
攻	占
攻	取
攻	城
攻	城	木
攻	城	略	地
攻	心
攻	打
攻	略
攻	砭
攻	破
攻	防
攻	陷
放	下
放	下	包	袱
放	下	屠	刀	，	立	地	成	佛
放	下	身	段
放	不	下
放	不	下	心
放	任
放	任	政	策
放	任	自	流
放	低
放	倒
放	假
放	克
放	入
放	出
放	刁
放	告
放	哨
放	在	心	上
放	大
放	大	器
放	大	炮
放	大	片
放	射
放	射	性
放	射	性	同	位	素
放	射	性	材	料
放	射	性	核	素
放	射	性	武	器
放	射	性	污	染
放	射	性	沾	染
放	射	性	沾	染	物
放	射	性	活	度
放	射	性	碘
放	射	性	落	下	灰
放	射	源
放	射	物
放	射	病
放	屁
放	工
放	平
放	得	下
放	心
放	情
放	情	丘	壑
放	慢
放	慢	速	度
放	手
放	手	一	搏
放	映
放	映	室
放	晴
放	暑	假
放	松	管	制
放	款
放	毒
放	水
放	水	屁
放	浪
放	浪	形	骸
放	火
放	焰	口
放	爆	竹
放	牛	班
放	牧
放	生
放	眼
放	眼	望	去
放	空
放	空	炮
放	置
放	羊
放	羊	娃
放	肆
放	血
放	行
放	走
放	送
放	逐
放	鞭	炮
放	音
政	事
政	令
政	和
政	圈
政	委
政	客
政	局
政	工
政	府
政	情
政	改
政	教
政	教	合	一
政	柄
政	治
政	治	人	物
政	治	化
政	治	史
政	治	家
政	治	局
政	治	局	面
政	治	思	想
政	治	性
政	治	改	革
政	治	犯
政	治	生	活
政	治	舞	台
政	治	部
政	法
政	法	委
政	派
政	理
政	界
政	策
政	要
政	通	人	和
故	世
故	事
故	事	片
故	云
故	交
故	人
故	伎
故	伎	重	演
故	作
故	作	深	沉
故	典
故	去
故	友
故	吏
故	土
故	地
故	址
故	城
故	墓
故	宅
故	家
故	家	子	弟
故	居
故	意
故	我
故	此
故	步	自	封
故	知
故	第
故	而
故	道
故	都
故	里
故	障
故	障	排	除
效	力
效	尤
效	忠
效	果
效	法
效	率
效	用
效	益
效	能
敏	感
敏	感	性
敏	捷
救	世
救	世	主
救	主
救	亡
救	兵
救	出
救	助
救	命
救	命	稻	草
救	市
救	急
救	恩
救	援
救	星
救	治
救	活
救	火
救	焚	益	薪
救	生
救	生	圈
救	生	筏
救	生	船
救	生	艇
救	生	艇	甲	板
救	生	衣
敕	令
敕	封
敖	包
教	主
教	具
教	化
教	友
教	友	派
教	唆
教	堂
教	堂	墓	地
教	堂	山
教	士
教	子
教	安
教	宗
教	官
教	室
教	廷
教	廷	大	使
教	徒
教	授
教	改
教	本
教	材
教	案
教	母
教	民
教	法
教	派
教	父
教	理
教	皇
教	研
教	研	室
教	程
教	育
教	育	家
教	育	工	作	者
教	育	性
教	育	界
教	育	背	景
教	育	部
教	鞭
敝	屣
敝	帚	千	金
敝	帚	自	珍
敞	亮
敞	口
敢	怒	而	不	敢	言
敢	情
敢	言
散	亡
散	件
散	伙
散	佚
散	光
散	兵
散	兵	坑
散	出
散	列
散	匪
散	失
散	客
散	射
散	居
散	工
散	席
散	座
散	心
散	打
散	播
散	文
散	景
散	曲
散	束
散	板
散	架
散	步
散	水
散	沙
散	漫
散	焦
散	白
散	碎
散	粉
散	落
散	逸
敦	促
敦	化
敦	化	市
敦	厚
敦	煌
敦	煌	市
敦	煌	石	窟
敦	睦
敬	上
敬	仰
敬	佩
敬	告
敬	奉
敬	悉
敬	意
敬	拜
敬	服
敬	畏
敬	祝
敬	神
敬	老
敬	老	席
敬	老	院
敬	若	神	明
敬	茶
敬	虔
敬	酒
敬	重
敲	中	背
敲	入
敲	大	背
敲	定
敲	小	背
敲	山	震	虎
敲	打
敲	敲	打	打
敲	榨
敲	碗
敲	背
整	人
整	修
整	合
整	地
整	型
整	域
整	夜
整	天
整	套
整	容
整	密
整	年	累	月
整	建
整	形
整	形	外	科
整	改
整	整
整	日
整	治
整	流
整	流	器
整	理
整	除
敷	布
敷	料
敷	演
敷	粉
敷	衍
敷	衍	了	事
敷	裹
文	人
文	件
文	件	大	小
文	件	格	式
文	具
文	具	商
文	具	店
文	化
文	化	交	流
文	化	史
文	化	圈
文	化	城
文	化	大	革	命
文	化	水	平
文	化	沙	漠
文	化	荒	漠
文	史
文	告
文	在	寅
文	墨
文	士
文	天	祥
文	如	其	人
文	字
文	字	改	革
文	安
文	宗
文	宣
文	宣	部
文	山
文	山	州
文	峰
文	康
文	思
文	成
文	抄	公
文	摘
文	教
文	旅
文	旅	部
文	旦
文	昌
文	昌	市
文	明
文	明	化
文	明	小	史
文	明	病
文	曲	星
文	本
文	本	框
文	案
文	武
文	武	合	一
文	武	百	官
文	殊
文	水
文	治	武	功
文	法
文	火
文	牒
文	物
文	理
文	盲
文	石
文	科
文	秘
文	稿
文	章
文	童
文	竹
文	胸
文	臣
文	苑
文	蛤
文	言
文	言	文
文	豪
文	身
文	部
文	部	省
文	采
文	雅
文	集
文	青
文	面
文	革
斐	波	那	契
斐	然
斐	理	伯
斐	迪	南
斑	岩
斑	斑
斑	海	豹
斑	痕
斑	白
斑	竹
斑	羚
斑	翅	朱	雀
斑	背	燕	尾
斑	腰	燕
斗	六
斗	六	市
斗	南
斗	大
斗	室
斗	拱
斗	柄
斗	牛
斗	笠
斗	筲
斗	筲	之	人
斗	筲	之	器
斗	筲	之	材
斗	篷
料	中
料	事	如	神
料	件
料	件	子
料	件	子	活
料	到
料	及
料	器
料	堆
料	子
料	定
料	峭
料	度
料	想
料	持
料	斗
料	理
料	理	店
料	酒
斜	交
斜	倚
斜	坡
斜	塔
斜	射	球
斜	度
斜	愣	眼
斜	投	影
斜	方	型
斜	方	肌
斜	率
斜	眼
斜	眼	看
斜	睨
斜	肌
斜	角
斜	躺
斜	靠
斜	面
斟	酌
斟	酌	字	句
斟	酒
斡	旋
斥	候
斥	力
斥	退
斧	子
斧	正
斫	畬
斫	白
斯	佩	林
斯	卡	伯	勒	礁
斯	台	普	斯
斯	哥	特
斯	坦	利
斯	坦	因
斯	坦	福
斯	塔	西
斯	大	林
斯	大	林	格	勒
斯	密
斯	帕	斯	基
斯	托	肯	立	石	圈
斯	拉	夫
斯	捷	潘
斯	文
斯	文	·	海	定
斯	文	·	赫	定
斯	普	利	特
斯	普	特	尼	克
斯	沃	琪
斯	泰	西
斯	洛	伐	克
斯	特	恩
斯	特	拉	斯	堡
斯	特	拉	特	福
斯	瓦	希	里
斯	瓦	特
斯	瓦	特	谷	地
斯	科	普	里
斯	考	特
斯	芬	克	司
斯	芬	克	斯
斯	蒂	文
斯	蒂	文	森
斯	蒂	芬
斯	蒂	芬	·	哈	珀
斯	雷	布	雷	尼	察
新	一	代
新	丁
新	五	代	史
新	井
新	人
新	任
新	低
新	余
新	余	市
新	修
新	修	本	草
新	儒	家
新	元	史
新	兵
新	冠
新	冠	病	毒
新	冠	肺	炎
新	出	生
新	力
新	加	坡
新	加	坡	人
新	化
新	化	市
新	北
新	北	市
新	北	界
新	古	典
新	和
新	土
新	型
新	城
新	城	病
新	埔
新	埤
新	塘
新	增
新	墨	西	哥
新	墨	西	哥	州
新	天	地
新	奇
新	娘
新	娘	子
新	婚
新	嫁	娘
新	安
新	官	上	任	三	把	火
新	宿
新	密
新	密	市
新	居
新	山
新	年
新	年	前	夕
新	店
新	店	市
新	店	溪
新	建
新	式
新	德	里
新	思	想
新	意
新	成	土
新	房
新	手
新	拉
新	政
新	教
新	教	徒
新	斯	科	舍
新	昌
新	星
新	春
新	晃
新	月
新	朝
新	村
新	林
新	款
新	正
新	殖	民	化
新	民
新	民	市
新	沂
新	沂	市
新	河
新	泰
新	泰	市
新	洲
新	派
新	浪
新	浪	微	博
新	港
新	源
新	潟
新	潮
新	版
新	生
新	生	代
新	田
新	界
新	疆
新	知
新	石	器
新	禧
新	秀
新	秘
新	竹
新	竹	市
新	芽
新	蔡
新	近
新	造
新	邱
新	邵
新	郎
新	郎	倌
新	郎	官
新	都
新	野
新	雅
新	霉	素
新	高
方	丈
方	位
方	位	角
方	便
方	向
方	向	性
方	向	感
方	命
方	城
方	士
方	妮
方	子
方	家
方	寸
方	尖	碑
方	山
方	差
方	帽
方	式
方	形
方	志
方	才
方	文	山
方	方	正	正
方	方	面	面
方	根
方	格
方	案
方	正
方	毅
方	法
方	滋	未	艾
方	物
方	知
方	程
方	程	式
方	策
方	糖
方	能
方	腿
方	舟
方	解	石
方	言
方	面
方	音
施	主
施	事
施	事	者
施	以
施	加
施	密	特
施	展
施	工
施	恩
施	惠
施	打
施	放
施	政
施	救
施	教
施	明	德
施	暴
施	治
施	法
施	洗
施	琅
施	瓦	布
施	瓦	辛	格
施	用
施	甸
施	秉
施	耐	庵
施	肥
施	虐
施	虐	受	虐
施	虐	狂
施	虐	癖
施	虐	者
施	行
施	食
旁	人
旁	氏
旁	白
旁	系
旁	腱	肌
旁	路
旁	遮	普
旁	遮	普	省
旁	遮	普	邦
旃	檀
旅	充
旅	大
旅	大	市
旅	客
旅	居
旅	店
旅	社
旅	程
旅	程	表
旅	舍
旅	行
旅	行	支	票
旅	行	社
旅	行	者
旅	行	袋
旅	途
旋	光
旋	前	肌
旋	即
旋	回
旋	子
旋	律
旋	木	雀
旋	梯
旋	流
旋	翼
旋	臂
旋	舞
旋	花	科
旋	覆	花
旋	踵
旋	里
旋	量
旌	德
旌	旗
族	人
族	群
族	裔
旖	旎
旗	丁
旗	下
旗	人
旗	兵
旗	子
旗	官
旗	幅
旗	手
旗	杆
旗	校
旗	津
旗	牌
旗	瓣
旗	籍
旗	袍
既	定
既	已
既	往
既	往	不	咎
既	得
既	得	利	益
既	是
既	有
既	然
既	而
日	中
日	久
日	久	生	情
日	人
日	偏	食
日	元
日	光
日	光	浴
日	光	浴	室
日	光	浴	浴	床
日	全	食
日	冕
日	出
日	出	而	作	，	日	入	而	息
日	刊
日	前
日	化
日	南	郡
日	土
日	增
日	夜
日	夜	兼	程
日	媒
日	子
日	常
日	常	工	作
日	式
日	怪
日	惹
日	戳
日	文
日	料
日	新
日	方
日	日
日	晷
日	暮
日	曜	日
日	月
日	月	五	星
日	月	如	梭
日	月	潭
日	月	蹉	跎
日	月	重	光
日	月	食
日	朝
日	期
日	本
日	本	人
日	本	共	同	社
日	本	刀
日	本	原	子	能	研	究	所
日	本	叉	尾	海	燕
日	本	天	皇
日	本	海
日	本	米	酒
日	本	航	空
日	本	豆	腐
日	本	鬼	子
日	本	黑	道
日	流
日	照
日	照	市
日	班
日	用
日	用	品
日	益
日	益	增	加
日	盛
日	神
日	租
日	程
日	程	表
日	立
日	系
日	美
日	耳	曼
日	至
日	臻
日	航
日	落
日	落	西	山
日	薄	崦	嵫
日	薪
日	行	一	善
日	裔
日	食
旦	角
旨	在
旨	意
旨	趣
早	C	晚	A
早	上
早	上	好
早	些
早	亡
早	先
早	前
早	勃
早	午	餐
早	在
早	夭
早	婚
早	孕
早	安
早	就
早	已
早	市
早	年
早	搏
早	播
早	操
早	教
早	日
早	早	班
早	春
早	晚
早	晨
早	期
早	死
早	死	早	超	生
早	熟
早	班
早	睡	早	起
早	知
早	知	道
早	秋
早	稻
早	老	性	痴	呆
早	老	素
早	茶
早	衰
早	起
早	退
早	逝
早	霜
早	餐
旬	始
旬	年
旬	日
旬	朔
旬	期
旬	邑
旬	首
旭	日
旮	旯
旱	冰
旱	情
旱	象
旱	魃
旺	季
旺	月
旺	波	日	山
旺	盛
旺	角
昂	仁
昂	利
昂	山
昂	山	素	姬
昂	山	素	季
昂	撒
昂	昂
昂	昂	溪
昂	然
昂	船	洲
昂	藏
昂	首
昂	首	天	外
昂	首	挺	胸
昆	仲
昆	卡
昆	布
昆	廷
昆	明
昆	明	市
昆	明	湖
昆	汀
昆	玉
昊	天
昌	原
昌	原	市
昌	吉
昌	吉	回	族	自	治	州
昌	吉	州
昌	吉	市
昌	平
昌	明
昌	江
昌	盛
昌	邑
昌	邑	市
昌	都
昌	都	市
昌	黎
明	了
明	亮
明	人	不	做	暗	事
明	仁
明	仁	宗
明	代
明	令
明	信	片
明	光
明	光	市
明	光	度
明	初
明	十	三	陵
明	升	暗	降
明	史
明	和
明	哲	保	身
明	喻
明	天
明	太	祖
明	媒	正	娶
明	媚
明	子
明	孝	陵
明	宣	宗
明	察
明	察	秋	毫
明	尼	阿	波	利	斯
明	山
明	年
明	德
明	志
明	慧
明	成	祖
明	手
明	教
明	文
明	斯	克
明	日
明	早
明	明
明	星
明	晃	晃
明	晚
明	晰
明	智
明	月
明	朗
明	朝
明	末
明	末	清	初
明	杖
明	武	宗
明	水
明	治
明	清
明	渠
明	溪
明	澈
明	火
明	熹	宗
明	珠
明	珠	暗	投
明	理
明	白
明	皎
明	眼	人
明	知
明	知	山	有	虎	，	偏	向	虎	山	行
明	知	故	犯
明	示
明	言
明	辨
明	辨	是	非
明	邃
明	里
昏	倒
昏	厥
昏	君
昏	天	黑	地
昏	定	晨	省
昏	庸
昏	昏	欲	睡
昏	昏	沉	沉
昏	暗
昏	沉
昏	睡
昏	睡	病
昏	花
昏	迷
昏	迷	不	醒
易	主
易	事
易	北	河
易	卜	拉	欣
易	卜	生
易	取	得
易	如	反	掌
易	如	翻	掌
易	孕
易	容
易	感
易	懂
易	手
易	拉	罐
易	接	近
易	洛	魁
易	溶
易	激	惹
易	燃	物
易	燃	物	品
易	爆
易	理	解
易	用	性
易	碎
易	蒙	停
易	言	之
易	趣
易	逝
昔	年
昔	日
星	二	代
星	光
星	名
星	命	家
星	夜
星	官
星	家
星	宿
星	宿	海
星	巴	克
星	座
星	斗
星	星
星	星	之	火
星	星	之	火	，	可	以	燎	原
星	曜
星	月
星	期
星	期	一
星	期	三
星	期	二
星	期	五
星	期	六
星	期	四
星	期	天
星	期	日
星	洲
星	火
星	球
星	相
星	相	十	足
星	相	家
星	空
星	等
星	系
星	群
星	表
星	象
星	辰
映	像
映	像	管
映	入
映	射
映	演
映	照
映	象	文	件
春	令
春	假
春	光
春	光	乍	泄
春	光	明	媚
春	凳
春	分
春	化
春	困
春	夏	秋	冬
春	天
春	季
春	宵
春	岑
春	川	市
春	心
春	情
春	意
春	播
春	日
春	日	部
春	晚
春	景
春	柳
春	柳	社
春	武	里	府
春	汛
春	江	花	月	夜
春	灌
春	秋
春	秋	五	霸
春	秋	繁	露
春	秋	鼎	盛
春	耕
春	色
春	茶
春	菇
春	酒
春	雨
春	霖
昧	心
昧	旦
昧	死
昧	良	心
昨	夜
昨	天
昨	日
昨	晚
昭	和
昭	平
昭	披	耶	帕	康
昭	披	耶	河
昭	然	若	揭
昭	示
昭	通
昭	通	市
昭	雪
是	不	是
是	以
是	可	忍	，	孰	不	可	忍
是	否
是	德	科	技
是	拉	差
是	故
是	日
是	次
是	的
是	荷
是	非
是	非	不	分
是	非	之	地
是	非	分	明
是	非	曲	直
是	非	莫	辨
昱	日
昵	比
晃	悠
晃	晃	悠	悠
晌	午
晏	子
晏	子	春	秋
晏	平	仲
晚	上
晚	上	好
晚	世
晚	婚	晚	育
晚	安
晚	宴
晚	年
晚	晌
晚	景
晚	期
晚	期	癌	症
晚	清
晚	班
晚	生
晚	育
晚	近
晚	霞
晚	餐
晤	面
晦	暗
晨	勃
晨	昏
晨	昏	定	省
晨	星
晨	曦
晨	歌
晨	露
普	丁
普	世
普	京
普	信	男
普	利	司	通
普	利	茅	斯
普	及
普	吉
普	埃	布	拉
普	外	科
普	天	下
普	契	尼
普	安
普	定
普	密	蓬	·	阿	杜	德
普	布	斯
普	希	金
普	惠
普	拉
普	拉	提
普	拉	提	斯
普	普	通	通
普	朗	克
普	查
普	格
普	桑
普	氏
普	氏	小	羚	羊
普	法
普	洱
普	洱	市
普	洱	茶
普	渡
普	照
普	米	族
普	考
普	西
普	通
普	通	人
普	通	教	育
普	通	朱	雀
普	通	法
普	通	老	百	姓
普	通	股
普	遍
普	遍	化
普	遍	性
普	里	切	特
普	陀
普	陀	山
普	降
普	雷	克	斯	流	程
普	雷	斯	堡
普	食
景	仰
景	山
景	教
景	泰
景	洪
景	洪	市
景	深
景	物
景	致
景	色
景	谷
景	象
景	遇
晴	天
晴	好
晴	朗
晴	隆
晴	雨
晴	雨	表
晶	亮
晶	光
晶	振
晶	明
晶	晶
晶	格
晶	片
晶	系
智	人
智	利
智	力
智	力	低	下
智	力	玩	具
智	取
智	商
智	多	星
智	慧
智	熄
智	牙
智	珠	在	握
智	神	星
智	者
智	育
智	能
智	能	卡
智	障
智	障	人	士
晾	衣	架
暌	隔
暑	促
暑	假
暑	天
暑	期
暑	瘟
暖	化
暖	和
暖	巢	管	家
暖	意
暖	房
暖	暖
暖	暖	包
暖	棚
暖	水	瓶
暖	洋	洋
暖	流
暖	烘	烘
暖	瓶
暖	男
暖	色
暖	融	融
暗	中
暗	井
暗	合
暗	含
暗	哨
暗	喜
暗	喻
暗	器
暗	地
暗	堡
暗	娼
暗	室
暗	害
暗	影
暗	想
暗	房
暗	扣
暗	指
暗	探
暗	昧
暗	暗
暗	沙
暗	河
暗	流
暗	淡
暗	渠
暗	潮
暗	煅
暗	爽
暗	疔
暗	疾
暗	盒
暗	礁
暗	示
暗	笑
暗	算
暗	箭
暗	箱
暗	箱	操	作
暗	背	雨	燕
暗	胸	朱	雀
暗	能	量
暗	自
暗	藏
暗	袋
暗	送	秋	波
暗	道
暗	香
暗	香	疏	影
暗	黑
暡	曚
暨	今
暨	大
暮	年
暮	景
暮	色
暴	光
暴	利
暴	力
暴	力	法
暴	力	犯	罪
暴	卒
暴	君
暴	富
暴	徒
暴	怒
暴	恐
暴	戾
暴	戾	恣	睢
暴	打
暴	扣
暴	政
暴	死
暴	殄	天	物
暴	民
暴	洪
暴	漫
暴	烈
暴	牙
暴	病
暴	瘦
暴	胖
暴	虐
暴	行
暴	走
暴	走	族
暴	走	鞋
暴	跌
暴	跳	如	雷
暴	躁
暴	雨
暴	雷
暴	露
暴	露	狂
暴	露	癖
暴	食
暴	食	症
暹	粒
曙	光
曙	色
曝	光
曝	光	表
曝	露
曱	甴
曲	周
曲	奇
曲	子
曲	射
曲	尺
曲	度
曲	意
曲	意	逢	迎
曲	折
曲	柄
曲	棍
曲	棍	球
曲	水
曲	江
曲	池	穴
曲	沃
曲	率
曲	率	向	量
曲	目
曲	直
曲	突	徙	薪
曲	肱	而	枕
曲	解
曲	阜
曲	阜	市
曲	霉	毒	素
曲	靖
曲	靖	市
曲	面
曲	高	和	寡
曳	步	舞
更	代
更	加
更	卒
更	博
更	名
更	夫
更	始
更	年	期
更	改
更	新
更	新	世
更	新	版
更	是
更	替
更	有	甚	者
更	次
更	正
更	深
更	漏
更	生
更	番
更	衣
更	衣	室
更	迭
更	高	性	能
更	鼓
曹	丕
曹	妃	甸
曹	操
曹	植
曹	禺
曹	雪	芹
曹	魏
曼	切	斯	特
曼	哈	坦
曼	城
曼	妙
曼	妥	思
曼	尼	托	巴
曼	德	勒
曼	德	拉
曼	波
曼	海	姆
曼	谷
曾	外	祖	母
曾	外	祖	父
曾	子
曾	孝	谷
曾	祖
曾	祖	母
曾	祖	父
曾	祖	父	母
曾	繁	仁
曾	都
曾	金	燕
替	代
替	代	品
替	代	燃	料
替	天	行	道
替	工
替	死	鬼
替	班
替	罪
替	罪	羊
替	罪	羔	羊
替	角
替	身
替	餐
最	低	潮
最	低	谷
最	低	限	度
最	低	音
最	佳
最	佳	化
最	先
最	初
最	善
最	多
最	大	公	因	子
最	大	化
最	大	速	率
最	好
最	好	是
最	小	二	乘
最	小	值
最	小	公	分	母
最	小	化
最	小	平	方	法
最	少
最	新
最	是
最	近
最	高
最	高	人	民	法	院
最	高	法	院
最	高	等
最	高	音
月	下	老	人
月	下	花	前
月	中
月	事
月	亮
月	亮	杯
月	令
月	份
月	份	牌
月	供
月	信
月	俸
月	偏	食
月	光
月	光	族
月	光	石
月	全	食
月	分
月	刊
月	初
月	利
月	半
月	坑
月	城
月	壤
月	夕
月	夜
月	女	神
月	婆	子
月	嫂
月	子
月	子	中	心
月	子	病
月	孛
月	季
月	尾
月	岩
月	工
月	底
月	度
月	息
月	支
月	收	入
月	曜	日
月	月
月	朔
月	末
月	杪
月	桂
月	桂	冠
月	氏
月	海
月	湖
月	牙
月	牙	形
月	球
月	琴
月	盲	症
月	相
月	票
月	租
月	缺
月	老
月	色
月	薪
月	食
月	黑
月	黑	天
有	一	些
有	一	套
有	一	手
有	一	拼
有	一	次
有	一	腿
有	不	少	名	堂
有	了
有	了	胎
有	事
有	些
有	些	人
有	人
有	人	情
有	人	想	你
有	份
有	作	用
有	其	父	必	有	其	子
有	利
有	利	有	弊
有	力
有	加
有	助
有	印	象
有	口	皆	碑
有	可	能
有	司
有	名
有	味
有	商	有	量
有	喜
有	型
有	夏
有	失
有	失	厚	道
有	失	身	份
有	奶	便	是	娘
有	奶	就	是	娘
有	如
有	子	存	焉
有	害
有	局
有	屁	快	放
有	希	望
有	年
有	幸
有	序
有	序	化
有	形
有	待
有	得	一	比
有	得	有	失
有	德	行
有	心
有	心	人
有	心	眼
有	志
有	志	竟	成
有	志	者	事	竟	成
有	性	生	殖
有	怪	莫	怪
有	息
有	情
有	情	人
有	意
有	意	思
有	成
有	所
有	所	不	同
有	所	得	必	有	所	失
有	排	面
有	效
有	效	性
有	效	措	施
有	效	日	期
有	效	期
有	料
有	新	意
有	方
有	望
有	朝
有	朝	一	日
有	期	徒	刑
有	木	有
有	本	事
有	板	有	眼
有	染
有	次
有	次	序
有	毅	力
有	毒
有	氧	健	身	操
有	氧	操
有	水
有	沉	有	浮
有	活	力
有	滋	有	味
有	理
有	理	式
有	生	之	年
有	用
有	界
有	病
有	的
有	的	放	矢
有	的	是
有	益
有	目	共	睹
有	眉	目
有	眼	光
有	福
有	空
有	精	神	病
有	罪
有	耐	久	力
有	肩	膀
有	能	力
有	良	心
有	色
有	解
有	趣
有	道
有	道	是
有	道	理
有	限
有	限	元
有	限	元	法
有	限	公	司
有	限	群
有	限	集
有	雄	心
有	魅	力
朊	病	毒
朋	克
朋	友
朋	友	圈
朋	友	妻	不	可	欺
服	侍
服	兵	役
服	刑
服	帖
服	役
服	服
服	服	帖	帖
服	毒
服	法
服	用
服	硬
服	罪
服	老
服	膺
服	食
朔	城
朔	州
朔	州	市
朔	日
朔	月
朔	望
朔	望	潮
朕	兆
朗	吟
朗	姆
朗	姆	酒
朗	文
朗	朗	上	口
朗	照
望	京
望	夫	石
望	奎
望	安
望	族
望	日
望	月
望	梅	止	渴
望	江
望	洋
望	眼	欲	穿
望	而	生	畏
望	花
望	都
朝	三	暮	四
朝	不	保	夕
朝	中
朝	中	社
朝	乾	夕	惕
朝	代
朝	令	夕	改
朝	前
朝	向
朝	夕
朝	天
朝	天	椒
朝	廷
朝	思	暮	想
朝	房
朝	拜
朝	族
朝	日
朝	曦
朝	服
朝	朝
朝	朝	暮	暮
朝	歌
朝	永	振	一	郎
朝	珠
朝	生	暮	死
朝	秦	暮	楚
朝	臣
朝	花	夕	拾
朝	野
朝	雨
朝	露
朝	露	溘	至
朝	饔	夕	飧
期	中
期	中	考
期	冀
期	刊
期	待
期	房
期	指
期	望
期	望	值
期	期	艾	艾
期	末
期	末	考
期	盼
期	票
期	考
期	限
朦	骨
木	下
木	乃	伊
木	乃	伊	化
木	人	石	心
木	偶
木	偶	秀
木	刻
木	匠
木	卡	姆
木	吒
木	器
木	夯
木	子	美
木	屐
木	屑
木	工
木	已	成	舟
木	料
木	星
木	曜	日
木	本	植	物
木	材
木	村
木	板
木	柴
木	格	措
木	框
木	桶
木	棉
木	棉	科
木	棍
木	椆
木	槿
木	炭
木	然
木	片
木	版
木	犀
木	犀	肉
木	球
木	琴
木	瓜
木	瓦
木	目	金
木	笛
木	筏
木	箱	鼓
木	糖
木	糖	醇
木	糠
木	耳
木	聚	糖
木	船
木	芙	蓉
木	莓
木	薯
木	蠹	蛾
木	酮	糖
木	醇
木	鞋
木	香
木	骨	都	束
未	了
未	亡	人
未	便
未	免
未	冠
未	卜
未	卜	先	知
未	及
未	受	精
未	可
未	可	厚	非
未	名
未	命	名
未	央
未	始
未	婚
未	婚	夫
未	婚	妻
未	完	成
未	定
未	必
未	成
未	成	冠
未	成	年
未	成	年	人
未	成	年	者
未	提	及
未	敢	苟	同
未	料
未	曾
未	有
未	果
未	然
未	熟
未	知
未	竟
未	竟	之	志
未	置	可	否
未	羊
未	老	先	衰
未	能
未	能	免	俗
未	艾
未	解
未	遂
末	世
末	了
末	代
末	代	皇	帝
末	任
末	伏
末	位	淘	汰
末	子
末	尾
末	屑
末	席
末	年
末	底	改
末	座
末	日
末	期
末	梢
末	段
末	流
末	煤
末	端
末	篇
末	茶
末	路
末	速
末	造
本	·	拉	登
本	事
本	人
本	位
本	位	制
本	位	音
本	俸
本	分
本	利
本	名
本	命	年
本	因	坊
本	因	坊	秀	策
本	土
本	土	化
本	土	派
本	地
本	地	人
本	地	化
本	地	管	理	界	面
本	埠
本	士
本	子
本	字
本	家
本	尊
本	小	利	微
本	就
本	尼	迪
本	州
本	市
本	年	度
本	底
本	影
本	性
本	息
本	意
本	我
本	拉	登
本	文
本	日
本	星	期
本	月
本	朝
本	期
本	末
本	末	倒	置
本	本
本	本	分	分
本	源
本	溪
本	溪	市
本	田
本	益	比
本	相
本	省	人
本	票
本	科
本	科	生
本	科	系
本	罪
本	能
本	色
本	茨
本	草
本	行
本	身
本	那	比
本	那	比	市
本	部
本	金
札	幌
札	格	拉	布
札	格	瑞	布
札	格	雷	布
朱	允	炆
朱	元	璋
朱	利	安
朱	厚	照
朱	古	力
朱	子
朱	孝	天
朱	容	基
朱	庇	特
朱	德
朱	棣
朱	漆
朱	熔	基
朱	熹
朱	由	校
朱	瞻	基
朱	砂
朱	粉
朱	自	清
朱	雀
朴	刀
朴	子
朴	子	市
朴	智	星
朴	槿	惠
朴	正	熙
朴	硝
朽	木
朽	木	不	可	雕
朽	蠹
杆	子
杉	山
杉	本
杌	凳
李	世	民
李	亨
李	代	桃	僵
李	伯	元
李	俊
李	儇
李	元	昊
李	先	念
李	光	耀
李	冰
李	冰	冰
李	冶
李	劼	人
李	叔	同
李	哲
李	嘉	欣
李	四
李	四	光
李	天	王
李	娜
李	子
李	宇	春
李	安
李	宗	仁
李	宗	盛
李	富	春
李	希	霍	芬
李	建	成
李	德
李	德	林
李	忱
李	悝
李	成	桂
李	成	江
李	承	晚
李	振	藩
李	政	道
李	敏	勇
李	斯
李	斯	特
李	斯	特	氏	菌
李	斯	特	菌
李	旦
李	昂
李	昉
李	明	博
李	朝	威
李	木
李	林	甫
李	格	非
李	氏
李	汝	珍
李	治
李	洪	志
李	清	照
李	湛
李	源	潮
李	漼
李	瀍
李	煜
李	玟
李	白
李	直	夫
李	祝
李	群
李	翱
李	耳
李	肇	星
李	自	成
李	舜	臣
李	英	儒
李	豫
李	适
李	逵
李	重	茂
李	陵
李	隆	基
李	雪	健
李	靖
李	鬼
杏	仁
杏	仁	果
杏	仁	核
杏	仁	豆	腐
杏	子
杏	林
杏	眼
杏	花	村
材	料
村	上
村	上	隆
村	塾
村	姑
村	子
村	寨
村	山	富	市
村	民
村	田
村	舍
村	落
村	里
杓	子
杖	刑
杜	仲
杜	伊	斯	堡
杜	冷	丁
杜	口
杜	口	裹	足
杜	哈
杜	塞
杜	塞	道	夫
杜	威
杜	宇
杜	康
杜	拜
杜	撰
杜	月	笙
杜	松	子	酒
杜	梨
杜	比
杜	氏	腺
杜	牧
杜	琪	峰
杜	瓦	利	埃
杜	甫
杜	甫	草	堂
杜	秋	娘	歌
杜	莎	夫	人
杜	蕾	斯
杜	蘅
杜	衡
杜	邦
杜	集
杞	梓	之	林
束	手
束	手	就	擒
束	手	待	死
束	脩
束	腰
束	腹
束	衣
束	身
杠	精
杭	州
杭	州	市
杯	中	物
杯	具
杯	子
杯	弓	蛇	影
杯	托
杯	珓
杯	筊
杯	葛
杯	酒	解	怨
杳	冥
杳	杳
杳	渺
杳	然
杳	茫
松	下
松	下	公	司
松	井
松	仁
松	化	石
松	北
松	原
松	原	市
松	口	蘑
松	坡	湖
松	塔
松	子
松	尾
松	山
松	巴	哇
松	明
松	木
松	本
松	果
松	果	腺
松	柏
松	桃
松	江
松	溪
松	滋
松	滋	市
松	潘
松	球
松	瓤
松	田
松	石
松	科
松	花	江
松	花	蛋
松	茸
松	菌
松	蘑
松	雀
松	露
松	香
松	鼠
板	凳
板	刷
板	壁
板	子
板	寸
板	岩
板	式	塔
板	房
板	扎
板	擦
板	斧
板	板
板	板	六	十	四
板	栗
板	油
板	牙
板	球
板	皮
板	眼
板	羽	球
板	胡
板	鞋
板	鼓
枇	杷
枇	杷	膏
枉	攘
枉	死
枉	法
枉	然
枋	寮
枋	山
析	出
析	疑
枕	冷	衾	寒
枕	套
枕	岩	漱	流
枕	巾
枕	席
枕	心
枕	戈	待	旦
枕	木
枕	石	漱	流
枕	藉
枕	骨
林	八	哥
林	卡
林	口
林	可	霉	素
林	吉	特
林	周
林	地
林	堡
林	壑
林	奈
林	子
林	州
林	州	市
林	彪
林	德	布	拉	德
林	心	如
林	志	玲
林	旭
林	木
林	村
林	森
林	檎
林	火
林	琴	南
林	甸
林	立
林	肯
林	肯	郡
林	芝
林	芝	市
林	茨
林	西
林	逋
林	雪	平
林	青	霞
林	黛	玉
枚	乘
枚	卜
果	不	其	然
果	仁
果	倍	爽
果	切
果	品
果	啤
果	如	所	料
果	子
果	子	狸
果	子	露
果	戈	里
果	播
果	敢
果	期
果	木
果	汁
果	泥
果	洛
果	洛	州
果	洛	藏	族	自	治	州
果	然
果	皮
果	真
果	穗
果	粉
果	糖
果	肉
果	脯
果	腹
果	若
果	茶
果	蔬
果	酒
枝	城
枝	子
枝	晶
枝	江
枝	江	市
枝	蔓
枯	寂
枯	木
枯	木	逢	春
枯	朽
枯	槁
枯	水
枯	水	期
枯	燥
枯	竭
枯	茗
枯	草
枯	萎
枯	萎	病
架	不	住
架	二	郎	腿
架	子
架	子	鼓
架	拐
架	次
架	空
架	空	索	道
架	走
枷	板
枸	杞
枸	杞	子
枸	橘
枸	骨
柄	政
柄	臣
柏	克	郡
柏	孜	克	里	克	千	佛	洞
柏	崎
柏	崎	刈	羽
柏	崎	市
柏	林
柏	油
柏	油	路
柏	蒂	切	利
柏	青	哥
某	事
某	些
某	人
某	地
某	某
某	物
某	甲
柑	橘
染	上
染	布
染	指
染	指	垂	涎
染	料
染	毒
染	病
染	色
柔	佛
柔	佛	州
柔	和
柔	媚
柔	嫩
柔	弱
柔	性
柔	情
柔	情	似	水
柔	曼
柔	滑
柔	美
柔	荑	花	序
柔	道
柘	城
柘	弓
柘	榴
柘	榴	石
柘	袍
柚	子
柚	木
柞	水
查	克	拉
查	克	瑞
查	出
查	加	斯	病
查	勘
查	哨
查	夜
查	字	法
查	封
查	德
查	房
查	扣
查	找
查	抄
查	拳
查	探
查	明
查	普	曼
查	核
查	水	表
查	清
查	理	大	帝
查	看
查	禁
查	究
查	考
柬	埔	寨
柯	P
柯	劭	忞
柯	坪
柯	城
柯	基
柯	夫	塔
柯	密
柯	尼	斯	堡
柯	式	印	刷
柯	文	哲
柯	林
柯	林	斯
柯	沙	奇	病	毒
柯	西
柯	那	克	里
柯	里	化
柰	子
柱	塞
柱	子
柱	梁
柱	石
柱	身
柳	丁
柳	丁	氨	醇
柳	北
柳	南
柳	啼	花	怨
柳	城
柳	宗	元
柳	州
柳	州	市
柳	暗	花	明
柳	杉
柳	杞
柳	松	菇
柳	林
柳	橙
柳	橙	汁
柳	永
柳	江
柳	河
柳	琴
柳	眉
柳	絮
柳	陌	花	衢
柳	青
柴	可	夫	斯	基
柴	油
柴	火
柴	犬
柴	田
柴	禾
柴	禾	妞
柴	科	夫	斯	基
柴	胡
柴	草
柴	薪
柿	子
柿	子	椒
栓	塞
栓	子
栓	皮
栗	喉	蜂	虎
栗	子
栗	色
栗	鳽
栗	鼠
校	刊
校	勘
校	友
校	名
校	地
校	外
校	官
校	尉
校	徽
校	招
校	方
校	服
校	歌
校	正
校	舍
校	花
校	草
校	霸
栩	栩
栩	栩	如	生
株	守
株	治
株	洲
株	洲	市
株	距
栲	栳
栴	檀
核	事	件
核	仁
核	僵	持
核	冬	天
核	准
核	出	口	控	制
核	分	裂
核	原	料
核	可
核	合	成
核	四
核	地	雷
核	型
核	子
核	定
核	屏	蔽
核	工	程
核	心
核	查
核	柱
核	桃
核	桃	仁
核	模	型
核	武
核	武	器
核	燃	料
核	爆	炸
核	物	理
核	球
核	相	互	作	用
核	磁	共	振
核	算
核	糖
核	糖	核	酸
核	素
核	能
核	能	源
核	自	旋
核	苷
核	苷	酸
核	酮	糖
核	酸
核	防	御
根	基
根	底
根	式
根	性
根	插
根	本
根	本	法
根	柢
根	汁	汽	水
根	河
根	河	市
根	治
根	深	蒂	固
根	源
根	特
根	由
根	究
根	系
根	茬
根	除
根	音
格	但	斯	克
格	位
格	力
格	勒
格	外
格	子
格	子	呢
格	子	棉	布
格	子	花	呢
格	局
格	式
格	式	化
格	式	塔
格	律
格	拉
格	拉	斯	哥
格	拉	茨
格	林
格	林	多
格	林	威	治
格	林	威	治	村
格	林	尼	治
格	林	斯	班
格	格
格	格	不	入
格	格	笑
格	洛	斯	特
格	洛	斯	特	郡
格	涅	沙
格	物
格	物	致	知
格	瓦	斯
格	致
格	言
格	里	姆	斯	塔
格	里	高	利
格	雷
格	雷	伯	爵	茶
格	雷	茅	斯
栽	倒
栽	培
栽	子
栽	植
栽	筋	斗
桀	王
桁	架
桁	梁
桂	冠
桂	平
桂	平	市
桂	林
桂	林	市
桂	枝
桂	格
桂	皮
桂	花
桃	仁
桃	城
桃	太	郎
桃	子
桃	山
桃	心
桃	汛
桃	江
桃	源
桃	色
桃	色	案	件
桃	花
桃	花	心	木
桃	花	扇
桃	花	水	母
桃	花	汛
桃	花	源
桃	莉	羊
桃	金	娘
桃	金	娘	科
桄	榔
桅	杆
桅	竿
框	子
框	架
框	框
案	件
案	例
案	例	法
案	兵	束	甲
案	卷
案	子
案	底
案	情
案	文
案	板
案	由
案	甲	休	兵
案	秤
案	首
桌	上	型
桌	子
桌	巾
桌	布
桌	案
桌	椅	板	凳
桌	球
桌	面
桎	梏
桐	人
桐	城
桐	城	市
桐	木	偶
桐	柏
桐	柏	山
桐	梓
桐	油
桑	坦	德
桑	巴
桑	德	拉
桑	德	斯
桑	拿
桑	搏
桑	梓
桑	植
桑	海
桑	科
桑	耶
桑	葚
桑	藨
桑	那
桓	仁
桓	台
桓	桓
桓	玄
桔	梗
桔	槔
桶	口
桶	孔
梁	上	君	子
梁	子	湖
梁	山
梁	山	市
梁	平
梁	振	英
梁	朝
梁	木
梁	架
梁	河
梁	湘
梁	漱	溟
梁	祝
梅	子
梅	州
梅	州	市
梅	斯
梅	林
梅	森
梅	毒
梅	氏
梅	氏	腺
梅	江
梅	河	口
梅	河	口	市
梅	洛
梅	派
梅	瑟
梅	花
梅	花	拳
梅	花	鹿
梅	西
梅	西	耶
梅	西	耶	星	表
梅	里	斯
梅	里	美
梅	里	雪	山
梅	雨
梆	子
梆	子	腔
梓	潼
梓	童
梗	塞
梗	概
梗	死
梗	王
梗	阻
梧	州
梧	州	市
梧	桐
梧	桐	科
梨	俱	吠	陀
梨	子
梨	果
梭	哈
梭	子
梯	子
梯	己
梯	度
梯	度	回	波
梯	式	配	股
梯	形
梯	恩	梯
梯	板
梯	次
梯	田
梳	乎	厘
梳	子
梳	弄
梳	洗
梳	理
梳	篦
梳	芙	厘
梵	天
梵	婀	玲
梵	教
梵	文
梵	谷
梵	高
棉	布
棉	帽
棉	棒
棉	毛
棉	球
棉	田
棉	絮
棉	花
棉	花	棒
棉	花	糖
棉	衣
棉	被
棉	豆
棋	具
棋	子
棋	局
棋	手
棋	王
棍	子
棍	杖
棍	棒
棒	冰
棒	喝
棒	子
棒	旋	星	系
棒	材
棒	棒	糖
棒	棒	腿
棒	槌
棒	球
棒	球	迷
棒	糖
棕	尾	虹	雉
棕	朱	雀
棕	枕	山	雀
棕	枝	主	日
棕	枝	全	日
棕	毛
棕	毯
棕	熊
棕	矮	星
棕	背	雪	雀
棕	胸	佛	法	僧
棕	色
棕	褐	色
棕	雨	燕
棕	黑
棘	手
棘	楚
棚	子
棚	架
棚	架	格	子
棠	梨
森	喜	朗
森	巴	舞
森	林
森	林	培	育
森	林	浴
森	森
森	然
森	田
棺	木
棺	材
棺	材	板
棺	材	瓤	子
椅	凳
椅	子
椅	背
椆	水
椆	苕
植	入
植	株
植	根
植	民
植	牙
植	物
植	物	人
植	物	油
植	物	牛	油
植	物	界
植	物	群
植	物	肉
植	物	脂	肪
植	田
植	皮
植	脂	末
植	苗
植	被
椎	骨
椒	江
椪	柑
椰	奶
椰	子
椰	子	汁
椰	林
椰	果
椰	汁
椰	油
椰	皇
椰	菜
椰	菜	花
椰	蓉
椰	青
椽	子
椿	象
楔	子
楔	形
楔	形	文	字
楔	形	物
楚	楚
楚	雄
楚	雄	州
楚	雄	市
楚	雄	彝	族	自	治	州
楞	子	眼
楞	迦
楠	木
楠	梓
楠	竹
楦	子
楷	字
楷	模
概	型
概	形
概	念
概	念	化
概	括
概	括	化
概	率
概	而	言	之
概	要
概	述
榆	中
榆	木
榆	林
榆	林	市
榆	次
榆	社
榆	罔
榔	榆
榔	槺
榕	城
榕	江
榛	仁
榛	子
榛	果
榛	栗
榛	榛
榛	色
榛	莽
榜	一	大	哥
榜	眼
榜	笞
榜	葛	剌
榜	首
榠	楂
榨	取
榨	油
榨	菜
榨	酒	池
榫	卯
榫	眼
榻	床
榻	榻	米
槌	球
槜	李
槭	木
槲	寄	生
槵	子
槽	位
槽	坊
槽	孔
槽	牙
樊	城
樗	蒱
樟	宜
樟	木
模	仿
模	仿	品
模	似
模	具
模	因
模	型
模	子
模	式
模	形
模	板
模	特
模	糊
模	糊	不	清
模	里	西	斯
樵	夫
樵	子
樽	罍
橐	囊
橐	橐
橐	笥
橐	龠
橘	味
橘	子
橘	子	水
橘	子	汁
橘	柑
橘	色
橙	子
橙	汁
橙	皮
橙	色
橡	子
橡	木
橡	皮
橡	皮	擦
橡	皮	泥
橡	皮	球
橡	皮	筋
橡	皮	膏
橡	皮	艇
檀	中
檀	君
檀	君	王
檀	越
檀	香
檀	香	山
檃	栝
檄	文
檐	廊
檵	木
檵	花
欠	佳
欠	妥
欠	安
欠	扁
欠	抽
欠	揍
欠	款
欠	缺
欠	薪
欠	身
次	之
次	元
次	品
次	女
次	子
次	官
次	序
次	文	化
次	方
次	方	言
次	日
次	氯	酸
次	溴	酸
次	生
次	生	林
次	第
次	等
次	要
欣	喜
欣	喜	若	狂
欣	幸
欣	弗
欣	慰
欣	然
欣	逢
欲	仙	欲	死
欲	女
欲	念
欲	振	乏	力
欲	求
欲	海
欲	滴
欲	言	又	止
欷	歔
欸	乃
欺	人	太	甚
欺	以	其	方
欺	侮
欺	凌
欺	君	罔	上
欺	哄
欺	生
欺	男	霸	女
欺	行	霸	市
欺	辱
欺	霜	傲	雪
款	伏
款	冬
款	子
款	宴
款	式
款	待
款	服
款	款
款	步
款	段
欿	然
歃	血
歇	了	吧
歇	宿
歇	心
歇	息
歇	手
歇	斯	底	里
歇	艎
歇	菜
歉	意
歉	收
歉	疚
歌	台
歌	后
歌	吟
歌	唱
歌	唱	家
歌	喉
歌	女
歌	姬
歌	子
歌	德
歌	手
歌	星
歌	曲
歌	碟
歌	筵
歌	舞
歌	舞	伎
歌	迷
止	咳
止	境
止	息
止	步
止	滑
止	疼	片
止	痛
止	痛	法
止	痛	片
止	血
止	血	栓
正	丁	醚
正	中
正	中	要	害
正	主
正	事
正	交
正	交	群
正	人
正	人	君	子
正	值
正	切
正	割
正	化
正	午
正	反
正	史
正	名
正	向
正	向	力
正	品
正	在
正	外	部	性
正	多	胞	形
正	大	光	明
正	太
正	太	控
正	好
正	如
正	妹
正	子
正	字
正	字	法
正	字	通
正	安
正	宗
正	定
正	室
正	巧
正	常
正	常	化
正	常	工	作
正	常	成	本
正	常	菌	群
正	式
正	式	投	票
正	弦
正	弦	定	理
正	弦	形
正	弦	波
正	德
正	念
正	意
正	房
正	投	影
正	教
正	文
正	方
正	方	向
正	方	形
正	日
正	旦
正	是
正	月
正	月	初	一
正	朔
正	本
正	楷
正	正
正	步
正	步	走
正	殿
正	比
正	比	例
正	法
正	派
正	港
正	然
正	版
正	牌
正	生
正	用
正	畸
正	直
正	眼
正	祖
正	能	量
正	色
正	襟	危	坐
正	要
正	角
正	象
正	路
正	途
正	道
正	邪
正	面
正	音
正	餐
正	骨
正	骨	八	法
此	事
此	伏	彼	起
此	刻
此	前
此	地
此	外
此	次
此	致
此	行
此	起	彼	伏
此	起	彼	落
此	路	不	通
此	道
步	伐
步	入
步	兵
步	哨
步	子
步	履
步	操
步	斗	踏	罡
步	月
步	步
步	武
步	法
步	犁
步	登	公	寓
步	罡	踏	斗
步	行
步	行	者
步	行	街
步	足
步	道
武	丁
武	仙	座
武	侯
武	侯	祠
武	力
武	功
武	功	山
武	勇
武	器
武	城
武	士
武	士	刀
武	士	道
武	夷	山
武	夷	山	市
武	威
武	威	市
武	安
武	安	市
武	官
武	定
武	宣
武	山
武	川
武	平
武	德
武	打
武	打	片
武	旦
武	昌
武	松
武	林
武	水
武	江
武	清
武	溪
武	生
武	田
武	略
武	穴
武	穴	市
武	警
武	邑
武	都
武	都	市
武	陟
武	陵
武	陵	源
武	隆
歧	路
歧	途
歪	嘴
歪	斜
歪	曲
歪	果	仁
歪	歪	扭	扭
歪	歪	斜	斜
歪	理
歹	人
歹	命
歹	徒
歹	意
歹	毒
死	不	了
死	不	改	悔
死	不	瞑	目
死	中	求	生
死	亡
死	亡	率
死	人
死	人	不	管
死	仗
死	信
死	刑
死	去
死	命
死	囚
死	因
死	因	不	明
死	城
死	士
死	宅
死	守
死	定
死	寂
死	局
死	巷
死	心
死	心	塌	地
死	心	踏	地
死	忠
死	文	字
死	期
死	板
死	棋
死	死
死	水
死	活
死	海
死	海	古	卷
死	火	山
死	球
死	生
死	症
死	皮
死	硬
死	磕
死	神
死	穴
死	罪
死	者
死	而	不	僵
死	背
死	胡	同
死	藤	水
死	要	面	子
死	要	面	子	活	受	罪
死	角
死	路
死	鬼
殃	及
殉	情
殉	教
殉	死
殉	葬
殉	道
殊	不	知
殊	姿
殊	死
殊	致
殊	色
殖	利
殖	民
殖	民	地
殖	民	者
殗	殜
殜	殜
段	位
段	子
段	子	手
段	氏
段	玉	裁
段	祺	瑞
段	荃	法
段	落
殷	切
殷	勤
殷	商
殷	墟
殷	富
殷	殷
殷	都
殿	下
殿	堂
殿	宇
毅	力
毅	然
毋	庸
毋	忘
母	乳
母	乳	代	用	品
母	乳	化	奶	粉
母	公	司
母	哈
母	夜	叉
母	女
母	子
母	子	垂	直	感	染
母	星
母	板
母	校
母	港
母	犬
母	球
母	系
母	老	虎
母	胎
母	胎	s	o	l	o
母	船
母	蜂
母	音
每	人
每	分	每	秒
每	夜
每	天
每	常
每	年
每	年	一	度
每	日
每	月
每	次
每	每
每	逢
每	隔
毒	刑
毒	刺
毒	力
毒	化
毒	品
毒	唯
毒	奶
毒	奶	粉
毒	害
毒	性
毒	手
毒	打
毒	株
毒	液
毒	爪
毒	牙
毒	物
毒	瓦	斯
毒	瘤
毒	素
毒	肽
毒	腺
毒	舌
毒	莠	定
毒	蕈
毒	蛇
毒	辣
毓	婷
比	一	比
比	下	去
比	不	上
比	不	了
比	丘
比	丘	尼
比	中	指
比	佛	利	山
比	作
比	例
比	例	尺
比	值
比	做
比	分
比	利
比	利	牛	斯
比	利	牛	斯	山
比	及
比	喻
比	基	尼
比	如
比	威	力
比	安
比	容
比	干
比	年
比	心
比	才
比	拚
比	拼
比	捕
比	方
比	武
比	比	皆	是
比	照
比	特
比	特	犬
比	率
比	索
比	翼
比	耶
比	肩
比	腕	力
比	色	分	析
比	起
比	重
比	量
比	附
毗	耶	娑
毛	主	席
毛	利
毛	利	人
毛	刷
毛	刺
毛	南	族
毛	口
毛	囊
毛	坯
毛	塑	像
毛	姆
毛	子
毛	孔
毛	孩	子
毛	小	囊
毛	巾
毛	拉
毛	收	入
毛	料
毛	根
毛	概
毛	毛
毛	毛	的
毛	毛	雨
毛	毯
毛	洋	槐
毛	派
毛	片
毛	玻	璃
毛	病
毛	痣
毛	皮
毛	竹
毛	肚
毛	腰
毛	色
毛	茛
毛	茶
毛	茸	茸
毛	血	旺
毛	衣
毛	豆
毛	象
毛	遂
毛	里	求	斯
毛	重
毛	骨	悚	然
毪	子
毫	不
毫	不	介	意
毫	不	留	情
毫	克
毫	升
毫	安
毫	巴
毫	微
毫	微	米
毫	毛
毫	瓦
毫	秒
毫	米
毫	米	汞	柱
毫	米	波
毯	子
毽	子
氏	族
民	不	聊	生
民	主
民	主	化
民	主	政	治
民	主	派
民	主	集	中	制
民	主	革	命
民	事
民	企
民	俗
民	兵
民	勤
民	品
民	女
民	宅
民	家
民	宿
民	居
民	工
民	庭
民	心
民	怨
民	怨	鼎	沸
民	情
民	意
民	房
民	政
民	政	局
民	政	部
民	族
民	族	平	等
民	族	志
民	族	舞	蹈
民	族	英	雄
民	歌
民	歌	手
民	法
民	法	典
民	爆
民	生
民	生	凋	敝
民	用
民	盟
民	科
民	答	那	峨	海
民	粹	派
民	脂	民	膏
民	航
民	警
民	雄
氘	核
氟	利	昂
氟	化
氟	化	物
氟	石
氟	硅	酸
氟	骨	病
氟	骨	症
氧	乙	炔
氧	乙	炔	炬
氧	乙	炔	焊
氧	乙	炔	焊	炬
氧	割
氧	化
氧	化	汞
氧	化	物
氧	化	罐
氧	原	子
氧	合	器
氧	基
氨	吖	啶
氨	哮	素
氨	基
氨	基	比	林
氨	基	苯	酸
氨	基	葡	糖
氨	基	葡	萄	糖
氨	基	酸
氨	水
氨	苄	青	霉	素
氪	肝
氪	金
氮	氧	化	物
氮	泵
氮	烯
氯	乙	烯
氯	仿
氯	化	氰
氯	化	物
氯	化	苦
氯	喹
氯	安	酮
氯	林	可	霉	素
氯	甲	烷
氯	磷	定
氯	胺	酮
氯	苯
氯	酸
氯	霉	素
氰	化	物
氰	基
氰	溴	甲	苯
氰	苷
氰	酸
水	上
水	上	摩	托
水	上	芭	蕾
水	下
水	下	核	爆	炸
水	井
水	亮
水	仙
水	仙	花
水	位
水	兵
水	冰
水	冷
水	凼
水	分
水	刑
水	刑	逼	供
水	利
水	利	家
水	利	工	程
水	利	部
水	到	渠	成
水	力
水	勺
水	化
水	印
水	原
水	原	市
水	合
水	合	物
水	圈
水	土
水	土	不	服
水	土	保	持
水	坑
水	垢
水	城
水	域
水	培
水	培	法
水	基
水	塔
水	塘
水	墨
水	天	一	色
水	客
水	害
水	幕
水	平
水	平	尺
水	平	尾	翼
水	平	面
水	底
水	彩
水	性
水	怪
水	患
水	手
水	文
水	族
水	族	箱
水	星
水	晶
水	晶	球
水	暖	工
水	曜	日
水	杉
水	林
水	果
水	果	刀
水	果	酒
水	柱
水	栗
水	桶
水	梨
水	槽
水	母
水	汀
水	池
水	污	染
水	汪	汪
水	汽
水	泡
水	波
水	泥
水	泵
水	流
水	淋	淋
水	深
水	渠
水	源
水	溶
水	溶	性
水	滴
水	滴	石	穿
水	漉	漉
水	潭
水	火	不	容
水	炮
水	煎	包
水	煮	蛋
水	牛
水	牢
水	猴	子
水	玉
水	珠
水	球
水	瓶	座
水	生
水	田
水	田	芥
水	痘
水	盂
水	盆
水	相
水	碾
水	磨	石
水	神
水	禽
水	稻
水	立	方
水	筲
水	管
水	管	工
水	管	工	人
水	箱
水	系
水	缸
水	罐
水	翼	船
水	耕	法
水	肺
水	能
水	能	源
水	花
水	草
水	菖	蒲
水	落	石	出
水	蕹	菜
水	蛇
水	蛇	座
水	蛇	腰
水	蛭
水	蛭	素
水	蜜	桃
水	螅
水	表
水	袖
水	解
水	豚
水	貂
水	路
水	逆
水	道
水	里
水	量
水	雉
水	雷
水	面
水	鹿
永	不
永	世
永	久
永	久	和	平
永	久	居	民
永	久	性
永	仁
永	修
永	吉
永	和
永	和	市
永	善
永	嘉
永	嘉	郡
永	垂	不	朽
永	城
永	城	市
永	存
永	安
永	安	市
永	定
永	定	河
永	居
永	川
永	州
永	州	市
永	平
永	年
永	康
永	康	市
永	德
永	志	不	忘
永	新
永	昌
永	春
永	泰
永	清
永	珍
永	生
永	登
永	眠
永	矢
永	磁
永	福
永	逝
永	靖
氹	仔
汀	曲
汀	洲
汀	渚
汁	水
汁	液
求	之	不	得
求	乞
求	人
求	人	不	如	求	己
求	仁	得	仁
求	值
求	偶
求	助
求	取
求	同
求	告
求	和
求	好	心	切
求	婚
求	子
求	存
求	得
求	情
求	才
求	援
求	救
求	教
求	是
求	生
求	生	意	志
求	知
求	索
求	解
汐	止
汐	止	市
汕	尾
汕	尾	市
汗	如	雨	下
汗	孔
汗	斑
汗	毛
汗	毛	孔
汗	水
汗	津	津
汗	液
汗	漫
汗	珠
汗	珠	子
汗	粒
汗	背	心
汗	腺
汗	臭
汗	衫
汛	情
汛	期
汝	南
汝	城
汝	州
汝	州	市
江	北
江	南
江	南	四	大	才	子
江	南	省
江	原	道
江	口
江	城
江	夏
江	孜
江	安
江	山
江	山	市
江	岸
江	州
江	平
江	心
江	水
江	永
江	河
江	河	日	下
江	河	湖	海
江	油
江	油	市
江	津
江	流
江	浙
江	浦
江	海
江	湖
江	源
江	珧	柱
江	畔
江	米
江	米	酒
江	西
江	西	省
江	豚
江	陵
江	青
江	面
池	上
池	中	物
池	塘
池	子
池	州
池	州	市
池	沼
池	田
污	名
污	名	化
污	吏
污	垢
污	染
污	染	物
污	水
污	水	坑
污	水	管
污	泥
污	痕
污	糟
污	辱
汨	水
汩	汩
汪	星	人
汪	汪
汪	洋
汪	清
汪	道	涵
汲	取
汲	引
汲	水
汴	京
汴	州
汴	梁
汶	上
汶	川
汶	川	地	震
汶	川	大	地	震
汽	修
汽	化
汽	化	器
汽	提
汽	暖
汽	水
汽	油
汽	碾
汽	笛
汽	缸
汽	船
汽	艇
汽	配
汽	酒
汾	河
汾	西
汾	酒
沁	人	心	肺
沁	人	心	脾
沁	人	心	腑
沁	人	肺	腑
沁	入
沁	入	心	脾
沁	水
沁	源
沂	南
沂	水
沂	源
沃	土
沃	壤
沃	州
沃	水
沃	灌
沃	特	森
沃	衍
沃	野
沅	水
沅	江
沅	江	九	肋
沅	江	市
沅	陵
沆	瀣
沈	丘
沈	括
沉	井
沉	凝
沉	吟
沉	寂
沉	思
沉	沉
沉	浮
沉	浸
沉	浸	式
沉	湎
沉	湎	酒	色
沉	溺
沉	潭
沉	甸	甸
沉	痛
沉	痼
沉	睡
沉	箱
沉	船
沉	船	事	故
沉	落
沉	迷
沉	邃
沉	醉
沉	重
沉	降
沉	陷
沉	雷
沉	香
沉	默
沉	默	寡	言
沉	默	是	金
沐	川
沐	恩
沐	浴
沐	浴	乳
沐	浴	油
沐	浴	球
沐	浴	用	品
沐	浴	花
沐	浴	露
沐	猴	而	冠
沙	䳭
沙	丁	胺	醇
沙	丘
沙	井
沙	依	巴	克
沙	俄
沙	僧
沙	利	度	胺
沙	包
沙	司
沙	和	尚
沙	囊
沙	土
沙	地
沙	坑
沙	堡
沙	士
沙	姆	沙	伊	赫
沙	子
沙	家	浜
沙	展
沙	岩
沙	巴
沙	市
沙	律
沙	拉
沙	暴
沙	朗
沙	朗	牛	排
沙	林
沙	果
沙	梨
沙	棘
沙	池
沙	沙
沙	河
沙	河	市
沙	洋
沙	洲
沙	漏
沙	漠
沙	漠	之	狐
沙	漠	化
沙	爹
沙	特
沙	特	阿	拉	伯
沙	特	阿	拉	伯	人
沙	瓦
沙	田
沙	畹
沙	皇
沙	皮	狗
沙	盒
沙	眼
沙	石
沙	祖	康
沙	粒
沙	色	朱	雀
沙	茶
沙	蝗
沙	袋
沙	袋	鼠
沙	西	米
沙	那
沙	雅
沙	雕
沙	鼠
沛	公
沱	沱	河
沱	灢
沱	茶
河	伯
河	北
河	北	梆	子
河	北	省
河	南
河	南	省
河	卵	石
河	叉
河	口
河	外	星	系
河	套
河	姆	渡
河	岸
河	川
河	工
河	床
河	心
河	曲
河	村
河	槽
河	水
河	水	不	犯	井	水
河	汊
河	池
河	池	市
河	洛	人
河	津
河	津	市
河	流
河	涌
河	清	海	晏
河	渠
河	港
河	源
河	源	市
河	狸
河	畔
河	盲	症
河	神
河	童
河	粉
河	蚌
河	蟹
河	西
河	西	堡
河	西	走	廊
河	谷
河	豚
河	豚	毒	素
河	道
河	面
河	鼓	二
沸	水
沸	石
油	乎	乎
油	井
油	亮
油	光
油	光	光
油	光	水	滑
油	光	漆
油	印
油	嘴
油	嘴	滑	舌
油	垢
油	墨
油	子
油	尖	旺
油	尺
油	布
油	料
油	料	作	物
油	旋
油	松
油	桃
油	桐
油	棕
油	水
油	汗
油	污
油	汪	汪
油	油
油	泡
油	泵
油	滑
油	漆
油	灰	刀
油	炸
油	炸	鬼
油	然	而	生
油	猾
油	田
油	症
油	砂
油	管
油	箱
油	耗
油	脂
油	膏
油	船
油	花
油	菜
油	菜	籽
油	豆	腐
油	酸
油	鞋
油	黑
治	下
治	保
治	多
治	好
治	安
治	愚
治	未	病
治	本
治	死
治	理
治	病
治	病	救	人
治	罪
沼	狸
沽	源
沾	光
沾	唇
沾	染
沾	染	世	俗
沾	染	控	制
沾	沾	自	喜
沾	濡
沾	花	惹	草
沾	黏
沿	例
沿	岸
沿	江
沿	河
沿	洄
沿	海
沿	海	州
沿	用
沿	路
沿	途
沿	革
泃	河
泄	出
泄	殖	肛	孔
泄	殖	腔
泄	露
泅	水
泅	渡
泅	游
泇	河
泉	山
泉	州
泉	州	市
泉	水
泉	港
泉	源
泉	眼
泉	石	膏	肓
泉	路
泊	位
泊	松
泌	乳
泌	尿
泌	尿	器
泌	尿	外	科
泔	水
法	事
法	人
法	令
法	克
法	典
法	制
法	力
法	勒	斯
法	名
法	向	力
法	向	量
法	商
法	塔	赫
法	外
法	外	之	地
法	子
法	官
法	定
法	定	代	表	人
法	家
法	度
法	庭
法	式
法	式	酸	奶	油
法	律
法	律	制	裁
法	拉
法	拉	利
法	拉	盛
法	拉	第
法	拍
法	政
法	文
法	新	社
法	服
法	杖
法	案
法	棍
法	槌
法	治
法	海
法	源
法	源	寺
法	特	瓦
法	王
法	理
法	益
法	盲
法	相	宗
法	眼
法	筵
法	老
法	耶	德
法	航
法	衣
法	西	斯
法	警
法	赫	德
法	郎
法	院
法	隆	寺
泗	水
泗	洪
泛	函
泛	函	分	析
泛	大	洋
泛	定	方	程
泛	得	林
泛	指
泛	民	主	派
泛	泛	之	交
泛	珠	三	角
泛	珠	江	三	角
泛	白
泛	美
泛	舟
泛	起
泛	酸
泛	音
泡	吧
泡	妞
泡	子
泡	影
泡	打	粉
泡	桐
泡	棉
泡	椒
泡	水
泡	沫
泡	沫	塑	料
泡	泡
泡	泡	口	香	糖
泡	泡	浴
泡	泡	浴	露
泡	泡	糖
泡	漩
泡	澡
泡	罩	塔
泡	芙
泡	芙	人
泡	茶
泡	菜
泡	蘑	菇
波	光
波	卡
波	及
波	哥	大
波	塞	冬
波	多	黎	各
波	季
波	峰
波	幅
波	弗	特	海
波	形
波	德
波	德	戈	里	察
波	德	申
波	德	里	查
波	恩
波	折
波	拿	巴
波	推
波	提	乏
波	斯
波	斯	教
波	方	程
波	旁
波	昂
波	札	那
波	束
波	森	莓
波	段
波	比
波	比	跳
波	江	座
波	河
波	洛	涅	斯
波	浪
波	特
波	特	率
波	特	菇
波	特	酒
波	粒	二	象	性
波	美	度
波	茨	坦
波	茨	坦	公	告
波	谷
波	赫
波	速
波	阿	斯
波	阿	次
波	隆	那
波	霎
波	霸
波	霸	奶	茶
波	面
波	音
波	黑
泥	人
泥	刀
泥	古
泥	古	不	化
泥	土
泥	坑
泥	垢
泥	塑
泥	子
泥	孩
泥	守
泥	封
泥	岩
泥	工
泥	巴
泥	水
泥	水	匠
泥	沙
泥	沙	俱	下
泥	沼
泥	淖
泥	潭
泥	灰
泥	炭
泥	煤
泥	牛	入	海
泥	犁
泥	瓦	匠
泥	石	流
泥	胎
泥	腿
泥	腿	子
泥	醉
泥	金
注	入
注	塑
注	射
注	射	器
注	念
注	意
注	意	力
注	意	力	缺	失	症
注	明
注	水
注	目
注	重
注	音
注	音	一	式
注	音	字	母
泰	加	林
泰	勒
泰	北
泰	半
泰	和
泰	坦
泰	姬	陵
泰	安
泰	安	市
泰	山
泰	山	北	斗
泰	州
泰	州	市
泰	式
泰	拳
泰	文
泰	斗
泰	晤	士
泰	晤	士	河
泰	武
泰	水
泰	然
泰	然	自	若
泰	特	斯	·	安	德	洛	尼	克	斯
泰	瑟
泰	西
泰	西	大	儒
泰	迪	熊
泰	阿
泰	雅	族
泱	泱
泳	姿
泳	帽
泳	池
泳	衣
泵	柄
泵	浦
泵	站
洄	游
洋	中	脊
洋	人
洋	化
洋	味
洋	垃	圾
洋	基
洋	妞
洋	娃	娃
洋	山	深	水	港
洋	山	港
洋	布
洋	底
洋	式
洋	房
洋	教
洋	文
洋	服
洋	槐
洋	油
洋	洋
洋	洋	得	意
洋	洋	自	得
洋	流
洋	浦
洋	溢
洋	漂	族
洋	火
洋	灰
洋	燕
洋	片
洋	琵	琶
洋	甘	菊
洋	白	菜
洋	相
洋	粉
洋	罪
洋	脊
洋	芋
洋	芋	片
洋	芫	荽
洋	菇
洋	菜
洋	蒲	桃
洋	薏	仁
洋	薏	米
洋	行
洋	面
洋	香	瓜
洋	香	菜
洋	鬼
洋	鬼	子
洗	冤
洗	刷
洗	剪	吹
洗	劫
洗	劫	一	空
洗	地
洗	心	革	面
洗	手
洗	手	乳
洗	手	台
洗	手	池
洗	手	液
洗	手	盆
洗	染	店
洗	洗	睡
洗	浴
洗	浴	中	心
洗	消
洗	漱
洗	澡
洗	濯
洗	牌
洗	牙
洗	甲	水
洗	白
洗	盆
洗	石	子
洗	碗
洗	碗	池
洗	碗	精
洗	稿
洗	者	若	翰
洗	胃
洗	衣
洗	衣	店
洗	衣	房
洗	衣	板
洗	衣	液
洗	衣	粉
洗	雪
洗	面
洗	面	乳
洗	面	奶
洛	佩	斯
洛	克	人
洛	克	菲	勒
洛	克	西	德
洛	南
洛	可	可
洛	基
洛	基	山
洛	子	峰
洛	川
洛	德
洛	林
洛	桑
洛	江
洛	河
洛	浦
洛	皮	塔
洛	皮	塔	瀑	布
洛	神	花
洛	美
洞	口
洞	天
洞	子
洞	孔
洞	察
洞	察	一	切
洞	察	力
洞	府
洞	庭	湖
洞	悉
洞	房
洞	泄
洞	洞	鞋
洞	穴
洞	穿
洞	窟
洞	螈
洣	水
津	南
津	塔
津	市
津	市	市
津	梁
津	沽
津	津
津	津	有	味
津	浪
津	液
津	要
洧	水
洨	河
洪	亮
洪	亮	吉
洪	佛
洪	博	培
洪	堡
洪	家
洪	山
洪	峰
洪	森
洪	武
洪	水
洪	水	期
洪	水	滔	滔
洪	汛	期
洪	江
洪	江	市
洪	洞
洪	流
洪	湖
洪	湖	市
洪	熙
洪	福
洪	秀	全
洪	秀	柱
洪	都	拉	斯
洪	雅
洪	雅	族
洭	河
洮	北
洮	南
洮	南	市
洱	海
洱	源
洲	府
活	下
活	下	去
活	不	下	去
活	人
活	似
活	佛
活	便
活	像
活	分
活	力
活	力	四	射
活	化
活	化	分	析
活	化	石
活	受	罪
活	口
活	命
活	埋
活	塞
活	套
活	好
活	字
活	字	典
活	字	印	刷
活	存
活	度
活	性
活	性	炭
活	捉
活	摘
活	期
活	期	存	款
活	板
活	泛
活	活
活	火
活	火	山
活	版
活	版	印	刷
活	物
活	瓣
活	生	生
活	用
活	神	仙
活	禽
活	罪
活	色	生	香
活	茬
活	血
活	血	止	痛
活	路
活	靶	子
洽	商
派	任
派	克
派	克	大	衣
派	兵
派	出
派	出	所
派	司
派	定
派	性
派	斯	托
派	生
派	系
派	送
派	遣
流	亡
流	亡	政	府
流	俗
流	光	溢	彩
流	入
流	冗
流	出
流	刑
流	利
流	口	水
流	向
流	域
流	失
流	宕	忘	反
流	寇
流	居
流	布
流	年
流	年	不	利
流	弊
流	形
流	感
流	感	季
流	感	疫	苗
流	感	病	毒
流	拍
流	播
流	放
流	明
流	星
流	星	雨
流	毒
流	民
流	氓
流	氓	罪
流	水
流	水	不	腐
流	水	席
流	汗
流	沙
流	沙	包
流	泆
流	派
流	浪
流	浪	狗
流	浪	者
流	涎
流	淌
流	理	台
流	目
流	眄
流	程
流	程	表
流	芳
流	芳	百	世
流	落
流	血
流	行
流	行	性
流	行	性	感	冒
流	行	株
流	行	病
流	言
流	通
流	逝
流	速
流	量
流	量	明	星
流	露
流	食
流	鼻	涕
流	鼻	血
浙	江
浙	江	省
浙	菜
浚	泥	船
浚	渫
浠	水
浣	女
浣	洗
浣	濯
浣	熊
浣	衣
浣	雪
浦	北
浦	口
浦	城
浦	江
浦	西
浦	那
浩	劫
浩	博
浩	大
浩	室
浩	浩
浩	淼
浩	渺
浩	瀚
浩	然
浩	特
浩	繁
浩	茫
浪	人
浪	女
浪	子
浪	漫
浪	潮
浪	船
浪	花
浪	莽
浪	谷
浮	上
浮	世
浮	光	掠	影
浮	冰
浮	出
浮	出	水	面
浮	利
浮	力
浮	力	定	律
浮	土
浮	士	德	博	士
浮	家	泛	宅
浮	屠
浮	山
浮	岩
浮	想
浮	梁
浮	沉
浮	沫
浮	泛
浮	游
浮	游	生	物
浮	滑
浮	漂
浮	石
浮	窗
浮	萍
浮	薄
浮	起
浮	躁
浮	雕
浮	面
浴	室
浴	巾
浴	帽
浴	池
浴	液
浴	火	重	生
浴	球
浴	盆
浴	缸
浴	花
浴	血
浴	衣
浴	袍
浴	霸
海	上
海	事
海	事	局
海	事	法	院
海	于	格	松
海	伯	利
海	信
海	兔
海	刺	芹
海	北
海	北	州
海	北	藏	族	自	治	州
海	南
海	南	孔	雀	雉
海	南	州
海	南	省
海	南	藏	族	自	治	州
海	南	鳽
海	印	寺
海	原
海	口
海	口	市
海	味
海	地
海	城
海	城	市
海	域
海	堤
海	外
海	外	版
海	外	赤	子
海	子
海	尼	根
海	岬
海	岱
海	岸
海	州
海	巡
海	市
海	平	面
海	床
海	底
海	底	椰
海	康
海	待
海	德
海	德	保
海	德	堡
海	扁
海	拔
海	斯
海	日
海	明	威
海	星
海	晏
海	景
海	曙
海	林
海	林	市
海	棠
海	棠	形
海	棠	花
海	森	伯
海	森	堡
海	椒
海	椰	子
海	榴
海	水
海	水	不	可	斗	量
海	水	倒	灌
海	河
海	法
海	波
海	洋
海	洋	性
海	洋	雪
海	洛	因
海	洛	英
海	浪
海	涅
海	涵
海	淀
海	淘
海	港
海	潮
海	牙
海	牛
海	狗
海	狸
海	狸	鼠
海	王
海	王	星
海	珠
海	瑞
海	瓜	子
海	疆
海	登
海	百	合
海	皇	羹
海	相
海	砂
海	砂	屋
海	碗
海	神
海	禁
海	端
海	米
海	航
海	船
海	芋
海	苔
海	草
海	葵
海	藻
海	虹
海	蛞	蝓
海	蜇
海	螵	蛸
海	螺
海	西
海	西	州
海	西	蒙	古	族	藏	族	自	治	州
海	角
海	角	天	涯
海	誓	山	盟
海	警
海	警	局
海	豚
海	豚	座
海	豚	音
海	象
海	豹
海	豹	科
海	迪
海	里
海	量
海	防
海	陵
海	隅
海	青	天
海	面
海	鞘
海	魂	衫
浸	入
浸	染
浸	水
浸	沉
浸	泡
浸	洗
浸	淫
浸	透
浽	溦
涂	山
涅	槃
涅	瓦
涅	瓦	河
涅	白
涅	石
消	亡
消	保	官
消	停
消	元
消	光
消	化
消	化	不	良
消	化	液
消	化	管
消	化	腺
消	化	道
消	化	酒
消	化	酶
消	去
消	受
消	夏
消	夜
消	失
消	弭
消	息
消	散
消	暑
消	毒
消	毒	洗	手	液
消	沉
消	泯
消	消	停	停
消	渴
消	火	栓
消	炎
消	炎	片
消	瘦
消	石	灰
消	磨
消	耗
消	耗	品
消	耗	量
消	融
消	解
消	退
消	逝
消	遣
消	金
消	防
消	防	局
消	防	栓
消	防	署
消	防	通	道
消	除
消	音
消	音	器
消	食
消	魂
涉	世
涉	世	未	深
涉	事
涉	及
涉	外
涉	嫌
涉	嫌	人
涉	想
涉	案
涉	水	靴
涉	渡
涉	足
涉	黑
涉	黑	案
涎	水
涎	沫
涓	吉
涓	埃
涓	埃	之	力
涓	涓
涓	滴
涕	唾
涕	泗	滂	沱
涕	泣
涕	零
涪	城
涪	陵
涮	羊	肉
液	冷
液	力
液	化
液	晶
液	晶	屏
液	氨
液	氮
液	泡
液	流
液	胞
液	面
涵	意
涵	括
涵	江
涵	洞
涵	淡
涵	管
涿	州
涿	州	市
涿	鹿
淄	博
淄	博	市
淄	川
淄	蠹
淅	川
淇	淋
淋	巴
淋	巴	液
淋	巴	瘤
淋	巴	癌
淋	巴	管
淋	巴	腺
淋	浴
淋	溶	土
淋	漓
淋	球	菌
淋	病
淋	雨
淌	下
淌	口	水
淑	世
淑	人	君	子
淑	女
淘	客
淘	析
淘	汰
淘	河
淘	洗
淘	神
淘	米
淘	金
淘	金	潮
淘	金	者
淡	光
淡	入
淡	出
淡	化
淡	啤
淡	季
淡	定
淡	巴	菰
淡	忘
淡	水
淡	水	湖
淡	泊
淡	泊	名	利
淡	泊	寡	味
淡	泊	明	志
淡	淡
淡	漠
淡	然
淡	色	崖	沙	燕
淡	薄
淡	雅
淤	塞
淤	泥
淤	灌
淤	血	斑
淤	青
淫	威
淫	娃
淫	媒
淫	媒	罪
淫	念
淫	棍
淫	水
淫	猥
淫	穴
淫	羊	藿
淫	行
淫	趴
淫	辱
淫	逸
淫	雨
淫	靡
淫	鬼
淫	魔
淬	火
淮	上
淮	北
淮	北	市
淮	南
淮	南	子
淮	南	市
淮	安
淮	安	市
淮	山
淮	河
淮	海
淯	水
深	井
深	信
深	信	不	疑
深	入
深	入	人	心
深	切
深	刻
深	化
深	厚
深	受
深	吻
深	喉
深	圳
深	圳	交	易	所
深	圳	市
深	圳	河
深	坑
深	夜
深	密
深	山
深	州
深	州	市
深	度
深	度	尺
深	得	民	心
深	思
深	情
深	情	厚	意
深	情	款	款
深	感
深	成	岩
深	挖
深	更	半	夜
深	棕
深	棕	色
深	水	埗
深	沉
深	海
深	深
深	港
深	源	地	震
深	潭
深	灰	色
深	知
深	秋
深	究
深	空
深	耕
深	色
深	藏
深	谷
深	蹲
深	造
深	邃
深	重
深	陷
淳	于
淳	化
淳	厚
淳	安
混	一
混	世	魔	王
混	事
混	交
混	交	林
混	作
混	元
混	充
混	入
混	凝	土
混	出	名	堂
混	合
混	合	感	染
混	合	所	有	制	改	革
混	合	模	型
混	合	泳
混	合	物
混	合	肥	料
混	同
混	名
混	和
混	子
混	搭
混	改
混	日	子
混	沌
混	淆
混	淆	是	非
混	淆	黑	白
混	熟
混	球
混	茫
混	蛋
混	血
混	行
混	音
淹	博
淹	死
淹	水
淹	灌
淹	留
添	丁
添	加
添	加	物
添	堵
添	油	加	醋
添	置
清	一	色
清	亮
清	人
清	代
清	代	通	史
清	兵
清	剿
清	原
清	史	稿
清	唱
清	嗓
清	嗓	子
清	城
清	太	宗
清	太	祖
清	婉
清	官
清	寒
清	屏
清	州
清	州	市
清	幽
清	廉
清	廷
清	徐
清	恬
清	拆
清	政	府
清	教	徒
清	新
清	新	自	然
清	早
清	明
清	晨
清	晰
清	晰	度
清	朗
清	朝
清	末
清	末	民	初
清	查
清	楚
清	正
清	正	廉	明
清	水
清	水	寺
清	水	河
清	江
清	河
清	油
清	泉
清	洗
清	津	市
清	流
清	淡
清	淤
清	澄
清	澈
清	澈	透	底
清	火
清	炒
清	爽
清	玩
清	理
清	甜
清	瘦
清	癯
清	白
清	皇	朝
清	真
清	真	寺
清	福
清	秀
清	空
清	算
清	算	行
清	脆
清	苦
清	茶
清	蒸
清	越
清	逸
清	道
清	道	夫
清	酌
清	酒
清	醒
清	除
清	雅
清	零
清	音
清	香
清	高
渝	中
渝	北
渝	水
渠	道
渠	魁
渡	假
渡	口
渡	河
渡	船
渣	子
渣	滓
渣	男
渤	海
渤	澥	桑	田
渥	堆
渭	南
渭	南	市
渭	城
渭	水
渭	河
渭	源
港	交	所
港	人
港	元
港	北
港	南
港	口
港	口	城	市
港	埠
港	府
港	式
港	普
港	深
港	澳
港	珠	澳
港	督
港	股
港	英	政	府
港	警
渲	染
渴	不	可	耐
渴	慕
渴	望
渴	求
游	仙
游	弋
游	水
游	泳
游	泳	圈
游	泳	池
游	泳	衣
游	移
游	移	不	定
游	蛇
游	走
游	隼
渺	乎	其	微
渺	子
渺	小
渺	渺	茫	茫
渺	茫
湄	公	河
湄	公	河	三	角	洲
湄	南	河
湄	潭
湉	湉
湍	急
湍	流
湔	洗
湔	雪
湖	人
湖	光	山	色
湖	北
湖	北	省
湖	北	花	楸
湖	南
湖	南	省
湖	口
湖	州
湖	州	市
湖	心
湖	沼
湖	泊
湖	畔
湖	西
湖	里
湘	勇
湘	妃	竹
湘	江
湘	潭
湘	潭	市
湘	菜
湘	西
湘	西	土	家	族	苗	族	自	治	州
湘	西	州
湘	黔
湛	江
湛	江	市
湛	河
湟	水
湟	源
溏	便
溏	心
源	器	官
源	城
源	泉
源	流
源	程	序
源	自
源	起
溘	先	朝	露
溘	然
溜	之	大	吉
溜	冰
溜	冰	鞋
溜	旱	冰
溜	槽
溜	溜	球
溜	索
溜	肩
溜	肩	膀
溜	舐
溜	走
溟	池
溟	海
溟	溟
溟	漭
溟	蒙
溢	出
溢	流	孔
溪	口
溪	壑
溪	州
溪	流
溪	湖
溪	蟹
溪	谷
溯	源
溯	溪
溴	化	氰
溶	化
溶	栓
溶	洞
溶	液
溶	源	性
溶	血
溶	血	病
溶	解
溶	解	度
溶	解	性
溺	亡
溺	死
溺	水
滁	州
滁	州	市
滂	沱
滂	沱	大	雨
滂	臭
滇	池
滇	藏
滇	藏	川
滋	事
滋	味
滋	生
滋	芽
滋	蔓
滑	倒
滑	冰
滑	出
滑	坡
滑	天	下	之	大	稽
滑	旱	冰
滑	板
滑	板	鞋
滑	梯
滑	水
滑	水	道
滑	沙
滑	溜
滑	溜	溜
滑	石
滑	石	粉
滑	移
滑	稽
滑	竿
滑	索
滑	翔
滑	翔	翼
滑	胎
滑	膛
滑	膜
滑	落
滑	蛋
滑	行
滑	行	道
滑	跪
滑	雪
滑	雪	板
滑	雪	索	道
滑	音
滑	鼠
滑	鼠	手
滑	鼠	蛇
滔	天
滔	天	大	罪
滔	滔
滕	州
滕	州	市
滴	下
滴	定
滴	定	管
滴	度
滴	水
滴	水	不	漏
滴	水	不	羼
滴	水	石	穿
滴	水	穿	石
滴	注
滴	流
滴	溜	溜
滴	滴
滴	滴	出	行
滴	滴	涕
滴	漏
滴	灌
滴	瓶
滴	眼	液
滴	石
滴	答
滴	管
滴	翠
滴	道
滴	酒	不	沾
滴	里	耷	拉
漂	亮
漂	染
漂	泊
漂	洋
漂	洗
漂	流
漂	流	瓶
漂	流	者
漂	浮
漂	白
漂	白	水
漂	移
漂	走
漂	雷
漆	器
漆	布
漆	皮	鞋
漆	雕
漆	黑
漏	勺
漏	嘴
漏	失
漏	掉
漏	斗
漏	水
漏	油
漏	洞
漏	洞	百	出
演	出
演	出	者
演	化
演	化	支
演	唱
演	奏
演	奏	者
演	技
演	播
演	播	室
演	替
演	歌
演	武
演	活
演	示
演	示	文	稿
演	算
演	算	法
漕	河
漠	䳭
漠	北
漠	南
漠	然
漠	然	置	之
漫	天
漫	天	遍	地
漫	天	遍	野
漫	展
漫	山	遍	野
漫	改
漫	步
漫	步	者
漫	溢
漫	漫
漫	漶
漯	河
漯	河	市
漱	口
漱	口	水
漱	洗
漱	流
漳	州
漳	州	市
漳	平
漳	平	市
漳	浦
漾	濞
潘	基	文
潘	多	拉
潘	多	拉	魔	盒
潘	太	克	斯
潘	婷
潘	安
潘	岳
潘	斯
潘	朵	拉
潘	趣	酒
潘	通
潘	集
潟	湖
潢	川
潦	倒
潦	草
潭	子
潭	底
潭	府
潭	影
潭	柘	寺
潭	水
潭	祉
潭	腿
潮	人
潮	位
潮	南
潮	吹
潮	安
潮	州
潮	州	市
潮	水
潮	汐
潮	汐	能
潮	汕
潮	汛
潮	流
潮	男
潮	解
潮	解	性
潺	潺
潼	南
澄	城
澄	海
澄	清
澄	澈
澄	粉
澎	湃
澎	湖
澡	垢	索	疵
澡	堂
澡	塘
澡	巾
澡	盆
澡	罐
澡	身	浴	德
澧	水
澳	元
澳	式
澳	新	界
澳	洲
澳	洲	野	犬
激	光
激	光	唱	片
激	光	器
激	凸
激	化
激	增
激	子
激	怒
激	情
激	打
激	昂
激	波
激	活
激	流
激	流	回	旋
激	浪
激	烈
激	素
激	起
激	越
激	酶
濉	溪
濊	貊
濠	江
濡	忍
濡	染
濡	毫
濯	濯
濯	盥
濯	足
瀍	水
瀍	河
瀑	布
瀛	洲
灌	南
灌	木
灌	木	林
灌	水
灌	注
灌	渠
灌	溉
灌	溉	渠
灌	濯
灌	站
灌	酒
灌	醉
火	上	加	油
火	中	取	栗
火	候
火	光
火	冒	三	丈
火	冠	雀
火	刑
火	力
火	化
火	印
火	器
火	坑
火	堆
火	塘
火	大
火	山
火	山	口
火	山	岩
火	山	毛
火	山	灰
火	山	灰	土
火	山	碎	屑	流
火	山	豆
火	影	忍	者
火	德	星	君
火	急
火	成
火	成	岩
火	成	碎	屑
火	把
火	拼
火	控
火	星
火	星	人
火	星	哥
火	星	撞	地	球
火	星	文
火	曜	日
火	柱
火	柴
火	柴	人
火	油
火	流	星
火	浣	布
火	海
火	海	刀	山
火	湖
火	炎	焱	燚
火	炬
火	炬	手
火	炭
火	炮
火	焰
火	焰	山
火	燎
火	爆
火	犁
火	狐
火	球
火	盆
火	眼
火	眼	金	睛
火	石
火	神
火	筷	子
火	箭
火	箭	炮
火	箭	筒
火	腿
火	舌
火	色
火	花
火	花	塞
火	苗
火	葬
火	蜥	蜴
火	警
火	辣
火	辣	辣
火	速
火	麻
灰	不	喇	唧
灰	不	溜	秋
灰	卷	尾
灰	土
灰	姑	娘
灰	孔	雀	雉
灰	岩
灰	度
灰	心
灰	暗
灰	林	䳭
灰	水
灰	泥
灰	溜	溜
灰	熊
灰	燕	鵙
灰	獴
灰	白
灰	白	色
灰	背	燕	尾
灰	背	隼
灰	腹	角	雉
灰	色
灰	菜
灰	蒙	蒙
灰	雁
灰	霾
灶	具
灶	台
灶	君
灶	火
灶	王
灶	眼
灶	神
灶	神	星
灸	法
灼	急
灼	痛
炊	事
炊	具
炊	器
炊	帚
炊	爨
炎	夏
炎	帝
炎	帝	陵
炎	性
炎	炎
炎	症
炎	陵
炒	作
炒	信
炒	勺
炒	地	皮
炒	家
炒	房
炒	更
炒	米
炒	股
炒	股	票
炒	菜
炒	蛋
炕	床
炙	酷
炫	富
炫	弄
炫	技
炫	目
炫	耀
炫	酷
炭	墼
炭	焙
炭	疽
炭	疽	病
炭	疽	菌	苗
炮	仗
炮	兵
炮	友
炮	塔
炮	火
炮	灰
炮	烙
炮	竹
炮	耳
炯	炯
炯	炯	有	神
炳	文
炳	然
炳	耀
炳	著
炳	蔚
炸	丸	子
炸	土	豆	片
炸	垮
炸	掉
炸	死
炸	物
炸	碎
炸	糕
炸	膛
炸	薯	片
炸	薯	球
炸	街
炸	裂
炸	雷
炻	器
烈	士
烈	士	陵
烈	女
烈	山
烈	度
烈	怒
烈	性
烈	日
烈	火
烈	焰
烈	酒
烘	手	器
烘	托
烘	染
烘	烤
烘	焙
烘	焙	店
烘	箱
烘	豆
烙	印
烜	赫
烝	民
烝	黎
烤	布	蕾
烤	房
烤	架
烤	火
烤	炙
烤	焦
烤	箱
烤	肉
烷	基
烷	基	苯
烷	氧	基
烹	煮
烹	茶
烽	火
烽	火	四	起
烽	燧
焉	知
焉	耆
焉	耆	盆	地
焊	工
焊	接
焊	料
焌	油
焌	黑
焗	油
焗	烤
焙	烤
焙	煎
焙	粉
焚	化
焚	香
焚	香	敬	神
焢	肉
焦	作
焦	作	市
焦	化
焦	土
焦	外
焦	急
焦	油
焦	灼
焦	炙
焦	炭
焦	糖
焦	耳
焦	距
焦	躁
焦	香
焯	水
焰	火
然	而
煅	石	膏
煊	赫
煌	熠
煎	炒
煎	炸
煎	炸	油
煎	炸	食	品
煎	熬
煎	牛	扒
煎	蛋
煎	蛋	卷
煜	煜
煜	熠
煞	住
煞	到
煞	尾
煞	性	子
煞	是
煞	有	介	事
煞	有	其	事
煞	白
煞	神
煤	屑
煤	山	雀
煤	油
煤	渣
煤	灰
煤	炭
煤	焦	油
煤	球
煤	田
煤	矸	石
煤	箱
煦	暖
煦	煦
照	亮
照	付
照	例
照	做
照	壁
照	射
照	常
照	度
照	得
照	抄
照	排
照	搬
照	料
照	明
照	映
照	本	宣	科
照	片
照	片	子
照	片	底	版
照	理
照	登
照	直
照	相
照	相	排	版
照	看
照	眼
照	章
照	管
照	耀
照	面
煮	沸
煮	法
煮	熟
煮	硬
煮	蛋
煮	豆	燃	萁
煸	炒
煽	情
熄	火
熊	倪
熊	包
熊	孩	子
熊	市
熊	成	基
熊	抱
熊	掌
熊	本
熊	熊
熊	狸
熊	猴
熊	皮	帽
熊	瞎	子
熊	耳	山
熊	腰	虎	背
熊	蜂
熏	天
熏	染
熏	烤
熏	陶	成	性
熏	香
熔	化
熔	岩
熔	岩	流
熔	岩	湖
熔	岩	穹	丘
熔	核
熔	渣
熔	融
熔	解
熙	提
熙	攘
熙	熙	攘	攘
熟	人
熟	人	熟	事
熟	化
熟	啤	酒
熟	地
熟	女
熟	字
熟	客
熟	思
熟	悉
熟	成
熟	手
熟	料
熟	炒
熟	男
熟	睡
熟	知
熟	石	灰
熟	石	膏
熟	稔
熟	能	生	巧
熟	荒
熟	菜
熟	路
熟	透
熟	道
熟	食
熟	食	店
熠	煜
熠	熠
熠	耀
熨	斗
熨	法
熬	夜
熬	更	守	夜
熬	煎
熬	稃
熬	膏
燃	放
燃	放	鞭	炮
燃	料
燃	料	油
燃	油
燃	煤
燃	爆
燃	眉
燃	眉	之	急
燃	耗
燃	起
燃	香
燎	原
燎	泡
燕	京
燕	京	啤	酒
燕	太	子	丹
燕	子
燕	尾	服
燕	尾	蝶
燕	山
燕	梳
燕	科
燕	菜	精
燕	隼
燕	雀
燥	子
燧	人
燧	人	氏
燧	石
燮	友
燮	和
燮	理
爆	乳
爆	仗
爆	光
爆	冷
爆	出
爆	吧
爆	料
爆	棚
爆	款
爆	火
爆	炒
爆	炸
爆	炸	力
爆	炸	性
爆	炸	物
爆	照
爆	燃
爆	玉	米	花
爆	痘
爆	破
爆	破	手
爆	竹
爆	笑
爆	管
爆	米	花
爆	粗
爆	肚
爆	胎
爆	花
爆	菊	花
爆	表
爆	裂
爆	裂	物
爆	雷
爆	震
爆	音
爌	肉
爪	印
爪	哇
爪	哇	八	哥
爪	哇	禾	雀
爪	子
爪	牙
爪	蟾
爬	上
爬	升
爬	山
爬	山	涉	水
爬	山	虎
爬	格	子
爬	梳
爬	泳
爬	灰
爬	犁
爬	竿
爬	行
爵	位
爵	士
爵	士	舞
爵	士	鼓
父	上
父	兄
父	女
父	子
父	慈	子	孝
父	母
父	母	之	命	，	媒	妁	之	言
父	系
父	老
爸	比
爸	爸
爹	地
爹	娘
爹	爹
爽	亮
爽	健
爽	利
爽	口
爽	心	美	食
爽	快
爽	意
爽	捷
爽	朗
爽	歪	了
爽	歪	歪
爽	然
爽	然	若	失
爽	爽	快	快
爽	目
爽	直
爽	脆
爽	身	粉
片	中
片	假	名
片	刻
片	名
片	商
片	子
片	尾
片	岩
片	段
片	花
片	警
片	酬
片	面
片	麻	岩
版	主
版	刻
版	式
版	本
版	次
版	面
牌	九
牌	位
牌	匾
牌	坊
牌	型
牌	子
牌	局
牌	桌
牌	照
牙	人
牙	克	石
牙	克	石	市
牙	冠
牙	刷
牙	印
牙	周	炎
牙	周	病
牙	垢
牙	城
牙	套
牙	子
牙	床
牙	慧
牙	托
牙	斑
牙	旗
牙	根
牙	病
牙	痛
牙	白
牙	石
牙	祭
牙	科
牙	箍
牙	粉
牙	膏
牙	菌	斑
牙	行
牙	雕
牙	音
牙	髓
牛	乳
牛	人
牛	仔
牛	仔	布
牛	叉
牛	奶
牛	奶	糖
牛	子
牛	屄
牛	山	濯	濯
牛	市
牛	年
牛	心
牛	性
牛	性	子
牛	扒
牛	排
牛	柳
牛	棚
牛	樟
牛	毛
牛	油
牛	油	戟
牛	油	果
牛	津
牛	津	郡
牛	痘
牛	痘	病
牛	皮
牛	皮	色
牛	皮	菜
牛	磺	酸
牛	筋	草
牛	米
牛	羊
牛	肉
牛	肉	丸
牛	肚
牛	肝	菌
牛	脊	肉
牛	脖	子
牛	脷	酥
牛	腩
牛	膝
牛	膝	草
牛	至
牛	舌
牛	蒡
牛	虻
牛	蛙
牛	角
牛	角	包
牛	角	椒
牛	郎
牛	鞅
牛	鞭
牛	鬼	蛇	神
牛	魔	王
牛	鼻	子
牝	牡
牟	利
牟	取
牟	取	暴	利
牟	定
牟	平
牡	丹
牡	丹	亭
牡	丹	卡
牡	丹	坊
牡	丹	江
牡	丹	江	市
牡	丹	皮
牡	牛
牡	羊	座
牡	鹿
牢	友
牢	固
牢	子
牢	房
牢	牢
牢	靠
牤	牛
牧	人
牧	圉
牧	地
牧	夫	座
牧	歌
牧	民
牧	犬
牧	畜
牧	神
牧	童
牧	羊
牧	羊	人
牧	羊	犬
牧	羊	者
牧	群
牧	草
牧	野
物	主
物	事
物	件
物	候
物	力
物	化
物	各	有	主
物	品
物	料
物	是	人	非
物	欲
物	流
物	流	管	理
物	理
物	理	量
物	管
物	色
物	超	所	值
牲	口
牲	畜
牸	牛
特	任
特	使
特	例
特	克	斯
特	克	斯	河
特	免
特	准
特	出
特	刊
特	利
特	勤
特	化
特	地
特	大
特	定
特	工
特	快
特	急
特	性
特	惠
特	惠	金
特	意
特	批
特	技
特	指
特	提	斯	海
特	效
特	敏	福
特	斯	拉
特	有
特	朗	普
特	此
特	殊
特	殊	教	育
特	洛	伊
特	派
特	瓦	族
特	等
特	色
特	解
特	警
特	赦
特	赦	令
特	起
特	邀
特	里	普	拉
特	雷	沃
特	雷	莎
特	需
特	首
犀	利
犀	牛
犁	地
犁	靬
犁	骨
犄	角
犄	角	旮	旯
犍	牛
犎	牛
犏	牛
犪	牛
犬	儒
犬	夜	叉
犬	子
犬	展
犬	戎
犬	科
犬	舍
犯	上
犯	不	上
犯	事
犯	人
犯	傻
犯	嘀	咕
犯	得	上
犯	忌
犯	怵
犯	愁
犯	意
犯	戒
犯	案
犯	法
犯	病
犯	禁
犯	罪
犯	罪	分	子
犯	罪	者
犯	蠢
犰	狳
狂	人
狂	傲
狂	吠
狂	喜
狂	奔
狂	妄
狂	妄	自	大
狂	怒
狂	恣
狂	悖
狂	想
狂	想	曲
狂	放
狂	暴
狂	暴	者
狂	潮
狂	牛	病
狂	犬	病
狂	甩
狂	笑
狂	言
狂	跌
狂	躁
狂	野
狄	俄	倪	索	斯
狄	公	案
狄	拉	克
狄	更	斯
狍	子
狎	妓
狎	昵
狐	假	虎	威
狐	女
狐	朋	狗	友
狐	步	舞
狐	狸
狐	狸	尾	巴
狐	狸	座
狐	狸	精
狐	猴
狐	獴
狐	疑
狐	臭
狐	蝠
狒	狒
狗	仔
狗	仔	式
狗	刨
狗	吃	屎
狗	吠
狗	咬	狗
狗	屁
狗	屁	不	通
狗	屋
狗	屎
狗	展
狗	崽	子
狗	年
狗	扯	羊	皮
狗	拳
狗	拿	耗	子
狗	改	不	了	吃	屎
狗	日
狗	洞
狗	熊
狗	爬	式
狗	牌
狗	狗
狗	狗	秀
狗	獾
狗	男	女
狗	眼	看	人	低
狗	肉
狗	腿
狗	腿	子
狗	舍
狗	血
狗	逮	老	鼠
狙	刺
狠	命
狠	巴	巴
狠	心
狠	毒
狠	狠
狡	兔	三	窟
狡	兔	死	走	狗	烹
狡	猾
狡	黠
狴	犴
狸	子
狻	猊
狼	井
狼	人
狼	嗥
狼	多	肉	少
狼	奔	豕	突
狼	子	野	心
狼	孩
狼	崽
狼	心	狗	肺
狼	毫
狼	牙	山
狼	狗
狼	獾
狼	藉
狼	蛛
猇	亭
猖	披
猖	狂
猖	猖	狂	狂
猖	獗
猛	一	看
猛	丁
猛	不	防
猛	乍
猛	力
猛	可
猛	吃
猛	地
猛	增
猛	打
猛	撞
猛	攻
猛	料
猛	烈
猛	然
猛	省
猛	禽
猛	虎
猛	跌
猛	醒
猛	隼
猜	不	透
猜	中
猜	度
猜	得	透
猜	忌
猜	想
猜	拳
猜	枚
猜	疑
猝	不	及	防
猝	死
猝	然
猝	睡	症
猝	逝
猞	猁
猥	獕
猩	化
猩	猩
猴	子
猴	子	偷	桃
猴	孩	子
猴	年
猴	急
猴	拳
猴	猴	族
猴	王
猴	痘
猴	皮	筋
猵	狙
猸	子
猿	人
猿	猴
猿	玃
猿	臂
獒	犬
獙	獙
獠	牙
獬	豸
獴	科
玃	猿
玄	之	又	玄
玄	乎
玄	圃
玄	奘
玄	妙
玄	幻
玄	武
玄	武	岩
玄	狐
玄	理
玄	石
玄	秘
玄	米	茶
玄	色
玄	菟	郡
玄	青
率	先
率	性
率	然
率	直
率	真
玉	人
玉	佩
玉	兔
玉	器
玉	夫	座
玉	女
玉	屏
玉	山
玉	川
玉	川	市
玉	州
玉	帝
玉	成
玉	手
玉	普	西	隆
玉	札
玉	林
玉	林	市
玉	桂
玉	泉
玉	溪
玉	溪	市
玉	玦
玉	珉
玉	琮
玉	璞
玉	田
玉	皇
玉	皇	大	帝
玉	石
玉	石	俱	焚
玉	竹
玉	篇
玉	米
玉	米	棒
玉	米	片
玉	米	粉
玉	米	粒
玉	米	糕
玉	米	花
玉	米	赤	霉	烯	酮
玉	素	甫
玉	荷	包
玉	蜀	黍
玉	螺
玉	衡
玉	里
玉	露
玉	音
玉	髓
王	不	留	行
王	世	充
王	丹
王	五
王	仙	芝
王	伾
王	位
王	侯
王	侯	公	卿
王	充
王	八
王	八	羔	子
王	八	蛋
王	公
王	冠
王	力
王	力	宏
王	力	雄
王	勃
王	化
王	叔	文
王	后
王	君	如
王	士	禛
王	太	后
王	夫	之
王	妃
王	子
王	安	石
王	室
王	家
王	小	波
王	岐	山
王	希	孟
王	平
王	府
王	府	井
王	座
王	弼
王	心	凌
王	敦
王	明
王	昭	君
王	朔
王	朝
王	楠
王	毅
王	母
王	母	娘	娘
王	水
王	永	民
王	治	郅
王	法
王	洪	文
王	炸
王	牌
王	猛
王	益
王	禹	偁
王	粲
王	羲	之
王	老	五
王	老	吉
王	英
王	莽
王	菲
王	著
王	道
王	震
玎	玲
玩	不	起
玩	世	不	恭
玩	伴
玩	偶
玩	偶	之	家
玩	具
玩	味
玩	咖
玩	器
玩	完
玩	家
玩	家	角	色
玩	弄
玩	忽
玩	意
玩	手	腕
玩	法
玩	火
玩	火	自	焚
玩	牌
玩	物
玩	狎
玩	笑
玩	索
玩	者
玩	耍
玩	花	招
玩	遍
玫	瑰
玫	瑰	念	珠
玫	瑰	果
玫	瑰	花
玫	瑰	茄
玲	玲
玳	瑁
玷	污
玷	辱
玻	尿	酸
玻	意	耳
玻	片
玻	璃
玻	璃	化
玻	璃	市
玻	璃	心
玻	璃	杯
玻	璃	球
玻	璃	砂
玻	璃	管
玻	璃	罩
玻	色	子
珀	斯
珊	卓
珊	瑚
珊	瑚	潭
珊	瑚	礁
珍	品
珍	多	冰
珍	奇
珍	奶
珍	惜
珍	珠
珍	珠	奶	茶
珍	珠	小	番	茄
珍	珠	岩
珍	珠	母
珍	珠	港
珍	稀
珍	藏
珍	重
珙	桐
珞	巴	族
珠	三	角
珠	子
珠	山
珠	峰
珠	崖
珠	母
珠	江
珠	江	三	角	洲
珠	流
珠	海
珠	海	市
珠	澳
珠	灰
珠	玉
珠	箔
珠	算
珠	茶
珣	玗	琪
班	上
班	主
班	主	任
班	什
班	代
班	伯	利
班	伯	里
班	克	斯
班	克	西
班	卓	琴
班	吉
班	固
班	基
班	子
班	底
班	房
班	期
班	次
班	竹
班	花
班	草
班	超
班	雅	明
球	友
球	孢	子	菌	病
球	季
球	差
球	座
球	形
球	感
球	手
球	拍
球	星
球	杆
球	棍
球	棒
球	瓶
球	磨
球	童
球	竿
球	籍
球	腔	菌
球	菌
球	蛋	白
球	路
球	迷
球	道
球	面
球	面	度
球	鞋
琅	威	理
琅	嬛
理	中	客
理	事
理	光
理	化
理	化	因	素
理	喻
理	塘
理	容	院
理	工
理	工	男
理	工	科
理	念
理	性
理	想
理	想	化
理	智
理	查
理	查	德
理	查	森
理	清
理	由
理	睬
理	科
理	解
理	解	力
理	路
理	雅	各
琉	特	琴
琉	球
琉	球	海
琉	璃
琉	璃	塔
琉	璃	瓦
琉	璃	苣
琢	磨
琥	珀
琴	弓
琴	弦
琴	手
琴	斯	托	霍	瓦
琴	瑟
琴	通	尼
琵	琶
琵	琶	行
琵	琶	骨
琶	洲
琶	音
瑕	不	掩	瑜
瑕	玷
瑕	疵
瑜	伽
瑜	伽	宗
瑜	伽	行	派
瑜	珈
瑜	迦
瑞	典
瑞	典	人
瑞	士
瑞	士	人
瑞	士	法	郎
瑞	安
瑞	安	市
瑞	幸	咖	啡
瑞	昌
瑞	昌	市
瑞	朗
瑞	氏	染	料
瑞	氏	染	色
瑞	穗
瑞	色
瑞	芳
瑞	金
瑞	金	市
瑞	雪
瑞	香
瑟	瑟
瑟	索
瑰	奇
璀	璀
璀	璨
璧	山
璧	玉
璨	玉
璨	璨
璨	美
瓜	代
瓜	分
瓜	娃	子
瓜	子
瓜	州
瓜	拉	丁	加	奴
瓜	果
瓜	熟	蒂	落
瓜	田	李	下
瓜	皮	帽
瓜	菜
瓜	葛
瓜	蒂
瓠	瓜
瓢	羹
瓣	胃
瓣	膜
瓦	亮
瓦	利
瓦	剌
瓦	加	杜	古
瓦	勒	他
瓦	匠
瓦	哈	比	教	派
瓦	器
瓦	城
瓦	工
瓦	德	瑟
瓦	德	西
瓦	房
瓦	房	店
瓦	房	店	市
瓦	斯
瓦	楞
瓦	片
瓦	特
瓦	罕	走	廊
瓦	良	格
瓦	良	格	人
瓦	西	里
瓦	解
瓦	解	冰	泮
瓦	里	斯
瓦	隆
瓶	塞
瓶	子
瓶	盂
瓶	胚
瓶	鼻	海	豚
瓷	器
瓷	娃	娃
瓷	瓶
瓷	碗
瓷	釉
甄	拔
甄	汰
甄	用
甄	藻
甄	陶
甘	丹	寺
甘	南
甘	南	州
甘	南	藏	族	自	治	州
甘	味
甘	味	料
甘	地
甘	孜
甘	孜	州
甘	孜	藏	族	自	治	州
甘	州
甘	巴	里
甘	德
甘	心
甘	托	克
甘	榜
甘	氨	酸
甘	汞
甘	油
甘	油	三	脂
甘	油	三	酯
甘	油	醛
甘	泉
甘	洛
甘	甜
甘	糖	醇
甘	苦
甘	草
甘	菊
甘	蔗
甘	蔗	渣
甘	薯
甘	谷
甘	迺	迪
甘	露	糖	醇
甘	露	醇
甚	且
甚	平
甚	微
甚	或
甚	而
甚	至
甜	不	辣
甜	味
甜	品
甜	心
甜	橙
甜	津	津
甜	瓜
甜	甜	圈
甜	睡
甜	稚
甜	筒
甜	美
甜	菊
甜	菊	糖
甜	菊	糖	苷
甜	菊	苷
甜	菜
甜	蜜
甜	蜜	素
甜	蜜	蜜
甜	言
甜	豆
甜	酒
甜	酸
甜	酸	肉
甜	食
甜	高	粱
生	下
生	事
生	人
生	僻
生	光
生	冷
生	冷	字
生	出
生	分
生	前
生	化
生	化	武	器
生	化	需	氧	量
生	卒	年
生	卒	年	月
生	吃
生	命
生	命	力
生	命	吠	陀
生	啤
生	啤	酒
生	土
生	境
生	奶	油
生	子
生	字
生	存
生	孩	子
生	就
生	平
生	怕
生	性
生	息
生	意
生	意	盎	然
生	成
生	手
生	技
生	抽
生	拉	活	扯
生	拉	硬	拽
生	擒
生	效
生	教
生	日
生	日	卡
生	根
生	死
生	死	存	亡
生	死	有	命
生	死	肉	骨
生	殖
生	殖	力
生	殖	器
生	殖	器	官
生	殖	腺
生	母
生	水
生	津
生	活
生	活	垃	圾
生	活	必	需	品
生	活	方	式
生	活	水	平
生	活	污	水
生	涯
生	源
生	漆
生	火
生	煎
生	煎	包
生	父
生	父	母
生	物
生	物	分	析	法
生	物	圈
生	物	多	元	化
生	物	媒	介
生	物	工	程
生	物	性
生	物	晶	片
生	物	材	料
生	物	柴	油
生	物	武	器
生	物	活	化	性
生	物	燃	料
生	物	界
生	物	科	技
生	物	群
生	物	能
生	物	量
生	物	降	解
生	物	高	分	子
生	猛
生	理
生	理	假
生	理	性
生	理	期
生	生	不	息
生	畏
生	番
生	疏
生	疼
生	病
生	皮
生	石	灰
生	石	膏
生	硬
生	祠
生	管
生	米
生	粉
生	粉	水
生	老	病	死
生	肉
生	肖
生	育
生	育	率
生	育	能	力
生	苔
生	菜
生	路
生	辰
生	辰	八	字
生	造
甥	女
用	不	了
用	人
用	以
用	作
用	光
用	兵	如	神
用	具
用	典
用	力
用	功
用	命
用	品
用	字
用	完
用	家
用	工
用	度
用	得	上
用	得	其	所
用	心
用	心	良	苦
用	意
用	料
用	武	之	地
用	法
用	膳
用	途
用	量
用	餐
甩	上
甩	包	袱
甩	尾
甩	手
甩	掉
甩	棍
甩	袖	子
甪	端
甫	一
甬	江
甬	路
甬	道
甭	管
田	七
田	中
田	亮
田	土
田	地
田	埂
田	家	庵
田	尾
田	役
田	文
田	村
田	林
田	格	本
田	舍
田	螺
田	野
田	陌
田	鼠
由	不	得
由	旬
由	此
由	衷
甲	之	蜜	糖	，	乙	之	砒	霜
甲	乙
甲	二	醇
甲	亢
甲	午
甲	型
甲	型	球	蛋	白
甲	型	肝	炎
甲	基
甲	基	安	非	他	命
甲	基	苯	丙	胺
甲	子
甲	寅
甲	戌
甲	方
甲	板
甲	氧	基
甲	氧	西	林
甲	氨	基
甲	氰	菊	酯
甲	流
甲	烷
甲	申
甲	硝	唑
甲	硫	氨	酸
甲	磺	磷	定
甲	第
甲	等
甲	紫
甲	肝
甲	胄
甲	胺
甲	胺	磷
甲	苯
甲	辰
甲	酚
甲	酸
甲	醇
甲	醚
甲	醛
甲	骨
甲	骨	文
甲	骨	文	字
申	不	害
申	令
申	冤
申	城
申	奏
申	屠
申	斥
申	明
申	曲
申	根
申	猴
申	理
申	申
申	言
申	述
申	通
申	雪
男	丁
男	中	音
男	人
男	人	婆
男	人	家
男	低	音
男	凝
男	友
男	友	力
男	同
男	同	胞
男	基	尼
男	士
男	大
男	女
男	女	合	校
男	女	同	校
男	女	平	等
男	女	老	少
男	女	老	幼
男	妓
男	娃
男	婚	女	嫁
男	子
男	孩
男	孩	子
男	家
男	尊	女	卑
男	工
男	左	女	右
男	巫
男	性
男	性	化
男	才	女	貌
男	排
男	方
男	旦
男	星
男	朋	友
男	校
男	根
男	爵
男	生
男	的
男	神
男	票
男	童
男	管	家
男	色
男	足
男	高
男	高	音
甾	酮
甾	醇
界	址
界	定
界	尺
界	河
界	碑
界	限
界	面
界	首
界	首	市
畏	友
畏	忌
畏	怯
畏	罪
畏	途
畏	首	畏	尾
畔	援
留	一	手
留	下
留	任
留	住
留	作
留	名
留	堂
留	子
留	存
留	存	收	益
留	守
留	客
留	宿
留	尼	旺
留	尼	汪
留	尾	巴
留	底
留	影
留	待
留	心
留	念
留	情
留	意
留	成
留	有
留	校
留	步
留	洋
留	活	口
留	班
留	用
留	白
留	神
留	空
留	置
留	芳	千	古
留	芳	百	世
留	言
留	言	本
留	言	簿
留	都
留	里	克
留	院
畚	斗
畚	箕
畛	域
畜	力
畜	牧
畜	生
畜	肥
略	作
略	去
略	字
略	微
略	略
略	知	一	二
略	知	皮	毛
番	刀
番	客
番	木	瓜
番	椒
番	瓜
番	界
番	番
番	石	榴
番	禺
番	茄
番	茄	汁
番	荔	枝
番	菜
番	薯
番	路
番	邦
畲	族
畸	型
畸	形
畸	形	秀
畸	胎
畸	胎	瘤
畸	零
疆	土
疆	域
疆	界
疏	剪
疏	勒
疏	失
疏	忽
疏	忽	大	意
疏	挖
疏	放
疏	散
疏	散	措	施
疏	果
疏	浚
疏	淡
疏	漏
疏	狂
疏	率
疏	理
疏	略
疏	疏
疏	而	不	漏
疏	落
疏	解
疏	通
疏	附
疑	似
疑	兵
疑	冰
疑	心
疑	忌
疑	念
疑	惑
疑	案
疑	涉
疑	犯
疑	病	症
疑	神	疑	鬼
疙	瘩
疤	痕
疫	情
疫	病
疫	苗
疲	乏
疲	倦
疲	困
疲	弱
疲	沓
疲	累
疹	子
疼	惜
疼	死
疼	痛
疾	控	中	心
疾	步
疾	病
疾	苦
疾	走
疾	速
疾	首
痂	皮
病	人
病	休
病	例
病	倒
病	假
病	入	膏	肓
病	危
病	原
病	原	菌
病	友
病	句
病	史
病	因
病	夫
病	媒
病	室
病	害
病	家
病	容
病	床
病	弱
病	患
病	情
病	房
病	故
病	株
病	根
病	案
病	榻
病	死
病	毒
病	毒	性
病	毒	性	肝	炎
病	毒	感	染
病	毒	科
病	毒	血	症
病	源
病	灶
病	理
病	病	歪	歪
病	病	殃	殃
病	症
病	痛
病	秧	子
病	程
病	者
病	苦
病	菌
病	象
病	逝
病	邪
病	重
病	院
病	魔
症	候
症	候	群
症	象
痊	可
痘	痂
痘	痕
痘	痘
痘	瘢
痘	苗
痛	不	欲	生
痛	切
痛	哭
痛	哭	流	涕
痛	失
痛	定	思	痛
痛	心
痛	心	疾	首
痛	快
痛	快	淋	漓
痛	恨
痛	惜
痛	感
痛	扁
痛	打
痛	批
痛	改	前	非
痛	斥
痛	楚
痛	痛	快	快
痛	砭
痛	苦
痞	子
痞	子	蔡
痢	疾
痦	子
痰	液
痰	盂
痰	盂	式
痱	子
痴	人	痴	福
痴	呆
痴	呆	症
痴	心
痴	心	妄	想
痴	想
痴	痴
痴	笑
痴	迷
痴	醉
痴	騃
痼	疾
痼	癖
瘀	斑
瘀	血
瘀	青
瘊	子
瘐	死
瘟	疫
瘟	神
瘠	薄
瘢	痕
瘤	子
瘦	伶	仃
瘦	削
瘦	子
瘦	小
瘦	巴	巴
瘦	弱
瘦	肉
瘦	肉	精
瘦	身
瘦	骨	伶	仃
瘦	骨	嶙	峋
瘦	骨	棱	棱
瘰	螈
瘸	子
瘸	腿
癀	病
癌	前	期
癌	症
癔	病
癔	症
癖	好
癯	瘦
癸	丑
癸	亥
癸	卯
癸	巳
癸	未
癸	水
癸	酉
登	上
登	仙
登	入
登	出
登	基
登	堂	入	室
登	封
登	封	市
登	山
登	山	家
登	山	扣
登	山	杖
登	岸
登	峰
登	庸	人	才
登	徒	子
登	愣
登	月
登	遐
登	革	疫	苗
登	革	病	毒
登	高	一	呼
白	三	烯
白	事
白	人
白	令	海
白	住
白	俄
白	先	勇
白	兔
白	冠	攀	雀
白	冠	燕	尾
白	冰	冰
白	刃
白	化	病
白	化	症
白	匪
白	卷
白	吃
白	吃	白	喝
白	唇	鹿
白	喉
白	喉	毒	素
白	喉	石	䳭
白	城
白	城	市
白	塔	寺
白	夜
白	天
白	奴
白	嫖
白	嫩
白	子
白	字
白	富	美
白	尾	梢	虹	雉
白	居	易
白	屈	菜
白	山
白	山	宗
白	山	市
白	山	派
白	崇	禧
白	左
白	布
白	帝	城
白	手	套
白	手	起	家
白	托
白	扯	淡
白	描
白	搭
白	文
白	斑	病
白	斑	症
白	斑	翅	雪	雀
白	斑	黑	石	䳭
白	族
白	旗
白	日
白	月	光
白	朗
白	木	耳
白	板
白	果
白	榴	石
白	毛
白	毛	女
白	水
白	水	晶
白	水	泥
白	求	恩
白	沙
白	沙	瓦
白	沫
白	河
白	洋	淀
白	洞
白	活
白	海
白	灼
白	煤
白	熊
白	牌
白	狐
白	玉
白	玉	菇
白	班
白	璧	微	瑕
白	瓷
白	痢
白	痴
白	白
白	皙
白	皮	杉	醇
白	皮	松
白	目
白	相	人
白	眉	山	雀
白	眉	拳
白	眉	赤	眼
白	眼
白	眼	河	燕
白	眼	狼
白	眼	珠
白	瞎
白	矮	星
白	石	砬	子
白	砂	糖
白	砒
白	碑
白	磷
白	票
白	米
白	粉
白	粉	病
白	粥
白	糖
白	羊
白	羊	座
白	羊	朝
白	翅	交	嘴	雀
白	翎	面
白	翳
白	肉
白	胡	椒
白	胸	翡	翠
白	腰	叉	尾	海	燕
白	腰	雪	雀
白	腿	小	隼
白	色
白	色	恐	怖
白	芍
白	花	花
白	花	蛇
白	花	蛇	舌	草
白	芷
白	茅
白	茫	茫
白	菜
白	菜	型	油	菜
白	菜	豆
白	薯
白	虎
白	蛋	白
白	血	球
白	血	病
白	衣	天	使
白	豆	蔻
白	起
白	跑	一	趟
白	道
白	酒
白	醋
白	金
白	附
白	附	片
白	陶
白	雪
白	雪	公	主
白	霜
白	露
白	骨
白	骨	精
白	鬼
白	麻	子
白	鼻	子
白	鼻	心
百	不	咋
百	事	通
百	位
百	倍
百	兆
百	出
百	分
百	分	之
百	分	之	一	百
百	分	之	百
百	分	制
百	分	比
百	分	率
百	分	百
百	利	甜
百	利	甜	酒
百	十
百	卉	千	葩
百	合
百	合	子
百	合	科
百	合	花
百	姓
百	威
百	威	啤	酒
百	家
百	家	姓
百	川
百	帕
百	年
百	年	不	遇
百	年	好	合
百	度
百	度	百	科
百	度	知	道
百	忙
百	思	不	得	其	解
百	思	不	解
百	思	莫	解
百	感	交	集
百	慕	大
百	慕	大	三	角
百	折	不	回
百	日	咳
百	日	菊
百	果
百	物
百	病
百	眼	巨	人
百	科
百	科	事	典
百	般
百	般	奉	承
百	色
百	色	市
百	草
百	草	枯
百	褶	裙
百	越
百	足
百	里
百	里	香
百	金	花
百	香
百	香	果
皂	石
皂	角
的	哥
的	士
的	士	高
的	姐
的	款
的	的	喀	喀	湖
的	里	雅	斯	特
的	黎	波	里
皆	可
皆	因
皆	然
皇	上
皇	位
皇	冠
皇	冠	上	的	明	珠
皇	冠	假	日	酒	店
皇	冠	出	版
皇	古
皇	后
皇	城
皇	堡
皇	天	后	土
皇	太	后
皇	太	子
皇	姑
皇	子
皇	室
皇	家
皇	家	香	港	警	察
皇	帝
皇	帝	的	新	衣
皇	帝	菜
皇	恩
皇	族
皇	朝
皇	榜
皇	法
皇	甫
皇	甫	嵩
皇	皇
皇	考
皈	依
皈	依	者
皎	月
皎	白
皎	皎
皎	皎	者	易	污
皒	皒
皓	白
皓	首
皮	下
皮	下	注	射
皮	克	斯
皮	克	林
皮	具
皮	包
皮	包	公	司
皮	匠
皮	卡
皮	囊
皮	子
皮	尺
皮	山
皮	星
皮	毛
皮	炎
皮	牙	子
皮	特	拉	克
皮	球
皮	疹
皮	秒
皮	笑	肉	不	笑
皮	筋
皮	筏
皮	箱
皮	肉
皮	肉	之	苦
皮	脂	腺
皮	艇
皮	草
皮	蛋
皮	袋
皮	袍
皮	重
皮	面
皮	革
皮	革	商
皮	鞋
皮	鞋	匠
皮	鞋	油
皮	鞭
皴	裂
盂	方	水	方
盆	友
盆	地
盆	子
盆	底
盆	景
盆	栽
盆	浴
盆	腔
盆	花
盈	凸	月
盈	利
盈	江
益	加
益	友
益	州
益	智
益	智	玩	具
益	母
益	母	草
益	生	菌
盎	司
盎	撒
盎	然
盎	盂	相	敲
盒	中	袋
盒	子
盔	甲
盛	世
盛	事
盛	京
盛	典
盛	名
盛	器
盛	夏
盛	大
盛	季
盛	宴
盛	年
盛	德
盛	怒
盛	情
盛	景
盛	服
盛	筵
盛	行
盛	行	率
盛	衰
盟	兄
盟	兄	弟
盟	友
盟	山	誓	海
盟	弟
盟	誓
盟	邦
盥	洗
盥	洗	室
盥	洗	盆
目	下
目	下	十	行
目	不	交	睫
目	不	暇	接
目	之	所	及
目	今
目	光
目	光	如	豆
目	光	所	及
目	前
目	劄
目	力
目	力	所	及
目	怔	口	呆
目	成
目	挑	心	招
目	珠
目	的
目	的	地
目	盲
目	眦
目	眩
目	眩	神	迷
目	睹
目	瞪	口	呆
目	空	一	切
目	空	四	海
目	迷	五	色
目	送
盯	住
盯	市
盯	梢
盯	牢
盱	眙
盲	人
盲	人	摸	象
盲	友
盲	品
盲	囊
盲	孔
盲	字
盲	打
盲	文
盲	杖
盲	法
盲	流
盲	猜
盲	盒
盲	目
盲	端
盲	胞
盲	蛛
盲	蜘	蛛
盲	道
直	列
直	到
直	勾	勾
直	呼
直	呼	其	名
直	奔
直	尺
直	幅
直	待
直	感
直	愣	愣
直	截
直	抒	胸	臆
直	拍
直	捷
直	掇
直	排
直	接
直	插	式
直	撅	撅
直	播
直	敪
直	根
直	流
直	溜	溜
直	爽
直	率
直	球
直	男
直	男	癌
直	白
直	眉	瞪	眼
直	瞪	瞪
直	立
直	立	人
直	笛
直	系
直	系	祖	先
直	翅	目
直	至
直	航
直	行
直	裰
直	角
直	角	三	角	形
直	角	器
直	角	尺
直	言
直	通
直	道	而	行
直	面
相	中
相	乘
相	互
相	互	作	用
相	互	兼	容
相	交
相	仿
相	伴
相	似
相	似	性
相	位
相	位	差
相	依
相	保
相	信
相	偕
相	像
相	公
相	切
相	加
相	助
相	反
相	合
相	同
相	向
相	吸
相	命	者
相	城
相	士
相	夫	教	子
相	契
相	好
相	宜
相	容
相	山
相	左
相	差
相	差	不	多
相	干
相	平	面
相	待
相	得	益	彰
相	思
相	思	病
相	悖
相	手	蟹
相	承
相	投
相	抵
相	持
相	持	不	下
相	接
相	撞
相	斥
相	映	成	趣
相	望
相	架
相	框
相	比
相	比	之	下
相	濡	以	沫
相	片
相	生
相	看
相	碰	撞
相	符
相	等
相	簿
相	聚
相	背
相	若
相	角
相	貌
相	距
相	迎
相	近
相	通
相	逢
相	遇
相	配
相	配	人
相	配	物
相	隔
相	面
盼	星	星	盼	月	亮
盼	望
盾	牌
盾	牌	座
省	事
省	份
省	便
省	力
省	去
省	垣
省	城
省	委
省	察
省	市
省	得
省	心
省	悟
省	治
省	流
省	港	澳
省	界
省	略
省	省	吧
省	音
眄	眄
眄	睨
眇	眇
眈	眈
眉	宇
眉	尖
眉	山
眉	山	市
眉	心
眉	批
眉	月
眉	梢
眉	毛
眉	清	目	秀
眉	目
眉	眼
眉	睫
眉	端
眉	角
眉	黛
看	一	看
看	上
看	上	去
看	不	中
看	不	出
看	不	懂
看	不	清
看	不	起
看	中
看	人	行	事
看	似
看	作
看	倌
看	做
看	出
看	到
看	台
看	呆
看	在
看	好
看	守
看	守	所
看	守	者
看	官
看	客
看	家
看	待
看	得	中
看	得	出
看	得	起
看	懂
看	成
看	扁
看	押
看	望
看	板
看	法
看	淡
看	清
看	片
看	球
看	病
看	相
看	看
看	破
看	穿
看	管
看	花	眼
看	走	眼
看	跌
看	透
看	重
真	主
真	事
真	亮
真	人
真	人	不	露	相
真	人	版
真	人	真	事
真	人	秀
真	值	表
真	假
真	切
真	否	定	句
真	命
真	善	美
真	如
真	姬	菇
真	子	集
真	容
真	彩	色
真	心
真	性
真	怪
真	情
真	意
真	是
真	是	的
真	有	你	的
真	核
真	格
真	格	的
真	棒
真	正
真	武
真	版
真	牛
真	率
真	理
真	理	部
真	番	郡
真	的
真	皮
真	相
真	相	大	白
真	真
真	知
真	神
真	空
真	空	泵
真	空	管
真	肯	定	句
真	菌
真	言
真	言	宗
真	身
真	道
真	面	目
真	香
真	髓
眨	巴
眨	眼
眨	眼	睛
眩	人
眩	惑
眩	耀
眳	睛
眵	目	糊
眷	念
眷	村
眷	眷	之	心
眸	子
眺	望
眼	下
眼	中
眼	中	刺
眼	光
眼	光	短
眼	冒	金	星
眼	前
眼	前	一	亮
眼	力
眼	圈
眼	尖
眼	尾
眼	屎
眼	岔
眼	巴	巴
眼	底
眼	底	下
眼	影
眼	成	穿
眼	房
眼	房	水
眼	明	手	快
眼	柄
眼	格
眼	梢
眼	毒
眼	波
眼	熟
眼	珠
眼	珠	子
眼	球
眼	生
眼	界
眼	疾
眼	疾	手	快
眼	病
眼	白
眼	皮
眼	皮	子
眼	皮	子	底	下
眼	皮	底	下
眼	目
眼	看
眼	眨	毛
眼	眵
眼	眶
眼	眸
眼	睛
眼	睛	吃	冰	淇	淋
眼	睫	毛
眼	瞓
眼	神
眼	神	不	好
眼	福
眼	科
眼	罩
眼	色
眼	花
眼	袋
眼	角
眼	角	膜
眼	跳
眼	霜
眼	高
眼	高	手	低
睃	巡
睡	姿
睡	意
睡	房
睡	椅
睡	相
睡	眠
睡	眠	不	足
睡	眠	者
睡	眼	惺	忪
睡	美	人
睡	衣
睡	袋
睡	袍
睡	裙
睡	醒
睡	鼠
督	促
督	察
督	工
督	建
睥	睨
睫	毛
睫	毛	膏
睹	物	思	人
睾	丸
睾	丸	激	素
睾	丸	甾	酮
睾	丸	素
睾	丸	酮
睾	甾	酮
睾	酮
睿	智
瞄	一	眼
瞅	睬
瞌	睡
瞎	吹
瞎	子
瞎	子	摸	象
瞎	弄
瞎	忙
瞎	扯
瞎	扯	蛋
瞎	拼
瞎	掰
瞎	搞
瞎	晃
瞎	混
瞎	猜
瞎	眼
瞎	逛
瞑	想
瞑	目
瞑	眩
瞠	目
瞧	不	起
瞪	眼
瞪	羚
瞬	息
瞬	膜
瞬	霎
瞭	哨
瞭	望
瞭	望	哨
瞭	望	塔
瞰	望
瞳	人
瞳	仁
瞳	孔
瞳	眸
瞻	仰
瞻	拜
瞻	望
瞽	者
瞿	秋	白
矗	立
矛	柄
矛	盾
矛	隼
矜	功	不	立
矜	持
矢	量
知	之	甚	微
知	乎
知	了
知	了	猴
知	交
知	人	善	任
知	人	善	用
知	人	知	面	不	知	心
知	人	者	智	，	自	知	者	明
知	其	然	而	不	知	其	所	以	然
知	名
知	名	人	士
知	名	度
知	子	莫	若	父
知	州
知	己
知	己	知	彼
知	府
知	彼	知	己
知	心
知	悉
知	情
知	情	人
知	情	同	意
知	母
知	法	犯	法
知	趣
知	足
知	遇	之	恩
知	道
知	道	了
知	青
知	音
矩	尺
矩	尺	座
矩	形
短	促
短	信
短	兵	相	接
短	句
短	命
短	命	鬼
短	嘴	豆	雁
短	多
短	小	精	悍
短	少
短	尾	信	天	翁
短	尾	矮	袋	鼠
短	工
短	打	扮
短	指
短	文
短	期
短	板
短	欠
短	歌
短	波
短	片
短	程
短	空
短	粗
短	缺
短	至
短	衣
短	袖
短	跑
短	路
短	靴
矮	人
矮	凳
矮	化
矮	半	截
矮	呆	病
矮	地	茶
矮	墩	墩
矮	子
矮	小
矮	小	精	悍
矮	星
矮	林
矮	油
矮	瓜
矮	矬
矮	胖
矮	行	星
矮	鹿
矮	黑	人
石	井
石	作
石	像
石	像	鬼
石	刁	柏
石	刑
石	刻
石	勒
石	化
石	匠
石	南	花
石	印
石	原	慎	太	郎
石	台
石	咀	山
石	嘴	山
石	嘴	山	市
石	器
石	城
石	墨
石	墨	烯
石	墨	碳
石	女
石	屎
石	屎	森	林
石	屏
石	川
石	工
石	庭
石	弩
石	投	大	海
石	斛
石	景	山
石	板
石	板	瓦
石	板	路
石	林
石	柱
石	棉
石	棉	瓦
石	棺
石	榴
石	榴	子
石	榴	石
石	沉	大	海
石	河	子
石	河	子	市
石	油
石	油	醚
石	泉
石	洞
石	渠
石	渣
石	灰
石	灰	岩
石	灰	石
石	炭
石	炭	井
石	炭	系
石	炭	酸
石	片
石	玉	昆
石	田
石	田	芳	夫
石	硪
石	碇
石	碑
石	磙
石	磨
石	窟
石	竹
石	竹	目
石	竹	科
石	粉
石	罅
石	膏
石	舫
石	花	菜
石	英
石	蒜
石	蕊
石	虎
石	蜐
石	阡
石	雀
石	雕
石	青
石	首
石	首	市
石	鼓
石	鼓	文
矸	子
矸	石
矻	矻
矽	利	康
矽	晶	片
矽	片
矽	肺
矽	肺	病
矽	藻
矽	谷
砂	仁
砂	囊
砂	子
砂	岩
砂	拉	越
砂	梨
砂	石
砂	礓
砂	糖
砂	糖	橘
砌	合
砌	合	法
砌	路
砍	伐
砍	刀
砍	死
砒	霜
研	修
研	判
研	定
研	所
研	析
研	求
研	磨
研	磨	料
研	磨	材	料
研	究
研	究	中	心
研	究	所
研	究	生
研	究	生	院
研	究	者
研	究	院
研	考
砘	子
砣	子
砧	木
砧	板
砧	骨
砭	灸
砭	石
砭	骨
砰	砰
破	事
破	亡
破	例
破	冰
破	冰	型	艏
破	冰	船
破	口
破	土
破	壁
破	天	荒
破	家
破	局
破	布
破	戒
破	敝
破	格
破	案
破	梗
破	洞
破	浪
破	片
破	瓜
破	的
破	相
破	碎
破	碗	破	摔
破	竹	建	瓴
破	缺
破	罐	破	摔
破	蛹
破	裂
破	裂	音
破	解
破	解	版
破	身
破	釜	沉	舟
破	防
破	除
破	除	迷	信
破	鞋
破	音	字
砷	中	毒
砸	夯
砸	死
砸	破
砸	碎
砸	醒
硅	化	木
硅	晶	片
硅	棒
硅	沙
硅	灰	石
硅	片
硅	石
硅	肺	病
硅	脂
硅	藻
硅	谷
硅	酮
硅	酸
硇	砂
硐	室
硒	鼓
硝	化	甘	油
硝	基	苯
硝	石
硝	酸
硝	酸	甘	油
硫	化
硫	棒
硫	氰	酸
硫	氰	酸	酶
硫	球
硫	胺	素
硫	茚
硫	酸
硫	醇
硬	仗
硬	件
硬	化
硬	席
硬	底	子
硬	度
硬	座
硬	性
硬	扎
硬	拉
硬	拗
硬	挺
硬	推
硬	是
硬	朗
硬	木
硬	核
硬	正
硬	水
硬	派
硬	灌
硬	玉
硬	生	生
硬	皮
硬	石	膏
硬	碟
硬	碰	硬
硬	糖
硬	脂	酸
硬	菜
硬	蕊
硬	要
硬	逼
硬	邦	邦
硼	砂
硼	酸
碇	泊
碉	堡
碌	曲
碌	碡
碎	催
碎	冰	船
碎	屑
碎	屑	岩
碎	形
碎	念
碎	掉
碎	末
碎	步
碎	片
碎	片	整	理
碎	石
碎	碎	念
碎	肉
碎	裂
碑	亭
碑	刻
碑	帖
碑	座
碑	文
碑	林
碑	石
碑	碣
碗	公
碗	筷
碗	粿
碘	酸
碟	仙
碟	子
碟	片
碧	土
碧	根	果
碧	江
碧	池
碧	海	青	天
碧	潭
碧	玉
碧	瓦
碧	眼
碧	空
碧	草	如	茵
碧	螺	春
碧	血
碰	一	鼻	子	灰
碰	上
碰	倒
碰	到
碰	壁
碰	巧
碰	撞
碰	撞	造	山
碰	瓷
碰	面
碳	中	和
碳	化
碳	化	物
碳	化	硅
碳	原	子
碳	排	放
碳	水	化	合	物
碳	粉
碳	足	印
碳	酰	氯
碳	酸
碳	酸	岩
碳	黑
碾	坊
碾	子
碾	子	山
碾	槌
碾	砣
碾	碎
碾	磨
磁	共	振
磁	共	振	成	像
磁	力
磁	化
磁	卡
磁	吸
磁	性
磁	控	管
磁	浮
磁	片
磁	矩
磁	石
磁	碟
磁	通	量
磁	阻
磅	刷
磅	秤
磅	蛋	糕
磊	磊
磊	落
磊	落	大	方
磋	商
磋	磨
磐	安
磐	石
磐	石	市
磕	碰
磕	磕
磕	磕	巴	巴
磕	糖
磨	人
磨	光
磨	刀
磨	刀	石
磨	刀	霍	霍
磨	叨
磨	合
磨	唧
磨	嘴
磨	嘴	皮	子
磨	坊
磨	坊	主
磨	子
磨	床
磨	快
磨	折
磨	料
磨	洋	工
磨	牙
磨	石
磨	石	粗	砂	岩
磨	砂
磨	砂	玻	璃
磨	砂	膏
磨	破	口	舌
磨	破	嘴	皮
磨	破	嘴	皮	子
磨	碎
磨	磨	蹭	蹭
磨	耗
磨	豆	腐
磨	起	泡
磨	蹭
磬	竭
磴	口
磷	光
磷	火
磷	灰	石
磷	灰	粉
磷	石
磷	肥
磷	脂
磷	酸
磺	胺
礁	湖
礁	溪
礁	石
礌	石
礜	石
礤	床
示	例
示	好
示	威
示	威	者
示	寂
示	弱
示	性
示	恩
示	意
示	指
示	波	器
示	警
社	交
社	交	才	能
社	交	牛	逼	症
社	交	舞
社	保
社	媒
社	工
社	工	人
社	恐
社	招
社	教
社	旗
社	死
社	火
社	牛
社	畜
社	科
社	科	院
社	稷
社	群
社	融
社	鼠	城	狐
祀	物
祀	神
祁	奚
祆	教
祈	仙	台
祈	使	句
祈	望
祈	求
祈	福
祓	濯
祓	禊
祓	除
祖	先
祖	姑	母
祖	宅
祖	宗
祖	居
祖	屋
祖	母
祖	父
祖	父	母
祖	祠
祖	籍
祖	系
祛	寒
祛	暑
祛	疑
祛	痰
祛	瘀
祛	邪
祛	除
祛	魅
祝	允	明
祝	好
祝	枝	山
祝	福
祝	融
祝	酒
神	不	守	舍
神	乎	其	技
神	交
神	人
神	仙
神	似
神	位
神	佛
神	作
神	偷
神	像
神	入
神	力
神	功
神	勇
神	化
神	器
神	奇
神	奈	川
神	女
神	女	峰
神	妙
神	山
神	州
神	工	鬼	斧
神	差	鬼	使
神	往
神	志
神	志	不	清
神	志	昏	迷
神	思
神	思	恍	惚
神	性
神	怪
神	情
神	慰
神	探
神	明
神	智
神	曲
神	枯
神	格
神	殿
神	池
神	治
神	游
神	父
神	社
神	祇
神	祖
神	神	叨	叨
神	神	道	道
神	祠
神	秘
神	童
神	舟
神	色
神	通
神	速
神	道
神	道	教
神	采
神	采	奕	奕
神	髓
神	魂
祠	堂
祠	墓
祥	光
祥	和
祥	瑞
票	券
票	卡
票	友
票	房
票	根
票	活
票	源
票	站
票	箱
票	面	值
祭	典
祭	出
祭	司
祭	品
祭	器
祭	奠
祭	孔
祭	拜
祭	文
祭	灶
祭	物
祭	牲
祭	祀
祭	祖
祭	酒
禁	不	住
禁	不	起
禁	令
禁	伐
禁	制
禁	制	令
禁	受
禁	品
禁	售
禁	地
禁	夜
禁	忌
禁	戒
禁	果
禁	止
禁	止	令	行
禁	止	外	出
禁	毒
禁	演
禁	用
禁	足
禁	酒
禁	酒	令
禁	食
福	佬
福	克
福	克	斯
福	分
福	利
福	利	品
福	利	院
福	地
福	娃
福	安
福	安	市
福	山
福	州
福	州	市
福	布	斯
福	建
福	建	省
福	彩
福	斯
福	斯	塔	夫
福	斯	特
福	星
福	星	高	照
福	林
福	柯
福	泉
福	泉	市
福	海
福	清
福	清	市
福	煦
福	特
福	瑞
福	田
福	田	康	夫
福	相
福	祉
福	科
福	袋
福	音
福	鼎
福	鼎	市
禳	解
禹	城
禹	城	市
禹	州
禹	州	市
禹	王	台
禽	流	感
禽	畜
禽	蛋
禾	木	科
禾	本	科
禾	稻
禾	苗
禾	草
秀	外	慧	中
秀	山
秀	峰
秀	才
秀	林
秀	水
秀	洲
秀	珍	菇
秀	美
秀	色	可	餐
秀	英
秀	逗
秀	雅
私	下
私	了
私	事
私	交
私	人
私	仇
私	企
私	信
私	偏
私	利
私	募
私	募	基	金
私	吞
私	售
私	囊
私	塾
私	奔
私	宅
私	家
私	密
私	底	下
私	弊
私	心
私	情
私	房
私	掠
私	教
私	有
私	有	制
私	有	化
私	服
私	欲
私	法
私	生	女
私	生	子
私	生	子	女
私	生	活
私	立
私	第
私	聊
私	自
私	藏
私	行
私	通
私	邸
秉	公
秉	性
秉	承
秉	持
秋	令
秋	分
秋	天
秋	季
秋	征
秋	播
秋	收
秋	景
秋	榜
秋	毫
秋	水
秋	水	仙
秋	水	仙	素
秋	汛
秋	波
秋	海	棠
秋	灌
秋	熟
秋	燥
秋	瑾
秋	田
秋	老	虎
秋	耕
秋	色
秋	菊	傲	霜
秋	菜
秋	葵
秋	衣
秋	雨
秋	霜
科	企
科	克
科	卿
科	右	中	旗
科	右	前	旗
科	名
科	奈
科	威	特
科	室
科	布	多
科	幻
科	恩
科	托	努
科	技
科	技	工	作	者
科	技	感
科	摩	洛
科	教
科	教	片
科	斗
科	普
科	普	特	人
科	朗
科	林
科	林	·	弗	思
科	林	斯
科	比
科	浦
科	特	布	斯
科	特	迪	瓦
科	班
科	甲
科	目
科	盲
科	研
科	系
科	索	沃
科	考
科	迪	勒	拉
科	迪	勒	拉	山	系
科	隆
科	隆	水
秒	回
秒	射
秒	差	距
秒	懂
秒	看
秒	表
秕	子
秕	糠
秘	密
秘	密	警	察
秘	技
秘	笈
秘	籍
秘	辛
租	佃
租	借
租	借	地
租	地
租	子
租	客
租	房
租	用
租	界
租	船
租	金
秤	砣
秦	二	世
秦	代
秦	吉	了
秦	始	皇
秦	始	皇	帝
秦	始	皇	帝	陵
秦	始	皇	陵
秦	孝	公
秦	安
秦	州
秦	惠	文	王
秦	朝
秦	末
秦	椒
秦	淮
秦	淮	河
秦	火
秦	牧
秦	穆	公
秦	篆
秦	腔
秦	艽
秦	越	人
秦	都
秦	陵
秧	子
秧	歌
秧	田
秧	苗
秩	序
秩	序	井	然
秩	序	美
秩	然	不	紊
秫	米
移	交
移	位
移	住
移	借
移	去
移	居
移	山	倒	海
移	山	志
移	工
移	情
移	栽
移	植
移	植	性
移	民
移	民	局
移	民	工
移	民	者
移	液	器
移	用
移	花	接	木
移	送
移	除
稀	世
稀	土
稀	土	元	素
稀	奇
稀	奇	古	怪
稀	客
稀	少
稀	有
稀	有	元	素
稀	疏
稀	稀	拉	拉
稀	粥
稀	缺
稀	罕
稀	薄
程	咬	金
程	子
程	序
程	序	性
程	序	法
程	序	猿
程	度
程	式
程	控
程	昱
程	海	湖
程	邈
稍	候
稍	嫌
稍	微
稍	快	板
稍	息
稍	早
稍	稍
稍	等
稍	食
稔	知
稗	官
稚	女
稚	嫩
稚	子
稚	弱
稚	拙
稠	密
稷	山
稻	作
稻	城
稻	子
稻	浪
稻	田
稻	穗
稻	米
稻	糠
稻	苗
稻	草
稻	草	人
稽	古
稽	古	振	今
稽	查
稽	核
稿	件
稿	子
稿	本
稿	酬
穆	勒	鞋
穆	夫	提
穆	巴	拉	克
穆	斯	林
穆	桂	英
穆	沙	拉	夫
穆	罕	默	德
穆	罕	默	德	六	世
穆	迪
穆	通
穆	黑
穗	䳭
穴	位
穴	居
穴	居	人
穴	播
穴	道
究	其	根	源
究	竟
穹	丘
穹	形
穹	窿
穹	肋
穹	隆
空	中
空	中	交	通	管	制
空	中	分	列
空	中	劫	持
空	中	小	姐
空	中	接	力
空	乘
空	位
空	值
空	前
空	口
空	名
空	喊
空	地
空	姐
空	嫂
空	子
空	客
空	室	清	野
空	寂
空	少
空	巢
空	幻
空	心
空	心	大	老	官
空	心	球
空	心	老	大
空	心	菜
空	怒
空	性
空	想
空	想	家
空	手
空	手	套	白	狼
空	手	道
空	投
空	拍
空	日
空	暇
空	格
空	泛
空	洞
空	洞	洞
空	港
空	疏
空	白
空	白	支	票
空	穴
空	空
空	空	如	也
空	空	洞	洞
空	窗	期
空	竹
空	缺
空	置
空	翻
空	耳
空	腔
空	腹
空	腹	高	心
空	落	落
空	谷	足	音
空	跑	一	趟
空	身
空	防
空	降
空	降	兵
空	隙
空	集
穿	上
穿	刺
穿	反
穿	回
穿	孔
穿	小	鞋
穿	山	甲
穿	戴
穿	插
穿	搭
穿	梭
穿	洞
穿	破
穿	行
穿	衣
穿	越
穿	透
窀	穸
突	兀
突	出
突	厥
突	厥	斯	坦
突	尼	斯
突	尼	斯	市
突	然
突	破
突	破	口
突	破	性
突	突
突	起
突	起	部
窄	小
窄	巷
窅	然
窈	窈
窈	窕
窒	息
窕	邃
窖	藏
窗	口
窗	口	期
窗	子
窗	帷
窗	幔
窗	扇
窗	框
窗	玻	璃
窗	花
窘	境
窘	迫
窟	窿
窟	窿	眼
窟	臀
窠	臼
窨	井
窸	窣
立	下
立	交
立	像
立	冬
立	刀	旁
立	刻
立	功
立	即
立	可	白
立	地	成	佛
立	夏
立	委
立	威
立	定
立	式
立	德
立	志
立	意
立	方
立	方	公	尺
立	方	根
立	方	米
立	春
立	案
立	正
立	法
立	法	院
立	百	病	毒
立	秋
立	蛋
立	言
立	足
立	身
立	院
立	陶	宛
立	陶	宛	人
站	住
站	地
站	姿
站	牌
站	立
站	街	女
站	起
竟	敢
竟	日
竟	然
竟	陵
章	太	炎
章	子
章	子	怡
章	炳	麟
章	程
竣	工
童	乩
童	便
童	女
童	婚
童	子
童	子	尿
童	山	濯	濯
童	工
童	年
童	床
童	心
童	星
童	模
童	玩
童	生
童	男
童	真
童	稚
童	蒙
童	趣
童	身
竭	力
竭	心
端	上
端	倪
端	到	端
端	到	端	加	密
端	午
端	口
端	坐
端	子
端	尿
端	屎
端	州
端	方
端	木
端	架	子
端	正
端	然
端	的
端	看
端	站
端	粒
端	粒	酶
端	菜
端	面
竹	刀
竹	北
竹	北	市
竹	南
竹	器
竹	塘
竹	子
竹	山
竹	崎
竹	布
竹	帛
竹	排
竹	木
竹	板
竹	林
竹	溪
竹	田
竹	竿
竹	笙
竹	筒
竹	筒	倒	豆	子
竹	管
竹	篦
竹	篾
竹	芋
竹	茹
竹	青
竹	鞭
竺	乾
竺	教
竺	法
竿	子
笄	冠
笄	年
笄	蛭
笆	斗
笑	不	可	仰
笑	不	可	抑
笑	吟	吟
笑	哈	哈
笑	嘻	嘻
笑	容
笑	容	可	掬
笑	意
笑	掉	大	牙
笑	料
笑	料	百	出
笑	星
笑	林
笑	柄
笑	盈	盈
笑	眯	眯
笑	破	肚	皮
笑	貌
笑	面	虎
笙	歌
笙	管
笙	簧
笛	子
笛	沙	格
笛	膜
笞	刑
笞	掠
笞	杖
笞	棰
笞	背
笞	臀
笞	辱
笤	帚
符	串
符	合
符	咒
符	拉	迪	沃	斯	托	克
符	文
符	板
符	牌
笨	人
笨	伯
笨	到	家	了
笨	口	拙	舌
笨	嘴	拙	腮
笨	嘴	拙	舌
笨	嘴	笨	舌
笨	拙
笨	瓜
笨	蛋
笨	重
第	一
第	一	世	界
第	一	例
第	一	型	糖	尿	病
第	一	基	本	形	式
第	一	夫	人
第	一	季	度
第	一	手
第	一	把	手
第	一	桶	金
第	一	次
第	一	步
第	一	流
第	一	炮
第	一	眼
第	一	象	限
第	三	世	界
第	三	位
第	三	十
第	三	地
第	三	季	度
第	三	方
第	三	者
第	二
第	二	世	界
第	二	位
第	二	型	糖	尿	病
第	二	天
第	二	季	度
第	二	性
第	二	春
第	二	次
第	五
第	六	感
第	勒	尼	安	海
第	四	季
第	四	季	度
第	戎
第	比	利	斯
第	蒙
筀	竹
筅	帚
等	一	下
等	一	等
等	不	及
等	位
等	位	基	因
等	候
等	值
等	分
等	到
等	化	器
等	同
等	周
等	周	不	等	式
等	因	奉	此
等	差
等	式
等	待
等	效
等	比
等	第
等	等
等	而	下	之
等	腰	三	角	形
等	距
筊	杯
筋	斗
筋	膜
筋	骨
筏	子
筑	波
筒	子
筒	子	米	糕
筒	鼓
答	卷
答	拜
答	案
答	理
答	疑
答	白
答	腔
筕	篖
策	勒
策	反
策	士
策	展
策	展	人
策	源	地
策	略
筢	子
筲	箍
筲	箕
筵	上
筵	席
筵	席	捐
筷	子
筷	子	腿
筷	子	芥
箅	子
箍	嘴
箍	子
箍	桶
箍	桶	匠
箍	桶	店
箍	煲
箍	麻
箕	子
算	不	了
算	不	得
算	了
算	你	狠
算	出
算	力
算	卦
算	命
算	命	先	生
算	命	家
算	命	者
算	子
算	是
算	法
箜	篌
箜	簧
管	井
管	他
管	他	三	七	二	十	一
管	他	呢
管	他	的
管	仲
管	住
管	保
管	制
管	取
管	套
管	子
管	子	工
管	它
管	家
管	家	婆
管	工
管	座
管	待
管	情
管	扳	手
管	控
管	教
管	束
管	治
管	理
管	理	人
管	理	站
管	用
管	胞
管	路
管	道
管	龠
箢	箕
箢	篼
箭	步
箭	毒	木
箭	毒	蛙
箭	牌
箭	矢
箭	竹
箱	子
箱	庭
箱	根
箱	梁
箱	鼓
箴	言
篆	刻
篆	工
篇	什
篇	幅
篇	目
篇	章
篝	火
篡	位
篡	改
篡	政
篡	立
篡	逆
篦	子
篷	布
篾	匠
篾	席
簇	射
簇	新
簉	室
簌	簌
簕	竹
簧	片
簧	管
簧	舌
簸	箕
簿	子
簿	籍
籀	文
籍	籍
米	兔
米	其	林
米	利	班	德
米	制
米	夫
米	奇
米	奇	老	鼠
米	姆
米	字	旗
米	尺
米	已	成	炊
米	拉
米	易
米	果
米	格
米	白	色
米	突
米	粉
米	粉	肉
米	粒
米	粥
米	精
米	糠
米	老	鼠
米	脂
米	芾
米	袋	子
米	高
米	高	梅
米	麴	菌
籼	稻
籼	米
粉	䎃
粉	刷
粉	刺
粉	土
粉	底
粉	拳
粉	末
粉	板
粉	盒
粉	砂
粉	砂	岩
粉	砂	石
粉	碎
粉	粿
粉	色
粉	芡
粉	蝶
粉	身	碎	骨
粉	黛
粒	子
粒	子	加	速	器
粒	子	束
粒	子	流
粒	子	物	理
粗	估
粗	俗
粗	分
粗	剪
粗	劣
粗	劣	作	品
粗	口
粗	大
粗	心
粗	心	大	意
粗	放
粗	暴
粗	榧
粗	活
粗	率
粗	略
粗	疏
粗	砂
粗	笨
粗	糙
粗	莽
粗	豪
粗	鄙
粗	野
粗	陋
粘	乎	乎
粘	扣
粘	接
粘	稠
粘	糯
粘	聚
粟	子
粟	米
粟	裕
粥	少	僧	多
粥	棚
粲	夸	克
粲	然
粳	稻
粳	米
粼	粼
粽	子
精	光
精	兵
精	分
精	力
精	力	充	沛
精	品
精	品	店
精	囊
精	妙
精	子
精	子	密	度
精	密
精	密	化
精	密	陶	瓷
精	巢
精	工
精	巧
精	度
精	彩
精	微
精	心
精	怪
精	打	光
精	日
精	明
精	校
精	氨	酸
精	河
精	油
精	液
精	深
精	湛
精	疲	力	竭
精	瘦
精	白
精	益	求	精
精	研
精	神
精	神	健	康
精	神	分	析
精	神	分	裂	症
精	神	奕	奕
精	神	官	能	症
精	神	性
精	神	恍	惚
精	神	支	柱
精	神	文	明
精	神	日	本	人
精	神	生	活
精	神	疾	病
精	神	病
精	神	病	患
精	神	病	院
精	神	百	倍
精	神	科
精	神	衰	弱
精	算
精	米
精	粹
精	索
精	美
精	肉
精	良
精	英
精	通
精	障
精	髓
精	魂
粿	汁
糅	合
糊	口
糊	名
糊	嘴
糊	弄
糊	精
糊	糊
糌	粑
糍	粑
糖	分
糖	原
糖	友
糖	寮
糖	尿	病
糖	房
糖	果
糖	水
糖	汁
糖	油	粑	粑
糖	瓜
糖	稀
糖	粉
糖	精
糖	脂
糖	苷
糖	萼
糖	蛋	白
糖	蜜
糖	衣
糖	酵	解
糖	醇
糖	醋
糖	醋	肉
糖	醋	里	脊
糖	高	粱
糗	事
糙	皮	病
糙	米
糟	了
糟	心
糟	粕
糟	糕
糟	糠
糟	糠	妻
糟	蹋
糟	透
糠	疹
糠	秕
糠	醛
糨	子
糨	糊
糯	稻
糯	米
糯	米	粉
糯	米	糍
糯	米	糕
系	主	任
系	列
系	列	放	大	器
系	列	片
紊	流
素	不	相	能
素	人
素	常
素	手
素	描
素	日
素	昧	平	生
素	有
素	材
素	皮
素	筵
素	肉
素	菜
素	雅
素	面
素	面	朝	天
素	食
素	食	者
索	取
索	命
索	契
索	尼
索	引
索	性
索	普
索	求
索	然
索	然	寡	味
索	福	克	勒	斯
索	福	克	里	斯
索	索
索	要
索	解
索	道
紫	丁	香
紫	外
紫	外	光
紫	式	部
紫	斑
紫	晶
紫	杉
紫	杉	醇
紫	檀
紫	水	晶
紫	石	英
紫	砂
紫	禁	城
紫	竹
紫	米
紫	色
紫	芝	眉	宇
紫	花	地	丁
紫	草
紫	草	科
紫	菀
紫	菜
紫	菜	薹
紫	薇
紫	藤
紫	袍
紫	貂
紫	金
紫	金	山
紫	金	山	天	文	台
紫	金	牛
累	加	器
累	及
累	垮
累	心
累	成	狗
累	死	累	活
累	犯
累	累
累	趴
絘	布
絮	叨
絮	嘴
絮	棉
絮	片
絮	球
絮	絮
絮	絮	叨	叨
絮	聒
綦	江
綷	縩
繁	博
繁	多
繁	密
繁	峙
繁	忙
繁	文
繁	昌
繁	星
繁	本
繁	殖
繁	盛
繁	育
繁	花
繁	茂
繁	衍
繁	重
纂	修
缺	一	不	可
缺	乏
缺	乏	症
缺	位
缺	勤
缺	口
缺	嘴
缺	失
缺	少
缺	席
缺	德
缺	德	事
缺	德	鬼
缺	心	少	肺
缺	心	眼
缺	憾
缺	氧
缺	氧	症
缺	水
缺	油
缺	漏
缺	省
缺	血
缺	衣	少	食
缺	角
缺	陷
罄	然
罄	身
罅	隙
罐	子
罕	有
罩	子
罩	杯
罩	衣
罩	衫
罩	袍
罪	人
罪	刑
罪	名
罪	孽
罪	性
罪	愆
罪	案
罪	犯
罪	疚
罪	行
罪	行	累	累
罪	魁
置	之	不	理
置	之	度	外
置	信
置	信	水	平
置	信	限
置	入
置	喙
置	放
置	景
置	疑
置	身
置	身	事	外
罱	泥	船
署	名
署	方
罹	患
羊	入	虎	口
羊	卓	雍	措
羊	城
羊	奶
羊	年
羊	怪
羊	拐
羊	排
羊	桃
羊	毛
羊	毛	出	在	羊	身	上
羊	毛	毯
羊	毛	脂
羊	毛	衫
羊	水
羊	水	穿	刺
羊	油
羊	男
羊	皮
羊	穿
羊	羔
羊	群
羊	羹
羊	肉
羊	肉	串
羊	肚	子	手	巾
羊	肚	子	毛	巾
羊	肚	手	巾
羊	脂	白	玉
羊	膜
羊	膜	穿	刺
羊	角	包
羊	角	村
羊	角	芹
羊	角	豆
羌	族
羌	活
羌	笛
美	中
美	中	不	足
美	中	台
美	乃	滋
美	事
美	人
美	人	坯	子
美	人	尖
美	人	胚	子
美	人	腿
美	人	蕉
美	他	沙	酮
美	以	美
美	元
美	其	名	曰
美	刀
美	分
美	利	奴	羊
美	加
美	化
美	名
美	味
美	味	可	口
美	味	牛	肝	菌
美	善
美	因	茨
美	女
美	好
美	妙
美	姑
美	姑	河
美	宇	航	局
美	容
美	容	女
美	容	店
美	容	院
美	工
美	工	刀
美	差
美	差	事
美	巴
美	帝
美	式
美	式	咖	啡
美	式	足	球
美	德
美	心
美	意
美	感
美	日
美	景
美	智	子
美	朝
美	杜	莎
美	汁	源
美	沙	酮
美	洛	昔	康
美	洲
美	洲	虎
美	洲	豹
美	滋	滋
美	玉
美	玲
美	甲
美	白
美	的
美	眄
美	眉
美	瞳
美	石
美	神
美	籍
美	粒	果
美	耐	板
美	耐	皿
美	色
美	英
美	言
美	貌
美	酒
美	金
美	食
美	食	家
美	食	沙	漠
美	食	荒	漠
美	食	街
美	餐
羔	皮
羔	羊
羚	牛
羚	羊
羞	怯
羞	愧
羞	答	答
羞	赧
羞	辱
群	交
群	件
群	嘲
群	居
群	山
群	峰
群	架
群	演
群	租
群	聊
群	聚
群	花
群	芳
群	英
群	落
群	言	堂
群	起	而	攻	之
群	雄
群	雄	逐	鹿
群	集
群	震
羧	基
羧	基	酸
羧	甲	司	坦
羧	酸
羯	族
羯	磨
羯	羊
羯	胡
羯	鼓
羯	鼓	催	花
羱	羊
羲	皇	上	人
羸	弱
羹	藜	含	糗
羹	藜	唅	糗
羼	水
羽	冠
羽	化
羽	客
羽	尾	袋	鼯
羽	族
羽	林
羽	毛
羽	毛	球
羽	流
羽	涅
羽	球
羽	田
羽	翼
羽	裂
翁	姑
翁	婿
翁	山
翁	源
翁	牛	特
翁	牛	特	旗
翅	子
翅	展
翅	膀
翅	膀	硬
翌	年
翌	日
翎	子
翎	毛
翔	回
翔	安
翟	理	斯
翠	冠	玉
翠	青	蛇
翡	冷	翠
翡	翠
翩	然	而	至
翩	翩
翩	翩	起	舞
翰	林
翰	林	院
翱	翔
翳	眼
翻	一	番
翻	作
翻	供
翻	修
翻	倍
翻	倒
翻	印
翻	卷
翻	唱
翻	嘴
翻	天	覆	地
翻	子	拳
翻	悔
翻	拍
翻	新
翻	本
翻	案
翻	桌
翻	桌	率
翻	江	倒	海
翻	沉
翻	炒
翻	然
翻	然	悔	悟
翻	版
翻	版	碟
翻	番
翻	白	眼
翻	看
翻	空	出	奇
翻	筋	斗
翻	糖
翻	耕
翻	船
翻	覆
翻	越
翻	跟	斗
翻	身
翻	造
翻	遍
翼	城
翼	子	板
翼	展
翼	瓣
翼	翼
翼	膜
耀	州
耀	德
耀	斑
耀	眼
耀	西
老	一	套
老	丈
老	丈	人
老	三	篇
老	三	色
老	不	死
老	二
老	人
老	人	家
老	人	院
老	伯
老	伯	伯
老	伴
老	例
老	兄
老	公
老	公	公
老	兵
老	到
老	化
老	化	酶
老	千
老	半	天
老	去
老	友
老	叟
老	古	板
老	君
老	吾	老	，	以	及	人	之	老
老	吾	老	，	以	及	人	之	老	，	幼	吾	幼	，	以	及	人	之	幼
老	土
老	地	方
老	城
老	境
老	墨
老	外
老	大
老	大	不	小
老	大	哥
老	大	娘
老	天
老	太
老	太	公
老	太	太
老	太	婆
老	夫
老	套
老	套	子
老	奶	奶
老	奸	巨	猾
老	好	人
老	姥
老	娘
老	婆
老	子
老	客
老	家
老	家	伙
老	小
老	小	老	小
老	少
老	少	咸	宜
老	少	皆	宜
老	年
老	年	人
老	年	期
老	式
老	弟
老	成
老	成	持	重
老	手
老	抽
老	拙
老	掉	牙
老	旦
老	早
老	是
老	朋	友
老	本
老	朽
老	框	框
老	梗
老	歌
老	死
老	毛	子
老	毛	病
老	江	湖
老	河	口
老	河	口	市
老	油	子
老	派
老	父
老	爸
老	爹
老	牌
老	牛	吃	嫩	草
老	狐	狸
老	玉	米
老	生
老	登
老	百	姓
老	眼	昏	花
老	神	在	在
老	等
老	粗
老	美
老	羞	成	怒
老	翁
老	老
老	耄
老	者
老	聃
老	舍
老	花
老	花	眼
老	虎
老	虎	凳
老	虎	灶
老	虎	菜
老	蚌	生	珠
老	街
老	趼
老	路
老	辣
老	酒
老	饕
老	黑
老	鼠
老	鼠	尾	巴
老	鼠	洞
老	鼻	子
考	上
考	中
考	克	斯
考	入
考	公
考	分
考	勤
考	勤	簿
考	勤	表
考	卷
考	取
考	古
考	古	家
考	完
考	官
考	察
考	察	船
考	拉
考	文	垂
考	期
考	本
考	查
考	核
考	波	什	堡
考	生
考	研
考	砸
考	究
考	量
考	霸
耄	倪
耄	思
耄	期
耄	耋
耄	耋	之	年
者	流
耆	宿
而	且
而	今
而	已
而	是
而	立	之	年
而	言
耍	嘴	皮
耍	嘴	皮	子
耍	子
耍	弄
耍	手	腕
耍	滑
耍	猴
耍	私	情
耍	花	招
耐	久
耐	克
耐	力
耐	受
耐	受	力
耐	受	性
耐	寒
耐	心
耐	性
耐	操
耐	水
耐	水	性
耐	洗
耐	火
耐	火	土
耐	用
耐	用	品
耐	看
耐	磨
耐	穿
耐	酸
耒	耜
耕	作
耕	地
耕	奴
耕	犁
耕	田
耕	畜
耕	者	有	其	田
耕	耘
耗	力
耗	失
耗	子
耗	子	尾	汁
耗	散
耗	材
耗	油	量
耗	能
耙	地
耙	子
耙	耳	朵
耦	合
耦	居
耲	耙
耳	下	腺
耳	光
耳	刮	子
耳	力
耳	垂
耳	垢
耳	塞
耳	套
耳	子
耳	屎
耳	廓
耳	廓	狐
耳	挖
耳	挖	勺
耳	挖	子
耳	提	面	命
耳	朵
耳	根
耳	根	子
耳	洞
耳	源	性
耳	濡	目	染
耳	熟
耳	片
耳	畔
耳	痛
耳	目
耳	目	一	新
耳	石
耳	石	症
耳	罩
耳	背
耳	膜
耳	返
耳	道
耳	郭
耳	鼓
耳	鼻	咽	喉
耶	利	哥
耶	利	米
耶	利	米	哀	歌
耶	哥	尼	雅
耶	弗	他
耶	律
耶	律	大	石
耶	律	楚	材
耶	西
耶	路	撒	冷
耷	拉
耽	溺
耽	美
耿	介
耿	直
耿	耿
聊	且
聊	以
聊	以	自	慰
聊	城
聊	城	市
聊	天
聊	天	室
聊	生
聊	表	寸	心
聒	噪
聒	耳
聘	任
聘	娶	婚
聘	用
聘	金
聚	丙	烯
聚	乙	烯
聚	伙
聚	光
聚	友
聚	合
聚	合	作	用
聚	合	物
聚	合	酶
聚	四	氟	乙	烯
聚	在	一	起
聚	居
聚	居	地
聚	散
聚	晤
聚	氨	酯
聚	氯	乙	烯
聚	沙	成	塔
聚	焦
聚	甲	醛
聚	碳	酸	酯
聚	苯	乙	烯
聚	落
聚	酯
聚	酰	胺
聚	集
聚	餐
聚	首
肆	意
肆	虐
肆	行
肇	事
肇	事	者
肇	事	逃	逸
肇	俊	哲
肇	因
肇	始
肇	州
肇	源
肇	端
肉	丁
肉	中	刺
肉	丸
肉	乎	乎
肉	冠
肉	刑
肉	包	子	打	狗
肉	商
肉	嘟	嘟
肉	感
肉	搏
肉	搜
肉	末
肉	果
肉	桂
肉	棒
肉	毒	中	毒
肉	毒	素
肉	汁
肉	沫
肉	燥
肉	片
肉	瘤
肉	皮
肉	盾
肉	眼
肉	眼	凡	胎
肉	票
肉	糜
肉	羹
肉	脯
肉	袒
肉	豆	蔻
肉	豆	蔻	科
肉	身
肉	食
肉	骨	茶
肉	麻
肋	眼
肋	骨
肌	球	蛋	白
肌	理
肌	肉
肌	肉	注	射
肌	肉	男
肌	胃
肌	腱
肌	酸
肏	屄
肏	蛋
肖	似
肖	像
肖	恩
肖	想
肖	邦
肘	子
肘	腋
肚	兜
肚	子
肚	子	痛
肚	孤
肚	痛
肚	皮
肚	皮	舞
肚	腩
肚	腹
肛	交
肛	塞
肛	欲	期
肛	毛
肛	裂
肝	火
肝	炎
肝	病
肝	癌
肝	硬	化
肝	糖
肝	醣
股	交
股	份
股	份	公	司
股	份	制	公	司
股	份	有	限	公	司
股	利
股	市
股	息
股	指
股	掌
股	本
股	民
股	票
股	票	交	易	所
股	肱
股	骨
肢	解
肥	力
肥	厚
肥	城
肥	城	市
肥	墩	墩
肥	大
肥	差
肥	效
肥	料
肥	水	不	流	外	人	田
肥	沃
肥	滋	滋
肥	甘
肥	田
肥	田	粉
肥	皂
肥	皂	水
肥	皂	沫
肥	皂	泡
肥	缺
肥	羊
肥	美
肥	肉
肥	肝
肥	胖
肥	胖	症
肥	膘
肥	西
肩	周	炎
肩	扛
肩	章
肩	胛
肩	胛	骨
肩	膀
肩	膊
肩	起
肩	部
肯	塔	基
肯	塔	基	州
肯	定
肯	定	句
肯	尼	迪
肯	尼	迪	航	天	中	心
肯	尼	迪	角
肯	德	基
肯	德	拉
肯	普	索	恩
肯	特
肱	骨
育	人
育	幼	袋
育	幼	院
育	有
育	水
育	空
肸	肸
肺	心	病
肺	栓	塞
肺	泡
肺	活	量
肺	炎
肺	炎	克	雷	伯	氏	菌
肺	病
肺	癌
肺	腑
肺	腑	之	言
肽	基
肽	聚	糖
胃	下	垂
胃	口
胃	囊
胃	寒
胃	小	凹
胃	液
胃	炎
胃	疼
胃	病
胃	痛
胃	癌
胃	蛋	白	酶
胃	袋
胃	酸
胄	子
胄	甲
胄	裔
背	信
背	倚
背	光
背	刺
背	包
背	包	客
背	包	袱
背	叛
背	叛	者
背	囊
背	地
背	城	借	一
背	字
背	山
背	影
背	德
背	心
背	斜
背	景
背	板
背	榜
背	泳
背	脊
背	逆
背	部
背	靠	背
背	面
背	骨
胎	便
胎	座
胎	教
胎	死	腹	中
胎	生
胎	面
胖	乎	乎
胖	人
胖	嘟	嘟
胖	墩	墩
胖	大	海
胖	子
胖	次
胚	乳
胚	囊
胚	囊	泡
胚	泡
胚	珠
胚	胎
胚	芽
胚	芽	米
胚	芽	鞘
胞	嘧	啶
胞	波
胞	藻
胞	衣
胡	人
胡	佛
胡	佳
胡	克
胡	吃	海	喝
胡	吃	海	塞
胡	同
胡	吹
胡	天
胡	天	胡	帝
胡	夫
胡	姬	花
胡	安
胡	弄
胡	志	明
胡	志	明	市
胡	想
胡	慧	中
胡	扯
胡	扯	八	溜
胡	扯	淡
胡	搞
胡	桃
胡	椒
胡	椒	子
胡	椒	粉
胡	椒	粒
胡	椒	薄	荷
胡	燕	妮
胡	狼
胡	琴
胡	瓜
胡	笙
胡	紫	薇
胡	耀	邦
胡	芫
胡	花
胡	荽
胡	蜂
胡	豆
胡	越
胡	鄂	公
胡	雁
胡	麻
胡	麻	籽
胥	吏
胬	肉
胭	脂
胯	下	之	辱
胯	下	物
胯	骨
胰	子
胰	液
胰	腺
胰	腺	炎
胳	肢
胳	膊
胳	膊	肘
胳	膊	肘	子
胳	膊	肘	往	外	拐
胳	膊	肘	朝	外	拐
胳	臂
胸	中
胸	乳
胸	前
胸	卡
胸	口
胸	噎
胸	大	肌
胸	廓
胸	推
胸	有	丘	壑
胸	有	城	府
胸	有	成	略
胸	有	成	竹
胸	有	成	算
胸	椎
胸	槽
胸	牌
胸	甲
胸	章
胸	罩
胸	肉
胸	肌
胸	脯
胸	腔
胸	腺
胸	腺	嘧	啶
胸	膛
胸	膜
胸	膜	炎
胸	臆
胸	花
胸	襟
胸	透
胸	部
胸	靶
胸	音
胸	骨
胺	基	酸
胼	手	胝	足
胼	胝
能	上	能	下
能	事
能	人
能	伸	能	屈
能	力
能	否
能	屈	能	伸
能	彀
能	手
能	效
能	歌	善	舞
能	源
能	源	短	缺
能	耐
能	耗
能	量
脂	粉
脂	肪
脂	肪	肝
脂	肪	酸
脂	膏
脂	蛋	白
脂	酸
脆	弱
脆	爽
脆	片
脆	皮
脆	脆
脊	柱
脊	柱	裂
脊	梁
脊	梁	骨
脊	椎
脊	椎	骨
脊	灰
脊	索
脊	肋
脊	背
脊	骨
脊	髓
脊	髓	炎
脖	子
脯	子
脯	氨	酸
脲	醛
脾	性
脾	胃
腋	下
腋	毛
腋	生
腋	臭
腋	芽
腐	乳
腐	刑
腐	化
腐	女
腐	朽
腐	殖	土
腐	殖	酸
腐	竹
腐	肉
腐	臭
腓	力
腓	尼	基
腓	特	烈	斯	塔
腓	立	比
腓	骨
腔	壁
腔	子
腔	隙
腕	子
腕	隧	道	症	候	群
腥	臭
腧	穴
腩	炙
腮	托
腮	腺
腮	腺	炎
腰	包
腰	子
腰	封
腰	板
腰	果
腰	椎
腰	肉
腰	肢
腰	胯
腰	身
腰	部
腰	金	衣	紫
腰	骨
腰	鼓
腱	外	膜
腱	子
腱	弓
腱	炎
腱	鞘
腱	鞘	炎
腹	哀
腹	地
腹	壁
腹	水
腹	痛
腹	直	肌
腹	稿
腹	笥	便	便
腹	肌
腹	腔
腹	膜
腹	足
腹	部
腹	黑
腺	嘌	呤
腺	嘌	呤	核	苷	三	磷	酸
腺	毛
腺	病
腺	病	毒
腺	癌
腺	苷
腺	鼠	疫
腿	了
腿	玩	年
腿	肚	子
腿	腕
腿	部
膀	子
膀	胱
膀	胱	炎
膀	臂
膂	力
膈	肌
膈	膜
膏	方
膏	立
膏	血
膘	肥
膙	子
膜	孔
膜	拜
膜	炎
膜	翅	目
膝	上	型
膝	上	舞
膝	下
膝	袒
膨	化
膨	大
膳	食
膻	中
膻	中	穴
臀	位
臀	位	分	娩
臀	大	肌
臀	尖
臀	推
臀	瓣
臀	疣
臀	肌
臀	部
臂	力
臂	力	棒
臂	展
臂	章
臂	膀
臂	膊
臆	想
臆	想	狂
臆	想	症
臆	羚
臆	造
臊	子
臊	眉	耷	眼
臊	腥
臣	一	主	二
臣	下
臣	僚
臣	妾
臣	子
臣	服
臣	民
臧	克	家
自	上	而	下
自	下	而	上
自	不	待	言
自	不	量	力
自	主
自	乘
自	作	多	情
自	作	孽
自	作	自	受
自	便
自	保
自	信
自	信	心
自	修
自	傲
自	刎
自	制
自	制	力
自	力	更	生
自	助
自	助	洗	衣	店
自	助	餐
自	勉
自	卑
自	卑	心	理
自	反
自	取
自	取	其	咎
自	取	其	辱
自	古
自	吹	自	擂
自	命
自	命	不	凡
自	命	清	高
自	喻
自	嗨
自	嘲
自	在
自	大
自	大	狂
自	失
自	如
自	始
自	家
自	家	人
自	封
自	封	袋
自	尊
自	尊	心
自	居
自	己
自	己	人
自	幼
自	序
自	底	向	上
自	律
自	得
自	忖
自	怨	自	艾
自	恃
自	悔
自	愈
自	愧	不	如
自	愧	弗	如
自	慰
自	成	一	家
自	我
自	我	催	眠
自	我	安	慰
自	我	解	嘲
自	我	陶	醉
自	戕
自	打
自	找
自	找	苦	吃
自	抑
自	拍
自	拍	器
自	拍	模	式
自	拍	照
自	拍	神	器
自	拔
自	持
自	指
自	掏	腰	包
自	排
自	控
自	摸
自	救
自	新
自	旋
自	有
自	有	品	牌
自	查
自	欺
自	欺	欺	人
自	此
自	比
自	沉
自	治
自	治	州
自	治	市
自	治	旗
自	洽
自	洽	性
自	流	井
自	淫
自	溺
自	焚
自	然
自	然	之	友
自	然	人
自	然	史
自	然	段
自	然	法
自	然	界
自	然	而	然
自	然	醒
自	燃
自	爆
自	理
自	用
自	由
自	由	刑
自	由	化
自	由	古	巴
自	由	城
自	由	基
自	由	女	神	像
自	由	市
自	由	度
自	由	式
自	由	意	志
自	由	放	任
自	由	散	漫
自	由	泳
自	由	派
自	由	港
自	由	焓
自	由	神	像
自	由	自	在
自	由	行
自	由	降	落
自	留	地
自	留	山
自	白
自	相
自	相	矛	盾
自	省
自	矜
自	知	之	明
自	研
自	私
自	私	自	利
自	立
自	繇	自	在
自	罪
自	若
自	行
自	行	其	是
自	要
自	言
自	豪
自	豪	感
自	足
自	身
自	身	利	益
自	述
自	酌
自	重
自	食	其	力
自	食	其	果
自	食	苦	果
自	首
自	高
自	高	自	大
自	黑
臭	名	昭	彰
臭	名	昭	著
臭	味
臭	味	相	投
臭	屁
臭	架	子
臭	棋
臭	氧
臭	烘	烘
臭	皮	囊
臭	粉
臭	美
臭	老	九
臭	臭
臭	豆	腐
臭	鼬
至	上
至	交
至	人
至	今
至	多
至	好
至	尊
至	少
至	德
至	此
至	理	名	言
至	若
至	高
致	仕
致	以
致	使
致	信
致	函
致	力
致	命
致	哀
致	富
致	意
致	敬
致	歉
致	死
致	死	性
致	死	量
致	畸
致	病
致	病	性
致	病	菌
致	癌
致	癌	物
臻	化	境
臻	至
臼	窠
舀	勺
舀	子
舀	水
舅	嫂
舅	母
舅	父
舅	舅
舌	下
舌	下	含	服
舌	下	片
舌	下	腺
舌	吻
舌	尖
舌	尖	前	音
舌	尖	音
舌	根
舌	苔
舌	面
舌	音
舍	下
舍	人
舍	利
舍	利	塔
舍	利	子
舍	利	子	塔
舍	友
舍	妹
舍	弟
舒	坦
舒	城
舒	展
舒	心
舒	曼
舒	服
舒	淇
舒	眠
舒	肥
舒	肥	法
舒	舒	服	服
舒	芙	蕾
舔	吮
舔	屁	股
舔	狗
舔	肛
舔	舐
舜	帝	陵
舞	伴
舞	妓
舞	姿
舞	弄
舞	弊
舞	技
舞	抃
舞	文	弄	墨
舞	曲
舞	步
舞	水	端	里
舞	池
舞	者
舞	蹈
舞	蹈	家
舟	山
舟	山	市
舟	曲
舟	船
舢	板
航	司
航	向
航	天
航	天	中	心
航	天	器
航	天	局
航	展
航	徽
航	拍
航	模
航	次
航	段
航	母
航	海
航	海	家
航	海	年	表
航	海	者
航	班
航	班	表
航	程
航	空
航	空	信
航	空	公	司
航	空	器
航	空	局
航	空	港
航	空	站
航	空	航	天	局
航	站
航	船
航	行
航	速
航	道
般	若
般	配
般	雀	比	拉	多
舴	艋
舵	手
舵	把
舵	旁
舷	梯
舷	窗
船	主
船	位
船	埠
船	夫
船	家
船	尾
船	尾	座
船	山
船	工
船	帆
船	帆	座
船	底	座
船	政	大	臣
船	方
船	梯
船	民
船	票
船	篷
船	籍
船	籍	港
船	老	大
船	舵
船	舶
船	舷
船	艄
船	身
船	首
艄	公
艅	艎
艇	甲	板
艋	舺
艨	艟
良	久
良	人
良	伴
良	友
良	吉
良	善
良	多
良	好
良	宵	美	景
良	家
良	家	女	子
良	工	心	苦
良	心
良	心	喂	狗
良	心	未	泯
良	心	犯
良	性
良	方
良	朋	益	友
良	材
良	桐
良	民
良	渚
良	渚	文	化
良	港
良	田
良	知
良	知	良	能
良	策
良	苦	用	心
良	辰	吉	日
良	辰	美	景
色	丁
色	令	智	昏
色	光
色	友
色	域
色	夷
色	子
色	度
色	弱
色	彩
色	情
色	情	作	品
色	情	片
色	情	狂
色	拉
色	拉	寺
色	拉	油
色	斑
色	氨	酸
色	狼
色	盅
色	目
色	盲
色	相
色	素
色	胚
色	胺	酸
色	色	迷	迷
色	荒
色	迷
色	迷	迷
色	酒
色	香	味	俱	全
色	鬼
色	魔
艾	丁	湖
艾	伯	塔
艾	冬	花
艾	卷
艾	塔
艾	普	西	隆
艾	曼	塔
艾	未	未
艾	比	湖
艾	滋
艾	滋	病
艾	滋	病	毒
艾	滋	病	病	毒
艾	灸
艾	炭
艾	炷
艾	炷	灸
艾	片
艾	特
艾	瑞	巴	蒂
艾	略	特
艾	登	堡
艾	老
艾	草
艾	蒿
艾	虎
艾	迪
艾	迪	卡	拉
艾	迪	生
艾	酒
艾	青
艾	鼬
芊	萰
芋	泥
芋	艿
芋	螺	毒	素
芍	陂
芎	林
芒	刺	在	背
芒	果
芒	果	汁
芒	硝
芒	草
芙	蓉
芙	蓉	出	水
芙	蓉	花
芝	加	哥
芝	士
芝	士	蛋	糕
芝	宇
芝	心
芝	罘
芝	麻
芝	麻	包
芝	麻	官
芝	麻	小	事
芝	麻	油
芝	麻	菜
芡	粉
芣	苢
芥	末
芥	花	油
芥	菜
芥	菜	籽
芥	蒂
芫	花
芫	花	素
芫	荽
芬	多	精
芬	太	尼
芬	尼
芬	芳
芬	香
芭	拉
芭	拉	芭	拉
芭	提	雅
芭	比
芭	芭	拉
芭	菲
芭	蕉
芭	蕉	扇
芭	蕾
芭	蕾	舞
芮	城
芮	氏
芯	子
芯	片
花	不	棱	登
花	俏
花	光
花	冠
花	前	月	下
花	匠
花	卉
花	卷
花	名
花	呢
花	哨
花	商
花	圃
花	圈
花	垣
花	大	姐
花	天	酒	地
花	子
花	季
花	容	月	貌
花	展
花	山
花	巧
花	布
花	床
花	序
花	店
花	式
花	式	游	泳
花	式	溜	冰
花	式	滑	冰
花	式	足	球
花	彩
花	心
花	心	思
花	房
花	托
花	把	式
花	押
花	招
花	拳
花	掉
花	斑
花	旗
花	旦
花	朝	月	夕
花	期
花	木
花	朵
花	束
花	果	山
花	枝
花	枝	招	展
花	架	子
花	柱
花	柳	病
花	栗	鼠
花	梗
花	椒
花	椰	菜
花	池	子
花	活
花	溪
花	滑
花	火
花	炮
花	瓣
花	瓶
花	生
花	生	仁
花	生	秀
花	生	米
花	用
花	甲
花	甲	之	年
花	痴
花	白
花	盆
花	石
花	童
花	簇
花	粉
花	粉	症
花	絮
花	肥
花	腔
花	臂
花	色
花	色	素
花	色	素	苷
花	花	世	界
花	花	公	主
花	花	公	子
花	花	搭	搭
花	苞
花	茶
花	草
花	菜
花	萼
花	蕊
花	蕾
花	蛤
花	蜜
花	蟒
花	街
花	街	柳	巷
花	被
花	豹
花	貌	蓬	心
花	都
花	酒
花	雕
花	露	水
花	青	素
花	香
花	骨	朵
花	魁
花	鼓
芳	容
芳	心
芳	札
芳	苑
芳	香
芳	香	醋
芷	江
芸	帙
芸	窗
芸	芸
芸	草
芸	豆
芸	香
芸	香	科
芹	菜
芽	孢
芽	苗
苄	星	青	霉	素
苄	胺
苓	雅
苔	原
苗	圃
苗	子
苗	家
苗	床
苗	族
苗	期
苗	栗
苗	栗	市
苗	裔
苘	麻
苛	刻
苛	性
苛	捐
苛	求
苜	蓿
苞	片
苞	米
苟	且
苟	且	偷	安
苟	且	偷	生
苟	取
苟	合
苟	同
苟	存
苟	安
苟	活
苡	米
若	且	唯	若
若	干
若	是
若	有	所	亡
若	有	所	失
若	有	所	思
若	望
若	望	福	音
若	然
若	瑟
若	羌
若	翰
若	非
苦	不	唧
苦	不	堪	言
苦	主
苦	事
苦	刑
苦	力
苦	功
苦	口
苦	口	婆	心
苦	味
苦	命
苦	哈	哈
苦	因
苦	境
苦	大	仇	深
苦	寒
苦	工
苦	差
苦	差	事
苦	役
苦	待
苦	心
苦	思
苦	思	冥	想
苦	情
苦	日	子
苦	杏	仁	苷
苦	果
苦	根
苦	楚
苦	楝
苦	水
苦	活
苦	海
苦	海	茫	茫
苦	熬
苦	瓜
苦	甘
苦	痛
苦	竹
苦	笑
苦	艾
苦	艾	酒
苦	苓
苦	苣
苦	苦
苦	苦	哀	求
苦	菊
苦	菜	花
苦	蘵
苦	行
苦	行	僧
苦	衷
苦	趣
苦	迭	塔
苦	迭	打
苦	逼
苯	丙	氨	酸
苯	丙	胺
苯	丙	酮	尿	症
苯	乙	烯
苯	二	氮	䓬
苯	基
苯	氧	基
苯	甲	酰	氯
苯	甲	酸
苯	甲	醛
苯	胺
苯	那	辛
苯	酚
苯	酮	尿	症
英	中
英	仙	座
英	仙	臂
英	俊
英	勇
英	吉	利
英	吉	沙
英	名
英	姿
英	宗
英	寸
英	尺
英	山
英	年
英	年	早	逝
英	式
英	德
英	德	市
英	文
英	明
英	武
英	法
英	烈
英	短
英	石
英	超
英	迪	格	酒	店
英	里
英	雄
英	雄	式
英	雄	救	美
苲	草
苴	麻
茀	星
茂	南
茂	名
茂	名	市
茂	密
茂	才
茂	物
茂	盛
范	仲	淹
范	公	偁
范	德	格	拉	夫
范	德	瓦	耳	斯
范	德	瓦	耳	斯	力
范	志	毅
范	思	哲
范	斯	坦
范	特	西
范	蠡
茄	克	衫
茄	子
茄	科
茅	以	升
茅	坑
茅	屋
茅	山
茅	房
茅	棚
茅	盾
茅	箭
茅	舍
茅	草
茉	莉
茉	莉	花
茉	莉	花	茶
茉	莉	菊	酯
茓	子
茜	素
茜	草
茨	城
茨	欣	瓦	利
茨	菰
茫	然
茫	然	失	措
茫	茫
茬	口
茬	地
茬	子
茭	白
茯	苓
茱	莉	雅
茱	莉	雅	·	吉	拉	德
茱	萸
茳	芏
茴	芹
茴	香
茴	香	籽
茴	香	豆
茵	芋
茶	具
茶	几
茶	包
茶	匙
茶	坊
茶	垢
茶	座
茶	房
茶	晶
茶	杯
茶	水
茶	碗
茶	碗	蒸
茶	缸
茶	缸	子
茶	聚
茶	胺	酸
茶	色
茶	花
茶	藨	子
茶	袋
茶	褐	色
茶	道
茶	陵
茶	隼
茸	毛
茹	古	涵	今
茹	痛
茹	素
茹	苦	含	辛
茹	藘
茼	蒿
荀	子
荀	彧
荇	菜
草	包
草	原
草	原	巨	蜥
草	地
草	坪
草	大	青
草	寇
草	屋
草	屯
草	山
草	帽
草	料
草	木
草	木	灰
草	木	皆	兵
草	本
草	本	植	物
草	果
草	根
草	案
草	民
草	海
草	爬	子
草	率
草	率	收	兵
草	珊	瑚
草	甸
草	皮
草	稿
草	耙
草	船	借	箭
草	芥	人	命
草	草
草	草	了	事
草	草	收	兵
草	莓
草	莓	族
草	莽
草	菅	人	命
草	菇
草	蜢
草	蜻	蛉
草	酸
草	鞋
草	食
荏	苒
荒	井
荒	僻
荒	原
荒	唐
荒	地
荒	寒
荒	山
荒	年
荒	旱
荒	村
荒	淫
荒	漠
荒	漠	化
荒	疏
荒	瘠
荒	草
荒	遐
荒	郊
荒	野
荔	城
荔	枝
荔	枝	核
荔	波
荔	浦
荔	浦	市
荷	包
荷	包	蛋
荷	官
荷	尼	阿	拉
荷	巴	特
荷	花
荷	荷	巴
荷	重
荼	毒
莆	田
莆	田	市
莎	拉
莎	拉	·	佩	林
莎	拉	波	娃
莎	翁
莎	草
莎	莎	舞
莒	光
莒	南
莘	莘
莨	菪
莫	三	比	克
莫	不
莫	不	是
莫	不	然
莫	不	逾	侈
莫	伯	日
莫	利	森
莫	可	奈	何
莫	吉	托
莫	名
莫	名	其	妙
莫	大
莫	奈
莫	如
莫	扎	特
莫	扎	里	拉
莫	斯	特
莫	斯	科
莫	札	特
莫	桑	比	克
莫	泊	桑
莫	洛	尼
莫	耳
莫	蕾
莫	衷	一	是
莫	言
莫	迪
莫	逆
莫	逆	之	交
莫	里	哀
莫	霍	面
莫	非
莫	高	窟
莰	烯
莰	烷
莰	酮
莽	撞
莽	草
莿	桐
菁	英
菅	原
菅	直	人
菇	蕈
菊	池
菊	科
菊	粉
菊	糖
菊	芋
菊	花
菊	花	茶
菊	苣
菌	子
菌	托
菌	柄
菌	界
菌	群
菌	肥
菌	苗
菌	落
菌	褶
菖	蒲
菜	刀
菜	包	子
菜	品
菜	圃
菜	地
菜	墩	子
菜	市
菜	市	仔	名
菜	式
菜	心
菜	板
菜	油
菜	燕
菜	牛
菜	瓜
菜	畦
菜	籽
菜	系
菜	脯
菜	色
菜	花
菜	茹
菜	蔬
菜	豆
菝	葜
菠	烷
菠	菜
菥	蓂
菩	提
菱	形
菱	角
菲	力
菲	力	克	斯
菲	力	牛	排
菲	姬
菲	尼	克	斯
菲	林
菲	菲
菲	薄
菲	酌
菹	醢
萃	取
萋	萋
萌	古
萌	娃
萌	新
萌	生
萌	芽
萍	水	相	逢
萍	蓬	草
萎	蕤
萎	靡
萎	靡	不	振
萘	丸
萘	醌
萜	烯
萱	堂
萱	草
萹	蓄
落	下
落	井	下	石
落	伍
落	俗
落	入
落	土
落	地
落	地	扇
落	地	生	根
落	地	窗
落	地	鼓
落	坐
落	埋	怨
落	基	山
落	子
落	寞
落	差
落	幕
落	座
落	得
落	成
落	托
落	拓
落	日
落	枕
落	榜
落	款
落	水
落	水	狗	上	岸
落	水	管
落	汗
落	泊
落	漆
落	潮
落	炕
落	石
落	空
落	第
落	籍
落	色
落	花	流	水
落	花	生
落	草
落	荒	而	逃
落	落	大	方
落	落	寡	交
落	落	寡	合
落	葬
落	跑
落	雨
落	雷
落	魄
葇	荑	花	序
葎	草
著	作
著	名
著	述
葛	巾
葛	布
葛	摩
葛	根
葛	法	翁
葛	洪
葛	粉
葛	藤
葡	式
葡	文
葡	糖
葡	糖	胺
葡	萄
葡	萄	柚
葡	萄	汁
葡	萄	牙
葡	萄	牙	人
葡	萄	牙	文
葡	萄	球	菌
葡	萄	糖
葡	萄	糖	胺
葡	萄	紫
葡	萄	藤
葡	萄	酒
董	事
董	仲	舒
董	卓
董	奉
董	座
董	必	武
葬	埋
葬	式
葬	玉	埋	香
葬	身
葬	送
葳	蕤
葵	扇
葵	涌
葵	花
葵	花	子
葵	青
葵	鼠
蒂	芙	尼
蒙	冤
蒙	受
蒙	古
蒙	古	人
蒙	古	包
蒙	古	大	夫
蒙	古	族
蒙	古	沙	雀
蒙	古	里
蒙	召
蒙	哄
蒙	嘉	慧
蒙	圈
蒙	城
蒙	塾
蒙	大	拿
蒙	大	拿	州
蒙	太	奇
蒙	山
蒙	彼	利	埃
蒙	恩
蒙	恬
蒙	文
蒙	日
蒙	昧
蒙	求
蒙	牛
蒙	特	卡	洛
蒙	特	卡	洛	法
蒙	特	塞	拉	特
蒙	特	雷
蒙	皮
蒙	羞
蒙	茸
蒙	蒙
蒙	蔽
蒙	覆
蒙	面
蒜	味
蒜	泥
蒜	瓣
蒜	米
蒜	糜
蒜	苗
蒜	蓉
蒜	薹
蒟	蒻
蒭	藁	增	二
蒲	公	英
蒲	包
蒲	城
蒲	式	耳
蒲	扇
蒲	棒
蒲	江
蒲	瓜
蒲	甘
蒲	甘	王	朝
蒲	草	箱
蒲	菜
蒲	葵
蒲	隆	地
蒲	鞋
蒴	果
蒸	散
蒸	汽
蒸	湘
蒸	糕
蒸	蒸	日	上
蒹	葭	倚	玉
蒺	藜
蒽	醌
蓄	意
蓄	水
蓄	水	池
蓇	葖
蓉	城
蓊	菜
蓑	草
蓑	衣
蓓	蕾
蓖	麻
蓖	麻	毒	素
蓖	麻	毒	蛋	白
蓖	麻	籽
蓬	勃
蓬	安
蓬	居
蓬	心
蓬	散
蓬	江
蓬	溪
蓬	茸
蓬	蓬
蓬	首	垢	面
蔓	延
蔓	生
蔓	生	植	物
蔓	草
蔓	菁
蔓	越	橘
蔓	越	莓
蔗	渣
蔗	糖
蔗	糖	素
蔚	成
蔚	起
蔡	依	林
蔡	元	培
蔡	司	公	司
蔡	志	忠
蔡	李	佛
蔡	甸
蔡	英	文
蔡	襄
蔫	呼	呼
蔫	土	匪
蔫	屁
蔫	耷	耷
蔬	果
蔬	菜
蔬	食
蔻	丹
蔻	蔻
蔽	芾
蕉	城
蕉	麻
蕨	菜
蕹	菜
蕺	菜
蕾	哈	娜
薄	一	波
薄	伽	丘
薄	利
薄	厚
薄	命
薄	地
薄	幸
薄	弱
薄	待
薄	情
薄	技
薄	明
薄	暗
薄	暮
薄	板
薄	海
薄	片
薄	瑞	光
薄	田
薄	胎	瓷	器
薄	脆
薄	膜
薄	荷
薄	荷	油
薄	荷	糖
薄	荷	酮
薄	荷	醇
薄	酒
薄	酬
薄	面
薅	羊	毛
薇	薇	安
薏	仁
薏	米
薏	苡
薛	城
薛	居	正
薛	福	成
薛	稷
薪	俸
薪	水
薪	酬
薪	金
薯	泥
薯	片
薯	蓉
薰	衣	草
薹	草
藁	城
藁	本
藁	草
藉	口
藉	由
藏	人
藏	匿
藏	品
藏	奸
藏	拙
藏	掖
藏	文
藏	族
藏	族	人
藏	毛	性	疾	病
藏	獒
藏	私
藏	羚
藏	羚	羊
藏	茴	香	果
藏	藏	掖	掖
藏	象
藏	身
藏	躲
藏	雀
藏	雪	雀
藏	青
藏	青	果
藏	青	色
藐	孤
藐	忽
藐	法
藐	藐
藤	井
藤	原
藤	本
藤	本	植	物
藤	森
藤	椅
藤	球
藤	田
藤	菜
藤	蔓
藤	野
藨	草
藿	香
蘅	塘	退	士
蘑	菇
蘘	荷
蘧	然
蘸	火
蘸	破
虎	不	拉
虎	丘
虎	列	拉
虎	口
虎	子
虎	尾
虎	尾	春	冰
虎	年
虎	斑	蝶
虎	林
虎	林	市
虎	毒	不	食	子
虎	烈	拉
虎	爪	派
虎	牌
虎	牙
虎	符
虎	背	熊	腰
虎	虎
虎	骨
虐	待
虐	待	狂
虐	心
虔	信
虔	信	派
虔	信	者
虔	敬
虞	世	南
虞	喜
虞	城
虞	舜
虰	蛵
虸	蚄
虹	吸
虹	吸	管
虹	彩
虹	膜
虺	虺
虺	蜥
虼	蚤
虼	螂
蚊	子
蚊	子	再	小	也	是	肉
蚊	子	包
蚊	香
蚌	埠
蚌	埠	市
蚌	山
蚍	蜉
蚩	尤
蚯	蚓
蚰	蜒
蚰	蜒	路
蚱	蜢
蚵	仔
蚵	仔	煎
蚶	子
蚺	蛇
蛀	牙
蛇	信
蛇	夫	座
蛇	年
蛇	形
蛇	果
蛇	毒
蛇	毒	素
蛇	皮
蛇	皮	果
蛇	矛
蛇	管
蛇	精	病
蛇	莓
蛇	蒿
蛇	藨
蛇	行
蛇	足
蛇	麻
蛇	麻	草
蛋	包
蛋	卷
蛋	品
蛋	塔
蛋	奶	素
蛋	奶	酥
蛋	氨	酸
蛋	清
蛋	疼
蛋	白
蛋	白	光
蛋	白	石
蛋	白	素
蛋	糕
蛋	糕	裙
蛋	蛋
蛋	逼
蛋	酒
蛐	蟮
蛙	人
蛙	式
蛙	泳
蛙	鞋
蛛	蛛
蛜	蝛
蛞	蝓
蛟	河
蛟	河	市
蛤	蚌
蛤	蚧
蛤	蜊
蛤	蟆
蛤	蟆	夯
蛤	蟹
蛭	石
蛾	子
蛾	摩	拉
蛾	眉
蜀	山
蜀	犬	吠	日
蜀	相
蜀	葵
蜂	乳
蜂	后
蜂	巢
蜂	巢	胃
蜂	房
蜂	毒
蜂	王
蜂	王	乳
蜂	王	精
蜂	箱
蜂	糕
蜂	群
蜂	聚
蜂	蜜
蜂	蜜	酒
蜂	螫
蜂	起
蜃	景
蜈	蚣
蜉	蝣
蜑	人
蜑	家
蜑	民
蜒	蚰
蜘	蛛
蜘	蛛	人
蜘	蛛	痣
蜙	蝑
蜚	蠊
蜚	蠊	科
蜜	囊
蜜	大	腿
蜜	月
蜜	月	假	期
蜜	柑
蜜	桃
蜜	桃	臀
蜜	獾
蜜	穴
蜜	糖
蜜	罐
蜜	胺
蜜	蜂
蜜	蜂	房
蜜	袋	鼯
蜜	露
蜣	螂
蜥	臀	目
蜥	蜴
蜱	咬	病
蜷	伏
蜷	局
蜷	曲
蜻	蛉
蜻	蛉	目
蜻	蜓
蜻	蜓	撼	石	柱
蜻	蜓	目
蜾	蠃
蜿	蜒
蝃	蝥
蝌	蚪
蝗	科
蝙	蝠
蝮	蛇
蝰	蛇
蝲	蛄
蝲	蝲	蛄
蝳	蝐
蝴	蝶
蝴	蝶	犬
蝴	蝶	琴
蝴	蝶	花
蝴	蝶	酥
蝶	古	巴	特
蝶	泳
蝶	骨
螃	蟹
螉	䗥
融	入
融	冰
融	化
融	合
融	和
融	安
融	梗
融	水
融	洽
融	然
融	融
融	解
融	通
融	雪
螟	蛉
螟	蛉	子
螫	中
螭	首
螯	肢
螳	螂
螵	蛸
螺	刀
螺	帽
螺	旋
螺	旋	形
螺	旋	曲	面
螺	旋	粉
螺	旋	藻
螺	栓
螺	母
螺	距
螺	髻
螽	斯
螽	斯	科
蟋	蟀
蟋	蟀	草
蟑	螂
蟑	螂	屋
蟒	蛇
蟒	袍
蟛	蜞
蟠	桃
蟢	子
蟪	蛄
蟪	蛄	不	知	春	秋
蟭	蟟
蟹	味	菇
蟹	獴
蟹	粉
蟹	肉
蟾	蜍
蠕	滑
蠕	蠕
蠛	蠓
蠢	事
蠢	人
蠢	材
蠢	笨
蠢	蛋
蠮	螉
蠲	免
蠲	租
蠲	苛
蠲	除
蠹	吏
蠹	害
蠹	弊
蠹	政
蠹	蛀
蠼	螋
血	中	毒
血	凝
血	凝	素
血	刃
血	友	病
血	口
血	史
血	型
血	塞
血	小	板
血	尿
血	崩
血	性
血	拼
血	族
血	本
血	栓
血	栓	形	成
血	栓	病
血	栓	症
血	案
血	槽
血	氧	含	量
血	氧	量
血	水
血	汗
血	污
血	沉
血	泊
血	洗
血	流
血	流	成	河
血	流	漂	杵
血	液
血	液	恐	怖	症
血	液	病
血	液	透	析
血	淋	淋
血	清
血	清	素
血	牛
血	球
血	田
血	瘤
血	癌
血	盆	大	口
血	祭
血	竭
血	管
血	管	支	架
血	管	瘤
血	管	造	影
血	糖
血	肉
血	肉	模	糊
血	胸
血	脂
血	腥
血	色
血	色	素
血	衣
血	衫
血	象
血	路
血	透
血	雀
血	雉
血	雨
行	不	改	姓	，	坐	不	改	名
行	不	更	名	，	坐	不	改	姓
行	不	通
行	之	有	效
行	乞
行	事
行	人
行	令
行	使
行	刑
行	列
行	列	式
行	刺
行	唐
行	商
行	善
行	囊
行	好
行	客
行	家
行	市
行	得	通
行	情
行	房
行	拘
行	政
行	政	公	署
行	政	命	令
行	政	拘	留
行	政	法
行	政	管	理
行	政	院
行	文
行	旅
行	星
行	期
行	李
行	李	房
行	李	架
行	李	票
行	李	箱
行	李	袋
行	板
行	止
行	波	管
行	淫
行	百	里	者	半	九	十
行	省
行	程
行	署
行	者
行	船
行	色	匆	匆
行	草
行	走
行	距
行	路
行	道
行	酒	令
衍	伸
衍	化
衍	射
衍	射	格	子
衍	射	角
衍	生
衍	生	工	具
衍	生	物
街	上
街	坊
街	巷
街	市
街	旁
街	景
街	段
街	溜	子
街	舞
街	道
衙	役
衙	署
衡	南
衡	山
衡	平
衡	情	酌	理
衡	水
衡	水	市
衡	酌
衡	量
衡	量	制
衢	州
衢	州	市
衣	兜
衣	冠
衣	冠	冢
衣	冠	楚	楚
衣	原	菌
衣	品
衣	子
衣	履
衣	扣
衣	料
衣	服
衣	架
衣	物
衣	甲
衣	胞
衣	衫
衣	衾
衣	袋
衣	袖
衣	裙
衣	裳
衣	襟
衣	角
衣	食
衣	食	住	行
衣	食	父	母
表	位
表	兄
表	兄	弟
表	功
表	叔
表	哥
表	土
表	妹
表	妹	夫
表	姊	妹
表	姐
表	姐	夫
表	姐	妹
表	姑
表	嫂
表	字
表	尺
表	弟
表	弟	妹
表	弟	媳
表	彰
表	情
表	情	包
表	意
表	意	文	字
表	明
表	格
表	演
表	率
表	白
表	皮
表	示
表	示	式
表	章
表	象
表	述
表	露
表	面
表	面	上
表	面	化
表	面	外	膜
表	面	文	章
表	音
衰	亡
衰	人
衰	弱
衰	微
衰	朽
衰	竭
衰	老
衰	落
衰	退
衰	退	期
衷	心
袁	于	令
袁	宏	道
袁	州
袁	枚
袁	桷
袈	裟
袋	子
袋	熊
袋	狼
袋	鼠
袍	子
袒	免
袒	庇
袒	胸
袒	膊
袒	衣
袒	裼
袒	露
袖	口
袖	套
袖	子
袖	扣
袖	珍
袖	珍	人
袖	珍	本
袖	章
袖	筒
袖	箍
袖	管
袖	箭
被	保	人
被	告
被	告	人
被	困
被	套
被	子
被	子	植	物
被	害	人
被	害	者
被	指
被	捕
被	控
被	服
被	毛
被	爆	者
被	物	化
被	疑	者
被	胎
被	褥
被	迫
被	面
袷	袢
袼	褙
裁	人
裁	兵
裁	切
裁	判
裁	判	官
裁	判	所
裁	剪
裁	定
裁	度
裁	撤
裁	汰
裁	答
裁	革
裂	化
裂	口
裂	殖
裂	殖	菌
裂	片
裂	璺
裂	痕
裂	罅
裂	解
裂	谷
裂	隙
裋	褐
裒	多	益	寡
裔	胄
裕	仁
裕	固
裕	固	族
裕	安
裕	度
裕	民
裙	子
裨	益
裱	糊
裱	背
裱	花	袋
裱	褙
裴	回
裸	像
裸	分
裸	地
裸	地	化
裸	奔
裸	女
裸	婚
裸	子	植	物
裸	官
裸	岩
裸	替
裸	模
裸	泳
裸	照
裸	男
裸	眼
裸	睡
裸	聊
裸	袒
裸	裎
裸	足
裸	退
裸	露
裸	露	狂
裹	包
裹	足	不	前
褂	子
褐	冠	山	雀
褐	喉	旋	木	雀
褐	喉	沙	燕
褐	灰	雀
褐	煤
褐	翅	叉	尾	海	燕
褐	翅	雪	雀
褐	背	地	山	雀
褐	色
褒	呔
褒	姒
褒	忠
褚	遂	良
褥	子
褪	下
褪	光
褪	去
褪	色
褪	黑	激	素
褪	黑	素
褯	子
褶	子
褶	子	了
褶	曲
襁	褓
襄	助
襄	垣
襄	城
襄	汾
襄	理
襄	都
襟	兄
襟	副	翼
襟	度
襟	弟
襟	抱
襟	素
襟	翼
西	乃
西	乃	山
西	元
西	元	前
西	充
西	冷
西	北
西	北	方
西	北	航	空	公	司
西	北	部
西	北	雨
西	半	球
西	南
西	南	部
西	印	度
西	吉
西	周
西	和
西	哈	努	克
西	固
西	地	那	非
西	坡	拉
西	城
西	域
西	塔
西	塞	山
西	夏
西	外
西	天
西	太	平	洋
西	奇
西	奈
西	奈	山
西	子
西	子	捧	心
西	孟	加	拉	邦
西	安
西	安	市
西	峰
西	工
西	平
西	康
西	康	省
西	式
西	弗
西	征
西	德
西	德	尼
西	戎
西	打
西	拉
西	拉	雅	族
西	撒	哈	拉
西	敏
西	文
西	斯	塔	尼
西	斯	廷
西	斯	汀
西	方
西	方	人
西	方	狍
西	施
西	施	犬
西	昌
西	昌	市
西	替	利	嗪
西	服
西	村
西	松
西	林
西	柚
西	格	蒙	德
西	棕	胸	佛	法	僧
西	江
西	沉
西	沙
西	洋
西	洋	人
西	洋	景
西	洋	杉
西	洋	棋
西	洋	菜
西	海
西	湖
西	爪	哇
西	王	母
西	班	牙
西	班	牙	人
西	班	牙	文
西	班	牙	港
西	瓜
西	甲
西	皮
西	秀
西	秦
西	端
西	米
西	米	露
西	耶	那
西	芹
西	蒙	·	舒	斯	特
西	藏
西	藏	人
西	藏	獒	犬
西	螺
西	西
西	西	弗	斯
西	西	里
西	部
西	部	片
西	陵
西	青
西	非
西	面
西	餐
西	魏
要	不
要	不	得
要	不	是
要	不	然
要	之
要	事
要	人
要	件
要	命
要	嘛
要	地
要	塞
要	好
要	子
要	害
要	得
要	政
要	旨
要	是
要	有
要	死
要	死	不	活
要	死	要	活
要	求
要	津
要	犯
要	略
要	目
要	看
要	端
要	素
要	著
要	西	了
要	角
要	路
要	道
要	隘
要	面	子
覃	塘
覃	第
覆	亡
覆	核
覆	盆	子
覆	膜
角	力
角	化	病
角	口
角	嘴	海	雀
角	回
角	妓
角	子
角	宿	一
角	尺
角	度
角	弓
角	抵
角	曲	尺
角	朊
角	椅
角	球
角	砧
角	票
角	膜
角	膜	炎
角	色
角	落
角	蛋	白
角	逐
角	速	度
觜	宿
觜	觽
解	㑊
解	乏
解	像	力
解	像	度
解	元
解	免
解	出
解	剖
解	剖	刀
解	剖	室
解	剖	麻	雀
解	包
解	厄
解	吸
解	和
解	嘲
解	囊
解	大	手
解	密
解	寒
解	封
解	小	手
解	悟
解	惑
解	愁
解	手
解	放
解	放	日
解	救
解	散
解	暑
解	析
解	析	度
解	毒
解	法
解	渴
解	理
解	理	方	向
解	理	面
解	甲
解	疑
解	痛
解	禁
解	答
解	耦
解	聘
解	辣
解	酒
解	酲
解	除
觱	篥
觳	觫
言	下	之	意
言	不	由	衷
言	中
言	之	有	物
言	喻
言	外	之	意
言	多	必	失
言	字	旁
言	官
言	必	信	，	行	必	果
言	情
言	教
言	教	不	如	身	教
言	明
言	而	有	信
言	行
言	行	一	致
言	行	不	一
言	行	不	符
言	行	若	一
言	重
詹	天	佑
詹	姆	斯
詹	姆	斯	·	戈	士	林
詹	姆	斯	·	戈	斯	林
詹	姆	斯	·	高	斯	林
詹	森
誓	不	反	悔
誓	死
誓	死	不	降
誓	言
警	世	通	言
警	力
警	匪
警	句
警	告
警	官
警	察
警	察	局
警	察	署
警	局
警	徽
警	悟
警	惕
警	惕	性
警	戒
警	探
警	政	署
警	方
警	服
警	械
警	棍
警	民
警	犬
警	示
警	笛
警	署
警	花
警	醒
譬	喻
譬	如
谷	口
谷	地
谷	底
谷	歌
谷	氨	酰	胺
豁	免
豁	出	去
豁	楞
豁	然
豆	乳
豆	佉
豆	奶
豆	子
豆	干
豆	汁
豆	沙
豆	沙	包
豆	油
豆	渣
豆	瓣
豆	瓣	菜
豆	皀
豆	皮
豆	科
豆	科	植	物
豆	腐
豆	腐	乳
豆	腐	渣
豆	腐	渣	工	程
豆	腐	皮
豆	腐	花
豆	花
豆	芽
豆	芽	菜
豆	苗
豆	菊
豆	萁
豆	蓉
豆	蓉	包
豆	蔻
豆	薯
豆	角
豆	豆	帽
豆	豆	鞋
豆	豉
豆	雁
豇	豆
豉	油
豌	豆
豌	豆	尖
豌	豆	粥
豌	豆	象
豕	豞
豚	鼠
象	山
象	州
象	形
象	形	字
象	形	文	字
象	拔	蚌
象	棋
象	海	豹
象	牙
象	牙	塔
象	牙	海	岸
象	甲
象	皮	病
象	限
象	鼻	山
豢	圉
豪	奢
豪	宅
豪	富
豪	放
豪	爽
豪	雨
豫	告
豱	公
豹	子
豹	拳
豺	狼
豺	狼	塞	路
豺	狼	座
豺	狼	虎	豹
貂	熊
貂	皮
貉	子
貌	似
貌	相
貌	美
貌	美	如	花
貌	若	潘	安
貔	貅
赤	佬
赤	兔
赤	匪
赤	口	日
赤	坎
赤	城
赤	壁
赤	壁	市
赤	子
赤	子	之	心
赤	字
赤	字	累	累
赤	小	豆
赤	峰
赤	峰	市
赤	手
赤	手	空	拳
赤	朱	雀
赤	水
赤	水	市
赤	水	河
赤	潮
赤	狐
赤	眉
赤	翅	沙	雀
赤	翡	翠
赤	膊
赤	裸
赤	裸	裸
赤	褐	色
赤	豆
赤	足
赤	身
赤	道
赤	道	逆	流
赤	道	雨	林
赤	金
赤	陶
赤	霞	珠
赦	令
赦	免
赦	罪
赧	然
赫	伯	特
赫	卡	忒
赫	哲	族
赫	奇	帕	奇
赫	山
赫	德
赫	拉
赫	拉	克	利	特
赫	拉	特
赫	拉	特	省
赫	本
赫	然
赫	福	特	郡
赫	章
赫	耳	墨	斯
赫	胥	黎
赫	赫
赫	赫	有	名
赭	石
赭	衣
走	下	坡	路
走	人
走	低
走	你
走	俏
走	偏
走	光
走	入
走	出
走	卒
走	去
走	向
走	味
走	嘴
走	失
走	娘	家
走	子
走	字
走	山
走	廊
走	形
走	形	式
走	心
走	扇
走	掉
走	散
走	板
走	查
走	步
走	水
走	江	湖
走	漏
走	漏	消	息
走	火
走	火	入	魔
走	狗
走	相
走	眼
走	神
走	票
走	禽
走	秀
走	私
走	私	品
走	穴
走	索
走	背	字
走	色
走	路
走	近
走	道
走	避
走	音
走	鬼
赳	赳
赴	任
赴	宴
赴	死
赴	美
赴	考
起	伏
起	作	用
起	先
起	初
起	到
起	司
起	司	蛋	糕
起	名
起	因
起	圈
起	士
起	士	蛋	糕
起	夜
起	始
起	子
起	家
起	小
起	居
起	居	作	息
起	居	室
起	床
起	底
起	意
起	手
起	搏	器
起	效
起	敬
起	早	摸	黑
起	步
起	死	回	生
起	毛
起	泡
起	泡	沫
起	源
起	火
起	爆
起	球
起	用
起	皮
起	眼
起	磁
起	程
起	稿
起	立
起	粟
起	航
起	色
起	草
起	落
起	落	架
起	薪
起	誓
起	跑
起	跳
起	身
起	迄
起	重
起	降
趁	人	之	危
趁	便
趁	手
趁	早
趁	火	打	劫
超	人
超	值
超	凡
超	出
超	前
超	升
超	博	士
超	售
超	商
超	基	性	岩
超	市
超	常
超	平	面
超	度
超	弦
超	我
超	拔
超	支
超	文	件
超	文	本
超	新	星
超	模
超	然
超	然	世	事
超	物	理
超	生
超	界
超	短	波
超	短	裙
超	等
超	算
超	群
超	能	力
超	自	然
超	英
超	越
超	跑
超	距	作	用
超	速
超	重
超	音	波
超	音	速
超	高	速
越	位
越	俎	代	庖
越	光	米
越	共
越	冬
越	南
越	南	文
越	南	盾
越	城
越	境
越	席
越	式
越	描	越	黑
越	文
越	橘
越	演	越	烈
越	瓜
越	界
越	秀
越	西
越	野
越	野	跑
越	陷	越	深
越	障
趑	趄
趑	趄	不	前
趔	趄
趣	事
趣	味
趣	多	多
足	下
足	以
足	利
足	印
足	大	指
足	尖
足	尖	鞋
足	底	筋	膜	炎
足	弓
足	控
足	月
足	本
足	浴
足	球
足	球	迷
足	色
足	赤
足	足
足	踝
足	量
足	金
趴	伏
趴	趴	走
趴	踢
趺	坐
趼	子
趼	足
趾	尖
趾	甲
趾	疔
趿	拉
跂	坐
跂	想
跂	望
跂	訾
跂	跂
跆	拳	道
跋	山	涉	水
跋	扈
跋	涉
跋	胡	疐	尾
跌	份
跌	倒
跌	停
跌	停	板
跌	宕
跌	宕	昭	彰
跌	市
跌	幅
跌	水
跌	破
跌	至
跌	至	谷	底
跌	落
跌	足
跌	跌	撞	撞
跌	跌	爬	爬
跌	跤
跏	趺
跑	了	和	尚	，	跑	不	了	寺
跑	出
跑	刀
跑	分
跑	味
跑	咖
跑	堂
跑	官
跑	掉
跑	步
跑	步	者
跑	江	湖
跑	法
跑	票
跑	者
跑	肚
跑	腿
跑	腿	子
跑	走
跑	路
跑	遍
跑	道
跑	酷
跑	鞋
跗	猴
跛	子
跛	足
距	今
距	角
跟	上
跟	不	上
跟	人
跟	前
跟	包
跟	屁	股
跟	差
跟	手
跟	拍
跟	斗
跟	注
跟	班
跟	腱
跨	上
跨	刀
跨	境
跨	平	台
跨	年
跨	度
跨	接	器
跨	文	化
跨	步
跨	洲
跨	界
跨	省
跨	越
跨	越	式
跨	足
跨	距
跨	院
跩	文
跪	下
跪	乳
跪	伏
跪	倒
跪	叩
跪	坐
跪	拜
跪	毯
路	上
路	人
路	人	甲
路	人	皆	知
路	加
路	加	福	音
路	北
路	南
路	口
路	向
路	基
路	堤
路	子
路	得
路	德
路	德	宗
路	怒	症
路	旁
路	易
路	易	威	登
路	易	斯
路	易	斯	安	那
路	易	斯	安	那	州
路	易	港
路	段
路	氹
路	沙	卡
路	演
路	牌
路	由
路	由	器
路	痴
路	程
路	考
路	虎
路	西	弗
路	西	法
路	透
路	透	社
路	途
路	遇
路	障
路	霸
路	面
跳	井
跳	出
跳	出	火	坑
跳	大	神
跳	房	子
跳	板
跳	梁
跳	梁	小	丑
跳	棋
跳	槽
跳	水
跳	河
跳	皮	筋
跳	票
跳	舞
跳	蚤
跳	蛋
跳	蛛
跳	跳	糖
跳	高
踅	摸
踏	上
踏	勘
踏	春
踏	月
踏	板
踏	查
踏	歌
踏	步
踏	步	不	前
踏	看
踏	空
踏	足
踏	雪
踏	雪	板
踏	青
踝	骨
踢	拳
踢	爆
踢	皮	球
踢	腿
踢	踏	舞
踢	蹋	舞
踥	踥
踥	蹀
踩	水
踩	空
踩	踏
踩	道
踩	雷
踱	方	步
踱	步
踶	跂
踹	共
踺	子
蹀	足
蹀	蹀
蹀	躞
蹄	印
蹄	子
蹇	修
蹇	拙
蹉	跎
蹙	眉
蹦	床
蹦	跳
蹦	蹦	跳	跳
蹦	迪
蹦	高
蹬	子
蹬	腿
蹭	吃
蹭	吃	蹭	喝
蹭	蹬
蹲	下
蹲	伏
蹲	便	器
蹲	坑
蹲	大	牢
蹲	守
蹲	牢
蹲	膘
蹲	踞
蹴	鞠
躁	狂
躁	狂	症
躞	蹀
身	上
身	不	由	己
身	世
身	亡
身	份
身	份	卡
身	先	士	卒
身	先	朝	露
身	兼
身	在	福	中	不	知	福
身	型
身	外	之	物
身	子
身	子	骨
身	孕
身	家
身	形
身	影
身	心
身	心	交	病
身	心	交	瘁
身	心	俱	疲
身	心	爽	快
身	心	科
身	手
身	手	敏	捷
身	才
身	披	羽	毛
身	故
身	教
身	材
身	板
身	正	不	怕	影	子	斜
身	段
身	法
身	穿
身	量
身	陷
身	陷	囹	圄
身	高
躬	履
躬	行
躬	身
躲	不	起
躲	年
躲	藏
躲	躲	藏	藏
躲	避
躲	避	球
躲	雨
躺	下
躺	倒
躺	平
躺	椅
軃	神
轘	裂
辛	丑
辛	亥
辛	亥	革	命
辛	伐	他	汀
辛	勤
辛	勤	耕	耘
辛	卯
辛	奇
辛	巳
辛	巴	威
辛	布
辛	普	森
辛	普	森	一	家
辛	未
辛	格
辛	烷	值
辛	苦
辛	辛	苦	苦
辛	辛	那	提
辛	辣
辛	迪	加
辛	酉
辛	酸
辛	集
辛	集	市
辜	振	甫
辟	邪
辟	雍
辣	哈	布
辣	妹
辣	妹	子
辣	子
辣	彼
辣	根
辣	椒
辣	椒	仔
辣	椒	素
辣	汁
辣	白	菜
辣	眼	睛
辣	胡	椒
辨	士
辨	明
辨	析
辰	光
辰	星
辰	溪
辰	砂
迂	儒
迂	回	曲	折
迂	夫	子
迂	拘
迂	拙
迂	曲
迂	磨
迂	腐
迄	今
迅	即
迅	捷
迅	猛
迅	疾
迅	速
迅	雷
迍	邅
迎	佛	骨
迎	刃	而	解
迎	合
迎	娶
迎	客	松
迎	接
迎	新
迎	春	花
迎	江
迎	火
迎	面
近	乎
近	乎	同	步
近	人
近	代
近	代	史
近	似
近	似	解
近	便
近	前
近	古
近	因
近	在	咫	尺
近	在	眼	前
近	年
近	打
近	打	河
近	日
近	景
近	期
近	朱	者	赤	，	近	墨	者	黑
近	朱	近	墨
近	海
近	照
近	畿	地	方
近	端
近	臣
近	藤
近	路
近	道
近	郊
近	零
返	利
返	回
返	家
返	工
返	校
返	港
返	潮
返	程
返	聘
返	航
返	青
迥	然
迥	然	不	同
迦	南
迦	太	基
迦	持
迪	克
迪	化
迪	吉	里	杜	管
迪	吧
迪	士	尼
迪	拜
迪	斯	可
迪	斯	尼
迪	斯	科
迪	斯	科	吧
迪	斯	雷	利
迫	不	及	待
迫	不	得	已
迫	令
迫	使
迫	供
迫	促
迫	切
迫	切	性
迫	在	眉	睫
迫	害
迫	近
迫	降
迭	代
迭	起
迭	部
迷	上
迷	不	知	返
迷	人
迷	住
迷	你
迷	你	裙
迷	信
迷	因
迷	失
迷	幻
迷	幻	蘑	菇
迷	彩
迷	彩	服
迷	思
迷	惑
迷	惑	不	解
迷	惘
迷	津
迷	漫
迷	瞪
迷	笛
迷	糊
迷	航
迷	茫
迷	路
迷	迭	香
迷	迷	糊	糊
迷	途
迷	途	知	返
迷	醉
迷	魂
迷	魂	香
迸	流
迸	裂
追	上
追	亡	逐	北
追	光
追	剿
追	加
追	名	逐	利
追	回
追	奔	逐	北
追	客
追	封
追	尊
追	尾
追	念
追	思
追	悔
追	悔	莫	及
追	悼
追	悼	文
追	想
追	打
追	捕
追	捧
追	授
追	新
追	星
追	星	族
追	本	溯	源
追	查
追	根
追	根	求	源
追	根	溯	源
追	根	究	底
追	比
追	求
追	溯
追	究
追	索
追	肥
追	述
追	逐
追	逼
退	下
退	下	金
退	件
退	任
退	伍
退	休
退	休	金
退	位
退	保
退	冰
退	出
退	化
退	回
退	坡
退	婚
退	守
退	市
退	席
退	庭
退	役
退	房
退	散
退	款
退	步
退	水
退	潮
退	火
退	片
退	票
退	租
退	群
退	而	求	其	次
退	色
退	落
退	行
退	行	性
退	路
退	避
退	避	三	舍
退	院
送	上	太	空
送	中
送	交
送	人
送	信
送	去
送	命
送	客
送	服
送	死
送	灶
送	秋	波
送	股
送	葬
送	行
送	走
送	返
送	餐
逃	不	出
逃	之	夭	夭
逃	亡
逃	亡	者
逃	兵
逃	北	者
逃	命
逃	奔
逃	婚
逃	席
逃	往
逃	港
逃	漏
逃	犯
逃	生
逃	票
逃	荒
逃	走
逃	跑
逃	逸
逃	逸	速	度
逃	遁
逃	避
逆	光
逆	反
逆	反	心	理
逆	向
逆	商
逆	喻
逆	回	音
逆	境
逆	天
逆	夷
逆	子
逆	定	理
逆	差
逆	序
逆	心
逆	料
逆	斜
逆	旅
逆	映	射
逆	水
逆	水	行	舟
逆	流
逆	流	溯	源
逆	流	而	上
逆	火
逆	耳
逆	耳	之	言
逆	臣
逆	行
逆	行	倒	施
透	亮
透	信
透	光
透	天	厝
透	射
透	平
透	底
透	抽
透	支
透	明
透	明	度
透	明	程	度
透	析
透	水
透	水	性
透	漏
透	通	性
透	露
逐	一
逐	出
逐	字	逐	句
逐	客	令
逐	年
逐	日
逐	月
逐	次
逐	步
逐	水
逐	行
逐	走
逐	退
逐	鹿
逐	鹿	中	原
途	中
途	人
逗	人
逗	哈	哈
逗	哏
逗	嘴
逗	弄
逗	引
逗	情
逗	比
逗	留
逗	笑
逗	趣
逗	逼
通	乳
通	人
通	例
通	便
通	俗
通	俗	易	懂
通	信
通	信	中	心
通	信	地	址
通	信	密	度
通	信	量
通	假
通	假	字
通	判
通	力
通	力	合	作
通	勤
通	化
通	化	市
通	古	斯
通	史
通	同
通	名
通	向
通	告
通	商
通	商	口	岸
通	城
通	夜
通	婚
通	宵
通	山
通	州
通	常
通	往
通	心	粉
通	心	菜
通	才
通	才	教	育
通	明
通	榆
通	水
通	江
通	河
通	泰
通	海
通	渭
通	牒
通	用
通	用	人	工	智	能
通	用	字	符	集
通	用	性
通	用	拼	音
通	病
通	知
通	票
通	稿
通	膨
通	航
通	草
通	菜
通	融
通	行
通	路
通	透
通	途
通	通
通	道
通	配	符
通	量
通	霄
逛	街
逛	逛
逝	世
逝	去
逝	者
逞	其	口	舌
逞	能
速	射
速	度
速	度	滑	冰
速	成
速	成	班
速	手	排
速	效
速	效	救	心	丸
速	溶
速	溶	咖	啡
速	率
速	通
速	配
速	食
速	食	店
造	作
造	假
造	化
造	反
造	反	派
造	句
造	型
造	型	蛋	糕
造	字
造	孽
造	就
造	山
造	山	作	用
造	成
造	林
造	次
造	物
造	物	主
造	福
造	福	社	群
造	船
造	船	所
造	血
逡	巡
逡	巡	不	前
逢	俉
逢	凶	化	吉
逢	迎
逢	集
逮	捕
逶	迤
逸	事
逸	宕
逸	散
逸	民
逸	群
逸	致
逸	豫
逼	上	梁	山
逼	人
逼	人	太	甚
逼	仄
逼	供
逼	供	信
逼	和
逼	尖
逼	格
逼	死
逼	真
逼	肖
逼	近
逼	迫
逼	逼
逾	垣
逾	期
逾	越
遁	形
遂	川
遂	平
遂	心
遂	心	如	意
遂	意
遂	昌
遂	溪
遄	征
遇	上
遇	人	不	淑
遇	冷
遇	到
遇	刺
遇	害
遇	溺
遇	火
遍	及
遍	地
遍	布
遍	身
遏	制
遏	抑
遏	止
遏	阻
遐	布
遐	年
遐	心
遐	志
遐	思
遐	想
遐	方
遐	眺
遐	祉
遐	福
遐	胄
遐	荒
遑	遑
道	人
道	光
道	光	帝
道	具
道	具	服
道	出
道	卡	斯	族
道	喜
道	地
道	士
道	外
道	奇
道	姑
道	孚
道	家
道	岔
道	德
道	德	困	境
道	德	家
道	德	高	地
道	拉	吉	里	峰
道	指
道	教
道	教	徒
道	格	拉	斯
道	歉
道	牙
道	理
道	白
道	真
道	破
道	碴
道	系
道	藏
道	行
道	袍
道	貌	岸	然
道	路
道	路	工	程
道	院
道	高	一	尺	，	魔	高	一	丈
遛	娃
遛	狗
遣	使
遣	散
遣	返
遣	送
遣	送	出	境
遭	到
遭	受
遭	拒
遭	殃
遭	瘟
遭	罪
遭	逢
遭	遇
遭	重
遮	住
遮	天	蔽	日
遮	掩
遮	瑕	膏
遮	羞
遮	羞	布
遮	蔽
遮	遮	掩	掩
遵	令
遵	化
遵	化	市
遵	命
遵	奉
遵	守
遵	循
遵	旨
遵	照
遵	行
遽	然
避	世
避	免
避	坑	落	井
避	嫌
避	孕
避	孕	丸
避	孕	套
避	寒
避	役
避	忌
避	暑
避	署
避	而	不
避	蚊	胺
避	邪
避	障
避	雷
避	雷	器
避	震	鞋
邀	功
邀	宴
邀	集
邂	逅
邃	古
邃	宇
邃	密
邈	冥	冥
邈	然
邈	邈
邋	遢
邗	江
邙	山
邙	山	行
那	不	勒	斯
那	世
那	些
那	倒	是
那	古	屋
那	咱
那	坡
那	堤
那	天
那	拉	提	草	原
那	提
那	是
那	曲
那	曲	市
那	空	沙	旺
邦	交
邦	德
邦	硬
邦	迪
邪	乎
邪	僻
邪	念
邪	招
邪	教
邪	祟
邪	路
邪	道
邪	魔
邯	山
邳	州
邳	州	市
邵	伯	湖
邵	族
邵	武
邵	武	市
邵	逸	夫
邵	雍
郅	隆
郊	外
郊	狼
郊	祀
郊	野
郎	中
郎	君
郎	平
郎	才	女	貌
郎	朗
郎	溪
郡	守
郡	望
郡	治
郡	治	安	官
部	下
部	件
部	位
部	分
部	委
部	族
部	署
部	落
部	落	客
部	落	格
部	首
郭	城
郭	小	川
郭	敬	明
郭	晶	晶
郭	沫	若
郭	泉
郭	茂	倩
郯	城
郴	州
郴	州	市
都	伯	林
都	城
都	安
都	察	院
都	尉
都	市
都	市	化
都	市	病
都	市	美	型	男
都	拉	斯
都	昌
都	更	案
都	柏	林
都	江	堰
都	江	堰	市
都	督
郾	城
鄂	博
鄂	城
鄂	州
鄂	州	市
鄂	托	克
鄂	托	克	前	旗
鄂	托	克	旗
鄂	霍	次	克	海
鄄	城
鄙	人
鄙	俗
鄙	俚
鄙	劣
鄙	吝
鄙	夷
鄙	斥
鄙	薄
鄙	陋
鄞	州
鄢	陵
酆	都
酌	予
酌	加
酌	定
酌	情
酌	收
酌	核
酌	裁
酌	酒
酌	量
配	件
配	伍
配	偶
配	合
配	售
配	型
配	套
配	子
配	戴
配	接	卡
配	料
配	方
配	方	奶
配	方	法
配	有
配	比
配	用
配	筋
配	置
配	色
配	菜
配	角
配	送
配	送	地	址
配	送	者
配	速
配	重
配	音
配	餐
酒	不	醉	人	人	自	醉	，	色	不	迷	人	人	自	迷
酒	井
酒	令
酒	伴
酒	保
酒	具
酒	刺
酒	力
酒	友
酒	吧
酒	味
酒	器
酒	宴
酒	家
酒	帘
酒	席
酒	店
酒	廊
酒	徒
酒	德
酒	意
酒	托
酒	托	女
酒	杯
酒	桌	文	化
酒	水
酒	池	肉	林
酒	泉
酒	泉	市
酒	渣	鼻
酒	盅
酒	石	酸
酒	神
酒	窖
酒	筵
酒	精
酒	精	中	毒
酒	精	性
酒	精	洗	手	液
酒	糟
酒	糟	鼻
酒	缸
酒	肆
酒	肉	朋	友
酒	至	半	酣
酒	色
酒	色	之	徒
酒	花
酒	菜
酒	蒙	子
酒	逢	知	己	千	杯	少
酒	醉
酒	醒
酒	量
酒	食
酒	香	不	怕	巷	子	深
酒	鬼
酒	鬼	酒
酕	醄
酗	酒
酗	酒	滋	事
酚	甲	烷
酚	酞
酚	醛
酣	眠
酣	睡
酣	醉
酥	油
酥	油	花
酥	油	茶
酥	脆
酥	酪
酥	麻
酩	酊
酩	酊	大	醉
酪	乳
酪	梨
酪	氨	酸
酪	素
酪	蛋	白
酬	和
酬	神
酬	答
酬	酢
酬	金
酮	基
酮	糖
酯	化
酯	酶
酰	胺
酵	母
酵	母	菌
酵	母	醇
酵	素
酵	解	作	用
酶	原
酷	似
酷	刑
酷	刑	折	磨
酷	斯	拉
酷	暑
酷	派
酷	炫
酷	烈
酷	碰
酷	碰	券
酷	肖
酸	不	溜	秋
酸	乳
酸	乳	酪
酸	奶
酸	奶	油
酸	性
酸	曲
酸	根
酸	梅
酸	楚
酸	模
酸	橙
酸	民
酸	溜	溜
酸	甜
酸	甜	苦	辣
酸	疼
酸	痛
酸	莓
酸	菜
酸	葡	萄
酸	豆
酸	辛
酸	辣	粉
酸	雨
醇	厚
醇	美
醇	酸
醉	人
醉	倒
醉	心
醉	意
醉	翁
醉	翁	之	意	不	在	酒
醉	酒
醉	醺	醺
醉	鬼
醋	意
醋	栗
醋	海	生	波
醋	酸
醋	酸	乙	酯
醍	醐
醒	悟
醒	目
醒	豁
醒	酒
醛	固	酮
醛	基
醛	糖
醣	苷
醪	糟
醴	陵
醴	陵	市
采	地
采	邑
里	人
里	克	特
里	加
里	奇	蒙
里	巷
里	希	特	霍	芬
里	弄
里	拉
里	斯	本
里	昂
里	朗	威
里	根
里	氏
里	港
里	社
里	程
里	程	碑
里	程	表
里	肌
里	肌	肉
重	中	之	重
重	九
重	五
重	任
重	估
重	修
重	做
重	元	素
重	光
重	兵
重	典
重	出	江	湖
重	刊
重	判
重	利
重	力
重	力	加	速	度
重	午
重	卡
重	印
重	又
重	口	味
重	合
重	名
重	命	名
重	器
重	回
重	地
重	型
重	塑
重	大
重	奏
重	婚
重	婚	罪
重	子
重	孝
重	定	向
重	屋
重	工
重	度
重	建
重	影
重	心
重	托
重	拾
重	挫
重	振
重	排
重	提
重	插
重	播
重	整
重	整	旗	鼓
重	文
重	新
重	新	做	人
重	新	造	林
重	映
重	晶	石
重	望
重	查
重	核
重	案
重	正	化
重	武	器
重	水
重	沓
重	油
重	油	蛋	糕
重	洋
重	活
重	混
重	演
重	版
重	物
重	犯
重	玩
重	瓣
重	生
重	用
重	申
重	病
重	症
重	眼	皮
重	睹	天	日
重	磅
重	算
重	罪
重	置
重	者
重	聚
重	臂
重	臣
重	荷
重	要
重	要	性
重	足	而	立
重	趼
重	蹈
重	身	子
重	辣
重	返
重	述
重	造
重	逢
重	重
重	量
重	金
重	霄
重	音
重	黎
野	人
野	兔
野	叟	曝	言
野	口
野	史
野	合
野	味
野	地
野	外
野	外	定	向
野	孩	子
野	小	茴
野	山	椒
野	心
野	性
野	放
野	村
野	果
野	格	利	口	酒
野	火
野	炊
野	炮
野	牛
野	狗
野	生
野	生	植	物
野	生	生	物
野	禽
野	花
野	草
野	菜
野	豕
野	趣
野	路	子
野	餐
野	鼬	瓣	花
量	具
量	刑
量	力
量	力	而	行
量	化
量	器
量	子
量	子	化
量	子	沫
量	子	阱
量	尺	寸
量	度
量	杯
量	油	尺
量	瓶
量	程
量	筒
量	腹
量	表
量	角	器
量	身
量	身	定	做
金	三	角
金	主
金	代
金	伯	利	岩
金	元	券
金	冠	戴	菊
金	匠
金	印
金	口	河
金	句
金	史
金	城	江
金	堂
金	塔
金	夏	沙
金	大	中
金	天	翮
金	威
金	子
金	字
金	字	塔
金	字	塔	式
金	宇	中
金	安
金	寨
金	小	蜂
金	山
金	山	寺
金	峰
金	川
金	平
金	庸
金	改
金	文
金	斯	敦
金	日	成
金	昌
金	昌	市
金	星
金	曜	日
金	朝
金	本	位
金	柑
金	桂	冠
金	桔
金	榜
金	橘
金	正	恩
金	正	日
金	正	男
金	毛
金	毛	犬
金	毛	狗
金	氏
金	水
金	永	南
金	沙
金	沙	江
金	泉
金	泳	三
金	湖
金	溪
金	漆
金	牌
金	牛
金	牛	座
金	玉
金	玉	良	言
金	瓜
金	瓜	石
金	瓶	梅
金	田	村
金	盆	洗	手
金	盾	工	程
金	石
金	石	良	言
金	秀
金	秋
金	科	玉	律
金	童	玉	女
金	箍
金	箍	棒
金	箔
金	翅
金	翅	雀
金	腰	燕
金	色
金	菇
金	融
金	融	家
金	融	改	革
金	融	界
金	衡
金	酒
金	里	奇
金	陵
金	雀	花
金	霸	王
釜	山
釜	山	市
釜	底	抽	薪
鏊	子
阜	南
阜	城
阜	平
阜	康
阜	康	市
阜	新
阜	新	市
阮	元
阮	咸
阮	安
阮	崇	武
阮	琴
防	制
防	化	救	援
防	喘	振
防	城
防	城	港
防	城	港	市
防	堵
防	守
防	守	者
防	寒	服
防	弊
防	患
防	患	未	然
防	患	未	萌
防	控
防	暴
防	暴	盾
防	暴	警	察
防	杜
防	核
防	止
防	毒
防	毒	手	套
防	毒	斗	篷
防	毒	通	道
防	毒	面	具
防	毒	面	罩
防	毒	靴	套
防	水
防	汛
防	治
防	波	堤
防	洪
防	滑
防	潮
防	潮	堤
防	火
防	火	梯
防	火	道
防	焊	油	墨
防	特
防	疫
防	磁
防	空
防	空	洞
防	腐
防	艾
防	蚊	液
防	身
防	避
防	震
防	霉
阻	值
阻	力
阻	塞
阻	尼
阻	截
阻	抑
阻	抗
阻	抗	匹	配
阻	援
阻	攻
阻	止
阻	燃
阻	留
阻	遏
阻	隔
阻	雨
阿	Q
阿	三
阿	丹
阿	亨
阿	什	哈	巴	德
阿	什	哈	巴	特
阿	伊	努
阿	伊	莎
阿	伯	丁
阿	佛	洛	狄	忒
阿	佤
阿	依	莎
阿	兄
阿	克	塞
阿	克	拉
阿	克	陶
阿	公
阿	兵	哥
阿	其	所	好
阿	凡	提
阿	列	克	西	斯
阿	列	夫
阿	利	坎	特
阿	利	藤
阿	加	莎	·	克	里	斯	蒂
阿	勒	泰
阿	勒	泰	市
阿	卜	杜	拉
阿	卡
阿	卡	提
阿	司	匹	林
阿	合	奇
阿	哥
阿	喀	琉	斯
阿	嚏
阿	囡
阿	土
阿	城
阿	基	米	德
阿	堵
阿	堵	物
阿	塞	拜	疆
阿	多	尼	斯
阿	奇	里	斯
阿	奇	霉	素
阿	契	美	尼	德	王	朝
阿	奶
阿	妹
阿	姆	哈	拉
阿	姆	斯	特	丹
阿	姆	斯	特	朗
阿	姆	河
阿	姨
阿	婆
阿	宅
阿	家
阿	富	汗
阿	尼	林
阿	巴
阿	巴	嘎	旗
阿	巴	斯
阿	布	叔	醇
阿	布	扎	比
阿	布	沙	耶	夫
阿	希	姆
阿	弟
阿	彼	雅
阿	得	拉
阿	德	雷	德
阿	扁
阿	托	品
阿	拉
阿	拉	丁
阿	拉	伯
阿	拉	伯	人
阿	拉	伯	文
阿	拉	伯	海
阿	拉	伯	糖
阿	拉	伯	茴	香
阿	拉	善
阿	拉	善	右	旗
阿	拉	善	左	旗
阿	拉	善	盟
阿	拉	塔	斯
阿	拉	弗	拉	海
阿	拉	摩
阿	拉	斯
阿	拉	斯	加
阿	拉	斯	加	州
阿	拉	斯	加	雪	橇	犬
阿	拉	法	特
阿	拉	瓦
阿	拔	斯	王	朝
阿	拖	品	化
阿	提	拉
阿	斗
阿	斯	伯	格
阿	斯	利	康
阿	斯	巴	特
阿	斯	巴	甜
阿	斯	旺
阿	旺	曲	培
阿	旺	曲	沛
阿	昌
阿	明
阿	是	穴
阿	曼
阿	木	林
阿	根	廷
阿	格	尼	迪
阿	森
阿	森	斯
阿	比
阿	洛	菲
阿	混
阿	爸
阿	爸	父
阿	爹
阿	片
阿	特	拉	斯
阿	特	金	斯
阿	狄	森	氏	病
阿	瑞	斯
阿	瑟
阿	瓦	提
阿	瓦	里	德
阿	的	平
阿	盟
阿	空	加	瓜
阿	空	加	瓜	山
阿	米	巴
阿	米	巴	病
阿	米	巴	痢	疾
阿	美	恩	斯
阿	美	族
阿	耳	戈	斯
阿	肯	色
阿	肯	色	州
阿	育	吠	陀
阿	育	王
阿	芒	拿
阿	芙	蓉
阿	芝	特	克	人
阿	茨	海	默	症
阿	莎	力
阿	莫	西	林
阿	蒙
阿	衣	奴
阿	西	吧
阿	西	莫	夫
阿	訇
阿	里
阿	里	山
阿	里	巴	巴
阿	里	斯	托	芬
阿	里	郎
阿	閦	佛
阿	附
阿	非	利	加
阿	非	利	加	洲
阿	魏
阿	鼻
陀	思	妥	也	夫	斯	基
陀	思	妥	耶	夫	斯	基
陀	螺
陂	塘
陂	陀
附	上
附	中
附	件
附	加
附	加	值
附	加	元	件
附	加	物
附	和
附	子
附	寄
附	小
附	庸
附	耳
附	肢
附	身
附	近
附	送
陋	俗
陋	居
陋	屋
陌	生
陌	生	人
陌	路
陌	路	人
陌	陌
降	下
降	世
降	伏
降	低
降	噪
降	妖
降	幅
降	序
降	息
降	旗
降	旨
降	服
降	格
降	水
降	水	量
降	火
降	生
降	祉
降	福
降	落
降	落	跑	道
降	解
降	雨
降	雨	量
降	雪
限	免
限	制
限	制	酶
限	定
限	度
限	期
限	流
限	行
限	速
限	高	架
陛	下
陡	削
陡	坡
陡	壁
陡	峭
陡	峻
陡	崖
陡	度
陡	然
陡	跌
院	士
院	子
院	感
院	本
院	校
院	牧
院	落
除	了
除	以
除	冰
除	去
除	名
除	夕
除	外
除	子
除	掉
除	暴
除	暴	安	良
除	根
除	此	之	外
除	毛
除	沾	染
除	法
除	祟
除	罪
除	罪	化
除	臭
除	草
除	邪
除	霜
除	非
陪	伴
陪	侍
陪	同
陪	唱	女
陪	唱	小	姐
陪	嫁
陪	床
陪	睡
陪	罪
陪	聊
陪	葬
陪	葬	品
陪	送
陪	都
陪	酒
陵	墓
陵	夷
陵	川
陵	水
陶	俑
陶	冶
陶	冶	情	操
陶	匠
陶	喆
陶	器
陶	土
陶	工
陶	瓷
陶	瓷	器
陶	甄
陶	盅
陶	笛
陶	行	知
陶	醉
陷	入
陷	坑
陷	害
陷	落
陷	阱
隆	中
隆	乳
隆	冬
隆	化
隆	回
隆	安
隆	德
隆	情
隆	林
隆	河
隆	胸
隆	起
隆	重
隆	隆
隋	代
隋	唐
隋	文	帝
隋	朝
隋	末
隔	三	差	五
隔	世
隔	壁
隔	壁	有	耳
隔	壁	老	王
隔	夜
隔	天
隔	山
隔	扇
隔	日
隔	板
隔	油	池
隔	空
隔	膜
隔	行
隔	行	如	隔	山
隔	都
隔	音
隘	口
隘	谷
隘	路
障	壁
障	眼
障	眼	法
障	蔽
隧	洞
隧	道
雀	噪
雀	子
雀	巢
雀	形	目
雀	斑
雀	盲
雀	盲	眼
雁	塔
雁	山
雁	峰
雁	江
雄	健
雄	厚
雄	安
雄	峙
雄	心
雄	心	勃	勃
雄	性
雄	性	激	素
雄	才	大	略
雄	激	素
雄	蕊
雄	蜂
雄	赳	赳
雄	起
雄	踞
雄	配	子
雄	酯	酮
雄	鹿
雅	丹
雅	事
雅	人
雅	什
雅	克
雅	典
雅	典	娜
雅	利	安
雅	司
雅	司	病
雅	各
雅	各	伯
雅	士
雅	威
雅	安
雅	安	市
雅	座
雅	思
雅	恩	德
雅	意
雅	房
雅	拉	神	山
雅	拉	雪	山
雅	拉	香	波	神	山
雅	拉	香	波	雪	山
雅	故
雅	教
雅	望
雅	歌
雅	正
雅	江
雅	法
雅	法	港
雅	淡
雅	玩
雅	痞
雅	皮
雅	皮	士
雅	相
雅	穆	索	戈
雅	美	族
雅	致
雅	芳
雅	虎
雅	言
雅	趣
雅	量
雅	集
集	中
集	中	器
集	刊
集	合
集	子
集	安
集	安	市
集	居
集	市
集	成
集	散
集	散	地
集	料
集	材
集	束
集	油	箱
集	注
集	管
集	美
集	群
集	聚
集	腋	成	裘
集	萃
集	部
集	集
集	餐
雇	主
雌	三	醇
雌	性
雌	性	接	口
雌	性	激	素
雌	激	素
雌	蕊
雌	雄
雌	鹿
雍	和
雍	容
雍	容	大	度
雍	正
雍	睦
雍	重
雍	雍
雕	像
雕	刻
雕	刻	品
雕	刻	家
雕	塑
雕	漆
雕	版
雕	琢
雕	花
雚	菌
雨	人
雨	具
雨	凇
雨	刮
雨	刮	器
雨	刷
雨	城
雨	天
雨	季
雨	山
雨	布
雨	幕
雨	披
雨	搭
雨	林
雨	果
雨	棚
雨	水
雨	湖
雨	滴
雨	漏
雨	燕
雨	花
雨	蛙
雨	衣
雨	量
雨	露
雨	靴
雨	鞋
雪	上	加	霜
雪	中	送	炭
雪	亮
雪	人
雪	仗
雪	克
雪	利	酒
雪	地	靴
雪	城
雪	套
雪	山
雪	山	太	子
雪	峰
雪	崩
雪	景
雪	暴
雪	松
雪	板
雪	梨
雪	橇
雪	泥
雪	片
雪	球
雪	白
雪	白	菇
雪	碧
雪	糕
雪	糕	筒
雪	耳
雪	花
雪	花	膏
雪	茄
雪	菜
雪	葩
雪	藏
雪	蟹
雪	豹
雪	貂
雪	酪
雪	雁
雪	青
雪	鞋
零	下
零	件
零	功	率	堆
零	吃
零	和
零	和	博	弈
零	售
零	售	商
零	售	店
零	嘴
零	容	忍
零	工
零	度
零	打	碎	敲
零	散
零	敲	碎	打
零	族
零	日
零	日	漏	洞
零	星
零	曲	率
零	用
零	用	金
零	的
零	碎
零	落
零	部	件
零	陵
零	零	星	星
零	食
雷	人
雷	克	斯
雷	克	雅	未	克
雷	公
雷	公	打	豆	腐
雷	司	令
雷	同
雷	大	雨	小
雷	子
雷	射
雷	山
雷	峰	塔
雷	州
雷	州	市
雷	德
雷	恩
雷	扎	耶	湖
雷	暴
雷	曼
雷	曼	兄	弟
雷	朗
雷	朗	族
雷	根
雷	波
雷	神
雷	神	公	司
雷	管
雷	蒙	德
雷	雕
雷	雨
雷	霆
雷	鬼
雹	子
雹	暴
需	求
需	要
震	中
震	央
震	怒
震	悚
震	情
震	惶
震	感
震	撼
震	撼	性
震	旦
震	昏
震	波
震	源
震	耳
震	蛋
震	音
霉	病
霉	素
霉	菌
霉	菌	毒	素
霍	丘
霍	克	松
霍	克	海	姆
霍	加	狓
霍	地
霍	城
霍	夫	曼
霍	山
霍	州
霍	州	市
霍	巴	特
霍	布	斯
霍	德
霍	林	郭	勒
霍	林	郭	勒	市
霍	格	沃	茨
霍	比	特	人
霍	氏	旋	木	雀
霍	然
霍	邱
霍	金
霍	金	斯
霍	霍
霎	眼
霎	那
霎	霎
霓	虹
霓	裳
霜	天
霜	害
霜	晨
霜	淇	淋
霜	白
霜	花
霜	降
霜	雪
霜	露
霞	光
霞	山
霞	浦
霢	霂
露	一	手
露	出
露	天
露	宿
露	富
露	底
露	怯
露	水
露	水	夫	妻
露	珠
露	白
露	相
露	肩
露	背
露	苗
露	袒
露	西
露	面
露	骨
霸	主
霸	凌
霸	妻
霸	州
霸	州	市
霸	座
霸	榜
霸	王
霸	王	之	道
霸	王	硬	上	弓
霸	王	鞭
霸	道
霹	雷
青	光	眼
青	原
青	史
青	囊
青	城	山
青	堂	瓦	舍
青	天
青	天	白	日
青	少	年
青	山
青	山	州
青	山	湖
青	川
青	州
青	州	市
青	工
青	年
青	年	人
青	年	旅	舍
青	年	期
青	旅
青	春
青	春	不	再
青	春	期
青	春	痘
青	春	豆
青	木
青	松
青	果
青	森
青	椒
青	椒	牛	柳
青	檀
青	江	菜
青	河
青	浦
青	海
青	海	湖
青	海	省
青	瓜
青	瓷
青	田
青	白
青	白	江
青	眼
青	石
青	神
青	秀
青	稞
青	筋
青	紫
青	羊
青	翠
青	色
青	芥	辣
青	花
青	花	椰	菜
青	花	瓷
青	花	菜
青	苔
青	荇
青	草
青	草	茶
青	菜
青	葙
青	葙	子
青	蒜
青	蒿	素
青	藏
青	藏	公	路
青	藏	高	原
青	蛙
青	衣
青	豆
青	釉
青	金	石
青	靛
青	面	獠	牙
青	黛
青	鼬
靖	宇
靖	安
靖	州
靖	江
靖	江	市
靖	西
靖	西	市
靛	油
靛	白
靛	色
靛	花
靛	青
非	一	日	之	功
非	主	流
非	人
非	人	化
非	份
非	但
非	公	式
非	典
非	典	型	肺	炎
非	凡
非	分
非	分	之	念
非	利	士	人
非	利	士	地
非	同	小	可
非	同	步
非	命
非	婚	生
非	婚	生	子	女
非	宗	教
非	官	方
非	峰	值
非	常
非	常	多
非	常	手	段
非	平	衡
非	得
非	必	要
非	必	需
非	拉	丁	字	符
非	政	府
非	斯
非	暴	力
非	核
非	核	化
非	正	常
非	正	式
非	此	即	彼
非	死	不	可
非	法
非	洲
非	洲	之	角
非	洲	人
非	洲	大	裂	谷
非	洲	界
非	特
非	盟
非	直	接
非	空
非	自	然
非	致	命
非	裔
非	要
非	零
非	音
非	高	峰
非	黑	即	白
靠	不	住
靠	北
靠	山
靠	山	吃	山	，	靠	水	吃	水
靠	岸
靠	得	住
靠	窗
靠	窗	座	位
靠	背	椅
靠	腰
靠	走	廊
靠	走	道
靠	近
靡	靡	之	音
面	不	改	色
面	世
面	交
面	值
面	具
面	前
面	友
面	型
面	基
面	壁
面	如	土	色
面	如	灰	土
面	子
面	孔
面	容
面	巾
面	市
面	形
面	影
面	授
面	料
面	斥
面	晤
面	有	菜	色
面	板
面	熟
面	瓜
面	皮
面	目
面	目	一	新
面	目	全	非
面	目	可	憎
面	相
面	簿
面	罄
面	罩
面	肥
面	膜
面	色
面	色	如	土
面	貌
面	部
面	部	表	情
面	霜
面	露
面	露	倦	意
面	面
面	面	俱	到
面	首
革	出
革	吉
革	命
革	命	先	烈
革	命	家
革	命	性
革	命	烈	士
革	囊
革	履
革	故	鼎	新
革	新
革	退
革	除
革	面	洗	心
靴	子
靴	子	落	地
靴	掖	子
靶	子
靶	心
靶	船
靿	子
鞅	掌
鞅	牛
鞅	鞅
鞋	匠
鞋	套
鞋	子
鞋	履
鞋	底
鞋	拔
鞋	拔	子
鞋	楦
鞋	油
鞋	跟
鞍	子
鞍	山
鞍	山	市
鞍	韂
鞘	翅
鞘	翅	目
鞘	脂
鞠	躬
鞣	酸
鞭	刑
鞭	子
鞭	打
鞭	毛
鞭	炮
鞭	痕
鞭	笞
鞭	策
鞲	鞴
韭	菜
韭	菜	盒	子
韭	菜	花
音	位
音	信
音	值
音	像
音	叉
音	名
音	域
音	容
音	律
音	效
音	栓
音	步
音	波
音	爆
音	痴
音	程
音	符
音	管
音	箱
音	素
音	耗
音	色
音	速
音	量
音	高
韶	山
韶	山	市
食	不	果	腹
食	不	知	味
食	人
食	人	俗
食	人	魔
食	俸
食	具
食	古	不	化
食	品
食	堂
食	季
食	客
食	宿
食	指
食	料
食	材
食	槽
食	水
食	油
食	法
食	物
食	物	中	毒
食	物	房
食	物	油
食	玉	炊	桂
食	玩
食	用
食	管
食	肆
食	肉
食	肉	目
食	色
食	色	性	也
食	菌
食	蟹	獴
食	衣	住	行
食	言
食	言	而	肥
食	道
食	道	癌
食	醋
食	量
餐	具
餐	刀
餐	前	酒
餐	室
餐	宴
餐	巾
餐	末	甜	酒
餐	桌
餐	牌
餐	食
饔	飧
饕	客
饕	餮
饕	餮	之	徒
饕	餮	大	餐
首	付
首	付	款
首	任
首	位
首	例
首	倡
首	先
首	善	之	地
首	字	母
首	季
首	家
首	富
首	尾
首	尾	相	接
首	尾	音
首	屈	一	指
首	席
首	席	代	表
首	席	信	息	官
首	席	大	法	官
首	席	法	官
首	府
首	度
首	批
首	推
首	日	封
首	映
首	映	式
首	次
首	款
首	演
首	相
首	秀
首	肯
首	要
首	邑
首	都
首	重
首	音
馘	首
香	Q
香	几
香	包
香	吻
香	味
香	囊
香	坊
香	客
香	巢
香	巴	拉
香	料
香	木
香	根	草
香	格	里	拉
香	桂
香	案
香	椿
香	橙
香	氛
香	水
香	河
香	油
香	波
香	洲
香	消	玉	碎
香	液
香	港
香	港	交	易	所
香	港	人
香	港	基	本	法
香	港	文	化	中	心
香	港	警	察
香	港	金	融	管	理	局
香	滑
香	火
香	火	鼎	盛
香	片
香	獐	子
香	瓜
香	甜
香	皂
香	粉
香	精
香	肉
香	胰	子
香	脂
香	腺
香	花
香	茅
香	茅	醇
香	草
香	草	精
香	荽
香	菇
香	菜
香	蒲
香	蕈
香	蕉
香	蕉	人
香	薄	荷
香	薰
香	豌	豆
香	辣	椒
香	酥
香	醇
香	醋
香	附
香	馥	馥
香	鼬
馥	郁
馥	馥
馨	香
骨	刺
骨	刻
骨	力
骨	化
骨	器
骨	子
骨	感
骨	折
骨	料
骨	朵
骨	架
骨	殖
骨	水	泥
骨	法
骨	灰
骨	灰	盒
骨	炭
骨	片
骨	牌
骨	瓷
骨	病
骨	瘤
骨	瘦	如	柴
骨	盆
骨	盆	底
骨	碌
骨	碌	碌
骨	科
骨	立
骨	粉
骨	肉
骨	肥	厚
骨	膜
骨	血
骨	裂
骨	都	都
骨	骸
骨	骺
骨	骼
骨	骼	肌
骨	髓
骨	髓	移	植
骨	髓	腔
骰	塔
骰	子
骰	盅
骶	骨
骸	骨
髂	骨
髓	鞘
高	䠷
高	下
高	不	可	攀
高	不	成	低	不	就
高	中
高	中	生
高	亢
高	亮
高	人
高	人	一	等
高	仙	芝
高	仿
高	企
高	估
高	位
高	低
高	低	不	就
高	低	潮
高	保	真
高	傲
高	僧
高	光
高	八	度
高	冷
高	出
高	分
高	分	低	能
高	分	子
高	分	辨	率
高	利
高	加	索
高	升
高	危
高	原
高	反
高	台
高	名
高	呼
高	唐
高	唱
高	喊
高	地
高	坪
高	城	深	池
高	堂
高	塔
高	大
高	大	上
高	妙
高	安
高	安	市
高	宗
高	官
高	密
高	密	市
高	密	度
高	寒
高	射	炮
高	尚
高	就
高	居
高	山
高	山	旋	木	雀
高	山	族
高	山	病
高	山	症
高	山	金	翅	雀
高	岸
高	岸	深	谷
高	峰
高	峰	期
高	峻
高	州
高	州	市
高	工
高	帽	子
高	平
高	平	市
高	年
高	度
高	弓	足
高	徒
高	性	能
高	慢
高	手
高	才
高	才	生
高	抬
高	招
高	挑
高	挑	子
高	接	梨
高	攀
高	攀	不	上
高	效
高	效	率
高	效	能
高	教
高	敞
高	斯
高	昂
高	明
高	朗
高	木
高	材
高	材	生
高	架
高	架	道	路
高	校
高	梁
高	梁	川
高	梁	市
高	棉
高	次
高	歌
高	段
高	深
高	清
高	清	晰	度
高	港
高	潮
高	潮	迭	起
高	牌
高	球
高	球	杯
高	田
高	盛
高	看
高	矗
高	矮
高	矮	胖	瘦
高	碑	店
高	碑	店	市
高	祖	母
高	祖	父
高	科	技
高	程
高	空
高	空	病
高	端
高	等
高	等	教	育
高	等	法	院
高	筒	靴
高	管
高	粱
高	精	度
高	翔
高	考
高	考	移	民
高	聚	物
高	能
高	能	粒	子
高	能	量
高	脂	血	症
高	腔
高	致	病	性
高	薪
高	薪	酬
高	血	糖
高	血	脂
高	行	健
高	街
高	要
高	起
高	超
高	足
高	跟	鞋
高	蹈
高	辛	氏
高	迪
高	通	公	司
高	速
高	速	公	路
高	速	率
高	速	路
高	逼	格
高	邑
高	院
高	雄
高	雄	市
高	雅
高	青
高	靿
高	音
高	音	喇	叭
高	音	部
高	高	低	低
高	高	在	上
高	高	手
髝	髞
髯	口
鬃	毛
鬣	毛
鬣	狗
鬣	蜥
鬼	佬
鬼	使	神	差
鬼	叫
鬼	名	堂
鬼	哭	狼	嚎
鬼	城
鬼	婆
鬼	子
鬼	屋
鬼	怪
鬼	才
鬼	才	信
鬼	扯
鬼	扯	腿
鬼	故	事
鬼	斧	神	工
鬼	混
鬼	火
鬼	片
鬼	牌
鬼	由	心	生
鬼	神
鬼	祟
鬼	秤
鬼	胎
鬼	蜮
鬼	遮	眼
鬼	鬼	祟	祟
鬼	魂
鬼	魅
鬼	魔
魁	元
魁	北	克
魁	北	克	市
魁	星
魁	梧
魁	蚶
魁	首
魂	不	守	舍
魂	魄
魄	力
魅	力
魅	力	四	射
魅	影
魅	惑
魆	魆
魏	京	生
魏	巍
魏	收
魏	文	帝
魏	源
魏	都
魑	魅
魔	像
魔	力
魔	咒
魔	女
魔	幻
魔	影
魔	怔
魔	性
魔	怪
魔	戒
魔	掌
魔	改
魔	方
魔	杖
魔	棒
魔	法
魔	爪
魔	王
魔	王	撒	旦
魔	窟
魔	羯	座
魔	芋
魔	都
魔	障
魔	鬼
魔	鬼	粘
鮨	科
鶗	鴂
鶗	鴃
鹿	城
鹿	寨
鹿	泉
鹿	港
鹿	特	丹
鹿	肉
鹿	苑	寺
鹿	茸
鹿	草
鹿	角
鹿	谷
鹿	豹	座
鹿	邑
鹿	野
麂	皮
麇	集
麋	鹿
麒	麟
麒	麟	座
麒	麟	殿
麒	麟	菜
麝	牛
麝	香
麝	香	石	竹
麝	香	草
麟	洛
麻	利
麻	力
麻	吉
麻	嗖	嗖
麻	城
麻	城	市
麻	婆	豆	腐
麻	子
麻	山
麻	州
麻	布
麻	木
麻	木	不	仁
麻	栗	坡
麻	椒
麻	江
麻	油
麻	溜
麻	瓜
麻	生
麻	生	太	郎
麻	疹
麻	瘢
麻	石
麻	章
麻	糬
麻	絮
麻	花
麻	衣
麻	袋
麻	豆
麻	辣
麻	醉
麻	雀
麻	麻	亮
麾	下
黇	鹿
黎	利
黎	城
黎	川
黎	巴	嫩
黎	平
黎	庶
黎	族
黎	明
黎	明	前	的	黑	暗
黎	智	英
黎	曼
黎	曼	曲	面
黎	曼	面
黎	民
黏	人
黏	住
黏	合
黏	土
黏	度
黏	性
黏	性	力
黏	木
黏	涎
黏	涎	子
黏	液
黏	滑
黏	痰
黏	稠	度
黏	答	答
黏	米
黏	糊
黏	糊	糊
黏	膜
黏	菌
黏	附
黏	附	力
黑	不	溜	秋
黑	五
黑	人
黑	信
黑	冠	山	雀
黑	冠	鳽
黑	函
黑	化
黑	匣	子
黑	卡
黑	卷	尾
黑	叉	尾	海	燕
黑	吃	黑
黑	咕	隆	咚
黑	哨
黑	喉	山	雀
黑	喉	毛	角	燕
黑	喉	石	䳭
黑	喉	雪	雀
黑	嘴
黑	夜
黑	天
黑	天	半	夜
黑	子
黑	客
黑	客	文
黑	客	松
黑	尿	症
黑	屁
黑	山
黑	巧
黑	市
黑	帖
黑	幕
黑	店
黑	影
黑	心
黑	心	食	品
黑	手
黑	斑
黑	斑	蚊
黑	暗
黑	暗	面
黑	暴
黑	曜	岩
黑	曜	石
黑	木	耳
黑	板
黑	枯	茗
黑	桃
黑	框
黑	森	林
黑	森	林	蛋	糕
黑	森	森
黑	死	病
黑	水
黑	水	城
黑	汗	王	朝
黑	沉	沉
黑	河
黑	河	市
黑	洞
黑	洞	洞
黑	海
黑	漆	麻	花
黑	潮
黑	炭
黑	煤
黑	煤	玉
黑	熊
黑	特
黑	猩	猩
黑	痣
黑	瘤
黑	白
黑	白	不	分
黑	白	分	明
黑	白	切
黑	白	林	䳭
黑	盒
黑	眉	蝮	蛇
黑	眼	圈
黑	眼	珠
黑	瞎	子
黑	矮	星
黑	管
黑	箱
黑	箱	子
黑	箱	操	作
黑	籍	冤	魂
黑	粉
黑	糊	糊
黑	糖
黑	素
黑	素	瘤
黑	肺	病
黑	背
黑	背	信	天	翁
黑	背	燕	尾
黑	胡	椒
黑	胸	麻	雀
黑	色
黑	色	素
黑	茶
黑	茶	藨	子
黑	莓
黑	莓	子
黑	落	德
黑	虎	拳
黑	貂
黑	道
黑	道	家	族
黑	醋	栗
黑	陶
黑	雁
黑	雨
黑	鬼
黑	魆	魆
黑	魖	魖
黑	鳽
黑	黢	黢
黔	南
黔	南	州
黔	南	布	依	族	苗	族	自	治	州
黔	江
黔	西
黔	西	南
黔	西	南	州
黔	西	南	布	依	族	苗	族	自	治	州
黔	西	市
默	哀
默	坐
默	多	克
默	契
默	字
默	念
默	想
默	拉	皮
默	然
默	片
默	示
默	算
默	罕	默	德
默	西	河
默	默
黛	安	娜
黜	退
黝	暗
黝	黑
黢	黑
黥	面
黧	黑
黯	然
黯	然	失	色
鼎	力
鼎	力	相	助
鼎	助
鼎	城
鼎	峙
鼎	新
鼎	族
鼎	沸
鼎	湖
鼎	盛
鼎	盛	期
鼎	立
鼎	足
鼎	革
鼎	食
鼎	鼎
鼎	鼎	大	名
鼓	包
鼓	吹
鼓	吹	者
鼓	噪
鼓	室
鼓	山
鼓	手
鼓	掌
鼓	板
鼓	盆
鼓	盆	之	戚
鼓	眼	睛
鼓	箱
鼓	膜
鼓	舌
鼓	舞
鼓	起
鼓	鼓	囊	囊
鼓	鼓	的
鼠	尾	草
鼠	年
鼠	得	克
鼠	海	豚
鼠	疫
鼠	疫	菌	苗
鼠	目	寸	光
鼠	蛛
鼠	蹊
鼢	鼠
鼩	鼱
鼬	獾
鼬	科
鼬	鼠
鼯	鼠
鼷	鼠
鼻	中	隔
鼻	出	血
鼻	咽
鼻	咽	癌
鼻	垢
鼻	塞
鼻	子
鼻	孔
鼻	孔	朝	天
鼻	尖
鼻	屎
鼻	息
鼻	息	肉
鼻	梁
鼻	毛
鼻	水
鼻	涕
鼻	炎
鼻	甲	骨
鼻	疽
鼻	病	毒
鼻	祖
鼻	翼
鼻	腔
鼻	酸
鼻	音
鼻	骨
鼻	黏	膜
鼾	鼾
齁	甜
齌	怒
𥻗	子
𥻗	粥
