21三体综合症	21三體綜合症
不孕症	不孕症
不治之症	不治之症
不育症	不育症
中国餐馆症候群	中國餐館症候群
乳糖不耐症	乳糖不耐症
亚伯氏症	亞伯氏症
亨丁顿舞蹈症	亨丁頓舞蹈症
亨廷顿舞蹈症	亨廷頓舞蹈症
人畜共患症	人畜共患症
低体温症	低體溫症
侏儒症	侏儒症
健忘症	健忘症
伤寒症	傷寒症
僵住症	僵住症
半乳糖血症	半乳糖血症
厌女症	厭女症
厌食症	厭食症
吉伯特氏症候群	吉伯特氏症候群
唐氏症	唐氏症
唐氏综合症	唐氏綜合症
嗜睡症	嗜睡症
图雷特氏综合症	圖雷特氏綜合症
城市依赖症	城市依賴症
多动症	多動症
多囊卵巢综合症	多囊卵巢綜合症
夜盲症	夜盲症
梦行症	夢行症
大肠激躁症	大腸激躁症
失写症	失寫症
失忆症	失憶症
失明症	失明症
失智症	失智症
失温症	失溫症
失语症	失語症
失读症	失讀症
妄想症	妄想症
妥瑞症	妥瑞症
婴儿猝死综合症	嬰兒猝死綜合症
子癫前症	子癲前症
孤独症	孤獨症
密集恐惧症	密集恐懼症
对症	對症
小儿麻痹症	小兒麻痺症
尿毒症	尿毒症
崩症	崩症
巴金森氏症	巴金森氏症
帕金森氏症	帕金森氏症
幽闭恐惧症	幽閉恐懼症
必死之症	必死之症
念珠菌症	念珠菌症
急症	急症
恐怖症	恐怖症
恐惧症	恐懼症
恐旷症	恐曠症
恐水症	恐水症
恐血症	恐血症
恐韩症	恐韓症
恐高症	恐高症
慢性疲劳症候群	慢性疲勞症候群
虑病症	慮病症
惧高症	懼高症
成骨不全症	成骨不全症
手足口症	手足口症
抽动症	抽動症
拖延症	拖延症
败血症	敗血症
易饥症	易飢症
晕血症	暈血症
暴食症	暴食症
书写不能症	書寫不能症
月盲症	月盲症
杜兴氏肌肉营养不良症	杜興氏肌肉營養不良症
染色体三倍体症	染色體三倍體症
死症	死症
氟骨症	氟骨症
河盲症	河盲症
油症	油症
减压症	減壓症
溶小体储积症	溶小體儲積症
渐冻人症	漸凍人症
渐冻症	漸凍症
潜水夫症	潛水夫症
炎症	炎症
无症状	無症狀
无精症	無精症
焦虑症	焦慮症
烟雾症	煙霧症
牙关紧闭症	牙關緊閉症
猝睡症	猝睡症
疑病症	疑病症
疑难杂症	疑難雜症
疲劳症	疲勞症
病毒血症	病毒血症
病症	病症
症候	症候
症候群	症候群
症状	症狀
症状性	症狀性
症象	症象
癌症	癌症
癔症	癔症
白化症	白化症
白斑症	白斑症
白蚀症	白蝕症
社交恐惧症	社交恐懼症
神经官能症	神經官能症
神经症	神經症
精神分裂症	精神分裂症
精神官能症	精神官能症
精神性厌食症	精神性厭食症
紫质症	紫質症
绝症	絕症
综合症	綜合症
缺乏症	缺乏症
缺氧症	缺氧症
美尼尔氏综合症	美尼爾氏綜合症
耳石症	耳石症
职业倦怠症	職業倦怠症
肌肉萎缩症	肌肉萎縮症
肥胖症	肥胖症
腕管综合症	腕管綜合症
腕隧道症候群	腕隧道症候群
腰椎间盘突出症	腰椎間盤突出症
胆石症	膽石症
脓毒症	膿毒症
臆想症	臆想症
脸盲症	臉盲症
自闭症	自閉症
苯丙酮尿症	苯丙酮尿症
苯酮尿症	苯酮尿症
蟠尾丝虫症	蟠尾絲蟲症
蚕豆症	蠶豆症
血栓症	血栓症
血液恐怖症	血液恐怖症
血色素沉积症	血色素沉積症
贫血症	貧血症
路怒症	路怒症
躁狂症	躁狂症
过胖暴食症	過胖暴食症
遗忘症	遺忘症
重症	重症
重症监护	重症監護
重症监护室	重症監護室
重症肌无力	重症肌無力
镰状红血球贫血症	鐮狀紅血球貧血症
镰状细胞血症	鐮狀細胞血症
阿尔茨海默氏症	阿爾茨海默氏症
阿尔茨海默症	阿爾茨海默症
阿茨海默症	阿茨海默症
阿兹海默症	阿茲海默症
险症	險症
顽症	頑症
飞蚊症	飛蚊症
骨痛热症	骨痛熱症
高山症	高山症
高脂血症	高脂血症
黑尿症	黑尿症
症结	癥結
95后	95後
三思而后行	三思而後行
不孝有三，无后为大	不孝有三，無後為大
不甘人后	不甘人後
不甘后人	不甘後人
不顾前后	不顧前後
之后	之後
九零后	九零後
事后	事後
事后聪明	事後聰明
事后诸葛亮	事後諸葛亮
今后	今後
以后	以後
先来后到	先來後到
先兵后礼	先兵後禮
先天下之忧而忧，后天下之乐而乐	先天下之憂而憂，後天下之樂而樂
先天不足，后天失调	先天不足，後天失調
先天与后天	先天與後天
先后	先後
先后顺序	先後順序
先斩后奏	先斬後奏
先有后婚	先有後婚
先礼后兵	先禮後兵
光前裕后	光前裕後
其后	其後
刀不磨要生锈，人不学要落后	刀不磨要生鏽，人不學要落後
前不巴村，后不巴店	前不巴村，後不巴店
前不着村，后不着店	前不著村，後不著店
前不见古人，后不见来者	前不見古人，後不見來者
前事不忘，后事之师	前事不忘，後事之師
前人栽树，后人乘凉	前人栽樹，後人乘涼
前仰后合	前仰後合
前俯后仰	前俯後仰
前倨后恭	前倨後恭
前凸后翘	前凸後翹
前后	前後
前后文	前後文
前怕狼后怕虎	前怕狼後怕虎
前无古人，后无来者	前無古人，後無來者
前胸贴后背	前胸貼後背
前赴后继	前赴後繼
前车之覆，后车之鉴	前車之覆，後車之鑒
前门打虎，后门打狼	前門打虎，後門打狼
前门拒虎，后门进狼	前門拒虎，後門進狼
创伤后应激障碍	創傷後應激障礙
午后	午後
博士后	博士後
博后	博後
哥林多后书	哥林多後書
售后服务	售後服務
善后	善後
善后借款	善後借款
嗣后	嗣後
在后	在後
在此之后	在此之後
在此后	在此後
压死骆驼的最后一根稻草	壓死駱駝的最後一根稻草
大后天	大後天
大难不死，必有后福	大難不死，必有後福
失去后劲	失去後勁
好戏还在后头	好戲還在後頭
季后赛	季後賽
学然后知不足	學然後知不足
巴前算后	巴前算後
帖撒罗尼迦后书	帖撒羅尼迦後書
延后	延後
彼得后书	彼得後書
往后	往後
后世	後世
后事	後事
后人	後人
后付	後付
后代	後代
后任	後任
后来	後來
后来居上	後來居上
后来者居上	後來者居上
后信号灯	後信號燈
后备	後備
后备箱	後備箱
后备军	後備軍
后传	後傳
后儿	後兒
后加	後加
后劲	後勁
后半	後半
后半场	後半場
后半生	後半生
后味	後味
后唐	後唐
后嗣	後嗣
后坐	後坐
后坐力	後坐力
后尘	後塵
后壁	後壁
后天	後天
后天性	後天性
后娘	後娘
后妈	後媽
后学	後學
后宫	後宮
后庭	後庭
后厨	後廚
后影	後影
后心	後心
后怕	後怕
后悔	後悔
后悔不迭	後悔不迭
后悔莫及	後悔莫及
后患无穷	後患無窮
后感	後感
后感觉	後感覺
后手	後手
后排	後排
后掩蔽	後掩蔽
后援	後援
后援会	後援會
后摇	後搖
后摇滚	後搖滾
后撤	後撤
后效	後效
后文	後文
后方	後方
后日	後日
后晋	後晉
后梁	後梁
后梢	後梢
后殖民	後殖民
后段	後段
后母	後母
后母脸	後母臉
后海	後海
后凉	後涼
后汉	後漢
后汉书	後漢書
后灯	後燈
后燕	後燕
后父	後父
后现代主义	後現代主義
后生	後生
后生动物	後生動物
后生可畏	後生可畏
后盾	後盾
后秦	後秦
后空翻	後空翻
后缀	後綴
后缘	後緣
后继乏人	後繼乏人
后继有人	後繼有人
后继无人	後繼無人
后续	後續
后置	後置
后置修饰语	後置修飾語
后置词	後置詞
后翅	後翅
后者	後者
后肢	後肢
后背	後背
后脑	後腦
后脑勺	後腦勺
后腰	後腰
后脚	後腳
后盖	後蓋
后藤	後藤
后卫	後衛
后裔	後裔
后见之明	後見之明
后记	後記
后设	後設
后设认知	後設認知
后设资料	後設資料
后诊	後診
后话	後話
后调	後調
后账	後賬
后起之秀	後起之秀
后赵	後趙
后跟	後跟
后跟提带	後跟提帶
后路	後路
后车之鉴	後車之鑒
后车架	後車架
后车轴	後車軸
后辈	後輩
后轮	後輪
后退	後退
后送	後送
后送医院	後送醫院
后进	後進
后进先出	後進先出
后边	後邊
后部	後部
后金	後金
后钩	後鉤
后门	後門
后附	後附
后院	後院
后院起火	後院起火
后头	後頭
后颈	後頸
后顾之忧	後顧之憂
后验概率	後驗概率
后魏	後魏
后鼻音	後鼻音
后龙	後龍
后龙镇	後龍鎮
从今以后	從今以後
从此往后	從此往後
思前想后	思前想後
惩前毖后	懲前毖後
战后	戰後
打蛇不死，后患无穷	打蛇不死，後患無窮
承先启后	承先啟後
承前启后	承前啟後
抄后路	抄後路
押后	押後
拉后钩儿	拉後鉤兒
按时间先后	按時間先後
控球后卫	控球後衛
推后	推後
提摩太后书	提摩太後書
摊薄后每股盈利	攤薄後每股盈利
放马后炮	放馬後炮
敌后	敵後
日后	日後
最后	最後
最后一天	最後一天
最后晚餐	最後晚餐
最后的晚餐	最後的晚餐
最后通牒	最後通牒
朝后	朝後
末后	末後
李后主	李後主
次后	次後
歇后语	歇後語
此后	此後
步人后尘	步人後塵
死后	死後
死而后已	死而後已
殿后	殿後
水浒后传	水滸後傳
滞后	滯後
灾后	災後
无后	無後
无后坐力炮	無後坐力炮
然后	然後
争先恐后	爭先恐後
尔后	爾後
产后	產後
留后路	留後路
真后生动物	真後生動物
瞻前顾后	瞻前顧後
税后	稅後
稍后	稍後
空前绝后	空前絕後
突触后	突觸後
绝后	絕後
经济落后	經濟落後
紧随其后	緊隨其後
继后	繼後
置之死地而后生	置之死地而後生
置之脑后	置之腦後
老鼠拖木锨，大头在后头	老鼠拖木鍁，大頭在後頭
而后	而後
背后	背後
脑后	腦後
脚后跟	腳後跟
舌尖后音	舌尖後音
落后	落後
虚心使人进步，骄傲使人落后	虛心使人進步，驕傲使人落後
螳螂捕蝉，黄雀在后	螳螂捕蟬，黃雀在後
术后	術後
观后感	觀後感
观后镜	觀後鏡
解放后	解放後
谁笑到最后，谁笑得最好	誰笑到最後，誰笑得最好
谁笑在最后，谁笑得最好	誰笑在最後，誰笑得最好
读后感	讀後感
走后门	走後門
赶前不赶后	趕前不趕後
跋前疐后	跋前疐後
跋前踬后	跋前躓後
身后	身後
车后箱	車後箱
退后	退後
过后	過後
酒后	酒後
酒后吐真言	酒後吐真言
酒后驾车	酒後駕車
酒后驾驶	酒後駕駛
长江后浪催前浪	長江後浪催前浪
长江后浪推前浪	長江後浪推前浪
开后门	開後門
随之而后	隨之而後
随后	隨後
雨后春笋	雨後春筍
鞍前马后	鞍前馬後
预后	預後
饭后一支烟，赛过活神仙	飯後一支煙，賽過活神仙
饭后服用	飯後服用
饭后百步走，活到九十九	飯後百步走，活到九十九
餐后酒	餐後酒
仙后座	仙后座
冰雪皇后	冰雪皇后
后冠	后冠
后妃	后妃
后羿	后羿
天后	天后
天后站	天后站
太后	太后
帝后	帝后
影后	影后
慈安太后	慈安太后
慈禧太后	慈禧太后
扮装皇后	扮裝皇后
歌后	歌后
王后	王后
王太后	王太后
皇后	皇后
皇后区	皇后區
皇后镇	皇后鎮
皇天后土	皇天后土
皇太后	皇太后
蜂后	蜂后
蚁后	蟻后
变装皇后	變裝皇后
选美皇后	選美皇后
AA制	AA制
AB制	AB制
JK制服	JK制服
一国两制	一國兩制
一妻制	一妻制
一胎制	一胎制
一党专制	一黨專制
中央专制集权	中央專制集權
二进制	二進制
二进制编码	二進制編碼
二部制	二部制
井田制	井田制
介质访问控制	介質訪問控制
介质访问控制层	介質訪問控制層
以夷制夷	以夷制夷
以暴制暴	以暴制暴
以华制华	以華制華
传输控制	傳輸控制
传输控制协定	傳輸控制協定
全日制	全日制
两院制	兩院制
两党制	兩黨制
八小时工作制	八小時工作制
八级工资制	八級工資制
八进制	八進制
公制	公制
公制单位	公制單位
公有制	公有制
共和制	共和制
共模抑制比	共模抑制比
兵制	兵制
再生制动	再生制動
出奇制胜	出奇制勝
分封制	分封制
分权制衡	分權制衡
制伏	制伏
制动	制動
制动器	制動器
制胜	制勝
制定	制定
制导	制導
制度	制度
制度化	制度化
制式	制式
制式化	制式化
制服	制服
制服呢	制服呢
制止	制止
制空权	制空權
制约	制約
制衡	制衡
制裁	制裁
制订	制訂
制酸剂	制酸劑
制钱	制錢
制霸	制霸
创制	創制
加强管制	加強管制
包乘制	包乘制
包待制	包待制
包承制	包承制
包产到户制	包產到戶制
十六进制	十六進制
十进制	十進制
半日制学校	半日制學校
即时制	即時制
反制	反制
受制	受制
君主制	君主制
君主立宪制	君主立憲制
单院制	單院制
因地制宜	因地制宜
因时制宜	因時制宜
国际单位制	國際單位制
均田制	均田制
压制	壓制
夏时制	夏時制
多妻制	多妻制
多党制	多黨制
大部制	大部制
奴隶制	奴隸制
奴隶制度	奴隸制度
媒体访问控制	媒體訪問控制
学分制	學分制
学制	學制
守制	守制
官制	官制
宰制	宰制
实名制	實名制
实际控制人	實際控制人
实际控制线	實際控制線
审级制度	審級制度
封建制度	封建制度
专制	專制
专制主义	專制主義
市制	市制
希格斯机制	希格斯機制
帝制	帝制
师夷长技以制夷	師夷長技以制夷
常衡制	常衡制
币制	幣制
建制	建制
强制	強制
形制	形制
微控制器	微控制器
宪制	憲制
应制	應制
户口制	戶口制
户口制度	戶口制度
所有制	所有制
扼制	扼制
抑制	抑制
抑制作用	抑制作用
抑制剂	抑制劑
抑制酶	抑制酶
抵制	抵制
挟制	挾制
控制	控制
控制室	控制室
控制棒	控制棒
控制权	控制權
控制狂	控制狂
控制论	控制論
揉制	揉制
改制	改制
政治体制	政治體制
会计制度	會計制度
有节制	有節制
有编制	有編制
本位制	本位制
步进制	步進制
母权制	母權制
民主集中制	民主集中制
气动控制	氣動控制
混合所有制改革	混合所有制改革
涨跌幅限制	漲跌幅限制
激励机制	激勵機制
无限制	無限制
熔断机制	熔斷機制
父权制	父權制
牵制	牽制
百分制	百分制
监管体制	監管體制
禁制	禁制
禁制令	禁制令
礼制	禮制
私有制	私有制
科举制	科舉制
税制	稅制
种姓制	種姓制
种姓制度	種姓制度
空中交通管制	空中交通管制
空中交通管制员	空中交通管制員
笛卡儿坐标制	笛卡兒座標制
等级制度	等級制度
管制	管制
节制	節制
米制	米制
约制	約制
终身制	終身制
统制	統制
经济制裁	經濟制裁
经济体制	經濟體制
总统制	總統制
联邦制	聯邦制
股份制公司	股份制公司
自制力	自制力
自动控制	自動控制
旧制	舊制
衡量制	衡量制
规制	規制
规章制度	規章制度
计量制	計量制
调制波	調制波
调制解调器	調制解調器
谈判制度	談判制度
议会制	議會制
责任制	責任制
赛制	賽制
辖制	轄制
退休金双轨制	退休金雙軌制
连坐制	連坐制
遏制	遏制
逻辑链路控制	邏輯鏈路控制
钳制	鉗制
银本位制	銀本位制
防制	防制
限制	限制
限制级	限制級
限制酶	限制酶
限制酶图谱	限制酶圖譜
电缆调制解调器	電纜調制解調器
震源机制	震源機制
频率调制	頻率調制
养老金双轨制	養老金雙軌制
驻车制动器	駐車制動器
体制	體制
中国制造	中國製造
中国制造2025	中國製造2025
乳制品	乳製品
再制	再製
再制纸	再製紙
再制盐	再製鹽
印制	印製
印制电路	印製電路
单方制剂	單方製劑
土制	土製
定制	定製
客制化	客製化
手制	手製
打制	打製
打制石器	打製石器
拉制	拉製
提制	提製
摄制	攝製
木制	木製
泡制	泡製
灌制	灌製
炮制	炮製
烘制	烘製
烹制	烹製
煤制气	煤製氣
煤制油	煤製油
烧制	燒製
特制	特製
生物制剂	生物製劑
生物制品	生物製品
产制	產製
皮制品	皮製品
监制	監製
研制	研製
砷制剂	砷製劑
磨制石器	磨製石器
秘制	秘製
竹制	竹製
精制	精製
缝制	縫製
绘制	繪製
美制	美製
自制炸弹	自製炸彈
血制品	血製品
裁制	裁製
制件	製件
制作	製作
制作人	製作人
制作商	製作商
制作者	製作者
制备	製備
制冰机	製冰機
制冷	製冷
制剂	製劑
制取	製取
制品	製品
制售	製售
制图	製圖
制成	製成
制成品	製成品
制模	製模
制氧机	製氧機
制油	製油
制热	製熱
制片	製片
制片人	製片人
制版	製版
制程	製程
制衣	製衣
制造	製造
制造商	製造商
制造业	製造業
制造业者	製造業者
制造者	製造者
制陶	製陶
制陶工人	製陶工人
制鞋匠	製鞋匠
制鞋工人	製鞋工人
订制	訂製
计算机制图	計算機製圖
计算机集成制造	計算機集成製造
试制	試製
豆制品	豆製品
轧制	軋製
转制	轉製
配制	配製
酿制	釀製
重制	重製
量身定制	量身定製
银制	銀製
钢制	鋼製
电影制作	電影製作
电影制片	電影製片
革制品	革製品
鞣制	鞣製
预制	預製
预制菜	預製菜
L照	L照
乏人照顾	乏人照顧
予以照顾	予以照顧
事故照射	事故照射
人工照亮	人工照亮
低剂量照射	低劑量照射
依照	依照
光照	光照
光照度	光照度
光照治疗	光照治療
前照灯	前照燈
剧照	劇照
参照	參照
反照	反照
反照率	反照率
合照	合照
单色照片	單色照片
均日照	均日照
执照	執照
夕照	夕照
外照射	外照射
大头照	大頭照
实况照片	實況照片
写照	寫照
对照	對照
对照组	對照組
心照	心照
心照不宣	心照不宣
快照	快照
急性照射	急性照射
慈照寺	慈照寺
凭照	憑照
应急照射	應急照射
拍照	拍照
按照	按照
探照灯	探照燈
数码照相机	數碼照相機
日照市	日照市
映照	映照
普照	普照
晒照	曬照
朗照	朗照
李清照	李清照
正电子照射断层摄影	正電子照射斷層攝影
比照	比照
无照	無照
照亮	照亮
照付	照付
照例	照例
照做	照做
照像机	照像機
照原样	照原樣
照单全收	照單全收
照壁	照壁
照妖镜	照妖鏡
照射	照射
照常	照常
照度	照度
照得	照得
照抄	照抄
照排	照排
照搬	照搬
照料	照料
照明	照明
照明弹	照明彈
照映	照映
照会	照會
照本宣科	照本宣科
照样	照樣
照烧	照燒
照片	照片
照片子	照片子
照片底版	照片底版
照理	照理
照登	照登
照直	照直
照相	照相
照相排版	照相排版
照相机	照相機
照相馆	照相館
照看	照看
照眼	照眼
照章	照章
照管	照管
照耀	照耀
照旧	照舊
照葫芦画瓢	照葫蘆畫瓢
照说	照說
照护	照護
照猫画虎	照貓畫虎
照买不误	照買不誤
照办	照辦
照进度	照進度
照镜子	照鏡子
照顾	照顧
照骗	照騙
爆照	爆照
牌照	牌照
卢照邻	盧照鄰
福星高照	福星高照
立体照片	立體照片
肝胆相照	肝膽相照
自拍照	自拍照
艳照	艷照
裸照	裸照
请多关照	請多關照
谍照	諜照
护照	護照
车照	車照
辐照	輻照
近照	近照
遵照	遵照
遗照	遺照
长照	長照
关照	關照
阳光普照	陽光普照
电照明	電照明
驾照	駕照
驾驶执照	駕駛執照
OK绷	OK繃
棕绷	棕繃
石膏绷带	石膏繃帶
紧绷	緊繃
绷不住	繃不住
绷子	繃子
绷带	繃帶
绷床	繃床
绷簧	繃簧
绷紧	繃緊
绷着脸	繃著臉
O型腿	O型腿
二郎腿	二郎腿
前腿	前腿
劈腿	劈腿
外八字腿	外八字腿
外小腿	外小腿
大腿	大腿
大腿袜	大腿襪
大长腿	大長腿
小腿	小腿
小腿肚	小腿肚
抱大腿	抱大腿
拔腿	拔腿
扫堂腿	掃堂腿
扫腿	掃腿
撒腿	撒腿
散腿裤	散腿褲
断腿	斷腿
方腿	方腿
有一腿	有一腿
架二郎腿	架二郎腿
棒棒腿	棒棒腿
毛腿夜鹰	毛腿夜鷹
毛腿沙鸡	毛腿沙雞
毛腿𫛭	毛腿鵟
泥腿	泥腿
泥腿子	泥腿子
潭腿	潭腿
火腿	火腿
火腿肠	火腿腸
狗腿	狗腿
狗腿子	狗腿子
瘸腿	瘸腿
白腿小隼	白腿小隼
盘腿	盤腿
短腿猎犬	短腿獵犬
筷子腿	筷子腿
管住嘴迈开腿	管住嘴邁開腿
红腿小隼	紅腿小隼
红腿斑秧鸡	紅腿斑秧雞
绑腿	綁腿
罗圈腿	羅圈腿
美人腿	美人腿
翘二郎腿	翹二郎腿
胳膊拧不过大腿	胳膊擰不過大腿
腿肚子	腿肚子
腿腕	腿腕
腿脚	腿腳
腿号	腿號
腿号箍	腿號箍
腿部	腿部
蜜大腿	蜜大腿
裤腿	褲腿
西藏毛腿沙鸡	西藏毛腿沙雞
跑腿	跑腿
跑腿儿	跑腿兒
跑腿子	跑腿子
踢腿	踢腿
蹬腿	蹬腿
金华火腿	金華火腿
双腿	雙腿
鸡腿	雞腿
鸡腿菇	雞腿菇
飞毛腿	飛毛腿
飞腿	飛腿
黄腿渔鸮	黃腿漁鴞
QR扣	QR扣
代扣	代扣
刷扣	刷扣
卡扣	卡扣
卸扣	卸扣
哈扣	哈扣
子母扣	子母扣
扣上	扣上
扣人心弦	扣人心弦
扣住	扣住
扣分	扣分
扣动	扣動
扣去	扣去
扣问	扣問
扣压	扣壓
扣屎盆子	扣屎盆子
扣屎盔子	扣屎盔子
扣帽子	扣帽子
扣式电池	扣式電池
扣应	扣應
扣押	扣押
扣击	扣擊
扣查	扣查
扣杀	扣殺
扣球	扣球
扣环	扣環
扣留	扣留
扣篮	扣籃
扣缴	扣繳
扣肉	扣肉
扣襻	扣襻
扣除	扣除
扣题	扣題
抵扣	抵扣
按扣	按扣
搭扣	搭扣
摁扣儿	摁扣兒
暴扣	暴扣
查扣	查扣
环环相扣	環環相扣
登山扣	登山扣
粘扣	粘扣
粘扣带	粘扣帶
纽扣	紐扣
纽扣电池	紐扣電池
紧扣	緊扣
衣扣	衣扣
袖扣	袖扣
认死扣儿	認死扣兒
钩扣	鉤扣
预扣	預扣
领扣	領扣
黏扣带	黏扣帶
尼龙搭扣	尼龍搭釦
带扣	帶釦
皮带扣	皮帶釦
解扣	解釦
扣子	釦子
扣眼	釦眼
门扣	門釦
T台	T台
T型台	T型台
一中一台	一中一台
三台	三台
三台县	三台縣
上台	上台
中国地震台网	中國地震台網
九台	九台
九台区	九台區
来台	來台
台下	台下
台伯河	台伯河
台儿庄区	台兒莊區
台前县	台前縣
台北金马影展	台北金馬影展
台南	台南
台商	台商
台妹	台妹
台安	台安
台客	台客
台山	台山
台山市	台山市
台山话	台山話
台州	台州
台州市	台州市
台币	台幣
台座	台座
台式电脑	台式電腦
台东	台東
台东市	台東市
台江	台江
台江区	台江區
台江县	台江縣
台湾海峡	台灣海峽
台湾话	台灣話
台独	台獨
台球	台球
台球桌	台球桌
台盟	台盟
台磅	台磅
台积电	台積電
台股	台股
台菜	台菜
台语	台語
台资	台資
吧台	吧台
国务院台湾事务办公室	國務院台灣事務辦公室
在台	在台
地台	地台
坐台小姐	坐台小姐
塔台	塔台
天台宗	天台宗
天台山	天台山
天台县	天台縣
天文台	天文台
奇台	奇台
奇台县	奇台縣
帕台农	帕台農
帕台农神庙	帕台農神廟
平台即服务	平台即服務
应用平台	應用平台
打对台	打對台
找台阶儿	找台階兒
操作台	操作台
收银台	收銀台
政治舞台	政治舞台
斯台普斯	斯台普斯
新台币	新台幣
新城电台	新城電台
断头台	斷頭台
旋转台	旋轉台
东台	東台
东台市	東台市
桓台	桓台
桓台县	桓台縣
梁山伯与祝英台	梁山伯與祝英台
桥台	橋台
歌台	歌台
气象台	氣象台
洗手台	洗手台
流理台	流理台
浙江天台县	浙江天台縣
灶台	灶台
烟台	煙台
烟台市	煙台市
看台	看台
石台	石台
石台县	石台縣
祈仙台	祈仙台
禹王台	禹王台
禹王台区	禹王台區
紫金山天文台	紫金山天文台
网路平台	網路平台
总台	總台
美中台	美中台
自由亚洲电台	自由亞洲電台
舞台音乐	舞台音樂
观星台	觀星台
观景台	觀景台
观测台	觀測台
询问台	詢問台
跨平台	跨平台
轮台	輪台
轮台古城	輪台古城
轮台县	輪台縣
转车台	轉車台
郭台铭	郭台銘
锥台	錐台
锅台	鍋台
镇台	鎮台
镜框舞台	鏡框舞台
钻井平台	鑽井平台
雾台	霧台
灵台	靈台
灵台县	靈台縣
香港电台	香港電台
高台	高台
高台县	高台縣
鱼台	魚台
鱼台县	魚台縣
凤台	鳳台
凤台县	鳳台縣
七台河	七臺河
七台河市	七臺河市
三个女人一台戏	三個女人一臺戲
上不得台盘	上不得臺盤
下不来台	下不來臺
下台	下臺
下台阶	下臺階
中港台	中港臺
中台	中臺
中华台北	中華臺北
二人台	二人臺
五台	五臺
五台山	五臺山
五台市	五臺市
五台县	五臺縣
亭台	亭臺
亭台楼榭	亭臺樓榭
亭台楼阁	亭臺樓閣
任凭风浪起，稳坐钓鱼台	任憑風浪起，穩坐釣魚臺
伸展台	伸展臺
信号台	信號臺
倒台	倒臺
兄台	兄臺
出台	出臺
前台	前臺
印台区	印臺區
去台	去臺
去台人员	去臺人員
丛台	叢臺
丛台区	叢臺區
司天台	司天臺
吹台	吹臺
售货台	售貨臺
唱对台戏	唱對臺戲
四方台	四方臺
四方台区	四方臺區
国立台北科技大学	國立臺北科技大學
国台办	國臺辦
坐台	坐臺
垮台	垮臺
基台	基臺
塌台	塌臺
压台戏	壓臺戲
多平台	多平臺
大沽口炮台	大沽口砲臺
大沽炮台	大沽砲臺
察合台	察合臺
展台	展臺
峰火台	峰火臺
平台	平臺
戏台	戲臺
打擂台	打擂臺
拆台	拆臺
拳击台	拳擊臺
擂台	擂臺
擂台赛	擂臺賽
收款台	收款臺
敌台	敵臺
月台	月臺
月台票	月臺票
本台	本臺
楼梯台	樓梯臺
楼台	樓臺
洗脸台	洗臉臺
港澳台	港澳臺
港台	港臺
汉台	漢臺
汉台区	漢臺區
潜台词	潛臺詞
瀛台	瀛臺
灯台	燈臺
烛台	燭臺
炉台	爐臺
炮台	砲臺
硬件平台	硬件平臺
砚台	硯臺
稳坐钓鱼台	穩坐釣魚臺
窗台	窗臺
窝阔台	窩闊臺
窝阔台汗	窩闊臺汗
站台	站臺
章台	章臺
第四台	第四臺
臬台	臬臺
台上	臺上
台中	臺中
台中市	臺中市
台倭	臺倭
台儿庄	臺兒莊
台北县	臺北縣
台南市	臺南市
台南府	臺南府
台地	臺地
台基	臺基
台大	臺大
台媒	臺媒
台巴子	臺巴子
台式机	臺式機
台扇	臺扇
台斤	臺斤
台本	臺本
台柱	臺柱
台海	臺海
台湾	臺灣
台湾土狗	臺灣土狗
台湾大学	臺灣大學
台湾山鹧鸪	臺灣山鷓鴣
台湾岛	臺灣島
台湾戴菊	臺灣戴菊
台湾斑翅鹛	臺灣斑翅鶥
台湾斑胸钩嘴鹛	臺灣斑胸鉤嘴鶥
台湾林鸲	臺灣林鴝
台湾棕噪鹛	臺灣棕噪鶥
台湾棕颈钩嘴鹛	臺灣棕頸鉤嘴鶥
台湾画眉	臺灣畫眉
台湾白喉噪鹛	臺灣白喉噪鶥
台湾省	臺灣省
台湾短翅莺	臺灣短翅鶯
台湾紫啸鸫	臺灣紫嘯鶇
台湾蓝鹊	臺灣藍鵲
台湾雀鹛	臺灣雀鶥
台湾鹎	臺灣鵯
台湾鹪鹛	臺灣鷦鶥
台湾黄山雀	臺灣黃山雀
台甫	臺甫
台盆	臺盆
台罗字	臺羅字
台胞	臺胞
台虎钳	臺虎鉗
台蛙	臺蛙
台词	臺詞
台阶	臺階
兴隆台	興隆臺
兴隆台区	興隆臺區
舞台	舞臺
舞台剧	舞臺劇
茅台酒	茅臺酒
草台班子	草臺班子
莲台	蓮臺
蜡台	蠟臺
观象台	觀象臺
访台	訪臺
讲台	講臺
走马章台	走馬章臺
赴台	赴臺
跳台	跳臺
跳台滑雪	跳臺滑雪
软件平台	軟件平臺
近水楼台	近水樓臺
近水楼台先得月	近水樓臺先得月
返台	返臺
道台	道臺
邢台	邢臺
邢台市	邢臺市
邢台县	邢臺縣
金台	金臺
金台区	金臺區
钓鱼台	釣魚臺
开台	開臺
开台锣鼓	開臺鑼鼓
陈列台	陳列臺
阳台	陽臺
双台子	雙臺子
双台子区	雙臺子區
电台	電臺
露台	露臺
青瓦台	青瓦臺
领奖台	領獎臺
乒乓球台	乒乓球檯
写字台	寫字檯
工作台	工作檯
弹珠台	彈珠檯
手工台	手工檯
手术台	手術檯
梳妆台	梳妝檯
台安县	檯安縣
台灯	檯燈
台秤	檯秤
台账	檯賬
班台	班檯
球台	球檯
T恤	T恤
不恤	不恤
不恤人言	不恤人言
俸恤	俸恤
安富恤穷	安富恤窮
安富恤贫	安富恤貧
恤匮	恤匱
恤嫠	恤嫠
恤衫	恤衫
怜恤	憐恤
抚恤金	撫恤金
殒身不恤	殞身不恤
赈恤	賑恤
体恤	體恤
体恤入微	體恤入微
体恤衫	體恤衫
抚恤	撫卹
赒恤	賙卹
一干二净	一乾二淨
不干不净	不乾不淨
乳臭未干	乳臭未乾
干俸	乾俸
干儿子	乾兒子
干冰	乾冰
干咳	乾咳
干呕	乾嘔
干哕	乾噦
干嚎	乾嚎
干女儿	乾女兒
干娘	乾娘
干妈	乾媽
干巴巴	乾巴巴
干手机	乾手機
干打垒	乾打壘
干打雷，不下雨	乾打雷，不下雨
干旱	乾旱
干旱土	乾旱土
干枯	乾枯
干梅子	乾梅子
干洗	乾洗
干涸	乾涸
干净	乾淨
干净利落	乾淨利落
干渴	乾渴
干潮	乾潮
干涩	乾澀
干煸	乾煸
干煸四季豆	乾煸四季豆
干煸土豆丝	乾煸土豆絲
干煸豆角	乾煸豆角
干燥	乾燥
干燥剂	乾燥劑
干燥机	乾燥機
干爹	乾爹
干爽	乾爽
干物女	乾物女
干瘦	乾瘦
干瘪	乾癟
干癣	乾癬
干瞪眼	乾瞪眼
干笑	乾笑
干等	乾等
干粉	乾粉
干粮	乾糧
干粮袋	乾糧袋
干脆	乾脆
干脆利索	乾脆利索
干脆利落	乾脆利落
干草	乾草
干菜	乾菜
干着急	乾著急
干号	乾號
干衣	乾衣
干裂	乾裂
干贝	乾貝
干货	乾貨
干透	乾透
干酪	乾酪
干酪素	乾酪素
干锅	乾鍋
干馏	乾餾
冻干	凍乾
包干	包乾
口干舌燥	口乾舌燥
吃干抹净	吃乾抹淨
吃干饭	吃乾飯
吹干	吹乾
地瓜干	地瓜乾
外强中干	外強中乾
大便干燥	大便乾燥
大溪豆干	大溪豆乾
夹心饼干	夾心餅乾
威化饼干	威化餅乾
巴马干酪	巴馬乾酪
手脚不干净	手腳不乾淨
擦干	擦乾
晾干	晾乾
晒干	曬乾
枯干	枯乾
梅干菜	梅乾菜
沙拉甩干器	沙拉甩乾器
流干	流乾
沥干	瀝乾
烈火干柴	烈火乾柴
烘干	烘乾
烘干机	烘乾機
焙干	焙乾
牛肉干	牛肉乾
甩干	甩乾
白干儿	白乾兒
自干五	自乾五
葡萄干	葡萄乾
葡萄干儿	葡萄乾兒
虾干	蝦乾
豆腐干	豆腐乾
过干瘾	過乾癮
阴干	陰乾
风干	風乾
饼干	餅乾
香干	香乾
鱼干女	魚乾女
不干涉	不干涉
不相干	不相干
何干	何干
化干戈为玉帛	化干戈為玉帛
十天干	十天干
十干	十干
塔什干	塔什干
塔什库尔干自治县	塔什庫爾干自治縣
大动干戈	大動干戈
天干	天干
奴儿干	奴兒干
奴儿干都司	奴兒干都司
宋干节	宋干節
射干	射干
射频干扰	射頻干擾
干休	干休
干宝	干寶
干戈	干戈
干扰	干擾
干扰素	干擾素
干支	干支
干政	干政
干涉	干涉
干涉仪	干涉儀
干谒	干謁
干邑	干邑
干预	干預
德干	德干
撒马尔干	撒馬爾干
支努干	支努干
比干	比干
乌干达	烏干達
无干	無干
相干	相干
若干	若干
豆干	豆干
费尔干纳	費爾干納
费尔干纳盆地	費爾干納盆地
阑干	闌干
阿拉干山脉	阿拉干山脈
电磁干扰	電磁干擾
主干	主幹
主干网络	主幹網絡
主干网路	主幹網路
主干线	主幹線
五七干校	五七幹校
五七干部学校	五七幹部學校
公干	公幹
单干	單幹
埋头苦干	埋頭苦幹
大干	大幹
实干	實幹
审干	審幹
对着干	對著幹
巧干	巧幹
巴尔干	巴爾幹
巴尔干半岛	巴爾幹半島
干事	幹事
干事长	幹事長
干什么	幹什麼
干仗	幹仗
干劲	幹勁
干嘛	幹嘛
干将	幹將
干掉	幹掉
干材	幹材
干架	幹架
干校	幹校
干案	幹案
干活	幹活
干流	幹流
干渠	幹渠
干细胞	幹細胞
干线	幹線
干练	幹練
干群	幹群
干话	幹話
干警	幹警
干道	幹道
干部	幹部
强干	強幹
愣干	愣幹
提干	提幹
新干	新幹
新干线	新幹線
新干县	新幹縣
有何贵干	有何貴幹
枝干	枝幹
树干	樹幹
洗手不干	洗手不幹
猛干	猛幹
硬干	硬幹
精干	精幹
精干高效	精幹高效
精明强干	精明強幹
精明能干	精明能幹
总干事	總幹事
能干	能幹
脑干	腦幹
苦干	苦幹
茎干	莖幹
蛮干	蠻幹
词干	詞幹
调干	調幹
调干生	調幹生
贵干	貴幹
躯干	軀幹
转干	轉幹
造血干细胞	造血幹細胞
间充质干细胞	間充質幹細胞
骨干	骨幹
骨干网路	骨幹網路
高干	高幹
一笑了之	一笑了之
一粒老鼠屎坏了一锅粥	一粒老鼠屎壞了一鍋粥
一走了之	一走了之
一颗老鼠屎坏了一锅汤	一顆老鼠屎壞了一鍋湯
一颗老鼠屎坏了一锅粥	一顆老鼠屎壞了一鍋粥
不在了	不在了
不得了	不得了
不行了	不行了
不见了	不見了
也好不了多少	也好不了多少
了不得	了不得
了不起	了不起
了事	了事
了债	了債
了却	了卻
了却此生	了卻此生
了如指掌	了如指掌
了得	了得
了断	了斷
了此残生	了此殘生
了无	了無
了无新意	了無新意
了无生趣	了無生趣
了知	了知
了结	了結
免不了	免不了
兔子尾巴长不了	兔子尾巴長不了
公了	公了
冤冤相报何时了	冤冤相報何時了
出了事	出了事
到了	到了
前缘未了	前緣未了
又来了	又來了
受不了	受不了
受得了	受得了
吃不了兜着走	吃不了兜著走
吃了定心丸	吃了定心丸
吃饱了饭撑的	吃飽了飯撐的
吹了	吹了
嘎了	嘎了
严了眼儿	嚴了眼兒
坏了	壞了
大不了	大不了
大事化小，小事化了	大事化小，小事化了
天安门开了	天安門開了
太好了	太好了
好心倒做了驴肝肺	好心倒做了驢肝肺
妈了个巴子	媽了個巴子
完了	完了
宰了	宰了
对了	對了
少不了	少不了
就晚了	就晚了
巧了	巧了
心急吃不了热豆腐	心急吃不了熱豆腐
忘不了	忘不了
怎一个愁字了得	怎一個愁字了得
怎么了	怎麼了
怎么得了	怎麼得了
情急了	情急了
成不了气候	成不了氣候
成了	成了
我也是醉了	我也是醉了
打扰了	打擾了
敷衍了事	敷衍了事
时间不早了	時間不早了
有了	有了
有了胎	有了胎
未了	未了
末了	末了
林子大了，什么鸟都有	林子大了，什麼鳥都有
棒极了	棒極了
极了	極了
乐颠了馅	樂顛了餡
歇了吧	歇了吧
欧了	歐了
死不了	死不了
死了张屠夫，不吃混毛猪	死了張屠夫，不吃混毛豬
比不了	比不了
没了	沒了
没完没了	沒完沒了
没谁了	沒誰了
凉了半截	涼了半截
为了	為了
煮熟的鸭子飞了	煮熟的鴨子飛了
爽歪了	爽歪了
狗改不了吃屎	狗改不了吃屎
用不了	用不了
眼圈红了	眼圈紅了
知了	知了
知了猴	知了猴
知道了	知道了
私了	私了
秦吉了	秦吉了
算不了	算不了
算了	算了
糟了	糟了
终了	終了
结了	結了
绝了	絕了
脱不了身	脫不了身
脸都绿了	臉都綠了
临了	臨了
自行了断	自行了斷
草草了事	草草了事
虚应了事	虛應了事
褶子了	褶子了
要西了	要西了
说了算	說了算
说白了	說白了
卖光了	賣光了
这还了得	這還了得
过了这个村就没这个店	過了這個村就沒這個店
过了这村没这店	過了這村沒這店
远水救不了近火	遠水救不了近火
迟了	遲了
铁了心	鐵了心
除了	除了
饶了	饒了
简单明了	簡單明瞭
一人得道，鸡犬升天	一人得道，雞犬升天
上升	上升
上升空间	上升空間
上升趋势	上升趨勢
全球气候升温	全球氣候升溫
公升	公升
冉冉上升	冉冉上升
分升	分升
初升	初升
升上	升上
升任	升任
升值	升值
升入	升入
升堂入室	升堂入室
升压	升壓
升压剂	升壓劑
升天	升天
升学	升學
升官	升官
升市	升市
升幅	升幅
升序	升序
升息	升息
升格	升格
升汞	升汞
升温	升溫
升班马	升班馬
升空	升空
升级	升級
升结肠	升結腸
升职	升職
升舱	升艙
升华	升華
升号	升號
升调	升調
升起	升起
升遐	升遐
升迁	升遷
升降	升降
升降机	升降機
升腾	升騰
升高	升高
小升初	小升初
微升	微升
推升	推升
提升	提升
擢升	擢升
攀升	攀升
晋升	晉升
毫升	毫升
爬升	爬升
直升机	直升機
直升机坪	直升機坪
直升飞机	直升飛機
窜升	竄升
耶稣升天节	耶穌升天節
茅以升	茅以升
超升	超升
跃升	躍升
蹿升	躥升
递升	遞升
厘升	釐升
鸡犬升天	雞犬升天
飙升	飆升
飞升	飛升
高升	高升
四海升平	四海昇平
升平	昇平
歌舞升平	歌舞昇平
金乌西坠，玉兔东升	金烏西墜，玉兔東昇
步步高升	步步高陞
一并	一併
中西合并	中西合併
交并	交併
并吞	併吞
并拢	併攏
并纱	併紗
并购	併購
并集	併集
兼并	兼併
合并	合併
吞并	吞併
撤并	撤併
整并	整併
归并	歸併
火并	火併
连三并四	連三併四
三江并流	三江並流
并不	並不
并不在乎	並不在乎
并且	並且
并列	並列
并口	並口
并坐	並坐
并存	並存
并排	並排
并未	並未
并条	並條
并激	並激
并称	並稱
并立	並立
并联	並聯
并肩	並肩
并臻	並臻
并举	並舉
并蒂莲	並蒂蓮
并处	並處
并行	並行
并行不悖	並行不悖
并行口	並行口
并行程序	並行程序
并行计算	並行計算
并进	並進
并重	並重
并非	並非
并驾齐驱	並駕齊驅
幺并矢	么並矢
兼并与收购	兼並與收購
兼容并包	兼容並包
兼收并蓄	兼收並蓄
刚柔并济	剛柔並濟
土洋并举	土洋並舉
携手并肩	攜手並肩
然并卵	然並卵
相提并论	相提並論
声情并茂	聲情並茂
肩并肩	肩並肩
苯并噻吩	苯並噻吩
裁并	裁並
连镳并轸	連鑣並軫
齐头并进	齊頭並進
一个萝卜一个坑	一個蘿蔔一個坑
大萝卜	大蘿蔔
小红萝卜	小紅蘿蔔
小萝卜头	小蘿蔔頭
拔出萝卜带出泥	拔出蘿蔔帶出泥
樱桃萝卜	櫻桃蘿蔔
水萝卜	水蘿蔔
白萝卜	白蘿蔔
空心萝卜	空心蘿蔔
红萝卜	紅蘿蔔
萝卜	蘿蔔
萝卜白菜，各有所爱	蘿蔔白菜，各有所愛
萝卜糕	蘿蔔糕
萝卜丝饼	蘿蔔絲餅
萝卜青菜，各有所爱	蘿蔔青菜，各有所愛
前途未卜	前途未卜
卜占	卜占
卜卦	卜卦
卜问	卜問
卜宅	卜宅
卜居	卜居
卜甲	卜甲
卜筮	卜筮
卜课	卜課
卜辞	卜辭
卜骨	卜骨
占卜	占卜
吉卜力工作室	吉卜力工作室
吉卜赛人	吉卜賽人
威卜	威卜
拉卜楞寺	拉卜楞寺
易卜拉欣	易卜拉欣
易卜生	易卜生
未卜	未卜
未卜先知	未卜先知
枚卜	枚卜
卖卜	賣卜
医卜	醫卜
阿卜杜拉	阿卜杜拉
预卜	預卜
一价	一價
一口价	一口價
三价	三價
不二价	不二價
不等价交换	不等價交換
不变价格	不變價格
九价	九價
二价	二價
交换价值	交換價值
代价	代價
估价	估價
低价	低價
使用价值	使用價值
侃价	侃價
保留价	保留價
价位	價位
价值	價值
价值增殖	價值增殖
价值工程	價值工程
价值观	價值觀
价值连城	價值連城
价值量	價值量
价层	價層
价差	價差
价廉物美	價廉物美
价格	價格
价格战	價格戰
价款	價款
价目	價目
价码	價碼
价钱	價錢
价键	價鍵
价电子	價電子
公允价值	公允價值
六价	六價
共价键	共價鍵
出价	出價
到岸价	到岸價
削价	削價
创价学会	創價學會
加价	加價
包价	包價
化合价	化合價
半价	半價
危害评价	危害評價
原价	原價
名义价值	名義價值
售价	售價
商品价值	商品價值
单价	單價
地价	地價
地区差价	地區差價
报价	報價
报价单	報價單
压价	壓價
天价	天價
官价	官價
定价	定價
客单价	客單價
实用价值	實用價值
对价	對價
居民消费价格指数	居民消費價格指數
差价	差價
市价	市價
市场价	市場價
平价	平價
廉价	廉價
建议售价	建議售價
待价而沽	待價而沽
性价比	性價比
情绪价值	情緒價值
成交价	成交價
房价	房價
扳价	扳價
批价	批價
承销价差	承銷價差
掉价	掉價
提价	提價
收盘价	收盤價
效价	效價
效价能	效價能
时价	時價
有价值	有價值
标价	標價
杀价	殺價
每日限价	每日限價
比价	比價
油价	油價
消费价格指数	消費價格指數
减价	減價
溢价	溢價
漫天要价	漫天要價
涨价	漲價
无价	無價
无价之宝	無價之寶
无价珍珠	無價珍珠
牌价	牌價
物价	物價
物价指数	物價指數
物美价廉	物美價廉
特价	特價
特价菜	特價菜
现货价	現貨價
白菜价	白菜價
砍价	砍價
票价	票價
租价	租價
竞价	競價
等价	等價
等价交换	等價交換
索价	索價
总价	總價
声价	聲價
股价	股價
落价	落價
要价	要價
计价	計價
计价器	計價器
评价	評價
评价分类	評價分類
评价量规	評價量規
询价	詢價
调价	調價
谈价	談價
谎价	謊價
讲价	講價
议价	議價
变价	變價
财产价值	財產價值
货真价实	貨真價實
买价	買價
资产价值	資產價值
卖价	賣價
赎价	贖價
起价	起價
起拍价	起拍價
起步价	起步價
跌价	跌價
跳价	跳價
跳楼价	跳樓價
身价	身價
造价	造價
进价	進價
运价	運價
还价	還價
配价	配價
重价	重價
鉴价	鑑價
开价	開價
降价	降價
限价	限價
阶梯计价	階梯計價
电价	電價
震天价响	震天價響
高价	高價
一元复始	一元復始
一去不复返	一去不復返
不复	不復
中复电讯	中復電訊
来复线	來復線
修复	修復
光复会	光復會
光复乡	光復鄉
全复	全復
半复赛	半復賽
严复	嚴復
报复	報復
报复心	報復心
报复性	報復性
失而复得	失而復得
官复原职	官復原職
平复	平復
康复	康復
往复	往復
往复运动	往復運動
往复锯	往復鋸
待复	待復
得而复失	得而復失
复交	復交
复仇	復仇
复位	復位
复信	復信
复修	復修
复健	復健
复出	復出
复分解反应	復分解反應
复刻	復刻
复原	復原
复原乳	復原乳
复古	復古
复古会	復古會
复吸	復吸
复命	復命
复员	復員
复大	復大
复婚	復婚
复学	復學
复审	復審
复岗	復崗
复工	復工
复市	復市
复旦	復旦
复旦大学	復旦大學
复映片	復映片
复会	復會
复查	復查
复权	復權
复归	復歸
复活	復活
复活节	復活節
复活节岛	復活節島
复活赛	復活賽
复现	復現
复理石	復理石
复生	復生
复盘	復盤
复社	復社
复秤	復秤
复称	復稱
复习	復習
复联	復聯
复职	復職
复兴区	復興區
复兴时代	復興時代
复兴门	復興門
复兴党	復興黨
复旧	復舊
复萌	復萌
复诊	復診
复课	復課
复议	復議
复读生	復讀生
复转	復轉
复返	復返
复阳	復陽
复驶	復駛
恢复	恢復
恢复原状	恢復原狀
恢复名誉	恢復名譽
恢复常态	恢復常態
打击报复	打擊報復
收复	收復
收复失地	收復失地
故态复萌	故態復萌
文艺复兴	文藝復興
日复一日	日復一日
早日康复	早日康復
李开复	李開復
死灰复燃	死灰復燃
死而复活	死而復活
死而复生	死而復生
况复	況復
无以复加	無以復加
犹太复国主义	猶太復國主義
犹太复国主义者	猶太復國主義者
祖国光复会	祖國光復會
禀复	稟復
终而复始	終而復始
旧态复萌	舊態復萌
血亲复仇	血親復仇
规复	規復
双复磷	雙復磷
韩复榘	韓復榘
驳复	駁復
共轭复数	共軛複數
合义复词	合義複詞
繁复	繁複
衍声复词	衍聲複詞
复共轭	複共軛
复利	複利
复印	複印
复印件	複印件
复印机	複印機
复印纸	複印紙
复句	複句
复合元音	複合元音
复合弓	複合弓
复合材料	複合材料
复合母音	複合母音
复合肥	複合肥
复合词	複合詞
复写	複寫
复写纸	複寫紙
复式	複式
复数	複數
复数域	複數域
复数形式	複數形式
复方	複方
复本	複本
复殖吸虫	複殖吸蟲
复殖目	複殖目
复比	複比
复用	複用
复叠	複疊
复眼	複眼
复线	複線
复词	複詞
复试	複試
复变	複變
复变函数	複變函數
复变函数论	複變函數論
复购	複購
复赛	複賽
复述	複述
复选框	複選框
复杂	複雜
复杂化	複雜化
复杂性	複雜性
复音形	複音形
复音词	複音詞
复韵母	複韻母
计算复杂性	計算複雜性
重复	重複
重复使力伤害	重複使力傷害
重复性劳损	重複性勞損
错综复杂	錯綜複雜
间隔重复	間隔重複
高尔基复合体	高爾基複合體
反复	反覆
反复无常	反覆無常
批复	批覆
盼复	盼覆
示复	示覆
答复	答覆
重复性	重覆性
一分耕耘，一分收获	一分耕耘，一分收穫
收获	收穫
收获节	收穫節
一无所获	一無所獲
不劳而获	不勞而獲
不求收获	不求收獲
中子俘获	中子俘獲
人赃俱获	人贓俱獲
俘获	俘獲
大获全胜	大獲全勝
如获至宝	如獲至寶
寻获	尋獲
截获	截獲
抄获	抄獲
抓获	抓獲
拾获	拾獲
拿获	拿獲
捉获	捉獲
捕获	捕獲
接获	接獲
掳获	擄獲
擒获	擒獲
斩获	斬獲
查获	查獲
荣获	榮獲
渔获	漁獲
获刑	獲刑
获利	獲利
获胜	獲勝
获胜者	獲勝者
获取	獲取
获嘉	獲嘉
获嘉县	獲嘉縣
获报	獲報
获得	獲得
获得性	獲得性
获得感	獲得感
获得者	獲得者
获悉	獲悉
获批	獲批
获救	獲救
获奖	獲獎
获奖者	獲獎者
获益	獲益
获益者	獲益者
获知	獲知
获罪	獲罪
获赠	獲贈
获释	獲釋
破获	破獲
稳获	穩獲
缉获	緝獲
缴获	繳獲
虏获	虜獲
褚人获	褚人獲
重获	重獲
一切向钱看	一切向錢看
一向	一向
下风方向	下風方向
不知去向	不知去向
不良倾向	不良傾向
中向性格	中向性格
人心所向	人心所向
偏向	偏向
倾向	傾向
倾向性	傾向性
内向	內向
全向	全向
切向	切向
切向力	切向力
切向速度	切向速度
切向量	切向量
前一向	前一向
刘向	劉向
动向	動向
去向	去向
去向不明	去向不明
反向	反向
取向	取向
向上	向上
向下	向下
向何处	向何處
向来	向來
向例	向例
向前	向前
向北	向北
向南	向南
向壁虚造	向壁虛造
向外	向外
向巴平措	向巴平措
向心力	向心力
向性	向性
向慕	向慕
向斜	向斜
向日葵	向日葵
向暮	向暮
向东	向東
向火	向火
向盘	向盤
向背	向背
向着	向著
向西	向西
向西南	向西南
向量	向量
向量代数	向量代數
向量图形	向量圖形
向量积	向量積
向量空间	向量空間
向阳区	向陽區
向隅	向隅
向隅而泣	向隅而泣
单位切向量	單位切向量
单位向量	單位向量
单向	單向
单向电流	單向電流
单方向	單方向
外向	外向
外向型	外向型
女生外向	女生外向
好好学习，天天向上	好好學習，天天向上
子供向	子供向
定向	定向
定向培育	定向培育
定向越野	定向越野
导向	導向
引向	引向
引体向上	引體向上
径向	徑向
怒目相向	怒目相向
性取向	性取向
性向	性向
性指向	性指向
意向	意向
意向书	意向書
成人向	成人向
所向披靡	所向披靡
所向无敌	所向無敵
拳脚相向	拳腳相向
指向	指向
指向装置	指向裝置
掉向	掉向
换向	換向
改恶向善	改惡向善
方向	方向
方向性	方向性
方向感	方向感
方向盘	方向盤
明知山有虎，偏向虎山行	明知山有虎，偏向虎山行
晕头转向	暈頭轉向
朝向	朝向
横向	橫向
欣欣向荣	欣欣向榮
正向	正向
正向力	正向力
正方向	正方向
归向	歸向
流向	流向
相向	相向
矛头指向	矛頭指向
纵向	縱向
自底向上	自底向上
自顶向下	自頂向下
航向	航向
解理方向	解理方向
负向	負向
走向	走向
走向断层	走向斷層
走向滑动断层	走向滑動斷層
趋向	趨向
路向	路向
轴向	軸向
转向信号	轉向信號
转向灯	轉向燈
转向盘	轉向盤
逆向	逆向
迳向	逕向
通向	通向
迈向	邁向
重定向	重定向
野外定向	野外定向
双向	雙向
头向前	頭向前
风向	風向
风向标	風向標
驶向	駛向
向导	嚮導
向往	嚮往
一刻千金	一刻千金
一千零一夜	一千零一夜
一失足成千古恨	一失足成千古恨
一字千金	一字千金
一掷千金	一擲千金
一落千丈	一落千丈
一言千金	一言千金
一诺千金	一諾千金
出千	出千
出老千	出老千
千乘之国	千乘之國
千伏	千伏
千位	千位
千位元	千位元
千依百顺	千依百順
千亿	千億
千兆	千兆
千儿八百	千兒八百
千分尺	千分尺
千卡	千卡
千古	千古
千古罪人	千古罪人
千古遗恨	千古遺恨
千吨	千噸
千夫	千夫
千奇百怪	千奇百怪
千姿百态	千姿百態
千娇百媚	千嬌百媚
千字文	千字文
千字节	千字節
千山区	千山區
千岛湖	千島湖
千岛群岛	千島群島
千岛酱	千島醬
千帕	千帕
千虑一失	千慮一失
千虑一得	千慮一得
千斤顶	千斤頂
千方百计	千方百計
千焦	千焦
千瓦	千瓦
千瓦时	千瓦時
千疮百孔	千瘡百孔
千禧一代	千禧一代
千篇一律	千篇一律
千米	千米
千赫	千赫
千赫兹	千赫茲
千足虫	千足蟲
千军易得，一将难求	千軍易得，一將難求
千载难逢	千載難逢
千金	千金
千金一掷	千金一擲
千金一诺	千金一諾
千金方	千金方
千金要方	千金要方
千金难买	千金難買
千阳	千陽
千阳县	千陽縣
千碱基对	千鹼基對
四两拨千斤	四兩撥千斤
壁立千仞	壁立千仞
大千世界	大千世界
平方千米	平方千米
张大千	張大千
彪炳千古	彪炳千古
成千	成千
成百上千	成百上千
打千	打千
敝帚千金	敝帚千金
数以千计	數以千計
智者千虑，必有一失	智者千慮，必有一失
横扫千军	橫掃千軍
横眉冷对千夫指	橫眉冷對千夫指
杀千刀	殺千刀
杀千刀的	殺千刀的
液压千斤顶	液壓千斤頂
留芳千古	留芳千古
百卉千葩	百卉千葩
百姿千态	百姿千態
百媚千娇	百媚千嬌
百孔千疮	百孔千瘡
百计千方	百計千方
秤砣虽小压千斤	秤砣雖小壓千斤
老千	老千
螺旋千斤顶	螺旋千斤頂
养兵千日，用兵一时	養兵千日，用兵一時
养兵千日，用在一时	養兵千日，用在一時
养兵千日，用在一朝	養兵千日，用在一朝
齿条千斤顶	齒條千斤頂
一去不回	一去不回
一回事	一回事
上回	上回
下回	下回
不撞南墙不回头	不撞南牆不回頭
来回	來回
来回来去	來回來去
传回	傳回
像那么回事儿	像那麽回事兒
两回事	兩回事
北回归线	北回歸線
南回归线	南回歸線
去回票	去回票
取回	取回
召回	召回
可回收	可回收
回事	回事
回交	回交
回京	回京
回来	回來
回信	回信
回充	回充
回光镜	回光鏡
回函	回函
回到	回到
回力球	回力球
回南天	回南天
回去	回去
回口	回口
回合	回合
回吐	回吐
回味	回味
回味无穷	回味無窮
回单	回單
回嗔作喜	回嗔作喜
回嘴	回嘴
回国	回國
回执	回執
回执单	回執單
回报	回報
回堵	回堵
回填	回填
回墨印	回墨印
回天	回天
回天乏术	回天乏術
回天无力	回天無力
回奉	回奉
回帖	回帖
回弹	回彈
回形针	回形針
回心转意	回心轉意
回想	回想
回忆	回憶
回应	回應
回怼	回懟
回抽	回抽
回拜	回拜
回扫	回掃
回描	回描
回击	回擊
回收	回收
回收站	回收站
回放	回放
回教	回教
回敬	回敬
回数	回數
回文	回文
回族	回族
回族人	回族人
回春	回春
回暖	回暖
回本	回本
回条	回條
回款	回款
回归	回歸
回归热	回歸熱
回归线	回歸線
回民	回民
回民区	回民區
回波	回波
回流	回流
回溯	回溯
回滚	回滾
回潮	回潮
回火	回火
回炉	回爐
回甘	回甘
回甜	回甜
回目	回目
回眸	回眸
回神	回神
回禄	回祿
回禄之灾	回祿之災
回礼	回禮
回程	回程
回禀	回稟
回空	回空
回答	回答
回笼	回籠
回纥	回紇
回绝	回絕
回耗	回耗
回声	回聲
回声定位	回聲定位
回肠	回腸
回航	回航
回良玉	回良玉
回落	回落
回血	回血
回覆	回覆
回见	回見
回访	回訪
回话	回話
回调	回調
回调函数	回調函數
回请	回請
回护	回護
回购	回購
回赠	回贈
回跌	回跌
回路	回路
回车	回車
回车符	回車符
回车键	回車鍵
回返	回返
回退	回退
回过头来	回過頭來
回还	回還
回邮信封	回郵信封
回铃音	回鈴音
回锅	回鍋
回锅油	回鍋油
回锅肉	回鍋肉
回銮	回鑾
回门	回門
回电	回電
回音	回音
回头	回頭
回头客	回頭客
回头见	回頭見
回头路	回頭路
回顾	回顧
回顾展	回顧展
回首	回首
回驳	回駁
回鹘	回鶻
多哈回合	多哈回合
大通回族土族自治县	大通回族土族自治縣
夺回	奪回
好马不吃回头草	好馬不吃回頭草
妙手回春	妙手回春
威宁彝族回族苗族自治县	威寧彝族回族苗族自治縣
孟村回族自治县	孟村回族自治縣
宁夏回族自治区	寧夏回族自治區
寻回犬	尋回犬
寻甸回族彝族自治县	尋甸回族彝族自治縣
峰回路转	峰回路轉
巍山彝族回族自治县	巍山彝族回族自治縣
带回	帶回
弹回	彈回
怎么回事	怎麼回事
打来回	打來回
打道回府	打道回府
扳回	扳回
扳回一城	扳回一城
找回	找回
投资回报率	投資回報率
撤回	撤回
收回	收回
败子回头	敗子回頭
旋回	旋回
昌吉回族自治州	昌吉回族自治州
有去无回	有去無回
梯度回波	梯度回波
浪子回头	浪子回頭
浪子回头金不换	浪子回頭金不換
激流回旋	激流回旋
瀍河回族区	瀍河回族區
乌什塔拉回族乡	烏什塔拉回族鄉
焉耆回族自治县	焉耆回族自治縣
睡回笼觉	睡回籠覺
秒回	秒回
穿回	穿回
章回小说	章回小說
管城回族区	管城回族區
线性回归	線性回歸
总回报	總回報
翔回	翔回
股本回报率	股本回報率
脑回	腦回
临夏回族自治州	臨夏回族自治州
苦海无边，回头是岸	苦海無邊，回頭是岸
补回	補回
裴回	裴回
角回	角回
话又说回来	話又說回來
话说回来	話說回來
变回	變回
买回	買回
赚回来	賺回來
赎回	贖回
走来回	走來回
走回头路	走回頭路
起死回生	起死回生
转回	轉回
迂回奔袭	迂回奔襲
返回	返回
追回	追回
退回	退回
逆回音	逆回音
释回	釋回
重回	重回
金毛寻回犬	金毛尋回犬
门源回族自治县	門源回族自治縣
闪回	閃回
开弓没有回头箭	開弓沒有回頭箭
隆回	隆回
隆回县	隆回縣
顺河回族区	順河回族區
头一回	頭一回
头回	頭回
颜回	顏回
驳回	駁回
巡回	巡迴
巡回演出	巡迴演出
海马回	海馬迴
萦回	縈迴
轮回	輪迴
迂回	迂迴
回力镖	迴力鏢
回圈	迴圈
回廊	迴廊
回旋	迴旋
回旋加速器	迴旋加速器
回旋处	迴旋處
回旋镖	迴旋鏢
回纹针	迴紋針
回转	迴轉
回转寿司	迴轉壽司
回避	迴避
回响	迴響
递回	遞迴
一同	一同
一掬同情之泪	一掬同情之淚
三代同堂	三代同堂
三马同槽	三馬同槽
下同	下同
不可同日而语	不可同日而語
不同	不同
不同凡响	不同凡響
不同寻常	不同尋常
不敢苟同	不敢苟同
不约而同	不約而同
中国同盟会	中國同盟會
中国民主同盟	中國民主同盟
伴同	伴同
偕同	偕同
全同	全同
公诸同好	公諸同好
共同	共同
共同主持人	共同主持人
共同利益	共同利益
共同基金	共同基金
共同社	共同社
共同纲领	共同綱領
共同体	共同體
共同点	共同點
劳动合同	勞動合同
劳务合同	勞務合同
协同	協同
协同主持人	協同主持人
协同作用	協同作用
可裂变同位素	可裂變同位素
各不相同	各不相同
合同	合同
合同各方	合同各方
同一	同一
同一挂	同一掛
同上	同上
同事	同事
同人	同人
同人小说	同人小說
同仁	同仁
同仁堂	同仁堂
同仇敌忾	同仇敵愾
同伴	同伴
同位	同位
同位素	同位素
同传	同傳
同传耳麦	同傳耳麥
同僚	同僚
同侪	同儕
同侪压力	同儕壓力
同侪审查	同儕審查
同功	同功
同化	同化
同化作用	同化作用
同卵	同卵
同卵双胞胎	同卵雙胞胎
同名	同名
同喜	同喜
同在	同在
同型性	同型性
同型配子	同型配子
同堂	同堂
同好	同好
同妻	同妻
同婚	同婚
同字框	同字框
同学	同學
同安	同安
同安区	同安區
同安县	同安縣
同室操戈	同室操戈
同居	同居
同屋	同屋
同工	同工
同床共枕	同床共枕
同床异梦	同床異夢
同德	同德
同德县	同德縣
同心协力	同心協力
同心县	同心縣
同性	同性
同性爱	同性愛
同性恋	同性戀
同性恋者	同性戀者
同性相斥	同性相斥
同情	同情
同情者	同情者
同意	同意
同感	同感
同态	同態
同房	同房
同文馆	同文館
同日	同日
同日而语	同日而語
同时	同時
同时代	同時代
同框	同框
同案犯	同案犯
同桌	同桌
同业	同業
同业公会	同業公會
同业拆借	同業拆借
同乐	同樂
同乐会	同樂會
同样	同樣
同款	同款
同步	同步
同步加速器	同步加速器
同步口译	同步口譯
同步数位阶层	同步數位階層
同母异父	同母異父
同比	同比
同江	同江
同江市	同江市
同治	同治
同流合污	同流合污
同源	同源
同源词	同源詞
同温层	同溫層
同济	同濟
同济大学	同濟大學
同父异母	同父異母
同犯	同犯
同班	同班
同理心	同理心
同甘共苦	同甘共苦
同甘苦	同甘苦
同病相怜	同病相憐
同盟	同盟
同盟国	同盟國
同盟会	同盟會
同盟军	同盟軍
同知	同知
同砚	同硯
同窗	同窗
同符合契	同符合契
同等	同等
同级	同級
同级评审	同級評審
同素异形体	同素異形體
同义	同義
同义字	同義字
同义词	同義詞
同义语	同義語
同翅目	同翅目
同声一哭	同聲一哭
同声传译	同聲傳譯
同声翻译	同聲翻譯
同胞	同胞
同胞兄妹	同胞兄妹
同舟共济	同舟共濟
同袍	同袍
同调	同調
同谋	同謀
同质	同質
同路	同路
同路人	同路人
同轴	同軸
同轴电缆	同軸電纜
同辈	同輩
同途殊归	同途殊歸
同道	同道
同道中人	同道中人
同道者	同道者
同乡	同鄉
同乡亲故	同鄉親故
同配生殖	同配生殖
同量	同量
同量异位素	同量異位素
同音	同音
同音字	同音字
同音词	同音詞
同韵词	同韻詞
同类	同類
同类相吸	同類相吸
同类相食	同類相食
同党	同黨
同龄	同齡
同龄人	同齡人
吴越同舟	吳越同舟
味同嚼蜡	味同嚼蠟
大不相同	大不相同
大同	大同
大同区	大同區
大同小异	大同小異
大同市	大同市
女同	女同
女同胞	女同胞
如同	如同
存异求同	存異求同
小同乡	小同鄉
山地同胞	山地同胞
帮同	幫同
形同	形同
形同虚设	形同虛設
形同陌路	形同陌路
性同一性障碍	性同一性障礙
恐同	恐同
恩同再造	恩同再造
情同手足	情同手足
情同骨肉	情同骨肉
感同身受	感同身受
截然不同	截然不同
持不同政见	持不同政見
持不同政见者	持不同政見者
携手同行	攜手同行
放射性同位素	放射性同位素
日本共同社	日本共同社
普天同庆	普天同慶
会同县	會同縣
有所不同	有所不同
未可同日而语	未可同日而語
未敢苟同	未敢苟同
李叔同	李叔同
东非共同体	東非共同體
欧洲共同市场	歐洲共同市場
欧洲共同体	歐洲共同體
殊途同归	殊途同歸
求同	求同
求同存异	求同存異
混同	混同
汉萨同盟	漢薩同盟
牛骥同槽	牛驥同槽
牛骥同皂	牛驥同皂
男同	男同
男同胞	男同胞
男女同校	男女同校
异口同声	異口同聲
异同	異同
异病同治	異病同治
相同	相同
众口同声	眾口同聲
知情同意	知情同意
等同	等同
等同语	等同語
约同	約同
与日同辉	與日同輝
与此同时	與此同時
与众不同	與眾不同
苟同	苟同
英雄所见略同	英雄所見略同
薰莸不同器	薰蕕不同器
兰艾同焚	蘭艾同焚
认同	認同
谭嗣同	譚嗣同
赞同	贊同
趋同	趨同
近乎同步	近乎同步
迥然不同	迥然不同
通同	通同
连同	連同
道不同不相为谋	道不同不相為謀
关税同盟	關稅同盟
阿拉伯共同市场	阿拉伯共同市場
陪同	陪同
阴阳合同	陰陽合同
陈希同	陳希同
随同	隨同
雌雄同体	雌雄同體
雌雄同体人	雌雄同體人
雌雄同体性	雌雄同體性
双方同意	雙方同意
鸡同鸭讲	雞同鴨講
雷同	雷同
非同凡响	非同凡響
非同小可	非同小可
非同步	非同步
非同步传输模式	非同步傳輸模式
非同质化代币	非同質化代幣
类同	類同
风雨同舟	風雨同舟
党同伐异	黨同伐異
一周	一周
上周	上周
不周	不周
不周山	不周山
不周延	不周延
兆周	兆周
北周	北周
南方周末	南方周末
周三径一	周三徑一
周中	周中
周代	周代
周作人	周作人
周备	周備
周传瑛	周傳瑛
周全	周全
周公	周公
周到	周到
周勃	周勃
周口	周口
周口市	周口市
周口店	周口店
周围	周圍
周围性眩晕	周圍性眩暈
周宣王	周宣王
周密	周密
周宁	周寧
周宁县	周寧縣
周小川	周小川
周幽王	周幽王
周延	周延
周径	周徑
周恩来	周恩來
周成王	周成王
周扒皮	周扒皮
周敦颐	周敦頤
周文王	周文王
周旋	周旋
周日圈	周日圈
周日运动	周日運動
周易	周易
周星驰	周星馳
周晬	周晬
周书	周書
周会	周會
周有光	周有光
周朝	周朝
周村	周村
周村区	周村區
周杰伦	周杰倫
周梁淑怡	周梁淑怡
周树人	周樹人
周武王	周武王
周永康	周永康
周波	周波
周渝民	周渝民
周狗	周狗
周王朝	周王朝
周瑜	周瑜
周瑜打黄盖	周瑜打黃蓋
周璇	周璇
周瘦鹃	周瘦鵑
周知	周知
周礼	周禮
周穆王	周穆王
周立波	周立波
周章	周章
周总理	周總理
周至县	周至縣
周庄	周莊
周庄镇	周莊鎮
周华健	周華健
周处	周處
周角	周角
周详	周詳
周身	周身
周转	周轉
周转不开	周轉不開
周转不灵	周轉不靈
周转金	周轉金
周速	周速
周遭	周遭
周边	周邊
周边商品	周邊商品
周长	周長
周髀算经	周髀算經
四周	四周
圆周	圓周
圆周率	圓周率
夏商周	夏商周
大费周章	大費周章
太阳黑子周	太陽黑子周
抓周	抓周
扩散周知	擴散周知
东周	東周
东西周	東西周
林周	林周
林周县	林周縣
梁唐晋汉周书	梁唐晉漢周書
牙周炎	牙周炎
牙周病	牙周病
现金周转	現金周轉
环顾四周	環顧四周
众所周知	眾所周知
等周	等周
等周不等式	等周不等式
肩周炎	肩周炎
庄周	莊周
庄周梦蝶	莊周夢蝶
西周	西周
下周	下週
太平洋周边	太平洋週邊
每周	每週
每周一次	每週一次
周一	週一
周三	週三
周二	週二
周五	週五
周休二日	週休二日
周六	週六
周四	週四
周天	週天
周末	週末
周末愉快	週末愉快
周租	週租
周薪	週薪
黄金周	黃金週
一呼百应	一呼百應
一呼百诺	一呼百諾
一命呜呼	一命嗚呼
上呼吸道感染	上呼吸道感染
二级头呼吸器	二級頭呼吸器
人工呼吸	人工呼吸
备用二级头呼吸器	備用二級頭呼吸器
传呼	傳呼
传呼机	傳呼機
传呼电话	傳呼電話
吆呼	吆呼
呼中	呼中
呼中区	呼中區
呼之即来	呼之即來
呼之即来，挥之即去	呼之即來，揮之即去
呼来喝去	呼來喝去
呼伦湖	呼倫湖
呼伦贝尔	呼倫貝爾
呼伦贝尔市	呼倫貝爾市
呼伦贝尔草原	呼倫貝爾草原
呼出	呼出
呼叫	呼叫
呼叫中心	呼叫中心
呼叫器	呼叫器
呼叫声	呼叫聲
呼召	呼召
呼吸	呼吸
呼吸器	呼吸器
呼吸管	呼吸管
呼吸调节器	呼吸調節器
呼吸道	呼吸道
呼和浩特	呼和浩特
呼和浩特市	呼和浩特市
呼咻	呼咻
呼哧	呼哧
呼哱哱	呼哱哱
呼啦啦	呼啦啦
呼啦圈	呼啦圈
呼喊	呼喊
呼唤	呼喚
呼喝	呼喝
呼啸	呼嘯
呼啸而过	呼嘯而過
呼嚎	呼嚎
呼噜	呼嚕
呼噜噜	呼嚕嚕
呼图壁	呼圖壁
呼图壁县	呼圖壁縣
呼天抢地	呼天搶地
呼延	呼延
呼弄	呼弄
呼应	呼應
呼拉圈	呼拉圈
呼救	呼救
呼朋引伴	呼朋引伴
呼朋引类	呼朋引類
呼格	呼格
呼机	呼機
呼气	呼氣
呼牛作马	呼牛作馬
呼玛	呼瑪
呼玛县	呼瑪縣
呼声	呼聲
呼兰	呼蘭
呼兰区	呼蘭區
呼号	呼號
呼风唤雨	呼風喚雨
咋呼	咋呼
唤雨呼风	喚雨呼風
呜呼	嗚呼
呜呼哀哉	嗚呼哀哉
大呼小叫	大呼小叫
大呼拉尔	大呼拉爾
大声疾呼	大聲疾呼
寻呼机	尋呼機
巴音满都呼	巴音滿都呼
徒呼负负	徒呼負負
打呼	打呼
打呼噜	打呼嚕
打招呼	打招呼
招呼	招呼
招呼站	招呼站
振臂一呼	振臂一呼
登高一呼	登高一呼
直呼	直呼
直呼其名	直呼其名
称呼	稱呼
惊呼	驚呼
高呼	高呼
点头招呼	點頭招呼
一哄而起	一哄而起
哄劝	哄勸
哄堂大笑	哄堂大笑
哄抬	哄抬
哄抢	哄搶
哄然	哄然
哄瞒	哄瞞
哄笑	哄笑
哄诱	哄誘
哄骗	哄騙
打哄	打哄
欺哄	欺哄
瞒哄	瞞哄
赚哄	賺哄
连哄带骗	連哄帶騙
起哄	起鬨
一哭二闹三上吊	一哭二鬧三上吊
上吊	上吊
不要在一棵树上吊死	不要在一棵樹上吊死
倒吊蜡烛	倒吊蠟燭
半吊子	半吊子
吊具	吊具
吊唁	吊唁
吊嗓子	吊嗓子
吊塔	吊塔
吊坠	吊墜
吊坠缚	吊墜縛
吊审	吊審
吊带	吊帶
吊带背心	吊帶背心
吊带衫	吊帶衫
吊床	吊床
吊扇	吊扇
吊打	吊打
吊挂	吊掛
吊梯	吊梯
吊楼	吊樓
吊桥	吊橋
吊机	吊機
吊死	吊死
吊死鬼	吊死鬼
吊灯	吊燈
吊牌	吊牌
吊球	吊球
吊环	吊環
吊瓶	吊瓶
吊瓶族	吊瓶族
吊窗	吊窗
吊篮	吊籃
吊索	吊索
吊线	吊線
吊绳	吊繩
吊胃口	吊胃口
吊膀子	吊膀子
吊兰	吊蘭
吊装	吊裝
吊裆裤	吊襠褲
吊袜带	吊襪帶
吊起	吊起
吊车	吊車
吊车尾	吊車尾
吊运	吊運
吊钩	吊鉤
吊销	吊銷
吊门	吊門
吊顶	吊頂
吊颈	吊頸
吊盐水	吊鹽水
吊点滴	吊點滴
塔吊	塔吊
打吊瓶	打吊瓶
打吊针	打吊針
拖吊	拖吊
拖吊车	拖吊車
提心吊胆	提心吊膽
缆索吊椅	纜索吊椅
吊伐	弔伐
吊古	弔古
吊丧	弔喪
吊孝	弔孝
吊客	弔客
吊慰	弔慰
吊文	弔文
吊死问疾	弔死問疾
吊民伐罪	弔民伐罪
吊祭	弔祭
吊诡	弔詭
吊诡矜奇	弔詭矜奇
形影相吊	形影相弔
凭吊	憑弔
祭吊	祭弔
开吊	開弔
一团乱糟	一團亂糟
一团和气	一團和氣
一团漆黑	一團漆黑
一团火	一團火
一团糟	一團糟
七十七国集团	七十七國集團
七国集团	七國集團
七大工业国集团	七大工業國集團
七姊妹星团	七姊妹星團
三星集团	三星集團
三鹿集团	三鹿集團
上海汽车工业集团	上海汽車工業集團
中国石油天然气集团公司	中國石油天然氣集團公司
中国船舶工业集团	中國船舶工業集團
中国船舶重工集团公司	中國船舶重工集團公司
乱成一团	亂成一團
交响乐团	交響樂團
人民团体	人民團體
人蛇集团	人蛇集團
企业集团	企業集團
使团	使團
使节团	使節團
保安团	保安團
传教团	傳教團
入团	入團
内细胞团	內細胞團
八国集团	八國集團
公共团体	公共團體
共青团	共青團
兵团	兵團
利益集团	利益集團
剧团	劇團
功能团	功能團
匪徒集团	匪徒集團
参访团	參訪團
合唱团	合唱團
商科集团	商科集團
单团	單團
团丁	團丁
团员	團員
团圆	團圓
团契	團契
团建	團建
团战	團戰
团扇	團扇
团灭	團滅
团结	團結
团结一心	團結一心
团结就是力量	團結就是力量
团结工会	團結工會
团练	團練
团聚	團聚
团购	團購
团长	團長
团队	團隊
团队精神	團隊精神
团风	團風
团风县	團風縣
团体	團體
团体冠军	團體冠軍
团体行	團體行
团鱼	團魚
基团	基團
大陪审团	大陪審團
宏碁集团	宏碁集團
宗教团	宗教團
官能团	官能團
富士康科技集团	富士康科技集團
小团体主义	小團體主義
小集团	小集團
岩仓使节团	岩倉使節團
工业七国集团	工業七國集團
爱乐乐团	愛樂樂團
慌成一团	慌成一團
战团	戰團
承销团	承銷團
抗日救亡团体	抗日救亡團體
披头四乐团	披頭四樂團
抱团	抱團
抱成一团	抱成一團
抱抱团	抱抱團
新慕道团	新慕道團
新疆生产建设兵团	新疆生產建設兵團
旅行团	旅行團
星团	星團
昴宿星团	昴宿星團
昴星团	昴星團
智囊团	智囊團
会长团	會長團
乐团	樂團
歌舞团	歌舞團
民团	民團
民族团结	民族團結
气团	氣團
流氓集团	流氓集團
灭团	滅團
漆黑一团	漆黑一團
澳新军团	澳新軍團
澳新军团日	澳新軍團日
犯罪集团	犯罪集團
现代集团	現代集團
环球音乐集团	環球音樂集團
疑团	疑團
百胜餐饮集团	百勝餐飲集團
百团大战	百團大戰
皇冠出版集团	皇冠出版集團
社团	社團
社会团体	社會團體
管弦乐团	管弦樂團
组团	組團
线团	線團
缩成一团	縮成一團
美国国际集团	美國國際集團
美团点评	美團點評
美林集团	美林集團
群众团体	群眾團體
义和团	義和團
义和团运动	義和團運動
联想集团	聯想集團
肉蒲团	肉蒲團
脂肪团	脂肪團
菌胶团	菌膠團
华纳音乐集团	華納音樂集團
蒲团	蒲團
蔷薇十字团	薔薇十字團
评审团	評審團
调查团	調查團
谜团	謎團
财团	財團
跑团	跑團
路透集团	路透集團
踩线团	踩線團
军团	軍團
军团菌	軍團菌
军团菌病	軍團菌病
军乐团	軍樂團
选举人团	選舉人團
选举团	選舉團
陕飞集团	陝飛集團
陪审团	陪審團
集团	集團
集团军	集團軍
马噶尔尼使团	馬噶爾尼使團
马戛尔尼使团	馬戛爾尼使團
马戏团	馬戲團
体团	體團
党团	黨團
团子	糰子
青团	青糰
饭团	飯糰
不含糊	不含糊
口糊	口糊
含糊	含糊
含糊不清	含糊不清
含糊其词	含糊其詞
晕糊	暈糊
模糊	模糊
模糊不清	模糊不清
模糊数学	模糊數學
模糊逻辑	模糊邏輯
浆糊	漿糊
烂泥糊不上墙	爛泥糊不上牆
烂糊	爛糊
眵目糊	眵目糊
糊剂	糊劑
糊口	糊口
糊名	糊名
糊嘴	糊嘴
糊弄	糊弄
糊墙	糊牆
糊墙纸	糊牆紙
糊精	糊精
糨糊	糨糊
血肉模糊	血肉模糊
裱糊	裱糊
觑糊	覷糊
迷糊	迷糊
麦芽糊精	麥芽糊精
黏糊	黏糊
一败涂地	一敗塗地
涂乙	塗乙
涂去	塗去
涂写	塗寫
涂层	塗層
涂径	塗徑
涂抹	塗抹
涂抹酱	塗抹醬
涂改	塗改
涂改液	塗改液
涂敷	塗敷
涂料	塗料
涂污	塗污
涂油	塗油
涂潭	塗潭
涂炭	塗炭
涂片	塗片
涂白剂	塗白劑
涂脂抹粉	塗脂抹粉
涂盖	塗蓋
涂装	塗裝
涂饰	塗飾
涂饰剂	塗飾劑
涂鸦	塗鴉
涂鸭	塗鴨
弹涂鱼	彈塗魚
海涂	海塗
海涂围垦	海塗圍墾
滩涂	灘塗
乌涂	烏塗
生灵涂炭	生靈塗炭
肝脑涂地	肝腦塗地
苍生涂炭	蒼生塗炭
涂山	涂山
一马当先	一馬當先
上一次当，学一次乖	上一次當，學一次乖
上当	上當
上当受骗	上當受騙
不敢当	不敢當
不正当	不正當
不正当竞争	不正當競爭
不当	不當
不当事	不當事
不当得利	不當得利
不当紧	不當緊
亚当	亞當
亚当·斯密	亞當·斯密
亚当斯	亞當斯
亚当斯敦	亞當斯敦
便当	便當
停当	停當
允当	允當
充当	充當
两当	兩當
两当县	兩當縣
典当	典當
分当	分當
剂量当量	劑量當量
势不可当	勢不可當
勾当	勾當
又想当婊子又想立牌坊	又想當婊子又想立牌坊
吃亏上当	吃虧上當
合当	合當
吐便当	吐便當
咣当	咣當
啷当	啷當
喜当爹	喜當爹
噶当派	噶當派
大敌当前	大敵當前
大而无当	大而無當
失当	失當
夹当	夾當
好活当赏	好活當賞
好汉做事好汉当	好漢做事好漢當
妥当	妥當
安步当车	安步當車
对酒当歌	對酒當歌
得当	得當
快当	快當
恰当	恰當
悔不当初	悔不當初
悲歌当哭	悲歌當哭
想当然	想當然
想当然尔	想當然爾
愧不敢当	愧不敢當
应当	應當
承当	承當
把方便当随便	把方便當隨便
拿着鸡毛当令箭	拿著雞毛當令箭
担当	擔當
敢做敢当	敢做敢當
斯当东	斯當東
既有今日何必当初	既有今日何必當初
既要当婊子又要立牌坊	既要當婊子又要立牌坊
早知今日何必当初	早知今日何必當初
梯恩梯当量	梯恩梯當量
权当	權當
欧当归	歐當歸
正当中	正當中
正当性	正當性
正当时	正當時
正当理由	正當理由
正当防卫	正當防衛
武当山	武當山
死当	死當
死马当活马医	死馬當活馬醫
每当	每當
泽当	澤當
乌当	烏當
乌当区	烏當區
爽当	爽當
牢靠妥当	牢靠妥當
理所应当	理所應當
理所当然	理所當然
理当	理當
瓦当	瓦當
当上	當上
当下	當下
当世	當世
当世之冠	當世之冠
当世冠	當世冠
当世无双	當世無雙
当中	當中
当之有愧	當之有愧
当之无愧	當之無愧
当事人	當事人
当事国	當事國
当事者	當事者
当仁不让	當仁不讓
当今	當今
当代	當代
当代史	當代史
当令	當令
当作	當作
当值	當值
当做	當做
当儿	當兒
当兵	當兵
当初	當初
当前	當前
当务之急	當務之急
当即	當即
当口	當口
当地	當地
当地居民	當地居民
当地时间	當地時間
当场	當場
当季	當季
当心	當心
当成	當成
当掉	當掉
当政	當政
当政者	當政者
当断不断	當斷不斷
当断则断	當斷則斷
当断即断	當斷即斷
当机	當機
当机立断	當機立斷
当权	當權
当权派	當權派
当权者	當權者
当归	當歸
当然	當然
当牛作马	當牛作馬
当班	當班
当真	當真
当众	當眾
当空	當空
当红	當紅
当耳旁风	當耳旁風
当耳边风	當耳邊風
当着	當著
当行出色	當行出色
当街	當街
当责	當責
当轴	當軸
当道	當道
当选	當選
当量	當量
当量剂量	當量劑量
当阳	當陽
当阳市	當陽市
当雄	當雄
当雄县	當雄縣
当驾	當駕
相当	相當
石敢当	石敢當
稳当	穩當
空当	空當
穷当益坚	窮當益堅
精当	精當
约当现金	約當現金
织当访婢	織當訪婢
罚不当罪	罰不當罪
羞愧难当	羞愧難當
老当益壮	老當益壯
耕当问奴	耕當問奴
至当	至當
螳臂当车	螳臂當車
行当	行當
该当	該當
说话不当话	說話不當話
豺狼当路	豺狼當路
豺狼当道	豺狼當道
过当	過當
锐不可当	銳不可當
锡当河	錫當河
门当户对	門當戶對
阎王好见，小鬼难当	閻王好見，小鬼難當
防卫过当	防衛過當
难当	難當
顺当	順當
领便当	領便當
麦当劳	麥當勞
麦当劳叔叔	麥當勞叔叔
麦当娜	麥當娜
丁零当啷	丁零噹啷
半瓶水响叮当	半瓶水響叮噹
叮当	叮噹
叮当声	叮噹聲
叮当响	叮噹響
响叮当	響叮噹
一本万利	一本萬利
上万	上萬
以一驭万	以一馭萬
以不变应万变	以不變應萬變
以防万一	以防萬一
伊万卡	伊萬卡
亿万	億萬
亿万富翁	億萬富翁
亿万富豪	億萬富豪
光芒万丈	光芒萬丈
八万大藏经	八萬大藏經
包罗万象	包羅萬象
十万	十萬
十万位	十萬位
十万火急	十萬火急
南波万	南波萬
塞万提斯	塞萬提斯
排除万难	排除萬難
挂一漏万	掛一漏萬
数以万计	數以萬計
数百万	數百萬
数万	數萬
百万	百萬
百万位	百萬位
百万吨	百萬噸
百万富翁	百萬富翁
百万赫兹	百萬赫茲
瞬息万变	瞬息萬變
耶烈万	耶烈萬
腰缠万贯	腰纏萬貫
茨万吉拉伊	茨萬吉拉伊
万一	萬一
万丈	萬丈
万丈光芒	萬丈光芒
万丈高楼平地起	萬丈高樓平地起
万不得已	萬不得已
万世	萬世
万丹	萬丹
万丹乡	萬丹鄉
万事	萬事
万事亨通	萬事亨通
万事大吉	萬事大吉
万事如意	萬事如意
万事得	萬事得
万事起头难	萬事起頭難
万事通	萬事通
万事达	萬事達
万事开头难	萬事開頭難
万人	萬人
万人之敌	萬人之敵
万人冢	萬人塚
万人敌	萬人敵
万人空巷	萬人空巷
万代	萬代
万代兰	萬代蘭
万位	萬位
万亿	萬億
万元户	萬元戶
万全	萬全
万分	萬分
万分痛苦	萬分痛苦
万博省	萬博省
万古长新	萬古長新
万古长青	萬古長青
万名	萬名
万国	萬國
万国博览会	萬國博覽會
万国宫	萬國宮
万国码	萬國碼
万国邮政联盟	萬國郵政聯盟
万国邮联	萬國郵聯
万国音标	萬國音標
万寿山	萬壽山
万寿无疆	萬壽無疆
万寿菊	萬壽菊
万安县	萬安縣
万宁	萬寧
万宁市	萬寧市
万宝路	萬寶路
万山	萬山
万山区	萬山區
万峦乡	萬巒鄉
万州	萬州
万州区	萬州區
万念俱灰	萬念俱灰
万恶	萬惡
万恶之源	萬惡之源
万恶滔天	萬惡滔天
万应灵丹	萬應靈丹
万户侯	萬戶侯
万智牌	萬智牌
万有	萬有
万有引力	萬有引力
万柏林	萬柏林
万柏林区	萬柏林區
万荣	萬榮
万荣县	萬榮縣
万荣乡	萬榮鄉
万死不辞	萬死不辭
万民	萬民
万泉河	萬泉河
万洋山	萬洋山
万源	萬源
万源市	萬源市
万无一失	萬無一失
万物	萬物
万用字元	萬用字元
万目睽睽	萬目睽睽
万众一心	萬眾一心
万福玛丽亚	萬福瑪麗亞
万秀	萬秀
万秀区	萬秀區
万科	萬科
万箭穿心	萬箭穿心
万籁俱寂	萬籟俱寂
万籁无声	萬籟無聲
万维天罗地网	萬維天羅地網
万维网	萬維網
万县	萬縣
万县市	萬縣市
万县港	萬縣港
万能	萬能
万能㹴	萬能㹴
万能钥匙	萬能鑰匙
万般	萬般
万般无奈	萬般無奈
万艾可	萬艾可
万华	萬華
万华区	萬華區
万象更新	萬象更新
万豪	萬豪
万贯	萬貫
万载	萬載
万载县	萬載縣
万那杜	萬那杜
万邦	萬邦
万金油	萬金油
万隆	萬隆
万难	萬難
万灵丹	萬靈丹
万灵节	萬靈節
万顷	萬頃
万头攒动	萬頭攢動
万头钻动	萬頭鑽動
万马奔腾	萬馬奔騰
万马齐喑	萬馬齊喑
万齐融	萬齊融
萧万长	蕭萬長
西万尼	西萬尼
西藏百万农奴解放纪念日	西藏百萬農奴解放紀念日
造福万民	造福萬民
郎之万	郎之萬
金钱万能	金錢萬能
金钱非万能	金錢非萬能
风情万种	風情萬種
惊恐万状	驚恐萬狀
高丽八万大藏经	高麗八萬大藏經
龟甲万	龜甲萬
万俟	万俟
一家	一家
一家之主	一家之主
一家人	一家人
一家子	一家子
丁宠家庭	丁寵家庭
三家村	三家村
上家	上家
下家	下家
不是冤家不聚头	不是冤家不聚頭
世家	世家
世禄之家	世祿之家
丢到家	丟到家
中国作家协会	中國作家協會
中国国家博物馆	中國國家博物館
中国左翼作家联盟	中國左翼作家聯盟
主权国家	主權國家
乾嘉三大家	乾嘉三大家
事怕行家	事怕行家
五家渠	五家渠
五家渠市	五家渠市
五峰土家族自治县	五峰土家族自治縣
人给家足	人給家足
人类学家	人類學家
仇家	仇家
企业家	企業家
伍家岗	伍家崗
伍家岗区	伍家崗區
住家	住家
作家	作家
俗家	俗家
保家卫国	保家衛國
做人家	做人家
傍家儿	傍家兒
传家	傳家
传家宝	傳家寶
倾家	傾家
儒家	儒家
元诗四大家	元詩四大家
全家福	全家福
八家将	八家將
公家	公家
公家机关	公家機關
六家	六家
六朝四大家	六朝四大家
兵家常事	兵家常事
冒险家	冒險家
冤家	冤家
冤家宜解不宜结	冤家宜解不宜結
冤家对头	冤家對頭
冤家路窄	冤家路窄
出家	出家
出家人	出家人
分家	分家
分析家	分析家
到家	到家
剧作家	劇作家
刘家辉	劉家輝
加勒比国家联盟	加勒比國家聯盟
加拿大皇家	加拿大皇家
加拿大皇家海军	加拿大皇家海軍
化学家	化學家
北京国家体育场	北京國家體育場
半路出家	半路出家
占星家	占星家
印江土家族苗族自治县	印江土家族苗族自治縣
原子科学家	原子科學家
原子科学家通报	原子科學家通報
原生家庭	原生家庭
古生物学家	古生物學家
史学家	史學家
史家	史家
各人自扫门前雪，莫管他家瓦上霜	各人自掃門前雪，莫管他家瓦上霜
合家	合家
吉野家	吉野家
名画家	名畫家
哀家	哀家
哲学家	哲學家
唐初四大家	唐初四大家
唐宋八大家	唐宋八大家
唐家山	唐家山
唐家璇	唐家璇
商家	商家
丧家之犬	喪家之犬
丧家之狗	喪家之狗
单亲家庭	單親家庭
四海为家	四海為家
国家	國家
国家一级保护	國家一級保護
国家主义	國家主義
国家互联网信息办公室	國家互聯網信息辦公室
国家代码	國家代碼
国家元首	國家元首
国家公园	國家公園
国家图书馆	國家圖書館
国家安全	國家安全
国家安全部	國家安全部
国家政策	國家政策
国家文物委员会	國家文物委員會
国家文物鉴定委员会	國家文物鑒定委員會
国家汉办	國家漢辦
国家火山公园	國家火山公園
国家留学基金管理委员会	國家留學基金管理委員會
国家监委	國家監委
国家监察委员会	國家監察委員會
国家社会主义	國家社會主義
国家级	國家級
国家航空公司	國家航空公司
国家计委	國家計委
国家军品贸易管理委员会	國家軍品貿易管理委員會
国家重点学科	國家重點學科
国家重点实验室	國家重點實驗室
国家队	國家隊
国家电力监管委员会	國家電力監管委員會
国家电网公司	國家電網公司
国破家亡	國破家亡
土家族	土家族
在家	在家
在家靠父母，出外靠朋友	在家靠父母，出外靠朋友
在家靠父母，出门靠朋友	在家靠父母，出門靠朋友
地主家庭	地主家庭
地理学家	地理學家
地质学家	地質學家
地震学家	地震學家
墨家	墨家
垦丁国家公园	墾丁國家公園
夏威夷火山国家公园	夏威夷火山國家公園
外交家	外交家
多民族国家	多民族國家
梦想家	夢想家
大国家党	大國家黨
大家	大家
大家庭	大家庭
大家闺秀	大家閨秀
大方之家	大方之家
天文学家	天文學家
天体物理学家	天體物理學家
夫家	夫家
失独家庭	失獨家庭
夹山国家森林公园	夾山國家森林公園
女人家	女人家
女家	女家
女管家	女管家
奴家	奴家
如数家珍	如數家珍
娘家	娘家
娘家姓	娘家姓
娼家	娼家
婆家	婆家
妇道人家	婦道人家
孔子家语	孔子家語
孤家寡人	孤家寡人
安家	安家
安家立业	安家立業
安家落户	安家落戶
宋四家	宋四家
官宦人家	官宦人家
官家	官家
宜家	宜家
客家	客家
客家人	客家人
客家话	客家話
客家语	客家語
家丁	家丁
家世	家世
家世寒微	家世寒微
家主	家主
家事	家事
家人	家人
家什	家什
家信	家信
家僮	家僮
家兄	家兄
家儿	家兒
家八哥	家八哥
家公	家公
家具	家具
家务	家務
家务活	家務活
家去	家去
家叔	家叔
家喻户晓	家喻戶曉
家严	家嚴
家园	家園
家境	家境
家奴	家奴
家姊	家姊
家姐	家姐
家姑	家姑
家姬	家姬
家娘	家娘
家婆	家婆
家妇	家婦
家嫂	家嫂
家子	家子
家宅	家宅
家室	家室
家宴	家宴
家小	家小
家居	家居
家居卖场	家居賣場
家属	家屬
家常	家常
家常便饭	家常便飯
家常菜	家常菜
家常豆腐	家常豆腐
家底	家底
家庭	家庭
家庭主夫	家庭主夫
家庭主妇	家庭主婦
家庭作业	家庭作業
家庭影院	家庭影院
家庭成员	家庭成員
家庭教师	家庭教師
家庭暴力	家庭暴力
家庭煮夫	家庭煮夫
家弟	家弟
家徒四壁	家徒四壁
家慈	家慈
家政	家政
家政员	家政員
家政学	家政學
家教	家教
家数	家數
家族	家族
家族树	家族樹
家景	家景
家暴	家暴
家书	家書
家业	家業
家乐氏	家樂氏
家乐福	家樂福
家母	家母
家灶	家灶
家燕	家燕
家父	家父
家爷	家爺
家产	家產
家用	家用
家用电器	家用電器
家用电脑	家用電腦
家畜	家畜
家的	家的
家眷	家眷
家破人亡	家破人亡
家祖	家祖
家禽	家禽
家私	家私
家童	家童
家给人足	家給人足
家老	家老
家臣	家臣
家舅	家舅
家蝇	家蠅
家蚕	家蠶
家规	家規
家亲	家親
家计	家計
家训	家訓
家语	家語
家谱	家譜
家猫	家貓
家贫如洗	家貧如洗
家轿	家轎
家道	家道
家道中落	家道中落
家乡	家鄉
家乡菜	家鄉菜
家乡话	家鄉話
家长	家長
家长会	家長會
家门	家門
家雀儿	家雀兒
家电	家電
家养	家養
家马	家馬
家鸦	家鴉
家鸭	家鴨
家鸭绿头鸭	家鴨綠頭鴨
家麻雀	家麻雀
实业家	實業家
专家	專家
专家评论	專家評論
专门家	專門家
对家	對家
小家子气	小家子氣
小家碧玉	小家碧玉
小家鼠	小家鼠
少东家	少東家
居家	居家
工业化国家	工業化國家
巧家	巧家
巧家县	巧家縣
希西家	希西家
平地起家	平地起家
店家	店家
张家口	張家口
张家口市	張家口市
张家川	張家川
张家川县	張家川縣
张家港	張家港
张家港市	張家港市
张家界	張家界
张家界市	張家界市
彭水苗族土家族自治县	彭水苗族土家族自治縣
微生物学家	微生物學家
心理学家	心理學家
思想家	思想家
恩施土家族苗族自治州	恩施土家族苗族自治州
想家	想家
爱国如家	愛國如家
慈善家	慈善家
惯家	慣家
恋家	戀家
成家	成家
成家立室	成家立室
成家立业	成家立業
战略家	戰略家
戏剧家	戲劇家
批评家	批評家
抄家	抄家
投资家	投資家
拆家	拆家
拉家带口	拉家帶口
拉家常	拉家常
拉鲁湿地国家自然保护区	拉魯濕地國家自然保護區
抛家弃子	拋家棄子
拖家带口	拖家帶口
持家	持家
指挥家	指揮家
挨家	挨家
挨家挨户	挨家挨戶
探家	探家
探险家	探險家
搬家	搬家
攀山家	攀山家
携家带口	攜家帶口
携家带眷	攜家帶眷
摄影家	攝影家
收藏家	收藏家
改革家	改革家
政治家	政治家
故家	故家
故家子弟	故家子弟
败家	敗家
败家子	敗家子
教育家	教育家
数学家	數學家
文字学家	文字學家
文学家	文學家
新儒家	新儒家
新兴经济国家	新興經濟國家
方家	方家
星命家	星命家
星家	星家
星相家	星相家
暖巢管家	暖巢管家
书画家	書畫家
本家	本家
东南亚国家联盟	東南亞國家聯盟
东家	東家
林家翘	林家翹
植物学家	植物學家
杨家将	楊家將
杨福家	楊福家
歌唱家	歌唱家
民家	民家
气候学家	氣候學家
水利家	水利家
沙家浜	沙家浜
沿河土家族自治县	沿河土家族自治縣
洪家	洪家
活动家	活動家
流氓国家	流氓國家
浮家泛宅	浮家泛宅
海湾国家	海灣國家
清官难断家务事	清官難斷家務事
浑家	渾家
湘西土家族苗族自治州	湘西土家族苗族自治州
温家宝	溫家寶
演讲家	演講家
汉学家	漢學家
漫画家	漫畫家
洒家	灑家
炒家	炒家
无家可归	無家可歸
煽动颠覆国家政权	煽動顛覆國家政權
煽动颠覆国家罪	煽動顛覆國家罪
物理学家	物理學家
独家	獨家
独立国家联合体	獨立國家聯合體
王家	王家
王家卫	王家衛
现代新儒家	現代新儒家
理学家	理學家
理论家	理論家
玛家	瑪家
玛家乡	瑪家鄉
生态学家	生態學家
生物化学家	生物化學家
生物学家	生物學家
生理学家	生理學家
用家	用家
田家庵	田家庵
田家庵区	田家庵區
男人家	男人家
男家	男家
男管家	男管家
画家	畫家
病家	病家
病毒学家	病毒學家
病理学家	病理學家
登山家	登山家
白手起家	白手起家
白色家电	白色家電
百家	百家
百家姓	百家姓
百家乐	百家樂
百家争鸣	百家爭鳴
皇家	皇家
皇家学会	皇家學會
皇家海军	皇家海軍
皇家香港警察	皇家香港警察
皇家骑警	皇家騎警
看家	看家
石家庄	石家莊
石家庄市	石家莊市
石柱土家族自治县	石柱土家族自治縣
破家	破家
神学家	神學家
神经学家	神經學家
秀山土家族苗族自治县	秀山土家族苗族自治縣
私家	私家
私家车	私家車
科学家	科學家
空想家	空想家
穷家富路	窮家富路
穷家薄业	窮家薄業
算命家	算命家
管家	管家
管家婆	管家婆
精神学家	精神學家
精神家园	精神家園
经济学家	經濟學家
编译家	編譯家
编辑家	編輯家
纵横家	縱橫家
罢黜百家，独尊儒术	罷黜百家，獨尊儒術
罗家英	羅家英
美洲国家组织	美洲國家組織
美食家	美食家
翻译家	翻譯家
老人家	老人家
老天爷饿不死瞎家雀	老天爺餓不死瞎家雀
老家	老家
老家贼	老家賊
自报家门	自報家門
自家	自家
自家人	自家人
自成一家	自成一家
举家	舉家
旧家	舊家
舞蹈家	舞蹈家
航海家	航海家
船家	船家
良家	良家
良家女子	良家女子
苗家	苗家
英国皇家学会	英國皇家學會
荷兰皇家航空	荷蘭皇家航空
庄家	莊家
艺术家	藝術家
蜑家	蜑家
行动艺术家	行動藝術家
行家	行家
行为艺术家	行為藝術家
亲如一家	親如一家
亲家	親家
观察家	觀察家
计算机科学家	計算機科學家
评论家	評論家
诡辩家	詭辯家
语言学家	語言學家
诸子十家	諸子十家
诸子百家	諸子百家
谢家集	謝家集
谢家集区	謝家集區
货问三家不吃亏	貨問三家不吃虧
货比三家	貨比三家
货比三家不吃亏	貨比三家不吃虧
买家	買家
贻笑方家	貽笑方家
资本家	資本家
卖家	賣家
赢家	贏家
赢家通吃	贏家通吃
走娘家	走娘家
起家	起家
赵家人	趙家人
身家	身家
身家调查	身家調查
军事家	軍事家
输家	輸家
辛普森一家	辛普森一家
农家庭院	農家庭院
农家乐	農家樂
返家	返家
送货到家	送貨到家
运动家	運動家
道家	道家
道德家	道德家
邻家	鄰家
酉阳土家族苗族自治县	酉陽土家族苗族自治縣
酒家	酒家
医学家	醫學家
医学专家	醫學專家
医家	醫家
释家	釋家
金融家	金融家
银行家	銀行家
钢琴家	鋼琴家
鉴赏家	鑒賞家
长阳土家族自治县	長陽土家族自治縣
阿家	阿家
阿拉伯国家联盟	阿拉伯國家聯盟
阿灵顿国家公墓	阿靈頓國家公墓
阴谋家	陰謀家
阴阳家	陰陽家
雄辩家	雄辯家
杂剧四大家	雜劇四大家
杂家	雜家
非国家行为体	非國家行為體
革命家	革命家
音乐家	音樂家
预言家	預言家
头家	頭家
颠覆国家罪	顛覆國家罪
顾家	顧家
养家	養家
养家活口	養家活口
首家	首家
马三家	馬三家
马家军	馬家軍
黑道家族	黑道家族
齐家	齊家
齐家文化	齊家文化
齐家治国	齊家治國
庞家堡区	龐家堡區
一对一斗牛	一對一鬥牛
三对三斗牛	三對三鬥牛
二虎相斗，必有一伤	二虎相鬥，必有一傷
人权斗士	人權鬥士
傲霜斗雪	傲霜鬥雪
内部斗争	內部鬥爭
内斗	內鬥
两虎相斗	兩虎相鬥
两虎相斗，必有一伤	兩虎相鬥，必有一傷
勾心斗角	勾心鬥角
化学战斗部	化學戰鬥部
博斗	博鬥
反右派斗争	反右派鬥爭
反袁斗争	反袁鬥爭
单打独斗	單打獨鬥
坐山观虎斗	坐山觀虎鬥
奋斗	奮鬥
好男不跟女斗	好男不跟女鬥
好斗	好鬥
恶斗	惡鬥
战斗	戰鬥
战斗力	戰鬥力
战斗机	戰鬥機
战斗营	戰鬥營
战斗群	戰鬥群
战斗者	戰鬥者
战斗舰	戰鬥艦
战斗部	戰鬥部
打斗	打鬥
批斗	批鬥
批斗大会	批鬥大會
拌嘴斗舌	拌嘴鬥舌
拼斗	拼鬥
挨斗	挨鬥
揪斗	揪鬥
搏斗	搏鬥
格斗	格鬥
械斗	械鬥
权力斗争	權力鬥爭
正义斗争	正義鬥爭
殴斗	毆鬥
决斗	決鬥
争妍斗艳	爭妍鬥艷
争斗	爭鬥
环保斗士	環保鬥士
生命不息，战斗不止	生命不息，戰鬥不止
空中格斗	空中格鬥
综合格斗	綜合格鬥
罗马斗兽场	羅馬鬥獸場
航空母舰战斗群	航空母艦戰鬥群
艰苦奋斗	艱苦奮鬥
蚁斗蜗争	蟻鬥蝸爭
角斗	角鬥
角斗场	角鬥場
角斗士	角鬥士
触斗蛮争	觸鬥蠻爭
阶级斗争	階級鬥爭
斗口齿	鬥口齒
斗嘴	鬥嘴
斗地主	鬥地主
斗士	鬥士
斗批改	鬥批改
斗拳	鬥拳
斗智	鬥智
斗殴	鬥毆
斗气	鬥氣
斗争	鬥爭
斗争性	鬥爭性
斗牛㹴	鬥牛㹴
斗牛士	鬥牛士
斗牛士之歌	鬥牛士之歌
斗眼	鬥眼
斗私批修	鬥私批修
斗舰	鬥艦
斗鸡	鬥雞
斗鸡眼	鬥雞眼
斗鸡走马	鬥雞走馬
斗霜傲雪	鬥霜傲雪
龙争虎斗	龍爭虎鬥
龙虎斗	龍虎鬥
五斗米道	五斗米道
人不可貌相，海水不可斗量	人不可貌相，海水不可斗量
全斗焕	全斗煥
公斗	公斗
冰斗	冰斗
刁斗	刁斗
北斗	北斗
北斗七星	北斗七星
北斗星	北斗星
北斗镇	北斗鎮
南箕北斗	南箕北斗
墨斗	墨斗
小便斗	小便斗
山斗	山斗
巴斗	巴斗
戽斗	戽斗
扶不起的阿斗	扶不起的阿斗
抽斗	抽斗
拖斗	拖斗
挎斗	挎斗
斗内	斗內
斗六	斗六
斗六市	斗六市
斗南	斗南
斗南镇	斗南鎮
斗大	斗大
斗室	斗室
斗拱	斗拱
斗柄	斗柄
斗笠	斗笠
斗篷	斗篷
斗胆	斗膽
斗车	斗車
斗转星移	斗轉星移
斗门	斗門
斗门区	斗門區
料斗	料斗
星斗	星斗
星移斗转	星移斗轉
栽筋斗	栽筋斗
横筋斗	橫筋斗
横翻筋斗	橫翻筋斗
步斗踏罡	步斗踏罡
步罡踏斗	步罡踏斗
泰山北斗	泰山北斗
泰斗	泰斗
海水不可斗量	海水不可斗量
漏斗	漏斗
烟斗	煙斗
熨斗	熨斗
烫斗	燙斗
畚斗	畚斗
科斗	科斗
笆斗	笆斗
筋斗	筋斗
紫微斗数	紫微斗數
翻斗卡车	翻斗卡車
翻筋斗	翻筋斗
翻跟斗	翻跟斗
跟斗	跟斗
车斗	車斗
车载斗量	車載斗量
防毒斗篷	防毒斗篷
阿斗	阿斗
赌斗	賭鬭
一帆风顺	一帆風順
力帆	力帆
展帆	展帆
帆背潜鸭	帆背潛鴨
帆船	帆船
张春帆	張春帆
扬帆	揚帆
扬帆远航	揚帆遠航
旋筒风帆	旋筒風帆
横桁帆	橫桁帆
满帆	滿帆
船帆	船帆
船帆座	船帆座
见风使帆	見風使帆
转帆	轉帆
风帆	風帆
驾帆船	駕帆船
一席之地	一席之地
一席话	一席話
主席	主席
主席国	主席國
入席	入席
出席	出席
出席者	出席者
列席	列席
副主席	副主席
割席	割席
助手席	助手席
即席	即席
吃席	吃席
坐席	坐席
塞席尔	塞席爾
天下没有不散的宴席	天下沒有不散的宴席
天下没有不散的筵席	天下沒有不散的筵席
宴席	宴席
审判席	審判席
席位	席位
席凡宁根	席凡寧根
席勒	席勒
席地而坐	席地而坐
席地而睡	席地而睡
席梦思	席夢思
席子	席子
席德尼	席德尼
座席	座席
座无虚席	座無虛席
打席	打席
散席	散席
敬老席	敬老席
末席	末席
枕席	枕席
毛主席	毛主席
流水席	流水席
凉席	涼席
满汉全席	滿漢全席
硬席	硬席
砚席	硯席
筵席	筵席
筵席捐	筵席捐
篾席	篾席
缺席	缺席
联席会议	聯席會議
联席董事	聯席董事
苇席	葦席
芦席	蘆席
虚席以待	虛席以待
议席	議席
越席	越席
路易斯·伊纳西奥·卢拉·达席尔瓦	路易斯·伊納西奧·盧拉·達席爾瓦
软席	軟席
办酒席	辦酒席
退席	退席
逃席	逃席
还席	還席
酒席	酒席
首席	首席
首席信息官	首席信息官
首席执行官	首席執行官
首席技术官	首席技術官
首席营销官	首席營銷官
首席财务官	首席財務官
首席运营官	首席運營官
驾驶席	駕駛席
党主席	黨主席
一年到头	一年到頭
一年半	一年半
一年半载	一年半載
一年四季	一年四季
一年多	一年多
一年生	一年生
一把年纪	一把年紀
一朝被蛇咬，十年怕井绳	一朝被蛇咬，十年怕井繩
七十年代	七十年代
上半年	上半年
上年	上年
上年纪	上年紀
下半年	下半年
不终天年	不終天年
世纪末年	世紀末年
中国青年报	中國青年報
中年	中年
中老年	中老年
中老年人	中老年人
中青年	中青年
二十年目睹之怪现状	二十年目睹之怪現狀
二年生	二年生
享年	享年
今年	今年
似水年华	似水年華
低年级	低年級
来年	來年
元年	元年
光年	光年
兔年	兔年
全年	全年
六十年代	六十年代
初年	初年
前年	前年
北京青年报	北京青年報
半年	半年
去年	去年
去年底	去年底
君子报仇，十年不晚	君子報仇，十年不晚
嘉年华	嘉年華
国民年金	國民年金
国民年金保险	國民年金保險
垂暮之年	垂暮之年
增年	增年
壮年	壯年
多年	多年
多年来	多年來
多年媳妇熬成婆	多年媳婦熬成婆
多年生	多年生
大前年	大前年
大年三十	大年三十
大过年	大過年
大龄青年	大齡青年
天年	天年
孤鸾年	孤鸞年
学年	學年
小年夜	小年夜
小青年	小青年
少年	少年
少年人	少年人
少年先锋队	少年先鋒隊
少年夫妻老来伴	少年夫妻老來伴
少年宫	少年宮
少年犯	少年犯
少年老成	少年老成
山道年	山道年
常年	常年
平年	平年
年三十	年三十
年下	年下
年中	年中
年久失修	年久失修
年之久	年之久
年事	年事
年事已高	年事已高
年代	年代
年代初	年代初
年代学	年代學
年份	年份
年来	年來
年俸	年俸
年兄	年兄
年内	年內
年初	年初
年前	年前
年功加俸	年功加俸
年友	年友
年味	年味
年均	年均
年均增长率	年均增長率
年报	年報
年寿	年壽
年夜	年夜
年夜饭	年夜飯
年富力强	年富力強
年尊	年尊
年少	年少
年少无知	年少無知
年尾	年尾
年已蹉跎	年已蹉跎
年幼	年幼
年底	年底
年庚	年庚
年度	年度
年度报告	年度報告
年度大会	年度大會
年度股东大会	年度股東大會
年度预算	年度預算
年息	年息
年成	年成
年收入	年收入
年会	年會
年月	年月
年末	年末
年楚河	年楚河
年检	年檢
年满	年滿
年产	年產
年画	年畫
年节	年節
年糕	年糕
年纪	年紀
年级	年級
年终	年終
年终奖	年終獎
年老	年老
年老力衰	年老力衰
年老体弱	年老體弱
年华	年華
年薪	年薪
年号	年號
年谊	年誼
年谱	年譜
年货	年貨
年费	年費
年资	年資
年较差	年較差
年载	年載
年轻	年輕
年轻人	年輕人
年轻力壮	年輕力壯
年轻化	年輕化
年轻有为	年輕有為
年轻气盛	年輕氣盛
年轮	年輪
年轮蛋糕	年輪蛋糕
年逾	年逾
年逾古稀	年逾古稀
年过	年過
年迈	年邁
年金	年金
年鉴	年鑑
年长	年長
年间	年間
年关	年關
年限	年限
年青	年青
年头	年頭
年高德劭	年高德劭
年龄	年齡
年龄段	年齡段
年龄组	年齡組
幼年	幼年
度日如年	度日如年
延年	延年
延年益寿	延年益壽
彝族年	彝族年
往年	往年
忘年交	忘年交
恒星年	恆星年
成年	成年
成年人	成年人
成年者	成年者
战国末年	戰國末年
批流年	批流年
拜年	拜年
数年	數年
新年	新年
新年前夕	新年前夕
新年快乐	新年快樂
早年	早年
旬年	旬年
明年	明年
昔年	昔年
晚年	晚年
暮年	暮年
最年长	最年長
有年	有年
有年头	有年頭
有生之年	有生之年
未成年	未成年
未成年人	未成年人
未成年者	未成年者
末年	末年
本命年	本命年
本年度	本年度
残年短景	殘年短景
每年	每年
每年一度	每年一度
比年	比年
永年	永年
永年区	永年區
流年	流年
流年不利	流年不利
牛年	牛年
牛年马月	牛年馬月
狗年	狗年
猴年	猴年
猴年马月	猴年馬月
现年	現年
生卒年	生卒年
生卒年月	生卒年月
百年	百年
百年不遇	百年不遇
百年大计	百年大計
百年好合	百年好合
百年树人	百年樹人
盛年	盛年
知识青年	知識青年
积年	積年
童年	童年
竹书纪年	竹書紀年
笄年	笄年
纪年	紀年
终年	終年
终年积雪	終年積雪
经年	經年
绮年	綺年
编年史	編年史
编年体	編年體
羊年	羊年
翌年	翌年
老年	老年
老年人	老年人
耄耋之年	耄耋之年
而立之年	而立之年
耳顺之年	耳順之年
旧年	舊年
舜日尧年	舜日堯年
英年	英年
英年早逝	英年早逝
荒年	荒年
虎年	虎年
蛇年	蛇年
豆蔻年华	豆蔻年華
猪年	豬年
财年	財年
财政年度	財政年度
贺年	賀年
贺年卡	賀年卡
贺年片	賀年片
跨年	跨年
躲年	躲年
转年	轉年
办年货	辦年貨
近年	近年
近年来	近年來
逐年	逐年
这年头	這年頭
逢年过节	逢年過節
连年	連年
过年	過年
遐年	遐年
郑人争年	鄭人爭年
长年	長年
开年	開年
闰年	閏年
陈年	陳年
鸡年	雞年
青壮年	青壯年
青少年	青少年
青年	青年
青年人	青年人
青年会	青年會
青年节	青年節
颐养天年	頤養天年
风烛残年	風燭殘年
马年	馬年
驴年马月	驢年馬月
高年	高年
高年级生	高年級生
黄鼠狼给鸡拜年	黃鼠狼給雞拜年
黄鼠狼给鸡拜年，没安好心	黃鼠狼給雞拜年，沒安好心
鼠年	鼠年
龙年	龍年
一日之计在于晨	一日之計在於晨
不下于	不下於
不亚于	不亞於
不甘于	不甘於
不绝于耳	不絕於耳
不绝于途	不絕於途
不至于	不至於
事实胜于雄辩	事實勝於雄辯
人浮于事	人浮於事
介于	介於
以利于	以利於
以至于	以至於
位于	位於
低于	低於
何济于事	何濟於事
来源于	來源於
供大于求	供大於求
供过于求	供過於求
便于	便於
仅次于	僅次於
优于	優於
免于	免於
公之于世	公之於世
公之于众	公之於眾
公诸于世	公諸於世
出于	出於
利于	利於
勇于	勇於
取决于	取決於
受命于天	受命於天
受聘于	受聘於
合于	合於
合于时宜	合於時宜
哀莫大于心死	哀莫大於心死
问道于盲	問道於盲
善于	善於
喜形于色	喜形於色
严于律己	嚴於律己
在于	在於
基于	基於
多于	多於
大于	大於
嫁祸于人	嫁禍於人
孤独于世	孤獨於世
安于	安於
安于现状	安於現狀
定于	定於
定于一尊	定於一尊
宜于	宜於
富于	富於
富于想像	富於想像
寓教于乐	寓教於樂
寓管理于服务之中	寓管理於服務之中
专美于前	專美於前
对于	對於
小于	小於
居住于	居住於
属于	屬於
工于心计	工於心計
形于色	形於色
得益于	得益於
忙于	忙於
忠于	忠於
怒形于色	怒形於色
急于	急於
急于星火	急於星火
急于求成	急於求成
拙于言词	拙於言詞
敢于	敢於
于事无补	於事無補
于心不忍	於心不忍
于是	於是
于是乎	於是乎
于焉	於焉
易于	易於
易于反掌	易於反掌
有利于	有利於
有助于	有助於
有悖于	有悖於
有赖于	有賴於
有鉴于此	有鑒於此
染指于鼎	染指於鼎
植根于	植根於
业荒于嬉	業荒於嬉
乐于	樂於
乐于助人	樂於助人
次于	次於
归于	歸於
死于安乐	死於安樂
死于非命	死於非命
求助于人	求助於人
求道于盲	求道於盲
流于	流於
流于形式	流於形式
源于	源於
濒于	瀕於
无动于衷	無動於衷
无济于事	無濟於事
甘于	甘於
甚而至于	甚而至於
甚至于	甚至於
生命在于运动	生命在於運動
用于	用於
由于	由於
毕其功于一役	畢其功於一役
疏于	疏於
疲于奔命	疲於奔命
碍于	礙於
积于忽微	積於忽微
穷于应付	窮於應付
等于	等於
精于	精於
精于此道	精於此道
约等于	約等於
终于	終於
缘于	緣於
置于	置於
羞于启齿	羞於啟齒
老于世故	老於世故
耿耿于怀	耿耿於懷
聊胜于无	聊勝於無
闻名于世	聞名於世
至于	至於
臻于完善	臻於完善
臻于郅治	臻於郅治
苦于	苦於
莫过于	莫過於
落于下风	落於下風
著称于世	著稱於世
处于	處於
血浓于水	血濃於水
言归于好	言歸於好
贬多于褒	貶多於褒
趋于	趨於
身教胜于言教	身教勝於言教
轻于鸿毛	輕於鴻毛
过于	過於
迁怒于人	遷怒於人
醉心于	醉心於
重于泰山	重於泰山
鉴于	鑒於
长于	長於
关于	關於
防患于未然	防患於未然
限于	限於
陷于	陷於
陷于瘫痪	陷於癱瘓
难于接近	難於接近
难于登天	難於登天
高于	高於
于丹	于丹
于归	于歸
于归之喜	于歸之喜
于洪	于洪
于洪区	于洪區
于田	于田
于田县	于田縣
于都	于都
于都县	于都縣
单于	單于
淳于	淳于
袁于令	袁于令
上个星期	上個星期
上星期	上星期
上期	上期
下个星期	下個星期
下星期	下星期
下期	下期
不定期	不定期
不应期	不應期
不期	不期
不期然而然	不期然而然
不期而至	不期而至
不期而遇	不期而遇
中期	中期
交货期	交貨期
以期	以期
任期	任期
任职期间	任職期間
佳期	佳期
俄期	俄期
俄狄浦斯期	俄狄浦斯期
保修期	保修期
保质期	保質期
信贷违约掉期	信貸違約掉期
伦敦国际金融期货交易所	倫敦國際金融期貨交易所
先期	先期
两星期	兩星期
冰川期	冰川期
冰期	冰期
冰河时期	冰河時期
冰河期	冰河期
冷静期	冷靜期
出生日期	出生日期
分期	分期
分期付款	分期付款
刑期	刑期
初期	初期
到期	到期
到期收益率	到期收益率
到期日	到期日
前景可期	前景可期
前期	前期
动情期	動情期
务期	務期
半排出期	半排出期
半衰期	半衰期
印支期	印支期
即期品	即期品
国际日期变更线	國際日期變更線
围产期	圍產期
围术期	圍術期
在诉讼期间	在訴訟期間
在这期间	在這期間
大冰期	大冰期
大斋期	大齋期
失效日期	失效日期
失期	失期
套期保值	套期保值
如期	如期
婚期	婚期
婴儿期	嬰兒期
孕期	孕期
孵化期	孵化期
学期	學期
安全期	安全期
定期	定期
定期储蓄	定期儲蓄
定期存款	定期存款
宽限期	寬限期
封河期	封河期
导入期	導入期
尾期	尾期
展期	展期
工期	工期
延期	延期
延期付款	延期付款
快速动眼期	快速動眼期
思春期	思春期
性器期	性器期
性蕾期	性蕾期
愆期	愆期
截止期限	截止期限
拔节期	拔節期
指数期权	指數期權
按期	按期
掉期	掉期
改期	改期
既得期间	既得期間
日期	日期
日治时期	日治時期
早期	早期
旬期	旬期
星期	星期
星期一	星期一
星期三	星期三
星期二	星期二
星期五	星期五
星期六	星期六
星期四	星期四
星期天	星期天
星期日	星期日
时期	時期
晚期	晚期
暑期	暑期
暑期学校	暑期學校
会期	會期
有效日期	有效日期
有效期	有效期
有效期内	有效期內
有期徒刑	有期徒刑
期中	期中
期冀	期冀
期待	期待
期房	期房
期指	期指
期末	期末
期权	期權
期满	期滿
期盼	期盼
期票	期票
期终	期終
期许	期許
期货	期貨
期货合约	期貨合約
期间	期間
期限	期限
末期	末期
本星期	本星期
本期	本期
枯水期	枯水期
极盛时期	極盛時期
档期	檔期
死刑缓期执行	死刑緩期執行
死期	死期
汛期	汛期
洪水期	洪水期
洪汛期	洪汛期
活期	活期
活期存款	活期存款
活期帐户	活期帳戶
活期贷款	活期貸款
活期资金	活期資金
滞期费	滯期費
满期	滿期
渔汛期	漁汛期
潜伏期	潛伏期
为期	為期
无期	無期
无期徒刑	無期徒刑
无限期	無限期
无霜期	無霜期
班期	班期
生理期	生理期
产期	產期
产褥期	產褥期
癌前期	癌前期
短期	短期
短期融资	短期融資
空窗期	空窗期
窗口期	窗口期
节期	節期
终期	終期
终期癌	終期癌
经期	經期
缓期	緩期
缓期付款	緩期付款
总统任期	總統任期
耄期	耄期
育龄期	育齡期
脱期	脫期
苗期	苗期
行期	行期
衰退期	衰退期
试用期	試用期
账期	賬期
近期	近期
逾期	逾期
过期	過期
过渡时期	過渡時期
遥遥无期	遙遙無期
远期	遠期
远期合约	遠期合約
长期	長期
长期以来	長期以來
长期共存	長期共存
长期性	長期性
长期饭票	長期飯票
闭锁期	閉鎖期
开河期	開河期
限期	限期
阵痛期	陣痛期
青春期	青春期
预期	預期
预期推理	預期推理
预期用途	預期用途
预产期	預產期
头期款	頭期款
高峰期	高峰期
黄体期	黃體期
鼎盛时期	鼎盛時期
鼎盛期	鼎盛期
斋期	齋期
一厢情愿	一廂情願
一相情愿	一相情願
不情愿	不情願
不愿	不願
事与愿违	事與願違
但愿	但願
但愿如此	但願如此
两厢情愿	兩廂情願
两情两愿	兩情兩願
两相情愿	兩相情願
夙愿	夙願
夙愿以偿	夙願以償
夙愿得偿	夙願得償
大愿地藏菩萨	大願地藏菩薩
太公钓鱼，愿者上钩	太公釣魚，願者上鉤
如愿	如願
如愿以偿	如願以償
宏愿	宏願
宿愿	宿願
宁愿	寧願
封官许愿	封官許願
得偿所愿	得償所願
心甘情愿	心甘情願
心愿	心願
心愿单	心願單
情愿	情願
意愿	意願
所愿	所願
末愿	末願
甘心情愿	甘心情願
甘愿	甘願
生愿	生願
祈愿	祈願
祝愿	祝願
称愿	稱願
能愿动词	能願動詞
自愿	自願
自愿性	自願性
自愿者	自願者
许下愿心	許下願心
许愿	許願
许愿井	許願井
许愿池	許願池
诉愿	訴願
诚心所愿	誠心所願
请愿	請願
请愿书	請願書
遂愿	遂願
遗愿	遺願
还愿	還願
愿心	願心
愿意	願意
愿景	願景
愿闻其详	願聞其詳
愿赌服输	願賭服輸
乡愿	鄉愿
一折两段	一折兩段
一波三折	一波三折
九折	九折
反酷刑折磨公约	反酷刑折磨公約
夭折	夭折
将功折罪	將功折罪
屈折语	屈折語
弯折	彎折
打折	打折
折中	折中
折兑	折兌
折刀	折刀
折刀儿	折刀兒
折半	折半
折合	折合
折寿	折壽
折子戏	折子戲
折射	折射
折射率	折射率
折戟沉沙	折戟沉沙
折扇	折扇
折抵	折抵
折挫	折挫
折损	折損
折断	折斷
折服	折服
折本	折本
折枝	折枝
折桂	折桂
折杀	折殺
折现	折現
折现率	折現率
折叠	折疊
折叠式	折疊式
折叠椅	折疊椅
折痕	折痕
折皱	折皺
折磨	折磨
折秤	折秤
折笔	折筆
折算	折算
折节读书	折節讀書
折箩	折籮
折线	折線
折线图	折線圖
折缝	折縫
折罪	折罪
折耗	折耗
折耳根	折耳根
折腰	折腰
折旧	折舊
折旧率	折舊率
折衷主义	折衷主義
折衷鹦鹉	折衷鸚鵡
折角	折角
折变	折變
折跟头	折跟頭
折返	折返
折返跑	折返跑
折过儿	折過兒
折钱	折錢
折头	折頭
折腾	折騰
挫折	挫折
挫折感	挫折感
攀折	攀折
未折现	未折現
横折	橫折
波折	波折
百胜难虑敌，三折乃良医	百勝難慮敵，三折乃良醫
百折不挠	百折不撓
皱折	皺折
破折号	破折號
磨折	磨折
兰摧玉折	蘭摧玉折
亏折	虧折
蟾宫折桂	蟾宮折桂
蠹众木折	蠹眾木折
竖折	豎折
转折	轉折
转折点	轉折點
酷刑折磨	酷刑折磨
骨折	骨折
凸折线	凸摺線
奏折	奏摺
存折	存摺
对折	對摺
心折	心摺
折奏	摺奏
折子	摺子
折尺	摺尺
折椅	摺椅
折纸	摺紙
折裙	摺裙
邮折	郵摺
一方面	一方面
一面	一面
一面之交	一面之交
一面之词	一面之詞
一面倒	一面倒
一体两面	一體兩面
上面	上面
上面级	上面級
不识庐山真面目	不識廬山真面目
不连续面	不連續面
不体面	不體面
世面	世面
丢面子	丟面子
九面体	九面體
二十面体	二十面體
人机界面	人機界面
人面兽心	人面獸心
介面	介面
以泪洗面	以淚洗面
位面	位面
修面	修面
侧面	側面
光面内质网	光面內質網
全面	全面
全面禁止	全面禁止
两面	兩面
两面三刀	兩面三刀
两面人	兩面人
两面刃	兩面刃
两面派	兩面派
两面针	兩面針
八疸身面黄	八疸身面黃
八面玲珑	八面玲瓏
八面体	八面體
六面体	六面體
共面	共面
凸多面体	凸多面體
凸面	凸面
凸面镜	凸面鏡
凸面体	凸面體
凹面镜	凹面鏡
出面	出面
切平面	切平面
切面	切面
前面	前面
剖面	剖面
劈面	劈面
北面	北面
十二面体	十二面體
十面埋伏	十面埋伏
南面	南面
占地面积	占地面積
反光面	反光面
反射面	反射面
反面	反面
反面人物	反面人物
反面教员	反面教員
反面教材	反面教材
另一方面	另一方面
右面	右面
单方面	單方面
四个全面	四個全面
四面	四面
四面八方	四面八方
四面楚歌	四面楚歌
四面体	四面體
图像用户介面	圖像用戶介面
图形用户界面	圖形用戶界面
图形界面	圖形界面
在下面	在下面
地面	地面
地面层	地面層
地面气压	地面氣壓
地面水	地面水
地面灌溉	地面灌溉
地面部队	地面部隊
基本多文种平面	基本多文種平面
基面	基面
场面	場面
外面	外面
多侧面	多側面
多方面	多方面
多面手	多面手
多面角	多面角
多面体	多面體
大面积	大面積
失面子	失面子
失体面	失體面
字面	字面
封面	封面
对偶多面体	對偶多面體
对立面	對立面
对面	對面
屋面	屋面
屋面瓦	屋面瓦
层面	層面
工作面	工作面
左面	左面
市面	市面
市面上	市面上
平行六面体	平行六面體
平面	平面
平面图	平面圖
平面波	平面波
平面角	平面角
平面设计	平面設計
底面	底面
店面	店面
弯液面	彎液面
影响层面	影響層面
影响面	影響面
怒容满面	怒容滿面
情面	情面
爱面子	愛面子
应用程式介面	應用程式介面
截面	截面
扇面琴	扇面琴
投影面	投影面
抛物面	拋物面
抛头露面	拋頭露面
掌子面	掌子面
排面	排面
掩面而泣	掩面而泣
撑场面	撐場面
撑门面	撐門面
扑面	撲面
扑面而来	撲面而來
改头换面	改頭換面
文面	文面
斜面	斜面
方面	方面
春风满面	春風滿面
晤面	晤面
书面	書面
书面许可	書面許可
书面语	書面語
会面	會面
有排面	有排面
本来面目	本來面目
本地管理界面	本地管理界面
东面	東面
桌面	桌面
桌面儿上	桌面兒上
楼面	樓面
桥面	橋面
横剖面	橫剖面
横截面	橫截面
横断面	橫斷面
正反两面	正反兩面
正多面体	正多面體
正面	正面
死要面子	死要面子
死要面子活受罪	死要面子活受罪
水平面	水平面
水面	水面
江面	江面
河面	河面
波面	波面
洋面	洋面
洗心革面	洗心革面
洗面	洗面
洗面乳	洗面乳
活动桌面	活動桌面
浮出水面	浮出水面
浮面	浮面
海平面	海平面
海面	海面
液面	液面
泪流满面	淚流滿面
满面	滿面
满面春风	滿面春風
洁面乳	潔面乳
洁面露	潔面露
争面子	爭面子
墙面	牆面
片面	片面
版面	版面
版面费	版面費
狮身人面像	獅身人面像
球面	球面
球面度	球面度
环面	環面
用户界面	用戶界面
界面	界面
画面	畫面
异面直线	異面直線
白翎面	白翎面
白面书生	白面書生
皮面	皮面
直面	直面
相平面	相平面
相面	相面
真面目	真面目
知人知面不知心	知人知面不知心
碰面	碰面
碍面子	礙面子
神秘面纱	神秘面紗
票面值	票面值
立面图	立面圖
笑面虎	笑面虎
第四面墙	第四面牆
糙面内质网	糙面內質網
素未谋面	素未謀面
素面朝天	素面朝天
给面子	給面子
网路节点介面	網路節點介面
网开一面	網開一面
网开三面	網開三面
纵剖面	縱剖面
纵断面	縱斷面
总平面图	總平面圖
耳提面命	耳提面命
闻名不如见面	聞名不如見面
背面	背面
胎面	胎面
脚面	腳面
脸面	臉面
舌面	舌面
莫霍洛维奇不连续面	莫霍洛維奇不連續面
莫霍面	莫霍面
菱形六面体	菱形六面體
蓬头垢面	蓬頭垢面
蓬首垢面	蓬首垢面
薄面	薄面
被面	被面
装门面	裝門面
装点门面	裝點門面
西面	西面
要面子	要面子
覆盖面	覆蓋面
见世面	見世面
见面	見面
见面会	見面會
见面礼	見面禮
解理面	解理面
谋面	謀面
谜面	謎面
负面	負面
买面子	買面子
贴合面	貼合面
资料介面	資料介面
卖面子	賣面子
账面	賬面
赢面	贏面
超平面	超平面
路面	路面
路面电车	路面電車
转面无情	轉面無情
迎面	迎面
迎面而来	迎面而來
避不见面	避不見面
锋面	鋒面
锥面	錐面
铁面	鐵面
铁面无私	鐵面無私
门面	門面
关公面前耍大刀	關公面前耍大刀
关节面	關節面
防毒面具	防毒面具
防毒面罩	防毒面罩
附面层	附面層
阴面	陰面
双凸面	雙凸面
双面	雙面
双面人	雙面人
双面胶	雙面膠
露面	露面
青面獠牙	青面獠牙
面不改色	面不改色
面世	面世
面交	面交
面值	面值
面儿	面兒
面具	面具
面前	面前
面友	面友
面型	面型
面基	面基
面壁	面壁
面壁思过	面壁思過
面如土色	面如土色
面如灰土	面如灰土
面孔	面孔
面容	面容
面对	面對
面巾	面巾
面市	面市
面带	面帶
面带愁容	面帶愁容
面带病容	面帶病容
面形	面形
面影	面影
面心立方最密堆积	面心立方最密堆積
面恶心善	面惡心善
面态	面態
面授	面授
面授机宜	面授機宜
面叙	面敘
面料	面料
面斥	面斥
面晤	面晤
面有菜色	面有菜色
面有难色	面有難色
面朝黄土背朝天	面朝黃土背朝天
面无人色	面無人色
面熟	面熟
面瓜	面瓜
面瘫	面癱
面疱	面皰
面目	面目
面目一新	面目一新
面目全非	面目全非
面目可憎	面目可憎
面相	面相
面砖	面磚
面称	面稱
面积	面積
面簿	面簿
面红耳赤	面紅耳赤
面纱	面紗
面纸	面紙
面罄	面罄
面罩	面罩
面膜	面膜
面临	面臨
面色	面色
面色如土	面色如土
面见	面見
面试	面試
面试官	面試官
面谈	面談
面谀	面諛
面谕	面諭
面谢	面謝
面议	面議
面誉	面譽
面貌	面貌
面部	面部
面镜	面鏡
面霜	面霜
面露	面露
面露不悦	面露不悅
面露倦意	面露倦意
面颊	面頰
面额	面額
面颜	面顏
面首	面首
面黄肌瘦	面黃肌瘦
面庞	面龐
革面洗心	革面洗心
页面	頁面
顶面	頂面
头面	頭面
头面人物	頭面人物
颜面	顏面
颜面扫地	顏面掃地
颠儿面	顛兒面
类球面	類球面
饰面	飾面
马面	馬面
驳面子	駁面子
体面	體面
黎曼面	黎曼面
黥面	黥面
丁丁炒面	丁丁炒麵
中筋面粉	中筋麵粉
伊府面	伊府麵
伊面	伊麵
低筋面粉	低筋麵粉
光面	光麵
公仔面	公仔麵
刀削面	刀削麵
和面	和麵
圆面饼	圓麵餅
地瓜面	地瓜麵
寿面	壽麵
小面包	小麵包
尖管面	尖管麵
弯管面	彎管麵
快熟面	快熟麵
意大利直面	意大利直麵
意大利面	意大利麵
意面	意麵
抻面	抻麵
拉面	拉麵
拌面	拌麵
拖鞋面包	拖鞋麵包
挂面	掛麵
搋面	搋麵
擀面杖	擀麵杖
担仔面	擔仔麵
担担面	擔擔麵
斜管面	斜管麵
方便面	方便麵
棒子面	棒子麵
橡子面	橡子麵
死面	死麵
水管面	水管麵
油泼面	油潑麵
泡面	泡麵
凉拌面	涼拌麵
凉面	涼麵
汤面	湯麵
澄面	澄麵
火鸡面	火雞麵
炒面	炒麵
炸酱面	炸醬麵
乌龙面	烏龍麵
烤面包	烤麵包
烤面包机	烤麵包機
无筋面粉	無筋麵粉
烟管面	煙管麵
烩面	燴麵
牛肉面	牛肉麵
牛角面包	牛角麵包
猴面包	猴麵包
猴面包树	猴麵包樹
玉米面	玉米麵
生力面	生力麵
白面	白麵
白面儿	白麵兒
空心面	空心麵
笔管面	筆管麵
米面	米麵
羊角面包	羊角麵包
义大利面	義大利麵
肉汤面	肉湯麵
莜面	莜麵
螺旋面	螺旋麵
通心面	通心麵
速食面	速食麵
过水面	過水麵
醒面	醒麵
锅烧意面	鍋燒意麵
阳春面	陽春麵
杂和面	雜和麵
饧面	餳麵
高筋面粉	高筋麵粉
碱水面包	鹼水麵包
麸皮面包	麩皮麵包
面人儿	麵人兒
面包	麵包
面包屑	麵包屑
面包师傅	麵包師傅
面包店	麵包店
面包心	麵包心
面包房	麵包房
面包树	麵包樹
面包机	麵包機
面包渣	麵包渣
面包片	麵包片
面包瓤	麵包瓤
面包皮	麵包皮
面包糠	麵包糠
面包虫	麵包蟲
面包车	麵包車
面塑	麵塑
面条	麵條
面档	麵檔
面汤	麵湯
面疙瘩	麵疙瘩
面的	麵的
面种	麵種
面窝	麵窩
面筋	麵筋
面粉	麵粉
面线	麵線
面类	麵類
面食	麵食
面饼	麵餅
面体	麵體
面点	麵點
𰻝𰻝面	𰻞𰻞麵
一日三秋	一日三秋
一日不见，如隔三秋	一日不見，如隔三秋
一雨成秋	一雨成秋
中秋	中秋
中秋节	中秋節
中华秋沙鸭	中華秋沙鴨
仲秋	仲秋
公羊春秋	公羊春秋
冰壶秋月	冰壺秋月
初秋	初秋
十六国春秋	十六國春秋
十国春秋	十國春秋
卡秋莎	卡秋莎
吴越春秋	吳越春秋
吕氏春秋	呂氏春秋
哭秋风	哭秋風
喀秋莎	喀秋莎
多事之秋	多事之秋
左氏春秋	左氏春秋
平分秋色	平分秋色
张秋	張秋
早秋	早秋
明察秋毫	明察秋毫
春秋三传	春秋三傳
春秋五霸	春秋五霸
春秋大梦	春秋大夢
春秋左氏传	春秋左氏傳
春秋战国	春秋戰國
春秋战国时代	春秋戰國時代
春秋时代	春秋時代
春秋繁露	春秋繁露
春秋鼎盛	春秋鼎盛
晏子春秋	晏子春秋
普通秋沙鸭	普通秋沙鴨
杜秋娘歌	杜秋娘歌
深秋	深秋
灰不溜秋	灰不溜秋
白秋沙鸭	白秋沙鴨
瞿秋白	瞿秋白
秋令	秋令
秋刀鱼	秋刀魚
秋分	秋分
秋分点	秋分點
秋天	秋天
秋季	秋季
秋审	秋審
秋播	秋播
秋收	秋收
秋收起义	秋收起義
秋景	秋景
秋榜	秋榜
秋毫	秋毫
秋毫无犯	秋毫無犯
秋水	秋水
秋水仙	秋水仙
秋水仙素	秋水仙素
秋水仙碱	秋水仙鹼
秋汛	秋汛
秋波	秋波
秋海棠	秋海棠
秋凉	秋涼
秋灌	秋灌
秋熟	秋熟
秋燥	秋燥
秋狝	秋獮
秋瑾	秋瑾
秋田	秋田
秋田县	秋田縣
秋粮	秋糧
秋老虎	秋老虎
秋耕	秋耕
秋色	秋色
秋荼密网	秋荼密網
秋菊傲霜	秋菊傲霜
秋菜	秋菜
秋葵	秋葵
秋葵荚	秋葵莢
秋衣	秋衣
秋裤	秋褲
秋试	秋試
秋闱	秋闈
秋雨	秋雨
秋霜	秋霜
秋风送爽	秋風送爽
秋风过耳	秋風過耳
秋风飒飒	秋風颯颯
秋高气爽	秋高氣爽
程砚秋	程硯秋
立秋	立秋
红胸秋沙鸭	紅胸秋沙鴨
老气横秋	老氣橫秋
蟪蛄不知春秋	蟪蛄不知春秋
贴秋膘	貼秋膘
送秋波	送秋波
酸不溜秋	酸不溜秋
金秋	金秋
麦秋	麥秋
黄不溜秋	黃不溜秋
黄秋葵	黃秋葵
黑不溜秋	黑不溜秋
七里河	七里河
七里河区	七里河區
七里香	七里香
三里屯	三里屯
三里河	三里河
下里巴人	下里巴人
二里头	二里頭
亚得里亚海	亞得里亞海
亚里士多德	亞里士多德
亚里斯多德	亞里斯多德
伊里奇	伊里奇
佳里	佳里
杰弗里·乔叟	傑弗里·喬叟
杰里科	傑里科
杰里米	傑里米
八里	八里
八里乡	八里鄉
公里	公里
凯茜·弗里曼	凱茜·弗里曼
凯里	凱里
凯里市	凱里市
利古里亚	利古里亞
利比里亚	利比里亞
加达里	加達里
加里宁格勒	加里寧格勒
加里宁格勒州	加里寧格勒州
加里曼丹	加里曼丹
加里曼丹岛	加里曼丹島
加里波第	加里波第
加里肋亚	加里肋亞
加里肋亚海	加里肋亞海
包里斯	包里斯
北马里亚纳	北馬里亞納
北马里亚纳群岛	北馬里亞納群島
十里洋场	十里洋場
卡利亚里	卡利亞里
卡斯特里	卡斯特里
卡尔加里	卡爾加里
卡路里	卡路里
厄立特里亚	厄立特里亞
古里古怪	古里古怪
可可西里	可可西里
吉里巴斯	吉里巴斯
和平里	和平里
哈里	哈里
哈里斯堡	哈里斯堡
哈里森·施密特	哈里森·施密特
乔戈里峰	喬戈里峰
乔格里峰	喬格里峰
嘉柏隆里	嘉柏隆里
叽里咕噜	嘰里咕嚕
吨公里	噸公里
噼里啪啦	噼里啪啦
啰里啰嗦	囉里囉嗦
埃夫伯里	埃夫伯里
埃里温	埃里溫
埔里	埔里
埔里镇	埔里鎮
基里巴斯	基里巴斯
基里巴斯共和国	基里巴斯共和國
塔里木	塔里木
塔里木河	塔里木河
塔里木盆地	塔里木盆地
塞韦里诺	塞韋里諾
墟里	墟里
墨索里尼	墨索里尼
大不里士	大不里士
大麻里	大麻里
大麻里乡	大麻里鄉
太麻里	太麻里
太麻里乡	太麻里鄉
奥里萨邦	奧里薩邦
如堕五里雾中	如墮五里霧中
富里	富里
富里乡	富里鄉
尤里斯·伊文思	尤里斯·伊文思
居里	居里
居里夫人	居里夫人
峇里	峇里
左邻右里	左鄰右里
巴里	巴里
巴里坤	巴里坤
巴里坤县	巴里坤縣
巴里坤草原	巴里坤草原
市里	市里
希拉里	希拉里
帕拉马里博	帕拉馬里博
帕特里夏	帕特里夏
平安里	平安里
平方公里	平方公里
底格里斯	底格里斯
底格里斯河	底格里斯河
库里提巴	庫里提巴
弗洛里斯岛	弗洛里斯島
弗里敦	弗里敦
弗里斯兰	弗里斯蘭
弗里曼	弗里曼
德里	德里
德里达	德里達
怪里怪气	怪里怪氣
恩里科·费米	恩里科·費米
拉里	拉里
摩根·弗里曼	摩根·弗里曼
故里	故里
斯瓦希里	斯瓦希里
斯瓦希里语	斯瓦希里語
斯科普里	斯科普里
斯里巴加湾港	斯里巴加灣港
斯里兰卡	斯里蘭卡
新喀里多尼亚	新喀里多尼亞
新德里	新德里
旋里	旋里
明里	明里
春武里府	春武里府
普里什蒂纳	普里什蒂納
普里切特	普里切特
木里藏族自治县	木里藏族自治縣
村里	村里
东仓里	東倉里
柯里化	柯里化
格里姆斯塔	格里姆斯塔
格里高利	格里高利
梅里亚姆·韦伯斯特	梅里亞姆·韋伯斯特
梅里斯	梅里斯
梅里斯区	梅里斯區
梅里斯达斡尔族区	梅里斯達斡爾族區
梅里美	梅里美
梅里雪山	梅里雪山
荣归故里	榮歸故里
模里西斯	模里西斯
橘里橘气	橘里橘氣
歇斯底里	歇斯底里
欧里庇得斯	歐里庇得斯
毛里塔尼亚	毛里塔尼亞
毛里求斯	毛里求斯
水里	水里
水里乡	水里鄉
汗腾格里峰	汗騰格里峰
沙里亚	沙里亞
波德戈里察	波德戈里察
波德里查	波德里查
海里	海里
湖里	湖里
湖里区	湖里區
汤加里罗	湯加里羅
滴里嘟噜	滴里嘟嚕
滴里耷拉	滴里耷拉
满洲里	滿洲里
满洲里市	滿洲里市
特内里费	特內里費
特里普拉	特里普拉
特里尔	特里爾
特里萨	特里薩
玉里	玉里
玉里镇	玉里鎮
玻里尼西亚	玻里尼西亞
班伯里	班伯里
瓦尔基里	瓦爾基里
瓦西里	瓦西里
瓦西里耶维奇	瓦西里耶維奇
瓦里斯	瓦里斯
甘巴里	甘巴里
百里	百里
百里香	百里香
的里雅斯特	的里雅斯特
的黎波里	的黎波里
稀里哗啦	稀里嘩啦
米德尔伯里	米德爾伯里
糖醋里脊	糖醋里脊
索尔兹伯里平原	索爾茲伯里平原
索尔兹伯里石环	索爾茲伯里石環
索里亚	索里亞
索马里	索馬里
英里	英里
莫里哀	莫里哀
华里	華里
莱里达	萊里達
萨里	薩里
萨里郡	薩里郡
行百里者半九十	行百里者半九十
街坊邻里	街坊鄰里
西西里	西西里
西西里岛	西西里島
西里尔	西里爾
西里尔字母	西里爾字母
西里西亚	西里西亞
谢里夫	謝里夫
贝里斯	貝里斯
赛里木湖	賽里木湖
迪吉里杜管	迪吉里杜管
道拉吉里峰	道拉吉里峰
达乌里寒鸦	達烏里寒鴉
乡里	鄉里
郑易里	鄭易里
邻里	鄰里
里人	里人
里加	里加
里士满	里士滿
里奥斯	里奧斯
里巷	里巷
里希特霍芬	里希特霍芬
里弄	里弄
里弗赛德	里弗賽德
里拉	里拉
里斯本	里斯本
里昂	里昂
里朗威	里朗威
里根	里根
里氏	里氏
里氏震级	里氏震級
里港	里港
里港乡	里港鄉
里尔	里爾
里瓦尔多	里瓦爾多
里社	里社
里程	里程
里程碑	里程碑
里程计	里程計
里约热内卢	里約熱內盧
里维埃拉	里維埃拉
里维耶拉	里維耶拉
里肌	里肌
里肌肉	里肌肉
里谚	里諺
里贾纳	里賈納
里长伯	里長伯
金里奇	金里奇
阿奇里斯	阿奇里斯
阿斯图里亚斯	阿斯圖里亞斯
阿尔梅里亚	阿爾梅里亞
阿瓦里德	阿瓦里德
阿赫蒂萨里	阿赫蒂薩里
阿里	阿里
阿里地区	阿里地區
阿里山	阿里山
阿里山乡	阿里山鄉
阿里郎	阿里郎
头里	頭里
香格里拉	香格里拉
马德里	馬德里
马斯特里赫特	馬斯特里赫特
马里	馬里
马里亚纳海沟	馬里亞納海溝
马里亚纳群岛	馬里亞納群島
马里博尔	馬里博爾
马里奥	馬里奧
马里兰	馬里蘭
马里兰州	馬里蘭州
腾格里	騰格里
腾格里沙漠	騰格里沙漠
鲍德里亚	鮑德里亞
龙里	龍里
龙里县	龍里縣
不明就里	不明就裡
不知就里	不知就裡
也好不到哪里去	也好不到哪裡去
傻里傻气	傻裡傻氣
内里	內裡
吃里爬外	吃裡爬外
嘴里	嘴裡
四下里	四下裡
土里土气	土裡土氣
城里人	城裡人
夜里	夜裡
字里行间	字裡行間
封底里	封底裡
封里	封裡
小里小气	小裡小氣
就里	就裡
往心里去	往心裡去
往死里	往死裡
往泥里踩	往泥裡踩
从里到外	從裡到外
心里	心裡
心里有数	心裡有數
心里有谱	心裡有譜
心里有鬼	心裡有鬼
心里话	心裡話
情人眼里出西施	情人眼裡出西施
情人眼里有西施	情人眼裡有西施
慌里慌张	慌裡慌張
怀里	懷裡
手里	手裡
手里剑	手裡劍
打心眼里	打心眼裡
把心放在肚子里	把心放在肚子裡
揣在怀里	揣在懷裡
搋在怀里	搋在懷裡
捡到篮里就是菜	撿到籃裡就是菜
放在眼里	放在眼裡
日里	日裡
死里逃生	死裡逃生
流里流气	流裡流氣
百里挑一	百裡挑一
看在眼里	看在眼裡
眼里容不得沙子	眼裡容不得沙子
眼里揉不得沙子	眼裡揉不得沙子
矬子里拔将军	矬子裡拔將軍
矮子里拔将军	矮子裡拔將軍
窝里反	窩裡反
窝里横	窩裡橫
笑里藏刀	笑裡藏刀
肉烂在锅里	肉爛在鍋裡
背地里	背地裡
苑里	苑裡
苑里镇	苑裡鎮
茅坑里点灯	茅坑裡點燈
里出外进	裡出外進
里勾外连	裡勾外連
里外	裡外
里子	裡子
里带	裡帶
里应外合	裡應外合
里手	裡手
里海	裡海
里海地鸦	裡海地鴉
里脊	裡脊
里边	裡邊
里院	裡院
里头	裡頭
衬里	襯裡
记在心里	記在心裡
话里套话	話裡套話
话里有话	話裡有話
这里	這裡
道里	道裡
道里区	道裡區
邋里邋遢	邋裡邋遢
阴沟里翻船	陰溝裡翻船
鸡蛋里挑骨头	雞蛋裡挑骨頭
雪里蕻	雪裡蕻
蓦地里	驀地裡
骨子里	骨子裡
狗嘴里吐不出象牙	狗嘴裏吐不出象牙
里番	裏番
一望无垠	一望無垠
一望无际	一望無際
一望而知	一望而知
一眼望去	一眼望去
一线希望	一線希望
不孚众望	不孚眾望
不负众望	不負眾望
人望	人望
仰望	仰望
企望	企望
倚栏望月	倚欄望月
凝望	凝望
切望	切望
功高望重	功高望重
胜利在望	勝利在望
博望	博望
博望区	博望區
厚望	厚望
反射望远镜	反射望遠鏡
可望	可望
可望有成	可望有成
可望而不可及	可望而不可及
名望	名望
名门望族	名門望族
吕望	呂望
哈伯太空望远镜	哈伯太空望遠鏡
喜出望外	喜出望外
在望	在望
大喜过望	大喜過望
大失所望	大失所望
大有希望	大有希望
天文望远镜	天文望遠鏡
太公望	太公望
失望	失望
奢望	奢望
好望角	好望角
威望	威望
守望	守望
守望相助	守望相助
寄予厚望	寄予厚望
寄望	寄望
射电望远镜	射電望遠鏡
对望	對望
展望	展望
巴望	巴望
巴高望上	巴高望上
希望	希望
希望落空	希望落空
张望	張望
得陇望蜀	得隴望蜀
德高望重	德高望重
想望	想望
戴盆望天	戴盆望天
承望	承望
拜望	拜望
指望	指望
探望	探望
放眼望去	放眼望去
有希望	有希望
有望	有望
朔望	朔望
朔望潮	朔望潮
望京	望京
望尘莫及	望塵莫及
望夫石	望夫石
望奎	望奎
望奎县	望奎縣
望女成凤	望女成鳳
望子成龙	望子成龍
望安	望安
望安乡	望安鄉
望文生义	望文生義
望族	望族
望日	望日
望月	望月
望梅止渴	望梅止渴
望楼	望樓
望江	望江
望江县	望江縣
望洋	望洋
望洋兴叹	望洋興嘆
望而却步	望而卻步
望而生畏	望而生畏
望而兴叹	望而興嘆
望见	望見
望诊	望診
望谟	望謨
望谟县	望謨縣
望远镜	望遠鏡
望远镜座	望遠鏡座
望都	望都
望都县	望都縣
望风	望風
望风捕影	望風捕影
望风而逃	望風而逃
东张西望	東張西望
极目远望	極目遠望
深孚众望	深孚眾望
渴望	渴望
潜望镜	潛望鏡
无望	無望
热望	熱望
登高望远	登高望遠
相望	相望
盼望	盼望
看望	看望
眺望	眺望
众望	眾望
众望所归	眾望所歸
瞭望	瞭望
瞭望哨	瞭望哨
瞭望塔	瞭望塔
瞰望	瞰望
瞻望	瞻望
瞩望	矚望
祈望	祈望
窥望	窺望
绝望	絕望
翘望	翹望
声望	聲望
若望	若望
若望福音	若望福音
观望	觀望
资望	資望
跂望	跂望
这山望着那山高	這山望著那山高
遥望	遙望
远望	遠望
郡望	郡望
重望	重望
门望	門望
雅望	雅望
双筒望远镜	雙筒望遠鏡
马德望	馬德望
一杯羹	一杯羹
世界杯	世界杯
交杯酒	交杯酒
保温杯	保溫杯
免洗杯	免洗杯
分一杯羹	分一杯羹
大力神杯	大力神杯
好酒贪杯	好酒貪杯
对杯	對杯
就口杯盖	就口杯蓋
戴维斯杯	戴維斯杯
捧杯	捧杯
推杯换盏	推杯換盞
月亮杯	月亮杯
杯中物	杯中物
杯具	杯具
杯垫	杯墊
杯子	杯子
杯弓蛇影	杯弓蛇影
杯水车薪	杯水車薪
杯珓	杯珓
杯盘狼藉	杯盤狼藉
杯筊	杯筊
杯葛	杯葛
杯酒解怨	杯酒解怨
杯酒释兵权	杯酒釋兵權
欧洲杯	歐洲杯
汤姆斯杯	湯姆斯杯
烧杯	燒杯
奖杯	獎杯
筊杯	筊杯
纸杯	紙杯
续杯	續杯
罩杯	罩杯
举杯	舉杯
茶杯	茶杯
莱德杯	萊德杯
试杯	試杯
贪杯	貪杯
足协杯	足協杯
酒杯	酒杯
量杯	量杯
银杯	銀杯
飞机杯	飛機杯
高球杯	高球杯
高脚杯	高腳杯
靠杯	靠盃
一板一眼	一板一眼
一板三眼	一板三眼
七巧板	七巧板
三板	三板
三角板	三角板
中板	中板
主板	主板
主机板	主機板
切菜板	切菜板
刻板	刻板
刻板印象	刻板印象
前甲板	前甲板
剪切板	剪切板
剪贴板	剪貼板
加速踏板	加速踏板
半月板	半月板
印刷电路板	印刷電路板
受夹板气	受夾板氣
古板	古板
叫板	叫板
各打五十大板	各打五十大板
单板机	單板機
单板滑雪	單板滑雪
地板	地板
地板砖	地板磚
坐冷板凳	坐冷板凳
型板	型板
基板	基板
场记板	場記板
压舌板	壓舌板
太阳能板	太陽能板
太阳电池板	太陽電池板
夹板	夾板
写字板	寫字板
封檐板	封檐板
导流板	導流板
平板	平板
平板手机	平板手機
平板支撑	平板支撐
平板车	平板車
平板电脑	平板電腦
弱音踏板	弱音踏板
强音踏板	強音踏板
弹跳板	彈跳板
快板	快板
快板儿	快板兒
急板	急板
慢板	慢板
手板葫芦	手板葫蘆
拍板	拍板
拖地板	拖地板
拼板	拼板
指板	指板
挑口板	挑口板
挨板子	挨板子
接线板	接線板
插座板	插座板
插线板	插線板
搓板	搓板
搓衣板	搓衣板
挡泥板	擋泥板
搁板	擱板
搁脚板	擱腳板
扰流板	擾流板
救生艇甲板	救生艇甲板
散板	散板
书板	書板
有板有眼	有板有眼
木板	木板
板上钉钉	板上釘釘
板儿爷	板兒爺
板凳	板凳
板刷	板刷
板报	板報
板块	板塊
板块理论	板塊理論
板壁	板壁
板子	板子
板寸	板寸
板岩	板岩
板式塔	板式塔
板房	板房
板擦	板擦
板擦儿	板擦兒
板斧	板斧
板书	板書
板梁桥	板梁橋
板条	板條
板条箱	板條箱
板桩	板樁
板楼	板樓
板桥	板橋
板桥市	板橋市
板油	板油
板沟	板溝
板滞	板滯
板烟	板煙
板牙	板牙
板状	板狀
板球	板球
板皮	板皮
板眼	板眼
板砖	板磚
板纸	板紙
板结	板結
板羽球	板羽球
板脸	板臉
板蓝根	板藍根
板规	板規
板车	板車
板门店	板門店
板门店停战村	板門店停戰村
板鞋	板鞋
板鼓	板鼓
枷板	枷板
案板	案板
桌椅板凳	桌椅板凳
条板箱	條板箱
梯板	梯板
栈板	棧板
棺材板	棺材板
桨板	槳板
楼板	樓板
模块板	模塊板
模板	模板
样板	樣板
样板戏	樣板戲
正儿八板	正兒八板
正经八板	正經八板
死板	死板
母板	母板
水上飞板	水上飛板
洗衣板	洗衣板
活动看板	活動看板
活板	活板
滑板	滑板
滑板车	滑板車
滑板鞋	滑板鞋
滑雪板	滑雪板
涨停板	漲停板
烫衣板	燙衣板
墙板锯	牆板鋸
甲板	甲板
白板	白板
白板笔	白板筆
看板	看板
短板	短板
石板	石板
石板瓦	石板瓦
石板路	石板路
石膏墙板	石膏牆板
砧板	砧板
稍快板	稍快板
竹板	竹板
符板	符板
节流踏板	節流踏板
篮板	籃板
篮板球	籃板球
粉板	粉板
纸板	紙板
美耐板	美耐板
翘板	翹板
翘翘板	翹翹板
翼子板	翼子板
老古板	老古板
背板	背板
腰板	腰板
脚板	腳板
脚踏板	腳踏板
胶合板	膠合板
舢板	舢板
艇甲板	艇甲板
菜板	菜板
薄板	薄板
血小板	血小板
行板	行板
触控板	觸控板
触摸板	觸摸板
调色板	調色板
走板	走板
跌停板	跌停板
跳板	跳板
踏板	踏板
踏板车	踏板車
踏雪板	踏雪板
踢脚板	踢腳板
身板	身板
通灵板	通靈板
遮护板	遮護板
遮阳板	遮陽板
金属板	金屬板
铜板	銅板
钢板	鋼板
铁板	鐵板
铁板烧	鐵板燒
铁板牛柳	鐵板牛柳
铁板牛肉	鐵板牛肉
铁板茄子	鐵板茄子
长板	長板
隔断板	隔斷板
隔板	隔板
雪板	雪板
响板	響板
顶板	頂板
显示板	顯示板
风浪板	風浪板
飞行甲板	飛行甲板
骺软骨板	骺軟骨板
鱼尾板	魚尾板
黑板	黑板
黑板报	黑板報
鼓板	鼓板
龟板	龜板
老板娘	老闆娘
一杆进洞	一桿進洞
一号木杆	一號木桿
三号木杆	三號木桿
上杆	上桿
乳杆菌	乳桿菌
仙人掌杆菌	仙人掌桿菌
光杆司令	光桿司令
嗜血杆菌	嗜血桿菌
嗜酸乳杆菌	嗜酸乳桿菌
大肠杆菌	大腸桿菌
套马杆	套馬桿
幽门螺旋杆菌	幽門螺旋桿菌
幽门螺杆菌	幽門螺桿菌
拉杆箱	拉桿箱
挺杆	挺桿
推杆	推桿
换挡杆	換擋桿
挥杆	揮桿
摇杆	搖桿
摇笔杆	搖筆桿
撑杆跳	撐桿跳
撑杆跳高	撐桿跳高
操纵杆	操縱桿
木杆	木桿
李斯特氏杆菌	李斯特氏桿菌
枯草杆菌	枯草桿菌
杆弟	桿弟
杆秤	桿秤
杆菌	桿菌
比杆赛	比桿賽
沙坑杆	沙坑桿
炭疽杆菌	炭疽桿菌
白喉杆菌	白喉桿菌
矮杆品种	矮桿品種
秤杆	秤桿
笔杆	筆桿
笔杆子	筆桿子
箭杆	箭桿
线杆	線桿
总杆赛	總桿賽
耍笔杆	耍筆桿
肉毒杆菌	肉毒桿菌
肉毒杆菌毒素	肉毒桿菌毒素
肉毒梭状芽孢杆菌	肉毒梭狀芽孢桿菌
腰杆	腰桿
腰杆子	腰桿子
脚杆	腳桿
自拍杆	自拍桿
蜗杆	蝸桿
蜗杆副	蝸桿副
螺杆	螺桿
蜡样芽孢杆菌	蠟樣芽孢桿菌
变速杆	變速桿
起扑杆	起撲桿
钓杆	釣桿
铁杆粉丝	鐵桿粉絲
集电杆	集電桿
顶杆	頂桿
鼠疫杆菌	鼠疫桿菌
二杆子	二杆子
切杆	切杆
拉杆	拉杆
撑杆	撐杆
桅杆	桅杆
标杆	標杆
栏杆	欄杆
球杆	球杆
钓鱼杆	釣魚杆
开杆	開杆
一枪命中	一槍命中
中枪	中槍
来福枪	來福槍
冷枪	冷槍
刀枪	刀槍
刀枪不入	刀槍不入
刀枪剑戟	刀槍劍戟
加油枪	加油槍
加特林机枪	加特林機槍
匣枪	匣槍
卡宾枪	卡賓槍
唇枪舌剑	唇槍舌劍
唇枪舌战	唇槍舌戰
喷枪	噴槍
在枪口	在槍口
射钉枪	射釘槍
左轮手枪	左輪手槍
手枪	手槍
打手枪	打手槍
打枪	打槍
打胶枪	打膠槍
拉铆枪	拉鉚槍
持枪	持槍
持枪抢劫	持槍搶劫
扫码枪	掃碼槍
排枪	排槍
擦枪走火	擦槍走火
放枪	放槍
散弹枪	散彈槍
枪伤	槍傷
枪刺	槍刺
枪匪	槍匪
枪口	槍口
枪子	槍子
枪崩	槍崩
枪弹	槍彈
枪战	槍戰
枪手	槍手
枪打出头鸟	槍打出頭鳥
枪把儿	槍把兒
枪击	槍擊
枪击案	槍擊案
枪支	槍支
枪替	槍替
枪林箭雨	槍林箭雨
枪枝	槍枝
枪栓	槍栓
枪械	槍械
枪榴弹	槍榴彈
枪机	槍機
枪杀	槍殺
枪决	槍決
枪灰色	槍灰色
枪乌贼	槍烏賊
枪版	槍版
枪眼	槍眼
枪炮	槍砲
枪筒	槍筒
枪管	槍管
枪声	槍聲
枪膛	槍膛
枪术	槍術
枪衣	槍衣
枪闩	槍閂
标枪	標槍
机枪	機槍
机关枪	機關槍
步枪	步槍
气枪	氣槍
水弹枪	水彈槍
水枪	水槍
泰瑟枪	泰瑟槍
洋枪	洋槍
测温枪	測溫槍
滋水枪	滋水槍
火枪	火槍
火枪手	火槍手
焊枪	焊槍
烟枪	煙槍
热风枪	熱風槍
猎枪	獵槍
真刀真枪	真刀真槍
神枪手	神槍手
突击步枪	突擊步槍
红樱枪	紅櫻槍
缴枪	繳槍
缴枪不杀	繳槍不殺
老烟枪	老煙槍
耳温枪	耳溫槍
临阵磨枪	臨陣磨槍
荷枪实弹	荷槍實彈
躺枪	躺槍
躺着也中枪	躺著也中槍
轻机枪	輕機槍
轻机关枪	輕機關槍
转轮手枪	轉輪手槍
重机枪	重機槍
重机关枪	重機關槍
金枪鱼	金槍魚
钉枪	釘槍
铆钉枪	鉚釘槍
银样镴枪头	銀樣鑞槍頭
钢枪	鋼槍
长枪	長槍
长枪短炮	長槍短炮
开枪	開槍
电枪	電槍
霰弹枪	霰彈槍
马枪	馬槍
驳壳枪	駁殼槍
骑枪	騎槍
高射机枪	高射機槍
鸟枪	鳥槍
鸟枪换炮	鳥槍換炮
鸣枪	鳴槍
鸦片枪	鴉片槍
一派胡言	一派胡言
丁卯胡乱	丁卯胡亂
丙子胡乱	丙子胡亂
二胡	二胡
五胡	五胡
五胡十六国	五胡十六國
京二胡	京二胡
京胡	京胡
信口胡说	信口胡說
内塔尼亚胡	內塔尼亞胡
北柴胡	北柴胡
四胡	四胡
坠胡	墜胡
奥胡斯	奧胡斯
山胡桃木	山胡桃木
东胡	東胡
柴胡	柴胡
满口胡柴	滿口胡柴
满口胡言	滿口胡言
烤胡椒香肠	烤胡椒香腸
牙买加胡椒	牙買加胡椒
白胡椒	白胡椒
红胡子	紅胡子
羯胡	羯胡
胡乱	胡亂
胡人	胡人
胡作非为	胡作非為
胡佳	胡佳
胡来	胡來
胡兀鹫	胡兀鷲
胡叼盘	胡叼盤
胡吃海喝	胡吃海喝
胡吃海塞	胡吃海塞
胡吹	胡吹
胡吹乱捧	胡吹亂捧
胡吣	胡唚
胡图族	胡圖族
胡塞尔	胡塞爾
胡天	胡天
胡夫	胡夫
胡安	胡安
胡弄	胡弄
胡思乱想	胡思亂想
胡想	胡想
胡慧中	胡慧中
胡抡	胡掄
胡搞	胡搞
胡搅	胡攪
胡搅蛮缠	胡攪蠻纏
胡桃	胡桃
胡桃夹子	胡桃夾子
胡椒	胡椒
胡椒喷雾	胡椒噴霧
胡椒子	胡椒子
胡椒属	胡椒屬
胡椒粉	胡椒粉
胡椒粒	胡椒粒
胡椒薄荷	胡椒薄荷
胡乐	胡樂
胡温新政	胡溫新政
胡燕妮	胡燕妮
胡狼	胡狼
胡琴	胡琴
胡瓜	胡瓜
胡瓜鱼	胡瓜魚
胡笙	胡笙
胡紫薇	胡紫薇
胡编	胡編
胡编乱造	胡編亂造
胡缠	胡纏
胡耀邦	胡耀邦
胡芫	胡芫
胡荽	胡荽
胡芦巴	胡蘆巴
胡蜂	胡蜂
胡言乱语	胡言亂語
胡话	胡話
胡说	胡說
胡说八道	胡說八道
胡诌	胡謅
胡诌乱傍	胡謅亂傍
胡诌乱说	胡謅亂說
胡诌乱道	胡謅亂道
胡豆	胡豆
胡鄂公	胡鄂公
胡铨	胡銓
胡锦涛	胡錦濤
胡锡进	胡錫進
胡雁	胡雁
胡闹	胡鬧
胡麻	胡麻
胡麻籽	胡麻籽
让胡路	讓胡路
让胡路区	讓胡路區
跋胡疐尾	跋胡疐尾
辣胡椒	辣胡椒
随口胡诌	隨口胡謅
黑胡椒	黑胡椒
八字胡	八字鬍
吹胡子瞪眼	吹鬍子瞪眼
山羊胡子	山羊鬍子
眉毛胡子一把抓	眉毛鬍子一把抓
络腮胡子	絡腮鬍子
腮胡	腮鬍
卫生胡	衛生鬍
胡匪	鬍匪
胡子	鬍子
胡渣	鬍渣
胡碴	鬍碴
胡茬	鬍茬
胡髭	鬍髭
一准	一準
不标准	不標準
中文标准交换码	中文標準交換碼
作好准备	作好準備
作准	作準
做准备工作	做準備工作
全无准备	全無準備
吃不准	吃不準
国际人权标准	國際人權標準
国际标准化组织	國際標準化組織
基准	基準
失准	失準
存款准备金率	存款準備金率
寇准	寇準
实践是检验真理的唯一标准	實踐是檢驗真理的唯一標準
对准	對準
德国标准化学会	德國標準化學會
凭准	憑準
技术标准	技術標準
放之四海而皆准	放之四海而皆準
时刻准备	時刻準備
会计准则理事会	會計準則理事會
校准	校準
格林威治标准时间	格林威治標準時間
格林尼治标准时间	格林尼治標準時間
业界标准	業界標準
标准	標準
标准像	標準像
标准化	標準化
标准尺寸	標準尺寸
标准差	標準差
标准时	標準時
标准普尔	標準普爾
标准模型	標準模型
标准状态	標準狀態
标准状况	標準狀況
标准组织	標準組織
标准规格	標準規格
标准语	標準語
标准间	標準間
标准音	標準音
水准	水準
水准仪	水準儀
没水准	沒水準
没准	沒準
没准头	沒準頭
准保	準保
准信	準信
准备	準備
准备金	準備金
准则	準則
准噶尔盆地	準噶爾盆地
准噶尔翼龙	準噶爾翼龍
准妈妈	準媽媽
准星	準星
准时	準時
准决赛	準決賽
准的	準的
准线	準線
准绳	準繩
准谱儿	準譜兒
准点	準點
为准	為準
瑞利准则	瑞利準則
看准	看準
看准机会	看準機會
瞄准	瞄準
瞄准具	瞄準具
符合标准	符合標準
算准	算準
精准	精準
美国资讯交换标准码	美國資訊交換標準碼
行为准则	行為準則
规矩准绳	規矩準繩
认准	認準
说不准	說不準
调准	調準
超前瞄准	超前瞄準
通用汉字标准交换码	通用漢字標準交換碼
郑梦准	鄭夢準
双重标准	雙重標準
非标准	非標準
不准	不准
不准许	不准許
保准	保准
允准	允准
准予	准予
准入	准入
准将	准將
准许	准許
存款准备金	存款准備金
市场准入	市場准入
恩准	恩准
批准	批准
批准文号	批准文號
拿不准	拿不准
特准	特准
一瓶子不响，半瓶子晃荡	一瓶子不響，半瓶子晃蕩
冶荡	冶蕩
动荡	動蕩
坦荡	坦蕩
心荡神驰	心蕩神馳
批荡	批蕩
振荡	振蕩
振荡器	振蕩器
扫荡	掃蕩
放荡	放蕩
放荡不羁	放蕩不羈
晃荡	晃蕩
波荡	波蕩
流荡	流蕩
浩荡	浩蕩
浪荡	浪蕩
淫荡	淫蕩
涤荡	滌蕩
簸荡	簸蕩
胸怀坦荡	胸懷坦蕩
荡妇	蕩婦
荡妇羞辱	蕩婦羞辱
荡涤	蕩滌
荡然	蕩然
荡然无存	蕩然無存
荡舟	蕩舟
逛荡	逛蕩
逸荡	逸蕩
邪荡	邪蕩
闯荡	闖蕩
闯荡江湖	闖蕩江湖
雁荡	雁蕩
雁荡山	雁蕩山
电磁振荡	電磁振蕩
悬荡	懸盪
脑力激荡	腦力激盪
脑震荡	腦震盪
飘荡	飄盪
一瘸一拐	一瘸一拐
七弯八拐	七彎八拐
大拐	大拐
孤拐	孤拐
小拐	小拐
左弯右拐	左彎右拐
拐子	拐子
拐弯	拐彎
拐弯抹角	拐彎抹角
拐弯处	拐彎處
拐杖	拐杖
拐棍	拐棍
拐角	拐角
拐角处	拐角處
拐卖	拐賣
拐骗	拐騙
拐点	拐點
李铁拐	李鐵拐
架拐	架拐
石拐区	石拐區
羊拐	羊拐
胳膊肘往外拐	胳膊肘往外拐
胳膊肘朝外拐	胳膊肘朝外拐
脚孤拐	腳孤拐
诱拐	誘拐
诱拐者	誘拐者
铁拐李	鐵拐李
双拐	雙拐
顺拐	順拐
一发不可收拾	一發不可收拾
一发而不可收	一發而不可收
一触即发	一觸即發
一言不发	一言不發
一语不发	一語不發
三联式发票	三聯式發票
上海浦东发展银行	上海浦東發展銀行
上发条	上發條
上紧发条	上緊發條
下发	下發
不悱不发	不悱不發
事态发展	事態發展
事发地点	事發地點
事发时	事發時
二联式发票	二聯式發票
亚洲开发银行	亞洲開發銀行
人间蒸发	人間蒸發
借题发挥	借題發揮
传发	傳發
充发	充發
先发	先發
先发投手	先發投手
光发送器	光發送器
再发	再發
出发	出發
出发点	出發點
分发	分發
努瓜娄发	努瓜婁發
勃发	勃發
印发	印發
即兴发挥	即興發揮
厚积薄发	厚積薄發
原子能发电站	原子能發電站
原发性进行性失语	原發性進行性失語
可持续发展	可持續發展
告发	告發
商业发票	商業發票
启发	啟發
启发式	啟發式
单人沙发	單人沙發
喷气发动机	噴氣發動機
喷发	噴發
吓得发抖	嚇得發抖
四大发明	四大發明
夕发朝至	夕發朝至
多发性骨髓瘤	多發性骨髓瘤
多发病	多發病
大润发	大潤發
大发	大發
大发雷霆	大發雷霆
奋发	奮發
奋发图强	奮發圖強
始发	始發
宣发	宣發
容光焕发	容光煥發
寄发	寄發
寒武爆发	寒武爆發
寒武纪大爆发	寒武紀大爆發
寒武纪生命大爆发	寒武紀生命大爆發
小发财	小發財
幼发拉底河	幼發拉底河
延发	延發
引发	引發
引而不发	引而不發
形式发票	形式發票
形态发生素	形態發生素
恐慌发作	恐慌發作
恭喜发财	恭喜發財
闷声发大财	悶聲發大財
意气风发	意氣風發
感发	感發
懒人沙发	懶人沙發
打发	打發
打发时间	打發時間
批发	批發
批发商	批發商
批发业	批發業
抒发	抒發
拍发	拍發
拜科努尔航天发射基地	拜科努爾航天發射基地
振聋发聩	振聾發聵
探幽发微	探幽發微
推车发动	推車發動
揭发	揭發
挥发	揮發
挥发性	揮發性
挥发性存储器	揮發性存儲器
挥发油	揮發油
播发	播發
收发	收發
收发室	收發室
散发	散發
整装待发	整裝待發
新闻发言人	新聞發言人
易挥发	易揮發
暴发	暴發
暴发户	暴發戶
有感而发	有感而發
东窗事发	東窗事發
柴油发动机	柴油發動機
案发	案發
案发现场	案發現場
榴弹发射器	榴彈發射器
款到发货	款到發貨
正电子发射层析	正電子發射層析
水力发电	水力發電
水力发电站	水力發電站
汽轮发电机	汽輪發電機
沙发	沙發
沙发客	沙發客
沙发床	沙發床
泡发	泡發
洋浦经济开发区	洋浦經濟開發區
海洋温差发电	海洋溫差發電
涡轮喷气发动机	渦輪噴氣發動機
涡轮轴发动机	渦輪軸發動機
激发	激發
火力发电	火力發電
火山爆发	火山爆發
火山爆发指数	火山爆發指數
无线电收发机	無線電收發機
焕发	煥發
爆发	爆發
爆发力	爆發力
爆发性	爆發性
特发性	特發性
猝发	猝發
瑟瑟发抖	瑟瑟發抖
甜得发腻	甜得發膩
生发	生發
异频雷达收发机	異頻雷達收發機
癫痫发作	癲癇發作
发交	發交
发亮	發亮
发人深思	發人深思
发人深省	發人深省
发令	發令
发件人	發件人
发作	發作
发作性嗜睡病	發作性嗜睡病
发信	發信
发光	發光
发光二极管	發光二極管
发光二极体	發光二極體
发光强度	發光強度
发兵	發兵
发冷	發冷
发出	發出
发出指示	發出指示
发力	發力
发动	發動
发动力	發動力
发动机	發動機
发售	發售
发问	發問
发喉急	發喉急
发丧	發喪
发嘘声	發噓聲
发国难财	發國難財
发报	發報
发报人	發報人
发奋	發奮
发奋图强	發奮圖強
发奋有为	發奮有為
发好人卡	發好人卡
发威	發威
发射	發射
发射井	發射井
发射器	發射器
发射场	發射場
发射机	發射機
发射机应答器	發射機應答器
发射站	發射站
发展	發展
发展中	發展中
发展商	發展商
发展研究中心	發展研究中心
发工资日	發工資日
发帖	發帖
发怒	發怒
发怔	發怔
发急	發急
发怵	發怵
发情	發情
发想	發想
发愁	發愁
发愣	發愣
发慌	發慌
发愤	發憤
发愤图强	發憤圖強
发愤忘食	發憤忘食
发懵	發懵
发抖	發抖
发掘	發掘
发扬	發揚
发扬光大	發揚光大
发扬踔厉	發揚踔厲
发扬蹈厉	發揚蹈厲
发挥	發揮
发改委	發改委
发放	發放
发散	發散
发文	發文
发明	發明
发明人	發明人
发明创造	發明創造
发明者	發明者
发昏	發昏
发春	發春
发晕	發暈
发案	發案
发条	發條
发棵	發棵
发榜	發榜
发横财	發橫財
发毛	發毛
发气	發氣
发水	發水
发汗	發汗
发泡	發泡
发泡剂	發泡劑
发泡胶	發泡膠
发泄	發洩
发源	發源
发源地	發源地
发火	發火
发炎	發炎
发热	發熱
发烧	發燒
发烧友	發燒友
发烫	發燙
发牌	發牌
发牢骚	發牢騷
发狂	發狂
发奖	發獎
发现	發現
发现物	發現物
发现号	發現號
发球	發球
发球区	發球區
发生	發生
发生率	發生率
发病	發病
发病率	發病率
发痛	發痛
发疯	發瘋
发癫	發癲
发白	發白
发直	發直
发短信	發短信
发神经	發神經
发祥	發祥
发祥地	發祥地
发票	發票
发福	發福
发稿	發稿
发积	發積
发窘	發窘
发笑	發笑
发粉	發粉
发糕	發糕
发红	發紅
发绀	發紺
发给	發給
发声	發聲
发声器	發聲器
发声器官	發聲器官
发聋振聩	發聾振聵
发育	發育
发育生物学	發育生物學
发胖	發胖
发脆	發脆
发脱口齿	發脫口齒
发胀	發脹
发脾气	發脾氣
发自	發自
发臭	發臭
发芽	發芽
发落	發落
发蔫	發蔫
发薪	發薪
发薪日	發薪日
发虚	發虛
发号施令	發號施令
发行	發行
发行人	發行人
发行商	發行商
发行红利股	發行紅利股
发行额	發行額
发觉	發覺
发言	發言
发言人	發言人
发言权	發言權
发誓	發誓
发语词	發語詞
发语辞	發語辭
发财	發財
发财车	發財車
发货	發貨
发贴	發貼
发起	發起
发起人	發起人
发迹	發跡
发车	發車
发轫	發軔
发软	發軟
发送	發送
发送功率	發送功率
发送器	發送器
发运	發運
发达	發達
发达国	發達國
发达地区	發達地區
发配	發配
发酒疯	發酒瘋
发酵	發酵
发难	發難
发电	發電
发电机	發電機
发电站	發電站
发电量	發電量
发霉	發霉
发音	發音
发音器官	發音器官
发音体	發音體
发颤	發顫
发飘	發飄
发飙	發飆
发骚	發騷
发麻	發麻
百发百中	百發百中
益发	益發
瞬发中子	瞬發中子
瞬发辐射	瞬發輻射
研发	研發
破发	破發
秃发	禿發
科学发展观	科學發展觀
突发	突發
突发事件	突發事件
突发奇想	突發奇想
簌簌发抖	簌簌發抖
精神焕发	精神煥發
统一发票	統一發票
经济合作与发展组织	經濟合作與發展組織
经济发展	經濟發展
缓发中子	緩發中子
续发感染	續發感染
群发	群發
群发性地震	群發性地震
群发性头痛	群發性頭痛
肌肉发达	肌肉發達
胚胎发生	胚胎發生
自动自发	自動自發
自然发音	自然發音
自发	自發
自发对称破缺	自發對稱破缺
自发粉	自發粉
自发电位	自發電位
兴旺发达	興旺發達
举发	舉發
萌发	萌發
蒸发	蒸發
蒸发热	蒸發熱
蒸发空调	蒸發空調
蓄势待发	蓄勢待發
虚发	虛發
补发	補發
触发	觸發
触发器	觸發器
触发引信	觸發引信
触发清单	觸發清單
诱发	誘發
调发	調發
赌咒发誓	賭咒發誓
超常发挥	超常發揮
越发	越發
软件开发	軟件開發
转发	轉發
迸发	迸發
逗人发笑	逗人發笑
连发	連發
进发	進發
迟发性损伤	遲發性損傷
配发	配發
开发	開發
开发人员	開發人員
开发区	開發區
开发商	開發商
开发者	開發者
开发银行	開發銀行
阐发	闡發
隐忍不发	隱忍不發
需要是发明之母	需要是發明之母
灵感触发图	靈感觸發圖
青发	青發
非洲开发银行	非洲開發銀行
颁发	頒發
头脑发胀	頭腦發脹
头脑简单四肢发达	頭腦簡單四肢發達
频发	頻發
首发	首發
高发	高發
高发人群	高發人群
点发	點發
令人发指	令人髮指
削发	削髮
剪头发	剪頭髮
心细如发	心細如髮
披头散发	披頭散髮
接发	接髮
擢发难数	擢髮難數
束发	束髮
染发	染髮
染发剂	染髮劑
植发	植髮
毛发	毛髮
毫发	毫髮
毫发不爽	毫髮不爽
洗发乳	洗髮乳
洗发剂	洗髮劑
洗发水	洗髮水
洗发水儿	洗髮水兒
洗发皂	洗髮皂
洗发粉	洗髮粉
洗发精	洗髮精
洗发露	洗髮露
润发乳	潤髮乳
润发液	潤髮液
润发露	潤髮露
烫头发	燙頭髮
烫发	燙髮
牵一发而动全身	牽一髮而動全身
理发	理髮
理发员	理髮員
理发师	理髮師
理发店	理髮店
理发厅	理髮廳
理发院	理髮院
生发剂	生髮劑
白发	白髮
白发苍苍	白髮蒼蒼
直发	直髮
直发器	直髮器
祝发	祝髮
秀发	秀髮
结发	結髮
美发	美髮
美发师	美髮師
耳发	耳髮
脱发	脫髮
华发	華髮
蓬头散发	蓬頭散髮
护发乳	護髮乳
护发素	護髮素
金发	金髮
金发碧眼	金髮碧眼
银发	銀髮
长发	長髮
间不容发	間不容髮
头发	頭髮
发乳	髮乳
发型	髮型
发型师	髮型師
发型设计师	髮型設計師
发夹	髮夾
发妻	髮妻
发小	髮小
发尾	髮尾
发屋	髮屋
发带	髮帶
发廊	髮廊
发式	髮式
发指眦裂	髮指眥裂
发旋	髮旋
发梢	髮梢
发箍	髮箍
发簪	髮簪
发丝	髮絲
发网	髮網
发绺	髮綹
发脚	髮腳
发胶	髮膠
发菜	髮菜
发蜡	髮蠟
发辫	髮辮
发量	髮量
发钗	髮釵
发际线	髮際線
发髻	髮髻
鬒发	鬒髮
鬓发	鬢髮
黑发	黑髮
一碗水端平	一碗水端平
一窥端倪	一窺端倪
一锅端	一鍋端
不可端倪	不可端倪
不端	不端
中低端	中低端
事端	事端
五官端正	五官端正
以太网络端口	以太網絡端口
低端	低端
低端人口	低端人口
借端	借端
全端工程师	全端工程師
两端	兩端
前端	前端
前端总线	前端總線
北端	北端
南端	南端
哑终端	啞終端
单端	單端
报端	報端
多端	多端
客户端	客戶端
尖端	尖端
川端康成	川端康成
底端	底端
弊端	弊端
张择端	張擇端
故作端庄	故作端莊
末端	末端
极端	極端
极端主义	極端主義
极端之恶	極端之惡
极端分子	極端分子
海端	海端
海端乡	海端鄉
无端	無端
争端	爭端
用户端设备	用戶端設備
甪端	甪端
异端	異端
异端者	異端者
白嘴端凤头燕鸥	白嘴端鳳頭燕鷗
百端待举	百端待舉
盲端	盲端
眉端	眉端
端上	端上
端倪	端倪
端午	端午
端午节	端午節
端口	端口
端坐	端坐
端子	端子
端尿	端尿
端屎	端屎
端州	端州
端州区	端州區
端方	端方
端木	端木
端木赐	端木賜
端架子	端架子
端正	端正
端然	端然
端的	端的
端看	端看
端砚	端硯
端站	端站
端粒	端粒
端粒酶	端粒酶
端绪	端緒
端线	端線
端庄	端莊
端菜	端菜
端赖	端賴
端起碗吃肉，放下筷子骂娘	端起碗吃肉，放下筷子罵娘
端阳节	端陽節
端饭	端飯
端点	端點
终端	終端
终端机	終端機
终端用户	終端用戶
西端	西端
要端	要端
解决争端	解決爭端
诡计多端	詭計多端
变化多端	變化多端
近端	近端
近端胞浆	近端胞漿
连锅端	連鍋端
远端	遠端
远端工作	遠端工作
远端胞浆	遠端胞漿
远端转移	遠端轉移
衅端	釁端
钩端螺旋体病	鉤端螺旋體病
开端	開端
顶端	頂端
首鼠两端	首鼠兩端
高端	高端
鬼计多端	鬼計多端
黑嘴端凤头燕鸥	黑嘴端鳳頭燕鷗
一箭双雕	一箭雙鵰
射雕英雄传	射鵰英雄傳
林雕	林鵰
林雕鸮	林鵰鴞
棕腹隼雕	棕腹隼鵰
乌雕	烏鵰
乌雕鸮	烏鵰鴞
玉带海雕	玉帶海鵰
白尾海雕	白尾海鵰
白肩雕	白肩鵰
白腹海雕	白腹海鵰
白腹隼雕	白腹隼鵰
白头海雕	白頭海鵰
短趾雕	短趾鵰
神雕侠侣	神鵰俠侶
老雕	老鵰
草原雕	草原鵰
虎头海雕	虎頭海鵰
蛇雕	蛇鵰
金雕	金鵰
靴隼雕	靴隼鵰
雕具座	鵰具座
雕鸮	鵰鴞
鹰雕	鷹鵰
冰雕	冰雕
凹雕	凹雕
动态雕塑	動態雕塑
微雕	微雕
朽木不可雕	朽木不可雕
沙雕	沙雕
浮雕	浮雕
浮雕墙纸	浮雕牆紙
浅浮雕	淺浮雕
渔雕	漁雕
漆雕	漆雕
牙雕	牙雕
石雕	石雕
精雕细刻	精雕細刻
精雕细琢	精雕細琢
贝雕	貝雕
雕像	雕像
雕刻	雕刻
雕刻品	雕刻品
雕塑	雕塑
雕梁画栋	雕梁畫棟
雕楹碧槛	雕楹碧檻
雕漆	雕漆
雕版	雕版
雕琢	雕琢
雕虫小技	雕蟲小技
雕虫篆刻	雕蟲篆刻
雕镌	雕鐫
雕阑	雕闌
雕饰	雕飾
雷雕	雷雕
凤头鹰雕	鳳頭鷹雕
一系列	一系列
不分系	不分系
世系	世系
中枢神经系统	中樞神經系統
仙女座星系	仙女座星系
仙女星系	仙女星系
作业系统	作業系統
供油系统	供油系統
信息系统	信息系統
传动系统	傳動系統
免疫系统	免疫系統
内容管理系统	內容管理系統
全球位置测定系统	全球位置測定系統
全球定位系统	全球定位系統
全球卫星导航系统	全球衛星導航系統
八大菜系	八大菜系
分系统	分系統
动力系统	動力系統
化学系	化學系
北洋系	北洋系
印欧语系	印歐語系
反导系统	反導系統
命名系统	命名系統
报系	報系
外文系	外文系
大系	大系
太阳微系统公司	太陽微系統公司
太阳系	太陽系
奉系	奉系
奉系军阀	奉系軍閥
奥陶系	奧陶系
嫡系	嫡系
子系统	子系統
坐标系	座標系
循环系统	循環系統
思想体系	思想體系
恒星系	恆星系
惯性系	慣性系
排泄系统	排洩系統
操作系统	操作系統
支系	支系
支系统	支系統
新风系统	新風系統
旁系	旁系
旋涡星系	旋渦星系
日系	日系
星系	星系
星系盘	星系盤
晶系	晶系
本科系	本科系
根系	根系
桂系军阀	桂系軍閥
棒旋星系	棒旋星系
极坐标系	極座標系
武器系统	武器系統
母系	母系
母系社会	母系社會
水系	水系
河外星系	河外星系
泌尿系统	泌尿系統
派系	派系
消化系统	消化系統
淋巴系统	淋巴系統
汉学系	漢學系
汉藏语系	漢藏語系
父系	父系
环球定位系统	環球定位系統
生态系	生態系
生态系统	生態系統
生殖系统	生殖系統
皖系军阀	皖系軍閥
直系	直系
直系祖先	直系祖先
直系血亲	直系血親
直系亲属	直系親屬
石炭系	石炭系
社会信用体系	社會信用體系
祖系	祖系
神经系统	神經系統
科系	科系
科迪勒拉山系	科迪勒拉山系
种系	種系
等轴晶系	等軸晶系
系主任	系主任
系出名门	系出名門
系列	系列
系列放大器	系列放大器
系列片	系列片
系统	系統
系统性	系統性
系统角色	系統角色
系综	系綜
经济体系	經濟體系
网络操作系统	網絡操作系統
网络管理系统	網絡管理系統
网路作业系统	網路作業系統
线性系统	線性系統
编码系统	編碼系統
声类系统	聲類系統
自主神经系统	自主神經系統
自主系统	自主系統
自律神经系统	自律神經系統
英语系	英語系
菜系	菜系
卫星定位系统	衛星定位系統
卫星导航系统	衛星導航系統
褶皱山系	褶皺山系
语系	語系
谱系	譜系
软件系统	軟件系統
辅系	輔系
输入系统	輸入系統
通讯系统	通訊系統
道系	道系
边缘系统	邊緣系統
医学系	醫學系
金融系统	金融系統
银河系	銀河系
销售时点情报系统	銷售時點情報系統
锕系元素	錒系元素
镧系元素	鑭系元素
闪含语系	閃含語系
开放式系统	開放式系統
开放系统	開放系統
开放系统互连	開放系統互連
电子学系	電子學系
音系学	音系學
预警系统	預警系統
体系	體系
体育系	體育系
三角关系	三角關係
中俄关系	中俄關係
中日关系	中日關係
乱搞男女关系	亂搞男女關係
二项式系数	二項式係數
人际关系	人際關係
介系词	介係詞
系数	係數
公共关系	公共關係
冷淡关系	冷淡關係
利害关系	利害關係
利害关系人	利害關係人
利害关系方	利害關係方
劲度系数	勁度係數
劳资关系	勞資關係
劳雇关系	勞雇關係
吉尼系数	吉尼係數
国际关系	國際關係
国际关系学院	國際關係學院
基尼系数	基尼係數
坚尼系数	堅尼係數
外交关系	外交關係
外交关系理事会	外交關係理事會
对外关系	對外關係
性关系	性關係
拉关系	拉關係
政治关系	政治關係
暧昧关系	曖昧關係
没有关系	沒有關係
没关系	沒關係
海峡两岸关系协会	海峽兩岸關係協會
特殊关系	特殊關係
生产关系	生產關係
男女关系	男女關係
直系军阀	直係軍閥
相互关系	相互關係
社会关系	社會關係
置信系数	置信係數
血缘关系	血緣關係
裙带关系	裙帶關係
亲缘关系	親緣關係
超友谊关系	超友誼關係
转关系	轉關係
递推关系	遞推關係
关系	關係
关系代名词	關係代名詞
关系到	關係到
关系式	關係式
关系户	關係戶
关系网	關係網
互相联系	互相聯繫
品系	品繫
有联系	有聯繫
械系	械繫
维系	維繫
系上	繫上
系囚	繫囚
系带	繫帶
系放	繫放
系泊	繫泊
联系	聯繫
联系人	聯繫人
联系方式	聯繫方式
解铃系铃	解鈴繫鈴
连系	連繫
连系词	連繫詞
一网打尽	一網打盡
一言难尽	一言難盡
一饮而尽	一飲而盡
不尽	不盡
不尽根	不盡根
不尽然	不盡然
人尽其材	人盡其材
人尽可夫	人盡可夫
人尽皆知	人盡皆知
仁至义尽	仁至義盡
使尽	使盡
倾尽	傾盡
共轭不尽根	共軛不盡根
前功尽弃	前功盡棄
力尽神危	力盡神危
友尽	友盡
取之不尽，用之不竭	取之不盡，用之不竭
受尽	受盡
各尽所能	各盡所能
吸尽	吸盡
咬舌自尽	咬舌自盡
丧失殆尽	喪失殆盡
丧尽	喪盡
丧尽天良	喪盡天良
尝尽心酸	嘗盡心酸
大尽	大盡
小尽	小盡
山穷水尽	山窮水盡
弹尽援绝	彈盡援絕
弹尽粮绝	彈盡糧絕
意存笔先，画尽意在	意存筆先，畫盡意在
意犹未尽	意猶未盡
感激不尽	感激不盡
应有尽有	應有盡有
散尽	散盡
数不尽	數不盡
书不尽言	書不盡言
殆尽	殆盡
民穷财尽	民窮財盡
没有止尽	沒有止盡
净尽	淨盡
满城尽带黄金甲	滿城盡帶黃金甲
无止尽	無止盡
无尽	無盡
无穷无尽	無窮無盡
物尽其用	物盡其用
用尽	用盡
用尽心机	用盡心機
尽人皆知	盡人皆知
尽到	盡到
尽力	盡力
尽力而为	盡力而為
尽地主之谊	盡地主之誼
尽失	盡失
尽孝	盡孝
尽展	盡展
尽心	盡心
尽心竭力	盡心竭力
尽忠	盡忠
尽性	盡性
尽情	盡情
尽意	盡意
尽收眼底	盡收眼底
尽是	盡是
尽皆	盡皆
尽义务	盡義務
尽职	盡職
尽职调查	盡職調查
尽兴	盡興
尽言	盡言
尽责	盡責
尽速	盡速
尽释前嫌	盡釋前嫌
尽头	盡頭
尽饱	盡飽
知无不言，言无不尽	知無不言，言無不盡
穷尽	窮盡
竭尽	竭盡
竭尽全力	竭盡全力
筋疲力尽	筋疲力盡
精疲力尽	精疲力盡
精尽人亡	精盡人亡
绞尽脑汁	絞盡腦汁
罄尽	罄盡
耗尽	耗盡
自尽	自盡
兴尽	興盡
苦尽甘来	苦盡甘來
薪尽火传	薪盡火傳
言不尽意	言不盡意
详尽	詳盡
详尽无遗	詳盡無遺
诛尽杀绝	誅盡殺絕
费尽心思	費盡心思
费尽心机	費盡心機
赶尽杀绝	趕盡殺絕
野火烧不尽，春风吹又生	野火燒不盡，春風吹又生
除不尽	除不盡
除恶务尽	除惡務盡
鞠躬尽力	鞠躬盡力
鞠躬尽瘁	鞠躬盡瘁
鸟尽弓藏	鳥盡弓藏
尽先	儘先
尽早	儘早
尽管	儘管
尽自	儘自
一致	一致
一致字	一致字
一致性	一致性
一致性效应	一致性效應
不一致字	不一致字
不致	不致
中国致公党	中國致公黨
二致	二致
以致	以致
做张做致	做張做致
伤心致死	傷心致死
全场一致	全場一致
凹凸有致	凹凸有致
取得一致	取得一致
和气致祥	和氣致祥
大致	大致
学以致用	學以致用
宁静致远	寧靜致遠
导致	導致
所致	所致
招致	招致
推陈致新	推陳致新
景致	景致
格物致知	格物致知
格致	格致
杨致远	楊致遠
极致	極致
此致	此致
此致敬礼	此致敬禮
步调一致	步調一致
殊致	殊致
毫无二致	毫無二致
满场一致	滿場一致
罗致	羅致
脱贫致富	脫貧致富
致仕	致仕
致以	致以
致使	致使
致信	致信
致冷剂	致冷劑
致函	致函
致力	致力
致命	致命
致命伤	致命傷
致哀	致哀
致富	致富
致幻剂	致幻劑
致意	致意
致敬	致敬
致歉	致歉
致死	致死
致死剂量	致死劑量
致死性	致死性
致死性毒剂	致死性毒劑
致死量	致死量
致残	致殘
致畸	致畸
致病	致病
致病性	致病性
致病菌	致病菌
致癌	致癌
致癌物	致癌物
致癌物质	致癌物質
致词	致詞
致谢	致謝
致贺	致賀
致辞	致辭
致电	致電
兴致	興致
兴致勃勃	興致勃勃
言行一致	言行一致
逸致	逸致
过失致死罪	過失致死罪
达致	達致
错落有致	錯落有致
雅致	雅致
非致命	非致命
风致	風致
马致远	馬致遠
高致病性	高致病性
坚致	堅緻
密致	密緻
精致	精緻
精致露营	精緻露營
细致	細緻
致密	緻密
雅人深致	雅人深緻
丽致	麗緻
且末遗址	且末遺址
住址	住址
半坡遗址	半坡遺址
原址	原址
可寻址	可尋址
地址	地址
地址解析协议	地址解析協議
城址	城址
基址	基址
多站地址	多站地址
寻址	尋址
故址	故址
栈地址	棧地址
河姆渡遗址	河姆渡遺址
源点地址	源點地址
界址	界址
目标地址	目標地址
相对地址	相對地址
码分多址	碼分多址
终点地址	終點地址
绝对地址	絕對地址
网址	網址
网络地址转换	網絡地址轉換
网页地址	網頁地址
旧址	舊址
办公地址	辦公地址
通信地址	通信地址
通讯地址	通訊地址
选址	選址
遗址	遺址
配送地址	配送地址
阖闾城遗址	闔閭城遺址
电邮地址	電郵地址
一叶障目	一葉障目
七叶树	七葉樹
三叶草	三葉草
三叶虫	三葉蟲
上半叶	上半葉
不完全叶	不完全葉
中叶	中葉
互生叶	互生葉
什叶	什葉
什叶派	什葉派
傅立叶	傅立葉
傅立叶变换	傅立葉變換
刀叶	刀葉
初叶	初葉
前额叶皮质	前額葉皮質
合叶	合葉
吹叶机	吹葉機
单子叶	單子葉
四叶草	四葉草
多叶	多葉
大叶性肺炎	大葉性肺炎
嫩叶	嫩葉
子叶	子葉
心叶椴	心葉椴
扇叶	扇葉
捕虫叶	捕蟲葉
月桂树叶	月桂樹葉
月桂叶	月桂葉
有枝有叶	有枝有葉
末叶	末葉
枕叶	枕葉
枝繁叶茂	枝繁葉茂
枝叶	枝葉
枯叶	枯葉
枯叶剂	枯葉劑
柊叶	柊葉
柳叶刀	柳葉刀
柳叶眉	柳葉眉
根深叶茂	根深葉茂
桉叶油	桉葉油
梅西叶	梅西葉
梵册贝叶	梵冊貝葉
枫叶	楓葉
枫叶国	楓葉國
树叶	樹葉
橙腹叶鹎	橙腹葉鵯
无叶风扇	無葉風扇
烟叶	煙葉
牛百叶	牛百葉
牡丹虽好，全仗绿叶扶	牡丹雖好，全仗綠葉扶
牡丹虽好，全仗绿叶扶持	牡丹雖好，全仗綠葉扶持
牡丹虽好，全凭绿叶扶持	牡丹雖好，全憑綠葉扶持
番泻叶	番瀉葉
百叶	百葉
百叶窗	百葉窗
百叶箱	百葉箱
皱叶欧芹	皺葉歐芹
竹叶青	竹葉青
竹叶青蛇	竹葉青蛇
粽叶	粽葉
红叶	紅葉
纸叶子	紙葉子
细叶脉	細葉脈
绿叶	綠葉
绿叶菜	綠葉菜
绿叶蔬菜	綠葉蔬菜
脑叶	腦葉
艾叶	艾葉
艾叶油	艾葉油
艾叶炭	艾葉炭
芫荽叶	芫荽葉
茱丽叶	茱麗葉
茶叶	茶葉
茶叶末儿	茶葉末兒
茶叶蛋	茶葉蛋
萎叶	萎葉
落叶	落葉
落叶剂	落葉劑
落叶乔木	落葉喬木
落叶层	落葉層
落叶植物	落葉植物
叶伟文	葉偉文
叶伟民	葉偉民
叶公好龙	葉公好龍
叶利钦	葉利欽
叶口蝠科	葉口蝠科
叶问	葉問
叶城	葉城
叶城县	葉城縣
叶子	葉子
叶子列	葉子列
叶序	葉序
叶挺	葉挺
叶插	葉插
叶枕	葉枕
叶柄	葉柄
叶永烈	葉永烈
叶江川	葉江川
叶尔羌河	葉爾羌河
叶片	葉片
叶片状	葉片狀
叶瑟	葉瑟
叶礼庭	葉禮庭
叶绿素	葉綠素
叶绿体	葉綠體
叶县	葉縣
叶脉	葉脈
叶脉序	葉脈序
叶芽	葉芽
叶苔	葉苔
叶菜	葉菜
叶落归根	葉落歸根
叶轮	葉輪
叶轮机械	葉輪機械
叶选平	葉選平
叶酸	葉酸
叶门	葉門
叶集	葉集
叶集区	葉集區
叶鞘	葉鞘
叶黄素	葉黃素
叶鼻蝠	葉鼻蝠
蓝翅叶鹎	藍翅葉鵯
贝叶	貝葉
贝叶斯	貝葉斯
贝叶棕	貝葉棕
贝叶经	貝葉經
金枝玉叶	金枝玉葉
金头缝叶莺	金頭縫葉鶯
金额叶鹎	金額葉鵯
针叶	針葉
针叶林	針葉林
针叶植物	針葉植物
针叶树	針葉樹
银叶	銀葉
长尾缝叶莺	長尾縫葉鶯
闰四月，吃树叶	閏四月，吃樹葉
阔叶	闊葉
双子叶	雙子葉
顶叶	頂葉
额叶	額葉
颞叶	顳葉
飞叶子	飛葉子
香菜叶	香菜葉
香叶	香葉
香叶醇	香葉醇
黑喉缝叶莺	黑喉縫葉鶯
龙利叶	龍利葉
龙嵩叶	龍嵩葉
叶韵	叶韻
一见钟情	一見鍾情
情有独钟	情有獨鍾
甩钟	甩鍾
老态龙钟	老態龍鍾
色钟	色鍾
钱钟书	錢鍾書
钟情	鍾情
钟爱	鍾愛
钟楚红	鍾楚紅
钟睒睒	鍾睒睒
钟祥	鍾祥
钟祥市	鍾祥市
钟祥县	鍾祥縣
钟繇	鍾繇
钟灵毓秀	鍾靈毓秀
钟馗	鍾馗
骰钟	骰鍾
龙钟	龍鍾
三分钟热度	三分鐘熱度
上钟	上鐘
做一天和尚撞一天钟	做一天和尚撞一天鐘
出钟	出鐘
分分钟	分分鐘
分钟	分鐘
原子钟	原子鐘
丧钟	喪鐘
大本钟	大本鐘
套钟	套鐘
定时钟	定時鐘
座钟	座鐘
挂钟	掛鐘
敲丧钟	敲喪鐘
敲钟	敲鐘
数字时钟	數字時鐘
数字钟	數字鐘
时钟	時鐘
时钟座	時鐘座
晨钟暮鼓	晨鐘暮鼓
暮鼓晨钟	暮鼓晨鐘
机械钟	機械鐘
生物钟	生物鐘
石英钟	石英鐘
石钟乳	石鐘乳
秒秒钟	秒秒鐘
秒钟	秒鐘
空钟	空鐘
编钟	編鐘
自鸣钟	自鳴鐘
警钟	警鐘
转钟	轉鐘
金钟	金鐘
钟乳	鐘乳
钟乳石	鐘乳石
钟室	鐘室
钟山	鐘山
钟山区	鐘山區
钟山县	鐘山縣
钟乐	鐘樂
钟楼区	鐘樓區
钟楼怪人	鐘樓怪人
钟罩	鐘罩
钟头	鐘頭
钟鸣鼎食	鐘鳴鼎食
钟点	鐘點
钟点工	鐘點工
钟点房	鐘點房
钟鼎文	鐘鼎文
闹铃时钟	鬧鈴時鐘
闹钟	鬧鐘
鸣钟	鳴鐘
点钟	點鐘
下视	下視
下视丘	下視丘
中国电视公司	中國電視公司
中华电视	中華電視
中视	中視
乱视	亂視
互动电视	互動電視
仇视	仇視
仰视	仰視
俯视	俯視
傲视	傲視
傲视群伦	傲視群倫
内斜视	內斜視
内视镜	內視鏡
凝视	凝視
剖视	剖視
剖视图	剖視圖
半视野	半視野
厉目而视	厲目而視
可视化	可視化
可视电话	可視電話
嗔视	嗔視
四目相视	四目相視
坐视	坐視
坐视不理	坐視不理
坐视无睹	坐視無睹
夜视	夜視
夜视仪	夜視儀
夜视镜	夜視鏡
央视	央視
实地访视	實地訪視
审视	審視
对视	對視
小视	小視
巡视	巡視
巨细胞病毒视网膜炎	巨細胞病毒視網膜炎
平视	平視
弱视	弱視
影视	影視
忽视	忽視
怒目而视	怒目而視
怒视	怒視
拓展视野	拓展視野
扫视	掃視
探视	探視
探视权	探視權
收视	收視
收视率	收視率
教育电视	教育電視
敌视	敵視
数字电视	數字電視
斜视	斜視
既视感	既視感
有线电视	有線電視
东方明珠电视塔	東方明珠電視塔
检视	檢視
欧洲电视	歐洲電視
正视	正視
歧视	歧視
活体检视	活體檢視
消除对妇女一切形式歧视公约	消除對婦女一切形式歧視公約
渺视	渺視
漠视	漠視
无视	無視
熟视无睹	熟視無睹
珍视	珍視
现场视察	現場視察
环视	環視
男性凝视	男性凝視
皮层性视损伤	皮層性視損傷
监视	監視
监视器	監視器
监视孔	監視孔
监视居住	監視居住
目不忍视	目不忍視
目不斜视	目不斜視
目视	目視
目视飞行	目視飛行
盯视	盯視
直视	直視
相视	相視
相视而笑	相視而笑
省视	省視
眄视	眄視
睨视	睨視
短视	短視
短视近利	短視近利
短视频	短視頻
种族歧视	種族歧視
空想性错视	空想性錯視
窥视	窺視
老视	老視
老视眼	老視眼
临视	臨視
自视	自視
自视清高	自視清高
自视甚高	自視甚高
荆楚网视	荊楚網視
华视	華視
藐视	藐視
藐视一切	藐視一切
虎视眈眈	虎視眈眈
卫星电视	衛星電視
卫视	衛視
视乎	視乎
视亮度	視亮度
视作	視作
视像	視像
视力	視力
视区	視區
视图	視圖
视如土芥	視如土芥
视如寇仇	視如寇仇
视如敝屣	視如敝屣
视如粪土	視如糞土
视察	視察
视屏	視屏
视差	視差
视微知著	視微知著
视损伤	視損傷
视效	視效
视死如归	視死如歸
视为	視為
视为畏途	視為畏途
视为知己	視為知己
视界	視界
视盘	視盤
视盲	視盲
视神经	視神經
视神经乳头	視神經乳頭
视神经盘	視神經盤
视网膜	視網膜
视线	視線
视而不见	視而不見
视若无睹	視若無睹
视若路人	視若路人
视艺	視藝
视觉	視覺
视觉方言	視覺方言
视角	視角
视讯	視訊
视距	視距
视野	視野
视错觉	視錯覺
视障	視障
视频	視頻
视频会议	視頻會議
视频节目	視頻節目
视频点播	視頻點播
觑视	覷視
谛视	諦視
跳视	跳視
轻视	輕視
转移视线	轉移視線
近视	近視
透视	透視
透视图	透視圖
透视学	透視學
透视画	透視畫
透视装	透視裝
连续监视	連續監視
远视	遠視
鄙视	鄙視
鄙视链	鄙視鏈
重视	重視
重视教育	重視教育
错视	錯視
长生久视	長生久視
闭路电视	閉路電視
双眼视觉	雙眼視覺
电视	電視
电视剧	電視劇
电视塔	電視塔
电视棒	電視棒
电视机	電視機
电视秀	電視秀
电视节目	電視節目
音乐电视	音樂電視
音视	音視
音视频	音視頻
高清数字电视	高清數字電視
高清电视	高清電視
高视阔步	高視闊步
黑白电视	黑白電視
点视	點視
点视厅	點視廳
一览无余	一覽無餘
七政四余	七政四餘
不遗余力	不遺餘力
中国剩余定理	中國剩餘定理
其余	其餘
冗余	冗餘
剩余	剩餘
剩余定理	剩餘定理
剩余放射性	剩餘放射性
剩余辐射	剩餘輻射
劫余	劫餘
唾余	唾餘
多余	多餘
大余	大餘
大余县	大餘縣
夫余	夫餘
富富有余	富富有餘
富余	富餘
宽余	寬餘
厨余	廚餘
心有余悸	心有餘悸
心有余而力不足	心有餘而力不足
心有余，力不足	心有餘，力不足
心余力绌	心餘力絀
恢恢有余	恢恢有餘
成事不足，败事有余	成事不足，敗事有餘
扶余	扶餘
捐赠盈余	捐贈盈餘
曹余章	曹餘章
有余	有餘
业余	業餘
业余大学	業餘大學
业余爱好者	業餘愛好者
业余教育	業餘教育
业余者	業餘者
死有余辜	死有餘辜
残渣余孽	殘渣餘孽
残余	殘餘
残余物	殘餘物
比上不足，比下有余	比上不足，比下有餘
留有余地	留有餘地
留余地	留餘地
百余	百餘
盈余	盈餘
积恶余殃	積惡餘殃
空余	空餘
节余	節餘
结余	結餘
绰绰有余	綽綽有餘
茶余饭饱	茶餘飯飽
虎口余生	虎口餘生
行有余力	行有餘力
课余	課餘
赘余	贅餘
转圜余地	轉圜餘地
余下	餘下
余光	餘光
余切	餘切
余剩	餘剩
余割	餘割
余力	餘力
余勇可贾	餘勇可賈
余味	餘味
余地	餘地
余姚	餘姚
余姚市	餘姚市
余存	餘存
余孽	餘孽
余弦	餘弦
余弧	餘弧
余怒	餘怒
余怒未息	餘怒未息
余悸	餘悸
余庆	餘慶
余庆县	餘慶縣
余数	餘數
余数定理	餘數定理
余晖	餘暉
余杭	餘杭
余杭区	餘杭區
余波	餘波
余温	餘溫
余热	餘熱
余烬	餘燼
余甘子	餘甘子
余生	餘生
余留	餘留
余留事务	餘留事務
余码	餘碼
余粮	餘糧
余绪	餘緒
余缺	餘缺
余者	餘者
余裕	餘裕
余角	餘角
余量	餘量
余钱	餘錢
余集	餘集
余震	餘震
余音	餘音
余韵	餘韻
余项	餘項
余额	餘額
余党	餘黨
余月	余月
余车	余車
新余	新余
新余市	新余市
一览表	一覽表
三个代表	三個代表
三用电表	三用電表
世界维吾尔代表大会	世界維吾爾代表大會
中日韩统一表意文字	中日韓統一表意文字
人民代表	人民代表
代表	代表
代表人物	代表人物
代表作	代表作
代表性	代表性
代表处	代表處
代表队	代表隊
作息时间表	作息時間表
停表	停表
仪器表	儀器表
仪表	儀表
仪表放大器	儀表放大器
仪表盘	儀表盤
全国人民代表大会	全國人民代表大會
全国人民代表大会常务委员会	全國人民代表大會常務委員會
全国代表大会	全國代表大會
全权代表	全權代表
公民表决	公民表決
公然表示	公然表示
出人意表	出人意表
分镜表	分鏡表
列表	列表
刘表	劉表
功能表	功能表
勘误表	勘誤表
印表机	印表機
口技表演者	口技表演者
图表	圖表
地表	地表
地表水	地表水
报名表	報名表
报税表	報稅表
报表	報表
填表	填表
外表	外表
多功能表	多功能表
多用表	多用表
字根表	字根表
字母表	字母表
安培表	安培表
工作表	工作表
师表	師表
待办事项列表	待辦事項列表
微表情	微表情
捐益表	捐益表
排名表	排名表
损益表	損益表
撞击式印表机	撞擊式印表機
播放列表	播放列表
扩表	擴表
旅程表	旅程表
日程表	日程表
明细表	明細表
星表	星表
时刻表	時刻表
时装表演	時裝表演
时间表	時間表
晴雨表	晴雨表
曝光表	曝光表
查水表	查水表
梅西耶星表	梅西耶星表
检字表	檢字表
正则表达式	正則表達式
正误表	正誤表
气压表	氣壓表
水温表	水溫表
水表	水表
流程表	流程表
减压时间表	減壓時間表
减压表	減壓表
温度表	溫度表
为人师表	為人師表
无表情	無表情
爆表	爆表
现金流转表	現金流轉表
现金流量表	現金流量表
申请表	申請表
登记表	登記表
真值表	真值表
码表	碼表
秒表	秒表
简表	簡表
统计表	統計表
缩表	縮表
聊表寸心	聊表寸心
脸部表情	臉部表情
航班表	航班表
华表	華表
虚有其表	虛有其表
表位	表位
表兄	表兄
表兄弟	表兄弟
表册	表冊
表功	表功
表叔	表叔
表哥	表哥
表单	表單
表土	表土
表报	表報
表妹	表妹
表妹夫	表妹夫
表姊妹	表姊妹
表姐	表姐
表姐夫	表姐夫
表姐妹	表姐妹
表姑	表姑
表侄	表姪
表侄女	表姪女
表嫂	表嫂
表字	表字
表尺	表尺
表层	表層
表弟	表弟
表弟妹	表弟妹
表弟媳	表弟媳
表彰	表彰
表情	表情
表情包	表情包
表意	表意
表意文字	表意文字
表态	表態
表扬	表揚
表明	表明
表格	表格
表决	表決
表决权	表決權
表温	表溫
表演	表演
表演赛	表演賽
表率	表率
表现	表現
表现力	表現力
表现型	表現型
表白	表白
表皮	表皮
表皮剥脱素	表皮剝脫素
表示	表示
表示层	表示層
表示式	表示式
表章	表章
表亲	表親
表观	表觀
表观遗传学	表觀遺傳學
表记	表記
表语	表語
表象	表象
表述	表述
表达	表達
表达式	表達式
表露	表露
表露无遗	表露無遺
表音	表音
试算表	試算表
试表	試表
课程表	課程表
课表	課表
调查表	調查表
谱表	譜表
资产负债表	資產負債表
路码表	路碼表
进度表	進度表
量表	量表
金玉其表，败絮其中	金玉其表，敗絮其中
链表	鏈表
镭射印表机	鐳射印表機
电压表	電壓表
电子表格	電子表格
电流表	電流表
电表	電表
电量表	電量表
马表	馬表
体温表	體溫表
体表	體表
名表	名錶
对表	對錶
怀表	懷錶
戴表	戴錶
手表	手錶
打表	打錶
掐表	掐錶
智能手表	智能手錶
机械表	機械錶
欧米茄表公司	歐米茄錶公司
石英表	石英錶
腕表	腕錶
跑表	跑錶
转速表	轉速錶
表冠	錶冠
表针	錶針
电子表	電子錶
一蹴可几	一蹴可幾
不拉几	不拉幾
不知凡几	不知凡幾
代数几何	代數幾何
代数几何学	代數幾何學
内在几何	內在幾何
内在几何学	內在幾何學
分形几何	分形幾何
分形几何学	分形幾何學
前几天	前幾天
十几	十幾
多看几眼	多看幾眼
好几	好幾
寥寥无几	寥寥無幾
射影几何	射影幾何
射影几何学	射影幾何學
几丁	幾丁
几丁质	幾丁質
几乎	幾乎
几乎不	幾乎不
几乎完全	幾乎完全
几何	幾何
几何光学	幾何光學
几何原本	幾何原本
几何图形	幾何圖形
几何学	幾何學
几何平均数	幾何平均數
几何拓扑	幾何拓撲
几何拓扑学	幾何拓撲學
几何级数	幾何級數
几何级数增长	幾何級數增長
几何量	幾何量
几个	幾個
几倍	幾倍
几内亚	幾內亞
几内亚比索	幾內亞比索
几内亚比绍	幾內亞比紹
几内亚湾	幾內亞灣
几分	幾分
几可乱真	幾可亂真
几多	幾多
几天	幾天
几天来	幾天來
几希	幾希
几度	幾度
几微	幾微
几时	幾時
几案	幾案
几样	幾樣
几次	幾次
几次三番	幾次三番
几率	幾率
几米	幾米
几经	幾經
几维鸟	幾維鳥
几至	幾至
几号	幾號
几许	幾許
几谏	幾諫
几近	幾近
几进宫	幾進宮
几点	幾點
庶几	庶幾
微分几何	微分幾何
微分几何学	微分幾何學
所剩无几	所剩無幾
投影几何	投影幾何
投影几何学	投影幾何學
新几内亚	新幾內亞
曾几何时	曾幾何時
未几	未幾
条几	條幾
极深研几	極深研幾
欧式几何	歐式幾何
欧式几何学	歐式幾何學
欧氏几何学	歐氏幾何學
无几	無幾
百几	百幾
立体几何	立體幾何
算老几	算老幾
纽几内亚	紐幾內亞
罗式几何	羅式幾何
罗氏几何	羅氏幾何
老几	老幾
解析几何	解析幾何
解析几何学	解析幾何學
识微见几	識微見幾
赤道几内亚	赤道幾內亞
这几天	這幾天
非欧几何	非歐幾何
非欧几何学	非歐幾何學
黎曼几何	黎曼幾何
黎曼几何学	黎曼幾何學
堆案盈几	堆案盈几
明窗净几	明窗淨几
窗明几净	窗明几淨
茶几	茶几
香几	香几
一逞兽欲	一逞獸欲
七情六欲	七情六欲
喷薄欲出	噴薄欲出
垂涎欲滴	垂涎欲滴
工欲善其事，必先利其器	工欲善其事，必先利其器
从心所欲	從心所欲
急欲	急欲
恣欲	恣欲
意欲	意欲
我醉欲眠	我醉欲眠
摇摇欲坠	搖搖欲墜
昏昏欲睡	昏昏欲睡
畅所欲言	暢所欲言
树欲静而风不止	樹欲靜而風不止
欲加之罪，何患无辞	欲加之罪，何患無辭
欲取姑与	欲取姑與
欲女	欲女
欲念	欲念
欲振乏力	欲振乏力
欲擒故纵	欲擒故縱
欲求	欲求
欲海	欲海
欲滴	欲滴
欲益反损	欲益反損
欲绝	欲絕
欲经	欲經
欲罢不能	欲罷不能
欲言又止	欲言又止
欲速则不达	欲速則不達
欲速而不达	欲速而不達
为所欲为	為所欲為
物欲	物欲
痛不欲生	痛不欲生
私欲	私欲
穷奢极欲	窮奢極欲
跃跃欲试	躍躍欲試
随心所欲	隨心所欲
震耳欲聋	震耳欲聾
头痛欲裂	頭痛欲裂
风雨欲来	風雨欲來
饱暖思淫欲，饥寒起盗心	飽暖思淫欲，飢寒起盜心
馋涎欲垂	饞涎欲垂
馋涎欲滴	饞涎欲滴
利欲	利慾
利欲心	利慾心
口腹之欲	口腹之慾
嗜欲	嗜慾
性欲	性慾
性欲高潮	性慾高潮
情欲	情慾
欲壑难填	慾壑難填
欲火	慾火
欲火焚身	慾火焚身
求知欲	求知慾
泄欲	洩慾
泄欲工具	洩慾工具
淫欲	淫慾
清心寡欲	清心寡慾
物欲世界	物慾世界
兽欲	獸慾
禁欲	禁慾
禁欲主义	禁慾主義
纵欲	縱慾
肉欲	肉慾
色欲	色慾
贪欲	貪慾
食欲	食慾
丁丑	丁丑
丑时	丑時
丑牛	丑牛
丑角	丑角
丑鸭	丑鴨
丢丑	丟丑
乙丑	乙丑
子丑	子丑
小丑	小丑
小丑鱼	小丑魚
己丑	己丑
癸丑	癸丑
跳梁小丑	跳梁小丑
辛丑	辛丑
辛丑条约	辛丑條約
幺麽小丑	么麼小醜
出丑	出醜
奇丑	奇醜
奇丑无比	奇醜無比
献丑	獻醜
矮丑穷	矮醜窮
丑事	醜事
丑人多作怪	醜人多作怪
丑八怪	醜八怪
丑剧	醜劇
丑化	醜化
丑国	醜國
丑媳妇早晚也得见公婆	醜媳婦早晚也得見公婆
丑怪	醜怪
丑恶	醜惡
丑态	醜態
丑相	醜相
丑闻	醜聞
丑行	醜行
丑诋	醜詆
丑话	醜話
丑话说在前头	醜話說在前頭
丑陋	醜陋
丑类	醜類
露丑	露醜
丁克	丁克
不克	不克
亚克力	亞克力
以柔克刚	以柔克剛
伊塞克湖	伊塞克湖
伊拉克	伊拉克
伊尔库茨克	伊爾庫茨克
伊犁哈萨克自治州	伊犁哈薩克自治州
伊瑞克提翁庙	伊瑞克提翁廟
伊莱克斯	伊萊克斯
伊隆·马斯克	伊隆·馬斯克
休克	休克
伯克利	伯克利
伯南克	伯南克
俄克拉何马	俄克拉何馬
俄克拉何马城	俄克拉何馬城
俄克拉何马州	俄克拉何馬州
杰克	傑克
杰克·伦敦	傑克·倫敦
杰克森	傑克森
杰克逊	傑克遜
克什米尔	克什米爾
克他命	克他命
克俭	克儉
克利夫兰	克利夫蘭
克利斯朵夫	克利斯朵夫
克勒	克勒
克劳修斯	克勞修斯
克劳德	克勞德
克劳斯	克勞斯
克劳福德	克勞福德
克国	克國
克基拉岛	克基拉島
克娄巴特拉	克婁巴特拉
克孜勒	克孜勒
克孜尔尕哈	克孜爾尕哈
克山	克山
克山县	克山縣
克己	克己
克己奉公	克己奉公
克拉	克拉
克拉斯诺达尔	克拉斯諾達爾
克拉斯金诺	克拉斯金諾
克拉玛依	克拉瑪依
克拉玛依区	克拉瑪依區
克拉玛依市	克拉瑪依市
克拉科夫	克拉科夫
克拉通	克拉通
克文	克文
克日	克日
克服	克服
克朗	克朗
克东	克東
克东县	克東縣
克林姆	克林姆
克林姆酱	克林姆醬
克林德	克林德
克林霉素	克林霉素
克林顿	克林頓
克格勃	克格勃
克氏原螯虾	克氏原螯蝦
克氏黑鳍鳈	克氏黑鰭鰁
克汀病	克汀病
克沙奇病毒	克沙奇病毒
克流感	克流感
克漏字	克漏字
克尔白	克爾白
克绍箕裘	克紹箕裘
克丝钳子	克絲鉗子
克维拉	克維拉
克罗地亚	克羅地亞
克罗地亚共和国	克羅地亞共和國
克罗地亚语	克羅地亞語
克罗埃西亚	克羅埃西亞
克罗诺斯	克羅諾斯
克耶族	克耶族
克耶邦	克耶邦
克莱	克萊
克莱因	克萊因
克莱斯勒	克萊斯勒
克莱尔	克萊爾
克莱顿	克萊頓
克蕾儿	克蕾兒
克虏伯	克虜伯
克西	克西
克赖斯特彻奇	克賴斯特徹奇
克隆	克隆
克隆人	克隆人
克隆技术	克隆技術
克隆氏病	克隆氏病
克难	克難
克雷伯氏菌属	克雷伯氏菌屬
克霉唑	克霉唑
公克	公克
凯迪拉克	凱迪拉克
分克	分克
列克	列克
列克星顿	列克星頓
利纳克斯	利納克斯
力克	力克
努克	努克
努瓦克肖特	努瓦克肖特
勒克斯	勒克斯
十克	十克
卡尔·马克思	卡爾·馬克思
卡尔文克莱因	卡爾文克萊因
卡纳塔克邦	卡納塔克邦
反坦克	反坦克
史普尼克	史普尼克
吕贝克	呂貝克
哈巴罗夫斯克	哈巴羅夫斯克
哈萨克	哈薩克
哈萨克人	哈薩克人
哈萨克文	哈薩克文
哈萨克斯坦	哈薩克斯坦
哈萨克族	哈薩克族
哈萨克语	哈薩克語
哥萨克	哥薩克
单克隆抗体	單克隆抗體
图木舒克	圖木舒克
图木舒克市	圖木舒克市
坦克	坦克
坦克车	坦克車
埃隆·马斯克	埃隆·馬斯克
塔吉克	塔吉克
塔吉克人	塔吉克人
塔吉克斯坦	塔吉克斯坦
塔吉克族	塔吉克族
塞尔维亚克罗地亚语	塞爾維亞克羅地亞語
压克力	壓克力
夏克提	夏克提
夏洛克	夏洛克
多米尼克	多米尼克
多米尼克国	多米尼克國
大麦克	大麥克
大麦克指数	大麥克指數
夹克	夾克
奇努克	奇努克
奉公克己	奉公克己
奉辛比克党	奉辛比克黨
契沙比克湾	契沙比克灣
奥克拉荷马	奧克拉荷馬
奥克拉荷马州	奧克拉荷馬州
奥克斯纳德	奧克斯納德
奥克兰	奧克蘭
奥密克戎	奧密克戎
好兵帅克	好兵帥克
好立克	好立克
威克岛	威克島
威廉·福克纳	威廉·福克納
安克拉治	安克拉治
安克雷奇	安克雷奇
容克	容克
密克罗尼西亚	密克羅尼西亞
寇比力克	寇比力克
富兰克林	富蘭克林
尼克	尼克
尼克森	尼克森
尼勒克	尼勒克
尼勒克县	尼勒克縣
巧克力	巧克力
巧克力脆片	巧克力脆片
巴克夏猪	巴克夏豬
巴克拉瓦	巴克拉瓦
巴克斯	巴克斯
巴克科斯	巴克科斯
巴克莱	巴克萊
巴克莱银行	巴克萊銀行
巴拉克	巴拉克
巴控克什米尔	巴控克什米爾
巴斯克	巴斯克
巴斯克语	巴斯克語
巴洛克	巴洛克
巴尔克嫩德	巴爾克嫩德
巴罗克	巴羅克
希拉克	希拉克
希波克拉底	希波克拉底
库克	庫克
库克山	庫克山
库克群岛	庫克群島
库克船长	庫克船長
库尔斯克	庫爾斯克
康乃狄克	康乃狄克
廷巴克图	廷巴克圖
弗兰克	弗蘭克
徐克	徐克
得克萨斯	得克薩斯
得克萨斯州	得克薩斯州
微克	微克
德克萨斯	德克薩斯
德克萨斯州	德克薩斯州
德勒巴克	德勒巴克
德国马克	德國馬克
德州扑克	德州撲克
德拉克罗瓦	德拉克羅瓦
德沃夏克	德沃夏克
德谟克拉西	德謨克拉西
恩培多克勒	恩培多克勒
爱克斯光	愛克斯光
爱克斯射线	愛克斯射線
战无不胜，攻无不克	戰無不勝，攻無不克
打扑克	打撲克
打马赛克	打馬賽克
拉克替醇	拉克替醇
拉文克劳	拉文克勞
拉尔维克	拉爾維克
拉狄克	拉狄克
拉达克	拉達克
撒克逊	撒克遜
撒克逊人	撒克遜人
扑克	撲克
扑克牌	撲克牌
攻克	攻克
攻坚克难	攻堅克難
攻无不克，战无不胜	攻無不克，戰無不勝
放克	放克
敦刻尔克	敦刻爾克
斯坦贝克	斯坦貝克
斯普特尼克	斯普特尼克
斯洛伐克	斯洛伐克
斯洛伐克语	斯洛伐克語
斯芬克司	斯芬克司
斯芬克斯	斯芬克斯
斯诺克	斯諾克
新不伦瑞克	新不倫瑞克
施泰尔马克	施泰爾馬克
昂纳克	昂納克
明斯克	明斯克
星巴克	星巴克
普列谢茨克	普列謝茨克
普朗克	普朗克
普朗克常数	普朗克常數
普氏立克次体	普氏立克次體
普雷克斯流程	普雷克斯流程
朋克	朋克
木垒哈萨克自治县	木壘哈薩克自治縣
本杰明·富兰克林	本傑明·富蘭克林
李克强	李克強
林克平大学	林克平大學
柏克莱	柏克萊
柏克郡	柏克郡
柔能克刚	柔能克剛
查克拉	查克拉
查克瑞	查克瑞
柯尔克孜	柯爾克孜
柯尔克孜族	柯爾克孜族
柯尔克孜语	柯爾克孜語
格但斯克	格但斯克
梵克雅宝	梵克雅寶
歇洛克·福尔摩斯	歇洛克·福爾摩斯
比什凯克	比什凱克
毫克	毫克
沃克斯豪尔	沃克斯豪爾
沙依巴克	沙依巴克
沙依巴克区	沙依巴克區
波多马克河	波多馬克河
泰坦尼克号	泰坦尼克號
泰特斯·安德洛尼克斯	泰特斯·安德洛尼克斯
洛克人	洛克人
洛克菲勒	洛克菲勒
洛克西德	洛克西德
派克	派克
派克大衣	派克大衣
汤姆·克兰西	湯姆·克蘭西
汤姆·克鲁斯	湯姆·克魯斯
温得和克	溫得和克
潘太克斯	潘太克斯
乌克兰	烏克蘭
乌克兰人	烏克蘭人
乌克丽丽	烏克麗麗
乌鲁克恰提	烏魯克恰提
乌鲁克恰提县	烏魯克恰提縣
牙克石	牙克石
牙克石市	牙克石市
特克斯	特克斯
特克斯和凯科斯群岛	特克斯和凱科斯群島
特克斯河	特克斯河
特克斯县	特克斯縣
狄拉克	狄拉克
班克斯	班克斯
班克西	班克西
玛克辛	瑪克辛
瓦尔达克	瓦爾達克
瓦尔达克省	瓦爾達克省
皮克斯	皮克斯
皮克林	皮克林
皮特拉克	皮特拉克
盎格鲁撒克逊	盎格魯撒克遜
盎格鲁萨克逊	盎格魯薩克遜
卢克索	盧克索
福克	福克
福克斯	福克斯
福克纳	福克納
福克兰群岛	福克蘭群島
福维克	福維克
科克	科克
科尼赛克	科尼賽克
穆巴拉克	穆巴拉克
立克次体	立克次體
立氏立克次体	立氏立克次體
约克	約克
约克郡	約克郡
约维克	約維克
约翰·厄普代克	約翰·厄普代克
纳斯达克	納斯達克
纽瓦克	紐瓦克
索福克勒斯	索福克勒斯
罗曼蒂克	羅曼蒂克
耐克	耐克
肺炎克雷伯氏菌	肺炎克雷伯氏菌
艾萨克	艾薩克
艾萨克·牛顿	艾薩克·牛頓
艾赛克斯	艾賽克斯
茄克衫	茄克衫
莫三比克	莫三比克
莫克姆湾	莫克姆灣
莫桑比克	莫桑比克
菲力克斯	菲力克斯
菲尼克斯	菲尼克斯
莱克多巴胺	萊克多巴胺
葛兰素史克	葛蘭素史克
蒂森克虏伯	蒂森克虜伯
萨克斯	薩克斯
萨克斯管	薩克斯管
萨克斯风	薩克斯風
萨克森	薩克森
萨克森州	薩克森州
萨克洛夫	薩克洛夫
萨克洛夫奖	薩克洛夫獎
萨克管	薩克管
萨克逊	薩克遜
萨兰斯克	薩蘭斯克
萨迪克	薩迪克
兰克	蘭克
西哈努克	西哈努克
见马克思	見馬克思
诺克少	諾克少
诺福克岛	諾福克島
诺维乔克	諾維喬克
诺美克斯	諾美克斯
贝克勒尔	貝克勒爾
贝克汉姆	貝克漢姆
贝克尔	貝克爾
贝娅特丽克丝	貝婭特麗克絲
费利克斯	費利克斯
赛博朋克	賽博朋克
赛德克族	賽德克族
赫拉克利特	赫拉克利特
迪克	迪克
速克达	速克達
过敏性休克	過敏性休克
道格拉斯·麦克阿瑟	道格拉斯·麥克阿瑟
达克瓦兹	達克瓦茲
达克龙	達克龍
逊克	遜克
逊克县	遜克縣
迈克尔	邁克爾
迈克尔·乔丹	邁克爾·喬丹
那斯达克	那斯達克
那维克	那維克
鄂温克族	鄂溫克族
鄂温克语	鄂溫克語
鄂霍次克海	鄂霍次克海
厘克	釐克
锡克	錫克
锡克教	錫克教
开膛手杰克	開膛手傑克
阿克伦	阿克倫
阿克伦河	阿克倫河
阿克塞	阿克塞
阿克塞县	阿克塞縣
阿克拉	阿克拉
阿克赛钦	阿克賽欽
阿克陶	阿克陶
阿克陶县	阿克陶縣
阿列克西斯	阿列克西斯
阿尔汉格尔斯克州	阿爾漢格爾斯克州
阿芝特克人	阿芝特克人
阿芝特克语	阿芝特克語
阿兹特克	阿茲特克
陆克文	陸克文
雅克	雅克
雪克	雪克
雷克斯	雷克斯
雷克斯暴龙	雷克斯暴龍
雷克萨斯	雷克薩斯
霍克海姆	霍克海姆
顿涅斯克	頓涅斯克
顿涅茨克	頓涅茨克
马克·吐温	馬克·吐溫
马克宏	馬克宏
马克思	馬克思
马克思主义	馬克思主義
马克思列宁主义	馬克思列寧主義
马克斯威尔	馬克斯威爾
马克沁	馬克沁
马克笔	馬克筆
马克西米连	馬克西米連
马克龙	馬克龍
马提尼克	馬提尼克
马斯克	馬斯克
马斯垂克	馬斯垂克
马尔贝克	馬爾貝克
马赛克	馬賽克
高尔察克	高爾察克
魁北克	魁北克
魁北克市	魁北克市
鲁毕克方块	魯畢克方塊
麦克唐纳	麥克唐納
麦克德莫特	麥克德莫特
麦克斯韦	麥克斯韋
麦克白	麥克白
麦克白夫人	麥克白夫人
麦克笔	麥克筆
麦克米兰	麥克米蘭
麦克维	麥克維
麦克阿瑟	麥克阿瑟
麦克风	麥克風
黄克强	黃克強
默克尔	默克爾
默多克	默多克
鼠得克	鼠得克
庞克	龐克
克星	剋星
丁冬	丁冬
亚冬会	亞冬會
佳冬	佳冬
佳冬乡	佳冬鄉
冬不拉	冬不拉
冬令	冬令
冬令时	冬令時
冬夏	冬夏
冬天	冬天
冬奥会	冬奧會
冬字头	冬字頭
冬季	冬季
冬宫	冬宮
冬山	冬山
冬山乡	冬山鄉
冬月	冬月
冬残奥会	冬殘奧會
冬烘	冬烘
冬瓜	冬瓜
冬病夏治	冬病夏治
冬眠	冬眠
冬笋	冬筍
冬节	冬節
冬粉	冬粉
冬耕	冬耕
冬至	冬至
冬至点	冬至點
冬菇	冬菇
冬菜	冬菜
冬荫	冬蔭
冬荫功	冬蔭功
冬蛰	冬蟄
冬虫夏草	冬蟲夏草
冬衣	冬衣
冬运会	冬運會
冬青	冬青
冬青树	冬青樹
初冬	初冬
南飞过冬	南飛過冬
各拉丹冬山	各拉丹冬山
各拉丹冬峰	各拉丹冬峰
严冬	嚴冬
天冬氨酸	天冬氨酸
天冬苯丙二肽酯	天冬苯丙二肽酯
天冬酰胺	天冬酰胺
天门冬	天門冬
天门冬科	天門冬科
季冬	季冬
寒冬	寒冬
忍冬	忍冬
收冬	收冬
款冬	款冬
波塞冬	波塞冬
无冬无夏	無冬無夏
立冬	立冬
越冬	越冬
过冬	過冬
门冬	門冬
隆冬	隆冬
麦冬	麥冬
麦门冬	麥門冬
大辟	大辟
攘辟	攘辟
独辟蹊径	獨辟蹊徑
辟邪	辟邪
辟雍	辟雍
辟雍砚	辟雍硯
另辟蹊径	另闢蹊徑
精辟	精闢
警辟	警闢
透辟	透闢
开天辟地	開天闢地
开辟	開闢
开辟者	開闢者
辟室	闢室
辟室密谈	闢室密談
辟建	闢建
辟谣	闢謠
丁肇中	丁肇中
交通肇事罪	交通肇事罪
李肇星	李肇星
肇事	肇事
肇事者	肇事者
肇事逃逸	肇事逃逸
肇俊哲	肇俊哲
肇因	肇因
肇始	肇始
肇州	肇州
肇州县	肇州縣
肇庆	肇慶
肇庆大学	肇慶大學
肇庆市	肇慶市
肇东	肇東
肇东市	肇東市
肇源	肇源
肇源县	肇源縣
肇祸	肇禍
李肇	李肈
肇建	肈建
不痛不痒	不痛不癢
不知痛痒	不知痛癢
不关痛痒	不關痛癢
怕痒	怕癢
手痒	手癢
技痒	技癢
抓痒	抓癢
搔痒	搔癢
无关痛痒	無關痛癢
痛痒	痛癢
瘙痒	瘙癢
瘙痒病	瘙癢病
皮痒	皮癢
羊瘙痒病	羊瘙癢病
羊痒疫	羊癢疫
隔靴搔痒	隔靴搔癢
三不沾	三不沾
不沾锅	不沾鍋
两手不沾阳春水	兩手不沾陽春水
十指不沾阳春水	十指不沾陽春水
均沾	均沾
放射性沾染	放射性沾染
放射性沾染物	放射性沾染物
沾光	沾光
沾唇	沾唇
沾染	沾染
沾染世俗	沾染世俗
沾满	沾滿
沾湿	沾濕
沾濡	沾濡
沾亲带故	沾親帶故
沾边	沾邊
沾酱	沾醬
沾黏	沾黏
滴酒不沾	滴酒不沾
烟酒不沾	煙酒不沾
脚不沾地	腳不沾地
除沾染	除沾染
三句话不离本行	三句話不離本行
不即不离	不即不離
不可分离	不可分離
不大离	不大離
不离不弃	不離不棄
不离儿	不離兒
二氧化碳隔离	二氧化碳隔離
偏差距离	偏差距離
偏离	偏離
传输距离	傳輸距離
光怪陆离	光怪陸離
光隔离器	光隔離器
两性离子	兩性離子
八九不离十	八九不離十
分崩离析	分崩離析
分离	分離
分离主义	分離主義
分离分子	分離分子
剥离	剝離
劈离	劈離
叛离	叛離
严格隔离	嚴格隔離
妻离子散	妻離子散
寸步不离	寸步不離
差不离	差不離
形影不离	形影不離
抽离	抽離
拉近距离	拉近距離
抛离	拋離
挑拨离间	挑撥離間
撤离	撤離
扑朔迷离	撲朔迷離
擅离职守	擅離職守
支离	支離
支离破碎	支離破碎
斑驳陆离	斑駮陸離
机不离手	機不離手
正离子	正離子
氢氧根离子	氫氧根離子
氢氧离子	氫氧離子
流离	流離
流离失所	流離失所
流离遇合	流離遇合
流离颠沛	流離顛沛
疏离	疏離
众叛亲离	眾叛親離
短距离	短距離
碳隔离	碳隔離
种族隔离	種族隔離
等离子	等離子
等离子体	等離子體
聚少离多	聚少離多
背井离乡	背井離鄉
背离	背離
脱离	脫離
脱离危险	脫離危險
脱离苦海	脫離苦海
自动离合	自動離合
若即若离	若即若離
解离	解離
解离性人格疾患	解離性人格疾患
调虎离山	調虎離山
貌合心离	貌合心離
貌合神离	貌合神離
负离子	負離子
资产剥离	資產剝離
距离	距離
距离产生美	距離產生美
近距离	近距離
近距离无线通讯	近距離無線通訊
迷离	迷離
迷离惝恍	迷離惝恍
迷离马虎	迷離馬虎
逃离	逃離
远距离	遠距離
远离	遠離
迁离	遷離
重离子	重離子
锂离子电池	鋰離子電池
长距离	長距離
闪离	閃離
阴离子	陰離子
阳离子	陽離子
隔离	隔離
隔离霜	隔離霜
离不开	離不開
离世	離世
离乳	離乳
离乱	離亂
离任	離任
离休	離休
离去	離去
离合	離合
离合器	離合器
离合词	離合詞
离型纸	離型紙
离场	離場
离境	離境
离奇	離奇
离婚	離婚
离子	離子
离子交换	離子交換
离子键	離子鍵
离宫	離宮
离岸	離岸
离峰	離峰
离岛	離島
离岛区	離島區
离心	離心
离心力	離心力
离心机	離心機
离愁	離愁
离散	離散
离散性	離散性
离散数学	離散數學
离弃	離棄
离歌	離歌
离港	離港
离港大厅	離港大廳
离独	離獨
离异	離異
离石	離石
离石区	離石區
离索	離索
离经叛道	離經叛道
离线	離線
离职	離職
离苦得乐	離苦得樂
离谱	離譜
离贰	離貳
离乡背井	離鄉背井
离开	離開
离开人世	離開人世
离间	離間
离队	離隊
离题	離題
离骚	離騷
零距离	零距離
电离	電離
电离室	電離室
电离层	電離層
电离辐射	電離輻射
颠沛流离	顛沛流離
驶离	駛離
驱离	驅離
乖离	乖离
三国志	三國志
不以辞害志	不以辭害志
人穷志不穷	人窮志不窮
人穷志短	人窮志短
仁人志士	仁人志士
以死明志	以死明志
凌志	凌志
励志	勵志
励志哥	勵志哥
品趣志	品趣志
唯意志论	唯意志論
丧志	喪志
壮志	壯志
大志	大志
奇志	奇志
契丹国志	契丹國志
小人得志	小人得志
尚志	尚志
尚志市	尚志市
张志新	張志新
徐志摩	徐志摩
德意志	德意志
德意志学术交流中心	德意志學術交流中心
德意志民主共和国	德意志民主共和國
德意志联邦共和国	德意志聯邦共和國
德意志银行	德意志銀行
心志	心志
志不在此	志不在此
志丹	志丹
志丹县	志丹縣
志在四方	志在四方
志士仁人	志士仁人
志工	志工
志得意满	志得意滿
志怪	志怪
志怪小说	志怪小說
志气	志氣
志留纪	志留紀
志贺氏菌病	志賀氏菌病
志趣	志趣
志高气扬	志高氣揚
情志	情志
意志	意志
意志力	意志力
方志	方志
明志	明志
有志	有志
有志气	有志氣
有志竟成	有志竟成
有志者事竟成	有志者事竟成
未竟之志	未竟之志
李洪志	李洪志
林志玲	林志玲
民族志	民族志
永志不忘	永志不忘
求生意志	求生意志
淡泊明志	淡泊明志
燕雀安知鸿鹄之志	燕雀安知鴻鵠之志
燕雀焉知鸿鹄之志	燕雀焉知鴻鵠之志
众志成城	眾志成城
神志	神志
神志不清	神志不清
神志昏迷	神志昏迷
移山志	移山志
立志	立志
笃志	篤志
县志	縣志
罗志祥	羅志祥
翟志刚	翟志剛
聊斋志异	聊齋志異
职志	職志
胸无大志	胸無大志
自由意志	自由意志
自由意志主义	自由意志主義
蔡志忠	蔡志忠
豪情壮志	豪情壯志
踌躇满志	躊躇滿志
辐射警告标志	輻射警告標志
遐志	遐志
远志	遠志
遗志	遺志
锐志	銳志
项庄舞剑，志在沛公	項莊舞劍，志在沛公
香港众志	香港眾志
不以词害志	不以詞害誌
交通标志	交通標誌
代志	代誌
墓志	墓誌
墓志铭	墓誌銘
大一统志	大一統誌
大元大一统志	大元大一統誌
宝志	寶誌
得志	得誌
日本国志	日本國誌
日志	日誌
标志	標誌
标志性	標誌性
矢志	矢誌
碑志	碑誌
网志	網誌
临海水土志	臨海水土誌
茹志鹃	茹誌鵑
号志	號誌
志哀	誌哀
杂志	雜誌
杂志社	雜誌社
默志	默誌
三大纪律八项注意	三大紀律八項注意
下注	下注
不注意	不注意
依赖注入	依賴注入
倾注	傾注
全神贯注	全神貫注
取消关注	取消關注
国语注音符号第一式	國語注音符號第一式
大雨如注	大雨如注
孤注一掷	孤注一擲
密切注意	密切注意
专注	專注
引人注意	引人注意
引人注目	引人注目
惹人注意	惹人注意
惹人注目	惹人注目
投注	投注
押注	押注
挹注	挹注
标注	標注
注入	注入
注册人	注冊人
注塑	注塑
注射	注射
注射剂	注射劑
注射器	注射器
注射针	注射針
注射针头	注射針頭
注念	注念
注意	注意
注意力	注意力
注明	注明
注水	注水
注目	注目
注资	注資
注释	注釋
注重	注重
注音	注音
注音一式	注音一式
注音字母	注音字母
注音符号	注音符號
滴注	滴注
浇注	澆注
灌注	灌注
无针注射器	無針注射器
现场投注	現場投注
皮下注射	皮下注射
笺注	箋注
肌肉注射	肌肉注射
脚注	腳注
贯注	貫注
赌注	賭注
跟注	跟注
输注	輸注
转注	轉注
转注字	轉注字
关注	關注
集注	集注
雨泽下注	雨澤下注
静脉注入	靜脈注入
静脉注射	靜脈注射
偏注	偏註
备注	備註
备注栏	備註欄
命中注定	命中註定
域名抢注	域名搶註
域名注册	域名註冊
尾注	尾註
心神专注	心神專註
批注	批註
抢注	搶註
浑仪注	渾儀註
眷注	眷註
编注	編註
注册	註冊
注册商标	註冊商標
注册会计师	註冊會計師
注定	註定
注疏	註疏
注脚	註腳
注解	註解
注销	註銷
评注	評註
词性标注	詞性標註
诠注	詮註
说文解字注	說文解字註
附注	附註
三峡大坝	三峽大壩
冰坝	冰壩
土坝	土壩
堤坝	堤壩
大坝	大壩
平坝	平壩
平坝区	平壩區
拱坝	拱壩
拦河坝	攔河壩
水坝	水壩
沙坪坝区	沙坪壩區
沙坝	沙壩
溃坝	潰壩
留坝	留壩
留坝县	留壩縣
绿坝	綠壩
葛洲坝	葛洲壩
阿坝	阿壩
阿坝州	阿壩州
阿坝县	阿壩縣
阿坝藏族羌族自治州	阿壩藏族羌族自治州
阿斯旺高坝	阿斯旺高壩
院坝	院壩
沙坪坝	沙坪垻
三废	三廢
不以人废言	不以人廢言
以人废言	以人廢言
低放射性废物	低放射性廢物
作废	作廢
偏废	偏廢
半途而废	半途而廢
因噎废食	因噎廢食
报废	報廢
废人	廢人
废品	廢品
废品收购站	廢品收購站
废土	廢土
废墟	廢墟
废寝忘食	廢寢忘食
废寝忘餐	廢寢忘餐
废寝食	廢寢食
废弛	廢弛
废掉	廢掉
废料	廢料
废时	廢時
废柴	廢柴
废弃	廢棄
废止	廢止
废气	廢氣
废水	廢水
废液	廢液
废渣	廢渣
废然	廢然
废热	廢熱
废物	廢物
废物箱	廢物箱
废物点心	廢物點心
废纸	廢紙
废统	廢統
废置	廢置
废旧	廢舊
废藩置县	廢藩置縣
废话	廢話
废话连篇	廢話連篇
废铜烂铁	廢銅爛鐵
废钢	廢鋼
废铁	廢鐵
废除	廢除
废除军备	廢除軍備
废黜	廢黜
忘餐废寝	忘餐廢寢
收废站	收廢站
放射性废物	放射性廢物
旷废	曠廢
残废	殘廢
百事俱废	百事俱廢
百废俱兴	百廢俱興
百废待兴	百廢待興
百废待举	百廢待舉
礼废乐崩	禮廢樂崩
窝囊废	窩囊廢
耍废	耍廢
荒废	荒廢
说废话	說廢話
逃废	逃廢
零废弃	零廢棄
颓废	頹廢
颓废派	頹廢派
三振出局	三振出局
不局限	不局限
不顾大局	不顧大局
世局	世局
中国地质调查局	中國地質調查局
中国地震局	中國地震局
中国民用航空局	中國民用航空局
中国气象局	中國氣象局
中国海事局	中國海事局
中央情报局	中央情報局
中局	中局
中情局	中情局
乱局	亂局
交通管理局	交通管理局
信访局	信訪局
僵局	僵局
入局	入局
全局	全局
全局作用域	全局作用域
全局性	全局性
全局模块	全局模塊
公安局	公安局
出入境检验检疫局	出入境檢驗檢疫局
出入境管理局	出入境管理局
出局	出局
分局	分局
刑事局	刑事局
刑事警察局	刑事警察局
危局	危局
和局	和局
国侦局	國偵局
国内安全保卫局	國內安全保衛局
国土安全局	國土安全局
国安局	國安局
国税局	國稅局
地震局	地震局
外管局	外管局
多重结局	多重結局
大局	大局
宇航局	宇航局
安全局	安全局
定局	定局
封闭性开局	封閉性開局
专利局	專利局
对局	對局
局中人	局中人
局促一隅	局促一隅
局促不安	局促不安
局势	局勢
局地	局地
局域网	局域網
局外	局外
局外中立	局外中立
局子	局子
局灶性	局灶性
局级	局級
局部	局部
局部作用域	局部作用域
局部性	局部性
局部麻醉	局部麻醉
局部麻醉剂	局部麻醉劑
局长	局長
局限	局限
局限性	局限性
局麻	局麻
平局	平局
懂局	懂局
战局	戰局
搅局	攪局
收拾残局	收拾殘局
政局	政局
政治局	政治局
救捞局	救撈局
败局	敗局
时局	時局
书局	書局
有局	有局
格局	格局
棋局	棋局
欧洲航天局	歐洲航天局
死局	死局
残局	殘局
民政局	民政局
气象局	氣象局
水务局	水務局
海事局	海事局
海警局	海警局
消防局	消防局
港务局	港務局
炮儿局	炮兒局
无局	無局
牌局	牌局
环保局	環保局
监察局	監察局
破局	破局
矿务局	礦務局
移民局	移民局
税务局	稅務局
空间局	空間局
终局	終局
结局	結局
总局	總局
美国地质局	美國地質局
美国地质调查局	美國地質調查局
美国宇航局	美國宇航局
美国联邦航空局	美國聯邦航空局
美宇航局	美宇航局
联邦调查局	聯邦調查局
航天局	航天局
航空局	航空局
航空航天局	航空航天局
蜷局	蜷局
卫生局	衛生局
设局	設局
警察局	警察局
警局	警局
变局	變局
质检局	質檢局
赌上一局	賭上一局
赌局	賭局
邮局	郵局
邮政局	郵政局
镖局	鏢局
开局	開局
电信局	電信局
电报局	電報局
顾全大局	顧全大局
饭局	飯局
香港金融管理局	香港金融管理局
骗局	騙局
庞氏骗局	龐氏騙局
局促	侷促
三次曲线	三次曲線
三部曲	三部曲
主题曲	主題曲
二次曲	二次曲
二次曲线	二次曲線
交响曲	交響曲
代数曲线	代數曲線
作曲	作曲
作曲者	作曲者
催眠曲	催眠曲
元曲	元曲
前奏曲	前奏曲
协奏曲	協奏曲
反曲弓	反曲弓
名曲	名曲
唱曲	唱曲
单曲	單曲
四部曲	四部曲
圆舞曲	圓舞曲
圆锥曲线	圓錐曲線
地方戏曲	地方戲曲
垣曲	垣曲
垣曲县	垣曲縣
夜曲	夜曲
奏鸣曲	奏鳴曲
奏鸣曲式	奏鳴曲式
套曲	套曲
委曲	委曲
委曲求全	委曲求全
小夜曲	小夜曲
小插曲	小插曲
小曲	小曲
小步舞曲	小步舞曲
屈曲	屈曲
序曲	序曲
弯曲	彎曲
弯曲度	彎曲度
弯曲空间	彎曲空間
戏曲	戲曲
扭曲	扭曲
拳曲	拳曲
插曲	插曲
摇篮曲	搖籃曲
挠曲	撓曲
散曲	散曲
文曲星	文曲星
是非曲直	是非曲直
时代曲	時代曲
曲奇	曲奇
曲子	曲子
曲射	曲射
曲射炮	曲射砲
曲尺	曲尺
曲尺楼梯	曲尺樓梯
曲度	曲度
曲意	曲意
曲意逢迎	曲意逢迎
曲柄	曲柄
曲柄钻	曲柄鑽
曲棍	曲棍
曲棍球	曲棍球
曲水	曲水
曲水县	曲水縣
曲江	曲江
曲江区	曲江區
曲池穴	曲池穴
曲沃	曲沃
曲沃县	曲沃縣
曲率	曲率
曲目	曲目
曲直	曲直
曲突徙薪	曲突徙薪
曲笔	曲筆
曲终奏雅	曲終奏雅
曲线	曲線
曲线图	曲線圖
曲线救国	曲線救國
曲线论	曲線論
曲线锯	曲線鋸
曲肱而枕	曲肱而枕
曲艺	曲藝
曲解	曲解
曲调	曲調
曲轴	曲軸
曲阜	曲阜
曲阜孔庙	曲阜孔廟
曲阜市	曲阜市
曲阳	曲陽
曲阳县	曲陽縣
曲霉毒素	曲霉毒素
曲靖	曲靖
曲靖市	曲靖市
曲颈瓶	曲頸瓶
曲风	曲風
曲高和寡	曲高和寡
曲麻莱	曲麻萊
曲麻莱县	曲麻萊縣
乐曲	樂曲
椭圆曲线	橢圓曲線
歌曲	歌曲
歪曲	歪曲
汀曲	汀曲
河曲县	河曲縣
活动曲尺	活動曲尺
测地曲率	測地曲率
测地线曲率	測地線曲率
狂想曲	狂想曲
玛曲	瑪曲
玛曲县	瑪曲縣
申曲	申曲
盘曲	盤曲
碌曲	碌曲
碌曲县	碌曲縣
精索静脉曲张	精索靜脈曲張
组曲	組曲
绮想曲	綺想曲
编曲	編曲
义勇军进行曲	義勇軍進行曲
翘曲	翹曲
舞曲	舞曲
舟曲	舟曲
舟曲县	舟曲縣
蜷曲	蜷曲
衰变曲线	衰變曲線
褶曲	褶曲
角曲尺	角曲尺
触技曲	觸技曲
谱曲	譜曲
变奏曲	變奏曲
赋格曲	賦格曲
迂曲	迂曲
进行曲	進行曲
那曲	那曲
那曲市	那曲市
乡曲	鄉曲
酸曲	酸曲
金曲奖	金曲獎
钢曲尺	鋼曲尺
阿旺曲培	阿旺曲培
阿旺曲沛	阿旺曲沛
阳曲	陽曲
阳曲县	陽曲縣
随想曲	隨想曲
双曲	雙曲
双曲拱桥	雙曲拱橋
双曲正弦	雙曲正弦
双曲线	雙曲線
双曲线正弦	雙曲線正弦
零曲率	零曲率
电子舞曲	電子舞曲
静脉曲张	靜脈曲張
马赛曲	馬賽曲
黄曲霉	黃曲霉
黄曲霉毒素	黃曲霉毒素
黄曲霉菌	黃曲霉菌
红曲	紅麴
红曲米	紅麴米
酒曲	酒麴
三江生态旅游区	三江生態旅遊區
世界旅游组织	世界旅遊組織
乙游	乙遊
交游	交遊
仙游	仙遊
仙游县	仙遊縣
优哉游哉	優哉遊哉
优游	優遊
优游自得	優遊自得
八十天环游地球	八十天環遊地球
冶游	冶遊
出游	出遊
到此一游	到此一遊
吟游	吟遊
园游会	園遊會
填字游戏	填字遊戲
外国旅游者	外國旅遊者
夜游	夜遊
梦游	夢遊
太空游	太空遊
嬉游	嬉遊
导游	導遊
小游	小遊
巡游	巡遊
工业旅游	工業旅遊
徐霞客游记	徐霞客遊記
悠哉游哉	悠哉遊哉
悠游卡	悠遊卡
爱丽丝漫游奇境记	愛麗絲漫遊奇境記
手游	手遊
打游戏	打遊戲
换房旅游	換房旅遊
故地重游	故地重遊
散兵游勇	散兵遊勇
数字游民	數字遊民
文化和旅游部	文化和旅遊部
旅游	旅遊
旅游胜地	旅遊勝地
旅游城市	旅遊城市
旅游客	旅遊客
旅游景点	旅遊景點
旅游业	旅遊業
旅游热点	旅遊熱點
旅游者	旅遊者
旅游集散中心	旅遊集散中心
易游网	易遊網
春游	春遊
会奖旅游	會獎旅遊
桌游	桌遊
权力的游戏	權力的遊戲
权游	權遊
漂游	漂遊
漫游	漫遊
无业游民	無業遊民
奖励旅游	獎勵旅遊
环游	環遊
生态旅游	生態旅遊
示威游行	示威遊行
穷游	窮遊
红色旅游	紅色旅遊
网游	網遊
续西游记	續西遊記
老残游记	老殘遊記
联机游戏	聯機遊戲
背包游	背包遊
自助游	自助遊
自驾游	自駕遊
旧地重游	舊地重遊
旧游	舊遊
般游	般遊
被旅游	被旅遊
西游补	西遊補
西游记	西遊記
亲子游	親子遊
角色扮演游戏	角色扮演遊戲
猫鼠游戏	貓鼠遊戲
跨鹤西游	跨鶴西遊
游人	遊人
游人如织	遊人如織
游伴	遊伴
游侠	遊俠
游侠骑士	遊俠騎士
游吟诗人	遊吟詩人
游园	遊園
游园会	遊園會
游子	遊子
游学	遊學
游客	遊客
游导	遊導
游惰	遊惰
游戏	遊戲
游戏主机	遊戲主機
游戏场	遊戲場
游戏手把	遊戲手把
游戏机	遊戲機
游戏王	遊戲王
游戏设备	遊戲設備
游戏说	遊戲說
游手	遊手
游星	遊星
游春	遊春
游乐	遊樂
游乐园	遊樂園
游乐场	遊樂場
游标卡尺	遊標卡尺
游民	遊民
游民改造	遊民改造
游牧	遊牧
游猎	遊獵
游船	遊船
游艇	遊艇
游艺	遊藝
游艺场	遊藝場
游艺会	遊藝會
游行	遊行
游街	遊街
游街示众	遊街示眾
游览	遊覽
游览区	遊覽區
游记	遊記
游说	遊說
游轮	遊輪
游逛	遊逛
远游	遠遊
遨游	遨遊
郊游	郊遊
野游	野遊
电子游戏	電子遊戲
驾鹤西游	駕鶴西遊
麟游	麟遊
麟游县	麟遊縣
龙游	龍遊
龙游县	龍遊縣
上游	上游
下游	下游
中游	中游
信天游	信天游
力争上游	力爭上游
喜群游	喜群游
打游击	打游擊
泅游	泅游
洄游	洄游
浮游	浮游
浮游生物	浮游生物
游仙	游仙
游仙区	游仙區
游动	游動
游弋	游弋
游戏手柄	游戲手柄
游戏池	游戲池
游击	游擊
游击战	游擊戰
游击队	游擊隊
游标	游標
游水	游水
游泳	游泳
游泳圈	游泳圈
游泳池	游泳池
游泳衣	游泳衣
游泳裤	游泳褲
游泳镜	游泳鏡
游泳馆	游泳館
游移	游移
游移不定	游移不定
游丝	游絲
游蛇	游蛇
游资	游資
游赏	游賞
游锡堃	游錫堃
游隼	游隼
游鱼	游魚
漏网游鱼	漏網游魚
生态环境游	生態環境游
神游	神游
釜底游鱼	釜底游魚
陆游	陸游
三法司	三法司
三藏法师	三藏法師
三角法	三角法
三角测量法	三角測量法
上诉法院	上訴法院
不二法门	不二法門
不合法	不合法
不成文法	不成文法
不法	不法
不法分子	不法分子
中国政法大学	中國政法大學
中国法学会	中國法學會
中法	中法
中法战争	中法戰爭
中法新约	中法新約
乘法	乘法
乘法逆	乘法逆
二名法	二名法
五权宪法	五權憲法
五笔输入法	五筆輸入法
亚西尔·阿拉法特	亞西爾·阿拉法特
人权法	人權法
人民法院	人民法院
以权压法	以權壓法
以法莲	以法蓮
以言代法	以言代法
以身试法	以身試法
伊斯法罕	伊斯法罕
伏法	伏法
作法	作法
依法	依法
依法治国	依法治國
修法	修法
做法	做法
传法	傳法
免疫法	免疫法
内爆法原子弹	內爆法原子彈
两分法	兩分法
八法	八法
八法拳	八法拳
公司法	公司法
公检法	公檢法
公法	公法
公理法	公理法
六合八法	六合八法
兵法	兵法
凯法劳尼亚	凱法勞尼亞
函送法办	函送法辦
分光光度法	分光光度法
分析法	分析法
刑事法庭	刑事法庭
刑事法院	刑事法院
刑事诉讼法	刑事訴訟法
刑法	刑法
刑诉法	刑訴法
判例法	判例法
剑法	劍法
加法	加法
助记方法	助記方法
努库阿洛法	努庫阿洛法
化学比色法	化學比色法
化学疗法	化學療法
北莱茵·威斯特法伦州	北萊茵·威斯特法倫州
十进位法	十進位法
反传算法	反傳算法
反分裂法	反分裂法
反垄断法	反壟斷法
反射疗法	反射療法
反渗透法	反滲透法
受法律保护权	受法律保護權
丛林法则	叢林法則
句法	句法
句法分析	句法分析
叫法	叫法
司法	司法
司法人员	司法人員
司法官	司法官
司法机关	司法機關
司法权	司法權
司法独立	司法獨立
司法部	司法部
司法院	司法院
司马法	司馬法
吃法	吃法
合成法	合成法
合法	合法
合法化	合法化
合法性	合法性
命名法	命名法
唱法	唱法
商鞅变法	商鞅變法
国徽法	國徽法
国法	國法
国际战争罪法庭	國際戰爭罪法庭
国际法	國際法
国际法庭	國際法庭
国际法院	國際法院
国际私法	國際私法
土法	土法
地区法院	地區法院
地方法院	地方法院
执法	執法
执法如山	執法如山
基本法	基本法
外推法	外推法
大法官	大法官
太公兵法	太公兵法
奉公守法	奉公守法
妙法	妙法
妙法莲华经	妙法蓮華經
威妥玛拼法	威妥瑪拼法
威玛拼法	威瑪拼法
婚姻法	婚姻法
孙子兵法	孫子兵法
孙膑兵法	孫臏兵法
守法	守法
安提法	安提法
宗教法庭	宗教法庭
宗法	宗法
写法	寫法
专利法	專利法
就地正法	就地正法
常法	常法
帽子戏法	帽子戲法
平均成本法	平均成本法
坐标法	座標法
弘法	弘法
徇情枉法	徇情枉法
徇私枉法	徇私枉法
律法	律法
得法	得法
快速记忆法	快速記憶法
想方设法	想方設法
想法	想法
宪法	憲法
宪法监护委员会	憲法監護委員會
懒办法	懶辦法
戊戌变法	戊戌變法
成文法	成文法
战法	戰法
戏法	戲法
手法	手法
打法	打法
承审法官	承審法官
技法	技法
拉法格	拉法格
拉法兰	拉法蘭
拉法赫	拉法赫
拔罐法	拔罐法
招法	招法
拳法	拳法
拼法	拼法
指法	指法
排华法案	排華法案
掩样法	掩樣法
提喻法	提喻法
提法	提法
摩西律法	摩西律法
摩西的律法	摩西的律法
操法	操法
放射疗法	放射療法
政法	政法
政法委	政法委
效法	效法
教学法	教學法
教法	教法
数法	數法
文法	文法
方法	方法
方法学	方法學
方法论	方法論
施法	施法
时效法	時效法
普法	普法
普法战争	普法戰爭
普通法	普通法
暴力法	暴力法
书法	書法
最小平方法	最小平方法
最高人民法院	最高人民法院
最高法院	最高法院
有教无类法	有教無類法
有办法	有辦法
有限元法	有限元法
服法	服法
枉法	枉法
查字法	查字法
根本法	根本法
格式塔疗法	格式塔療法
案例法	案例法
概测法	概測法
标音法	標音法
检字法	檢字法
权利法案	權利法案
欧洲法院	歐洲法院
止痛法	止痛法
正字法	正字法
正法	正法
正词法	正詞法
正骨八法	正骨八法
步法	步法
归纳法	歸納法
归谬法	歸謬法
段荃法	段荃法
民法	民法
民法典	民法典
水培法	水培法
水耕法	水耕法
没有法	沒有法
没法	沒法
没法儿	沒法兒
没办法	沒辦法
沙法维王朝	沙法維王朝
治外法权	治外法權
治疗法	治療法
法事	法事
法人	法人
法令	法令
法令纹	法令紋
法儿	法兒
法典	法典
法利赛人	法利賽人
法则	法則
法力	法力
法勒斯	法勒斯
法务	法務
法名	法名
法商	法商
法国	法國
法国人	法國人
法国大革命	法國大革命
法国梧桐	法國梧桐
法国百合	法國百合
法国航空	法國航空
法国航空公司	法國航空公司
法国号	法國號
法国长棍	法國長棍
法国革命	法國革命
法场	法場
法塔赫	法塔赫
法压壶	法壓壺
法外	法外
法外之地	法外之地
法子	法子
法学	法學
法学博士	法學博士
法学士	法學士
法学院	法學院
法官	法官
法定	法定
法定人数	法定人數
法定货币	法定貨幣
法宝	法寶
法属圭亚那	法屬圭亞那
法属波利尼西亚	法屬波利尼西亞
法师	法師
法币	法幣
法度	法度
法库	法庫
法库县	法庫縣
法庭	法庭
法式色拉酱	法式色拉醬
法律	法律
法律约束力	法律約束力
法律责任	法律責任
法拉	法拉
法拉利	法拉利
法拉盛	法拉盛
法拉第	法拉第
法拉第笼	法拉第籠
法拍	法拍
法政	法政
法文	法文
法新社	法新社
法会	法會
法服	法服
法杖	法杖
法案	法案
法棍	法棍
法槌	法槌
法治	法治
法海	法海
法源	法源
法源寺	法源寺
法尔卡什	法爾卡什
法特瓦	法特瓦
法王	法王
法理	法理
法益	法益
法盲	法盲
法相宗	法相宗
法眼	法眼
法筵	法筵
法纪	法紀
法网恢恢，疏而不漏	法網恢恢，疏而不漏
法网难逃	法網難逃
法线	法線
法罗群岛	法羅群島
法老	法老
法耶德	法耶德
法航	法航
法兹鲁拉	法茲魯拉
法华经	法華經
法蒂玛	法蒂瑪
法兰	法蘭
法兰德斯	法蘭德斯
法兰斯	法蘭斯
法兰绒	法蘭絨
法兰西	法蘭西
法兰西斯	法蘭西斯
法兰西斯·培根	法蘭西斯·培根
法兰西斯·斐迪南	法蘭西斯·斐迪南
法兰西体育场	法蘭西體育場
法号	法號
法术	法術
法衣	法衣
法西斯	法西斯
法西斯主义	法西斯主義
法规	法規
法语	法語
法警	法警
法赫德	法赫德
法军	法軍
法轮	法輪
法轮功	法輪功
法轮常转	法輪常轉
法办	法辦
法郎	法郎
法医	法醫
法医学	法醫學
法门	法門
法院	法院
法院裁决	法院裁決
法隆寺	法隆寺
法马古斯塔	法馬古斯塔
洛必达法则	洛必達法則
海事法院	海事法院
海法	海法
减法	減法
港区国安法	港區國安法
演算法	演算法
演绎法	演繹法
汉字查字法	漢字查字法
澳门立法会	澳門立法會
激将法	激將法
灸法	灸法
烹饪法	烹飪法
无法	無法
无法无天	無法無天
无网格法	無網格法
煮法	煮法
熨法	熨法
物理疗法	物理療法
特拉法尔加	特拉法爾加
犯法	犯法
犹太法典	猶太法典
王法	王法
现身说法	現身說法
瑞士法郎	瑞士法郎
环法	環法
环法自行车赛	環法自行車賽
生物分析法	生物分析法
用法	用法
画法	畫法
疗法	療法
皇法	皇法
目无法纪	目無法紀
盲法	盲法
看法	看法
砌合法	砌合法
社维法	社維法
礼法	禮法
私法	私法
移送法办	移送法辦
税法	稅法
程序法	程序法
穷竭法	窮竭法
立法	立法
立法委员	立法委員
立法委员会	立法委員會
立法会	立法會
立法机关	立法機關
立法院	立法院
竺法	竺法
笔法	筆法
算法	算法
筛法	篩法
精神疗法	精神療法
约沙法	約沙法
约法	約法
约法三章	約法三章
终审法院	終審法院
组织法	組織法
综合法	綜合法
维新变法	維新變法
总法律顾问	總法律顧問
绳之以法	繩之以法
罗必达法则	羅必達法則
罗马法	羅馬法
美国最高法院	美國最高法院
美声唱法	美聲唱法
习惯法	習慣法
习惯用法	習慣用法
联合国海洋法公约	聯合國海洋法公約
脊椎指压疗法	脊椎指壓療法
自然法	自然法
自然疗法	自然療法
举隅法	舉隅法
舒肥法	舒肥法
芳香疗法	芳香療法
英法	英法
华法林	華法林
落入法网	落入法網
着法	著法
葛法翁	葛法翁
藐法	藐法
行政法	行政法
补法	補法
解决办法	解決辦法
解法	解法
触法	觸法
计数法	計數法
计时法	計時法
记法	記法
记谱法	記譜法
设法	設法
诉讼法	訴訟法
词法	詞法
语法	語法
语法糖	語法糖
论法	論法
护法	護法
护法战争	護法戰爭
护法神	護法神
读法	讀法
变分法	變分法
变戏法	變戲法
变法	變法
变法儿	變法兒
贝尔法斯特	貝爾法斯特
贪赃枉法	貪贓枉法
宾夕法尼亚	賓夕法尼亞
宾夕法尼亚大学	賓夕法尼亞大學
宾夕法尼亚州	賓夕法尼亞州
跑法	跑法
路西法	路西法
身法	身法
军事法庭	軍事法庭
军法	軍法
输入法	輸入法
转法轮	轉法輪
办法	辦法
逍遥法外	逍遙法外
进位法	進位法
运算方法	運算方法
违反宪法	違反憲法
违法	違法
违法乱纪	違法亂紀
选举法庭	選舉法庭
部首编排法	部首編排法
配方法	配方法
释法	釋法
针法	針法
钓鱼执法	釣魚執法
阿拉法特	阿拉法特
阿法尔	阿法爾
阿法尔沙漠	阿法爾沙漠
阿法罗密欧	阿法羅密歐
阿尔法	阿爾法
阿尔法·罗密欧	阿爾法·羅密歐
阿尔法男	阿爾法男
阿尔法粒子	阿爾法粒子
除法	除法
障眼法	障眼法
雅法	雅法
雅法港	雅法港
双名法	雙名法
难逃法网	難逃法網
灵气疗法	靈氣療法
非法	非法
革兰氏染色法	革蘭氏染色法
韦氏拼法	韋氏拼法
顺势疗法	順勢療法
预防法	預防法
食法	食法
养生法	養生法
香港基本法	香港基本法
驼峰命名法	駝峰命名法
验光法	驗光法
验光配镜法	驗光配鏡法
骨法	骨法
高压氧疗法	高壓氧療法
高等法院	高等法院
魔法	魔法
魔法师	魔法師
鼻针疗法	鼻針療法
鼻饲法	鼻飼法
三瓦两舍	三瓦兩舍
住舍	住舍
俱舍宗	俱舍宗
四邻八舍	四鄰八舍
夺舍	奪舍
女舍监	女舍監
学舍	學舍
宅舍	宅舍
宿舍	宿舍
宿舍楼	宿舍樓
寒舍	寒舍
左邻右舍	左鄰右舍
巴尔舍夫斯基	巴爾舍夫斯基
爱丽舍宫	愛麗舍宮
房舍	房舍
新斯科舍	新斯科舍
旅舍	旅舍
村舍	村舍
校舍	校舍
求田问舍	求田問舍
犬舍	犬舍
狗舍	狗舍
田舍	田舍
神不守舍	神不守舍
老舍	老舍
舍人	舍人
舍利	舍利
舍利塔	舍利塔
舍利子	舍利子
舍利子塔	舍利子塔
舍友	舍友
舍妹	舍妹
舍弟	舍弟
茅舍	茅舍
菲舍尔	菲舍爾
猪舍	豬舍
费舍尔	費舍爾
农舍	農舍
退避三舍	退避三舍
邻舍	鄰舍
鸡舍	雞舍
青堂瓦舍	青堂瓦舍
香榭丽舍	香榭麗舍
香榭丽舍大街	香榭麗舍大街
魂不守舍	魂不守舍
黉舍	黌舍
不舍	不捨
依依不舍	依依不捨
割舍	割捨
取舍	取捨
善财难舍	善財難捨
四舍五入	四捨五入
恋恋不舍	戀戀不捨
舍不得	捨不得
舍不得孩子套不住狼	捨不得孩子套不住狼
舍命	捨命
舍己	捨己
舍己救人	捨己救人
舍己为人	捨己為人
舍己为公	捨己為公
舍得	捨得
舍得一身剐，敢把皇帝拉下马	捨得一身剮，敢把皇帝拉下馬
舍本逐末	捨本逐末
舍弃	捨棄
舍正从邪	捨正從邪
舍生取义	捨生取義
舍生忘死	捨生忘死
舍身	捨身
舍车保帅	捨車保帥
施舍	施捨
施粥舍饭	施粥捨飯
弃舍	棄捨
穷追不舍	窮追不捨
锲而不舍	鍥而不捨
难分难舍	難分難捨
难舍难分	難捨難分
三生有幸	三生有幸
不幸	不幸
不幸之事	不幸之事
不幸言中	不幸言中
天幸	天幸
宠幸	寵幸
幸事	幸事
幸喜	幸喜
幸好	幸好
幸会	幸會
幸灾乐祸	幸災樂禍
幸甚	幸甚
幸甚至哉	幸甚至哉
幸福	幸福
幸福学	幸福學
幸而	幸而
幸亏	幸虧
幸进	幸進
幸运	幸運
幸运信	幸運信
幸运儿	幸運兒
幸运抽奖	幸運抽獎
惨遭不幸	慘遭不幸
庆幸	慶幸
所幸	所幸
有幸	有幸
荣幸	榮幸
欣幸	欣幸
瑞幸咖啡	瑞幸咖啡
临幸	臨幸
薄幸	薄幸
郑幸娟	鄭幸娟
幸免	倖免
幸存	倖存
幸存者	倖存者
侥幸	僥倖
侥幸心理	僥倖心理
三棱草	三稜草
三棱镜	三稜鏡
丹棱	丹稜
丹棱县	丹稜縣
五棱镜	五稜鏡
有棱有角	有稜有角
模棱	模稜
模棱两可	模稜兩可
横棱纹	橫稜紋
棱柱	稜柱
棱角	稜角
棱锥	稜錐
棱镜	稜鏡
穆棱	穆稜
穆棱市	穆稜市
绥棱	綏稜
绥棱县	綏稜縣
翘棱	翹稜
刺棱	刺棱
三缄其口	三緘其口
缄口不言	緘口不言
缄默	緘默
九霄云外	九霄雲外
亮星云	亮星雲
仙女座大星云	仙女座大星雲
依云	依雲
凌云县	凌雲縣
判若云泥	判若雲泥
刘云山	劉雲山
刘青云	劉青雲
反射星云	反射星雲
叱咤风云	叱咤風雲
吞云吐雾	吞雲吐霧
尘云	塵雲
堕云雾中	墮雲霧中
多云	多雲
天有不测风云，人有旦夕祸福	天有不測風雲，人有旦夕禍福
如云	如雲
客似云来	客似雲來
密云	密雲
密云区	密雲區
小云雀	小雲雀
层积云	層積雲
层云	層雲
左云	左雲
左云县	左雲縣
平步青云	平步青雲
彩云	彩雲
庆云	慶雲
庆云县	慶雲縣
拨云见日	撥雲見日
旋涡星云	旋渦星雲
星云	星雲
晴时多云	晴時多雲
曾经沧海难为水，除却巫山不是云	曾經滄海難為水，除卻巫山不是雲
河外星云	河外星雲
波状云	波狀雲
浮云	浮雲
浮云朝露	浮雲朝露
灌云	灌雲
灌云县	灌雲縣
火烧云	火燒雲
乌云	烏雲
烟消云散	煙消雲散
炽热火山云	熾熱火山雲
猎户座大星云	獵戶座大星雲
玫瑰星云	玫瑰星雲
疑云	疑雲
白云区	白雲區
白云岩	白雲岩
白云机场	白雲機場
白云母	白雲母
白云石	白雲石
白云矿区	白雲礦區
白云苍狗	白雲蒼狗
直上云霄	直上雲霄
礁湖星云	礁湖星雲
祥云县	祥雲縣
积雨云	積雨雲
积云	積雲
紫云	紫雲
紫云县	紫雲縣
紫云英	紫雲英
绮云	綺雲
缙云	縉雲
缙云县	縉雲縣
义薄云天	義薄雲天
翻手为云覆手变雨	翻手為雲覆手變雨
翻云覆雨	翻雲覆雨
老鹰星云	老鷹星雲
蘑菇云	蘑菇雲
蜘蛛星云	蜘蛛星雲
蟹状星云	蟹狀星雲
行云流水	行雲流水
起云剂	起雲劑
赵云	趙雲
连云	連雲
连云区	連雲區
连云港	連雲港
连云港市	連雲港市
过眼烟云	過眼煙雲
过眼云烟	過眼雲煙
金正云	金正雲
银河星云	銀河星雲
阴云	陰雲
陈云	陳雲
陈云林	陳雲林
雨层云	雨層雲
云南	雲南
云南柳莺	雲南柳鶯
云南白斑尾柳莺	雲南白斑尾柳鶯
云南省	雲南省
云吞	雲吞
云和	雲和
云和县	雲和縣
云梦	雲夢
云梦县	雲夢縣
云安	雲安
云安区	雲安區
云室	雲室
云层	雲層
云山雾罩	雲山霧罩
云冈石窟	雲岡石窟
云岩	雲岩
云岩区	雲岩區
云彩	雲彩
云散风流	雲散風流
云朵	雲朵
云杉	雲杉
云林	雲林
云林县	雲林縣
云梯	雲梯
云母	雲母
云气	雲氣
云沙	雲沙
云泥之差	雲泥之差
云浮	雲浮
云浮市	雲浮市
云消雾散	雲消霧散
云液	雲液
云溪	雲溪
云溪区	雲溪區
云烟	雲煙
云片糕	雲片糕
云珠	雲珠
云盘	雲盤
云石	雲石
云石斑鸭	雲石斑鴨
云窗雾槛	雲窗霧檻
云县	雲縣
云芝	雲芝
云英	雲英
云华	雲華
云计算	雲計算
云豹	雲豹
云贵川	雲貴川
云贵高原	雲貴高原
云阳	雲陽
云阳县	雲陽縣
云隙光	雲隙光
云雀	雲雀
云集	雲集
云雨	雲雨
云霄县	雲霄縣
云霄飞车	雲霄飛車
云雾	雲霧
云雾径迹	雲霧徑跡
云霭	雲靄
云头	雲頭
云鬓	雲鬢
云龙	雲龍
云龙区	雲龍區
云龙县	雲龍縣
电子云	電子雲
青云	青雲
青云直上	青雲直上
青云谱	青雲譜
青云谱区	青雲譜區
风流云散	風流雲散
风云	風雲
风云人物	風雲人物
风云变幻	風雲變幻
飞机云	飛機雲
飞行云	飛行雲
马蹄星云	馬蹄星雲
马云	馬雲
马头星云	馬頭星雲
驾云	駕雲
高唱入云	高唱入雲
高层云	高層雲
高手如云	高手如雲
高积云	高積雲
高耸入云	高聳入雲
高云	高雲
鹰星云	鷹星雲
鹰状星云	鷹狀星雲
不知所云	不知所云
云城	云城
云城区	云城區
故云	故云
语云	語云
关云长	關云長
三苏	三蘇
上有天堂，下有苏杭	上有天堂，下有蘇杭
中华苏维埃共和国	中華蘇維埃共和國
中苏解决悬案大纲协定	中蘇解決懸案大綱協定
来苏糖	來蘇糖
前苏联	前蘇聯
南苏丹	南蘇丹
原苏联	原蘇聯
哈苏	哈蘇
堤拉米苏	堤拉米蘇
小苏打	小蘇打
尼苏	尼蘇
山苏	山蘇
川鲁粤苏浙闽湘徽	川魯粵蘇浙閩湘徽
帕拉塞尔苏斯	帕拉塞爾蘇斯
提拉米苏	提拉米蘇
摩苏尔	摩蘇爾
明尼苏达	明尼蘇達
明尼苏达州	明尼蘇達州
昭苏	昭蘇
昭苏县	昭蘇縣
曼苏尔	曼蘇爾
江苏	江蘇
江苏省	江蘇省
洋紫苏	洋紫蘇
洋苏	洋蘇
流苏	流蘇
流苏鹬	流蘇鷸
乌苏	烏蘇
乌苏市	烏蘇市
玛丽苏	瑪麗蘇
白苏	白蘇
紫苏	紫蘇
紫苏属	紫蘇屬
美苏	美蘇
翁山苏姬	翁山蘇姬
苏仙	蘇仙
苏仙区	蘇仙區
苏伊士运河	蘇伊士運河
苏占区	蘇佔區
苏俄	蘇俄
苏修	蘇修
苏共	蘇共
苏利南	蘇利南
苏合香	蘇合香
苏报案	蘇報案
苏姆盖特	蘇姆蓋特
苏富比	蘇富比
苏宁电器	蘇寧電器
苏州	蘇州
苏州大学	蘇州大學
苏州市	蘇州市
苏州河	蘇州河
苏州码子	蘇州碼子
苏州话	蘇州話
苏必利尔湖	蘇必利爾湖
苏打	蘇打
苏打水	蘇打水
苏打粉	蘇打粉
苏拉威西	蘇拉威西
苏易简	蘇易簡
苏曼殊	蘇曼殊
苏木	蘇木
苏杭	蘇杭
苏东坡	蘇東坡
苏枋	蘇枋
苏枋木	蘇枋木
苏格拉底	蘇格拉底
苏格兰	蘇格蘭
苏格兰场	蘇格蘭場
苏格兰女王玛丽	蘇格蘭女王瑪麗
苏格兰帽	蘇格蘭帽
苏格兰牧羊犬	蘇格蘭牧羊犬
苏步青	蘇步青
苏武	蘇武
苏氨酸	蘇氨酸
苏洵	蘇洵
苏澳	蘇澳
苏澳镇	蘇澳鎮
苏尔	蘇爾
苏珊	蘇珊
苏珊·波伊尔	蘇珊·波伊爾
苏瓦	蘇瓦
苏生	蘇生
苏禄	蘇祿
苏秦	蘇秦
苏维埃	蘇維埃
苏维埃俄国	蘇維埃俄國
苏维埃社会主义共和国联盟	蘇維埃社會主義共和國聯盟
苏绣	蘇繡
苏美尔	蘇美爾
苏联	蘇聯
苏联之友社	蘇聯之友社
苏胺酸	蘇胺酸
苏菜	蘇菜
苏菲	蘇菲
苏莱曼	蘇萊曼
苏西洛	蘇西洛
苏贞昌	蘇貞昌
苏超	蘇超
苏轼	蘇軾
苏辙	蘇轍
苏金达	蘇金達
苏铁	蘇鐵
苏非主义	蘇非主義
苏黎世	蘇黎世
苏黎世联邦理工学院	蘇黎世聯邦理工學院
阿苏山	阿蘇山
马苏德	馬蘇德
噜苏	嚕囌
啰苏	囉囌
苏醒	甦醒
三角旗	三角旗
五星红旗	五星紅旗
伊金霍洛旗	伊金霍洛旗
偃旗息鼓	偃旗息鼓
八旗	八旗
八旗子弟	八旗子弟
区旗	區旗
半旗	半旗
吴旗	吳旗
吴旗县	吳旗縣
喀喇沁旗	喀喇沁旗
四子王旗	四子王旗
国旗	國旗
土默特右旗	土默特右旗
土默特左旗	土默特左旗
大张旗鼓	大張旗鼓
大旗	大旗
奈曼旗	奈曼旗
察哈尔右翼中旗	察哈爾右翼中旗
察哈尔右翼前旗	察哈爾右翼前旗
巴林右旗	巴林右旗
巴林左旗	巴林左旗
库伦旗	庫倫旗
彩旗	彩旗
彩虹旗	彩虹旗
战旗	戰旗
拉大旗作虎皮	拉大旗作虎皮
挂旗	掛旗
摇旗呐喊	搖旗吶喊
搴旗	搴旗
敖汉旗	敖漢旗
新巴尔虎右旗	新巴爾虎右旗
新巴尔虎左旗	新巴爾虎左旗
旌旗	旌旗
旗丁	旗丁
旗下	旗下
旗人	旗人
旗兵	旗兵
旗子	旗子
旗官	旗官
旗幅	旗幅
旗帜	旗幟
旗手	旗手
旗校	旗校
旗标	旗標
旗津	旗津
旗津区	旗津區
旗牌	旗牌
旗瓣	旗瓣
旗籍	旗籍
旗舰	旗艦
旗舰店	旗艦店
旗号	旗號
旗袍	旗袍
旗装	旗裝
旗语	旗語
旗开得胜	旗開得勝
星条旗	星條旗
杭锦旗	杭錦旗
东乌珠穆沁旗	東烏珠穆沁旗
正蓝旗	正藍旗
正兰旗	正蘭旗
正镶白旗	正鑲白旗
乌审旗	烏審旗
乌拉特中旗	烏拉特中旗
乌拉特前旗	烏拉特前旗
牙旗	牙旗
白旗	白旗
社旗	社旗
社旗县	社旗縣
科右中旗	科右中旗
科右前旗	科右前旗
科尔沁右翼中旗	科爾沁右翼中旗
科尔沁右翼前旗	科爾沁右翼前旗
科尔沁左翼中旗	科爾沁左翼中旗
米字旗	米字旗
红旗区	紅旗區
绿旗兵	綠旗兵
翁牛特旗	翁牛特旗
自治旗	自治旗
莫力达瓦达斡尔族自治旗	莫力達瓦達斡爾族自治旗
号旗	號旗
西乌珠穆沁旗	西烏珠穆沁旗
达拉特旗	達拉特旗
达尔罕茂明安联合旗	達爾罕茂明安聯合旗
达茂旗	達茂旗
鄂伦春自治旗	鄂倫春自治旗
重整旗鼓	重整旗鼓
锦旗	錦旗
镶黄旗	鑲黃旗
阿巴嘎旗	阿巴嘎旗
阿拉善右旗	阿拉善右旗
阿拉善左旗	阿拉善左旗
阿荣旗	阿榮旗
阿鲁科尔沁旗	阿魯科爾沁旗
降旗	降旗
陈巴尔虎旗	陳巴爾虎旗
队旗	隊旗
雪山狮子旗	雪山獅子旗
额济纳旗	額濟納旗
风马旗	風馬旗
鲤鱼旗	鯉魚旗
黑旗军	黑旗軍
三跪九叩	三跪九叩
叩问	叩問
叩应	叩應
叩拜	叩拜
叩球	叩球
叩见	叩見
叩谒	叩謁
叩门	叩門
叩关	叩關
叩头	叩頭
叩首	叩首
跪叩	跪叩
三只手	三隻手
大只	大隻
孤身只影	孤身隻影
形单影只	形單影隻
牛只	牛隻
独具只眼	獨具隻眼
脚踏两只船	腳踏兩隻船
脚踩两只船	腳踩兩隻船
船只	船隻
舰只	艦隻
跳一只脚	跳一隻腳
只字不提	隻字不提
只眼独具	隻眼獨具
只身	隻身
不只	不只
不怕不识货，只怕货比货	不怕不識貨，只怕貨比貨
不怕官，只怕管	不怕官，只怕管
世上无难事，只怕有心人	世上無難事，只怕有心人
只不过	只不過
只可意会，不可言传	只可意會，不可言傳
只好	只好
只得	只得
只怕	只怕
只是	只是
只有	只有
只欠东风	只欠東風
只消	只消
只争旦夕	只爭旦夕
只争朝夕	只爭朝夕
只知其一，不知其二	只知其一，不知其二
只管	只管
只能	只能
只要	只要
只要功夫深，铁杵磨成针	只要功夫深，鐵杵磨成針
只见	只見
只见树木，不见森林	只見樹木，不見森林
只言片语	只言片語
只许州官放火，不许百姓点灯	只許州官放火，不許百姓點燈
只说不做	只說不做
只读	只讀
只顾	只顧
可擦除可编程只读存储器	可擦除可編程只讀存儲器
天下无难事，只怕有心人	天下無難事，只怕有心人
三鲜	三鮮
保鲜	保鮮
保鲜纸	保鮮紙
保鲜膜	保鮮膜
光鲜	光鮮
北朝鲜	北朝鮮
南朝鲜	南朝鮮
尝鲜	嘗鮮
地三鲜	地三鮮
小鲜肉	小鮮肉
屡见不鲜	屢見不鮮
延边朝鲜族自治州	延邊朝鮮族自治州
德薄能鲜	德薄能鮮
数见不鲜	數見不鮮
新鲜	新鮮
朝鲜	朝鮮
朝鲜中央通讯社	朝鮮中央通訊社
朝鲜人	朝鮮人
朝鲜八道	朝鮮八道
朝鲜劳动党	朝鮮勞動黨
朝鲜半岛	朝鮮半島
朝鲜太宗	朝鮮太宗
朝鲜字母	朝鮮字母
朝鲜战争	朝鮮戰爭
朝鲜文	朝鮮文
朝鲜族	朝鮮族
朝鲜日报	朝鮮日報
朝鲜民主主义人民共和国	朝鮮民主主義人民共和國
朝鲜海峡	朝鮮海峽
朝鲜筝	朝鮮箏
朝鲜总督府	朝鮮總督府
朝鲜语	朝鮮語
李氏朝鲜	李氏朝鮮
毛泽东：鲜为人知的故事	毛澤東：鮮為人知的故事
治大国若烹小鲜	治大國若烹小鮮
海鲜	海鮮
海鲜酱	海鮮醬
浅鲜	淺鮮
生鲜	生鮮
肥鲜	肥鮮
卫氏朝鲜	衛氏朝鮮
卫满朝鲜	衛滿朝鮮
轮廓鲜明	輪廓鮮明
长白朝鲜族自治县	長白朝鮮族自治縣
鲜亮	鮮亮
鲜剥	鮮剝
鲜卑	鮮卑
鲜卑族	鮮卑族
鲜味	鮮味
鲜啤酒	鮮啤酒
鲜少	鮮少
鲜明	鮮明
鲜明个性	鮮明個性
鲜橙多	鮮橙多
鲜活	鮮活
鲜活货物	鮮活貨物
鲜为人知	鮮為人知
鲜烈	鮮烈
鲜红	鮮紅
鲜美	鮮美
鲜菜	鮮菜
鲜血	鮮血
鲜艳	鮮豔
鲜货	鮮貨
上下铺	上下鋪
五金店铺	五金店鋪
商铺	商鋪
平铺直叙	平鋪直敘
床铺	床鋪
店铺	店鋪
打地铺	打地鋪
搬铺	搬鋪
查铺	查鋪
紫坪铺	紫坪鋪
紫坪铺水库	紫坪鋪水庫
统铺	統鋪
肉铺	肉鋪
卧铺	臥鋪
质铺	質鋪
酒铺	酒鋪
铺位	鋪位
铺保	鋪保
铺垫	鋪墊
铺天盖地	鋪天蓋地
铺子	鋪子
铺展	鋪展
铺平	鋪平
铺床	鋪床
铺底	鋪底
铺张	鋪張
铺张浪费	鋪張浪費
铺户	鋪戶
铺捐	鋪捐
铺排	鋪排
铺摊	鋪攤
铺放	鋪放
铺叙	鋪敘
铺梗	鋪梗
铺炕	鋪炕
铺砌	鋪砌
铺衍	鋪衍
铺设	鋪設
铺路	鋪路
铺轨	鋪軌
铺陈	鋪陳
铺首	鋪首
美体小铺	美體小舖
吉普斯夸	吉普斯夸
浮夸	浮誇
王婆卖瓜，自卖自夸	王婆賣瓜，自賣自誇
老王卖瓜，自卖自夸	老王賣瓜，自賣自誇
自夸	自誇
虚夸	虛誇
夸下海口	誇下海口
夸口	誇口
夸大	誇大
夸大之词	誇大之詞
夸大其词	誇大其詞
夸张	誇張
夸海口	誇海口
夸奖	誇獎
夸称	誇稱
夸耀	誇耀
夸赞	誇贊
上层建筑	上層建築
修筑	修築
建筑	建築
建筑学	建築學
建筑工人	建築工人
建筑师	建築師
建筑业	建築業
建筑物	建築物
建筑群	建築群
浇筑	澆築
版筑	版築
筑城	築城
筑室道谋	築室道謀
筑巢	築巢
高层建筑	高層建築
筑波	筑波
上栗	上栗
上栗县	上栗縣
栗啄木鸟	栗啄木鳥
栗喉蜂虎	栗喉蜂虎
栗喉鵙鹛	栗喉鵙鶥
栗子	栗子
栗斑杜鹃	栗斑杜鵑
栗斑腹鹀	栗斑腹鵐
栗树鸭	栗樹鴨
栗耳短脚鹎	栗耳短腳鵯
栗耳凤鹛	栗耳鳳鶥
栗耳鹀	栗耳鵐
栗背伯劳	栗背伯勞
栗背奇鹛	栗背奇鶥
栗背岩鹨	栗背岩鷚
栗背短翅鸫	栗背短翅鶇
栗背短脚鹎	栗背短腳鵯
栗腹文鸟	栗腹文鳥
栗腹歌鸲	栗腹歌鴝
栗腹矶鸫	栗腹磯鶇
栗腹䴓	栗腹鳾
栗臀䴓	栗臀鳾
栗色	栗色
栗苇鳽	栗葦鳽
栗头八色鸫	栗頭八色鶇
栗头地莺	栗頭地鶯
栗头蜂虎	栗頭蜂虎
栗头雀鹛	栗頭雀鶥
栗头鹟莺	栗頭鶲鶯
栗颊噪鹛	栗頰噪鶥
栗颈噪鹛	栗頸噪鶥
栗额鵙鹛	栗額鵙鶥
栗鸢	栗鳶
栗鳽	栗鳽
栗鸮	栗鴞
栗鹀	栗鵐
栗鼠	栗鼠
榛栗	榛栗
水栗	水栗
火中取栗	火中取栗
红醋栗	紅醋栗
苗栗	苗栗
苗栗市	苗栗市
苗栗县	苗栗縣
西南栗耳凤鹛	西南栗耳鳳鶥
醋栗	醋栗
麻栗坡	麻栗坡
麻栗坡县	麻栗坡縣
黄嘴栗啄木鸟	黃嘴栗啄木鳥
黑醋栗	黑醋栗
不寒而栗	不寒而慄
悸栗	悸慄
栗然	慄然
战栗	戰慄
股栗	股慄
觱栗	觱慄
震栗	震慄
惊栗	驚慄
中国广播公司	中國廣播公司
京广	京廣
京广铁路	京廣鐵路
仁川广域市	仁川廣域市
光州广域市	光州廣域市
全美广播公司	全美廣播公司
两广	兩廣
两广总督	兩廣總督
北上广	北上廣
北上广深	北上廣深
北京广播学院	北京廣播學院
吴广	吳廣
哥伦比亚广播公司	哥倫比亞廣播公司
地广人稀	地廣人稀
增广	增廣
大庭广众	大庭廣眾
大田广域市	大田廣域市
大邱广域市	大邱廣域市
天安门广场	天安門廣場
太平广记	太平廣記
宽广	寬廣
宽广度	寬廣度
小区广播	小區廣播
小广播	小廣播
康广仁	康廣仁
广九	廣九
广九铁路	廣九鐵路
广交会	廣交會
广传	廣傳
广元	廣元
广元市	廣元市
广南	廣南
广南县	廣南縣
广博	廣博
广告	廣告
广告主	廣告主
广告位	廣告位
广告商	廣告商
广告宣传	廣告宣傳
广告宣传画	廣告宣傳畫
广告宣传车	廣告宣傳車
广告拦截器	廣告攔截器
广告条幅	廣告條幅
广告栏	廣告欄
广告片	廣告片
广告牌	廣告牌
广告衫	廣告衫
广域市	廣域市
广域网	廣域網
广域网路	廣域網路
广场	廣場
广场恐惧	廣場恐懼
广场舞	廣場舞
广外	廣外
广大	廣大
广子	廣子
广安	廣安
广安市	廣安市
广安门	廣安門
广宗	廣宗
广宗县	廣宗縣
广宁	廣寧
广宁县	廣寧縣
广岛	廣島
广岛县	廣島縣
广州	廣州
广州市	廣州市
广州日报	廣州日報
广州美术学院	廣州美術學院
广平	廣平
广平县	廣平縣
广度	廣度
广式	廣式
广德	廣德
广德市	廣德市
广播	廣播
广播剧	廣播劇
广播员	廣播員
广播室	廣播室
广播节目	廣播節目
广播网	廣播網
广播网路	廣播網路
广昌	廣昌
广昌县	廣昌縣
广普	廣普
广东	廣東
广东人	廣東人
广东外语外贸大学	廣東外語外貿大學
广东海洋大学	廣東海洋大學
广东省	廣東省
广东科学技术职业学院	廣東科學技術職業學院
广东话	廣東話
广柑	廣柑
广水	廣水
广水市	廣水市
广河	廣河
广河县	廣河縣
广泛	廣泛
广泛影响	廣泛影響
广漠	廣漠
广汉	廣漢
广汉市	廣漢市
广为	廣為
广目天	廣目天
广砚	廣硯
广结良缘	廣結良緣
广义	廣義
广义相对论	廣義相對論
广而告之	廣而告之
广藿香	廣藿香
广袤	廣袤
广西	廣西
广西壮族自治区	廣西壯族自治區
广西省	廣西省
广角	廣角
广角镜	廣角鏡
广角镜头	廣角鏡頭
广记不如淡墨	廣記不如淡墨
广谱	廣譜
广开言路	廣開言路
广阔	廣闊
广陵	廣陵
广陵区	廣陵區
广阳	廣陽
广阳区	廣陽區
广雅	廣雅
广电	廣電
广灵	廣靈
广灵县	廣靈縣
广韵	廣韻
广饶	廣饒
广饶县	廣饒縣
心广体胖	心廣體胖
推广	推廣
推而广之	推而廣之
插播广告	插播廣告
敖广	敖廣
时代广场	時代廣場
李广	李廣
条幅广告	條幅廣告
植入式广告	植入式廣告
深广	深廣
渊广	淵廣
湖广	湖廣
无线电广播	無線電廣播
登广告	登廣告
神通广大	神通廣大
积厚流广	積厚流廣
细胞广播	細胞廣播
网上广播	網上廣播
网络广告	網絡廣告
美国全国广播公司	美國全國廣播公司
美国广播公司	美國廣播公司
英国广播公司	英國廣播公司
英广	英廣
见多识广	見多識廣
记忆广度	記憶廣度
诸广山	諸廣山
购物广场	購物廣場
釜山广域市	釜山廣域市
阅读广度	閱讀廣度
陈胜吴广起义	陳勝吳廣起義
集思广益	集思廣益
点击付费广告	點擊付費廣告
上海证券交易所	上海證券交易所
上证	上證
上证综合指数	上證綜合指數
不可撤销信用证	不可撤銷信用證
中国证券报	中國證券報
中国证券监督管理委员会	中國證券監督管理委員會
中国证监会	中國證監會
事证	事證
人证	人證
以资证明	以資證明
佐证	佐證
作证	作證
作证能力	作證能力
例证	例證
保证	保證
保证人	保證人
保证金	保證金
信用证	信用證
信用证券	信用證券
借书证	借書證
伦敦证券交易所	倫敦證券交易所
伪证	偽證
催证	催證
债务担保证券	債務擔保證券
债务证券	債務證券
债务证书	債務證書
八纲辨证	八綱辨證
公证	公證
公证人	公證人
公证处	公證處
再保证	再保證
出生证	出生證
出生证明	出生證明
出生证明书	出生證明書
印证	印證
反证	反證
取证	取證
可转让证券	可轉讓證券
合格证	合格證
单证	單證
婚前财产公证	婚前財產公證
存款证	存款證
孤证	孤證
孤证不立	孤證不立
学位证书	學位證書
学生证	學生證
宣誓供词证明	宣誓供詞證明
宣誓证言	宣誓證言
实证	實證
实证主义	實證主義
对证	對證
居住证	居住證
居留证	居留證
履约保证金	履約保證金
工作证	工作證
引证	引證
得证	得證
循环论证	循環論證
凭证	憑證
房产证	房產證
指证	指證
授证	授證
挂号证	掛號證
换证	換證
旁证	旁證
明证	明證
书证	書證
未经证实	未經證實
村证房	村證房
查证	查證
概念验证	概念驗證
检证	檢證
权证	權證
死无对证	死無對證
永久居留证	永久居留證
求证	求證
深圳证券交易所	深圳證券交易所
物证	物證
产地证	產地證
毕业证书	畢業證書
痹证	痺證
登机证	登機證
眼证	眼證
票证	票證
纽约证券交易所	紐約證券交易所
结婚证	結婚證
美国证券交易委员会	美國證券交易委員會
耶和华见证人	耶和華見證人
肄业证书	肄業證書
举证	舉證
血证	血證
见证	見證
见证人	見證人
许可证	許可證
认证	認證
论证	論證
证交所	證交所
证人	證人
证件	證件
证供	證供
证伪	證偽
证券	證券
证券交易所	證券交易所
证券代销	證券代銷
证券公司	證券公司
证券化率	證券化率
证券商	證券商
证券委	證券委
证券委员会	證券委員會
证券市场	證券市場
证券经营	證券經營
证券经纪人	證券經紀人
证券行	證券行
证奴	證奴
证婚	證婚
证婚人	證婚人
证实	證實
证实礼	證實禮
证明	證明
证明力	證明力
证明完毕	證明完畢
证明文件	證明文件
证明书	證明書
证书	證書
证物	證物
证监会	證監會
证章	證章
证言	證言
证词	證詞
证验	證驗
财产公证	財產公證
资产担保证券	資產擔保證券
质证	質證
迹证	跡證
身份证	身份證
身份证明	身份證明
身份证号码	身份證號碼
身分证号码	身分證號碼
办证	辦證
辨证	辨證
辨证施治	辨證施治
辨证论治	辨證論治
辩证	辯證
辩证唯物主义	辯證唯物主義
通行证	通行證
通证	通證
铁证	鐵證
铁证如山	鐵證如山
鉴证	鑑證
领证	領證
驾驶证	駕駛證
验证	驗證
验证码	驗證碼
上热搜	上熱搜
人肉搜索	人肉搜索
人肉搜索引擎	人肉搜索引擎
全文搜索	全文搜索
搜寻	搜尋
搜寻引擎	搜尋引擎
搜寻软体	搜尋軟體
搜括	搜括
搜捕	搜捕
搜救	搜救
搜救犬	搜救犬
搜查	搜查
搜查令	搜查令
搜检	搜檢
搜求	搜求
搜狐	搜狐
搜狐网	搜狐網
搜狗	搜狗
搜神记	搜神記
搜索	搜索
搜索引擎	搜索引擎
搜索枯肠	搜索枯腸
搜索树	搜索樹
搜索票	搜索票
搜索队	搜索隊
搜罗	搜羅
搜身	搜身
热搜	熱搜
肉搜	肉搜
情搜	情蒐
搜集	蒐集
上眼药	上眼藥
下药	下藥
不可救药	不可救藥
不死药	不死藥
中成药	中成藥
中草药	中草藥
中药	中藥
丹药	丹藥
交叉耐药性	交叉耐藥性
仙药	仙藥
令药	令藥
以药养医	以藥養醫
催眠药	催眠藥
传统中国医药	傳統中國醫藥
传统医药	傳統醫藥
入药	入藥
八宝眼药	八寶眼藥
前药	前藥
化学弹药	化學彈藥
北京中医药大学	北京中醫藥大學
原研药	原研藥
司药	司藥
吃药	吃藥
吃错药	吃錯藥
单味药	單味藥
嗑药	嗑藥
嗨药	嗨藥
国药	國藥
坐药	坐藥
塑胶炸药	塑膠炸藥
孤儿药	孤兒藥
学名药	學名藥
安眠药	安眠藥
专利药品	專利藥品
山药	山藥
山药蛋	山藥蛋
弹药	彈藥
弹药库	彈藥庫
弹药补给站	彈藥補給站
感冒药	感冒藥
成药	成藥
抓药	抓藥
抗病毒药	抗病毒藥
抗组胺药	抗組胺藥
抗菌药	抗菌藥
抗药	抗藥
抗药性	抗藥性
抗药能力	抗藥能力
换汤不换药	換湯不換藥
敷汤药	敷湯藥
春药	春藥
是药三分毒	是藥三分毒
服药	服藥
服药过量	服藥過量
末药	末藥
李百药	李百藥
止痛药	止痛藥
杀虫药	殺蟲藥
杀鼠药	殺鼠藥
毒药	毒藥
没药	沒藥
消炎药	消炎藥
汤药	湯藥
灭鼠药	滅鼠藥
泻药	瀉藥
火药	火藥
火药味	火藥味
火药味甚浓	火藥味甚濃
炸药	炸藥
无可救药	無可救藥
无药可救	無藥可救
无农药	無農藥
熬药	熬藥
特效药	特效藥
狗皮膏药	狗皮膏藥
兽药	獸藥
生技医药	生技醫藥
生物弹药	生物彈藥
生药	生藥
眼药	眼藥
眼药水	眼藥水
祛痰药	祛痰藥
禁药	禁藥
精神药物	精神藥物
红药水	紅藥水
给药	給藥
耐药性	耐藥性
膏药	膏藥
良药	良藥
良药苦口	良藥苦口
芍药	芍藥
草药	草藥
药丸	藥丸
药代动力学	藥代動力學
药典	藥典
药到病除	藥到病除
药剂	藥劑
药剂士	藥劑士
药剂师	藥劑師
药动学	藥動學
药品	藥品
药商	藥商
药妆	藥妝
药妆店	藥妝店
药学	藥學
药师	藥師
药师如来	藥師如來
药师经	藥師經
药店	藥店
药性	藥性
药房	藥房
药效	藥效
药方	藥方
药材	藥材
药棉	藥棉
药检	藥檢
药流	藥流
药渣	藥渣
药片	藥片
药物	藥物
药物代谢动力学	藥物代謝動力學
药物学	藥物學
药理	藥理
药理学	藥理學
药瓶	藥瓶
药用	藥用
药疗	藥療
药罐	藥罐
药膏	藥膏
药膳	藥膳
药苗	藥苗
药草	藥草
药蜀葵	藥蜀葵
药补	藥補
药补不如食补	藥補不如食補
处方药	處方藥
补药	補藥
西药	西藥
解毒药	解毒藥
解药	解藥
解酸药	解酸藥
试药族	試藥族
调药刀	調藥刀
跌打药	跌打藥
农药	農藥
迷幻药	迷幻藥
迷药	迷藥
迷魂药	迷魂藥
退烧药	退燒藥
违禁药品	違禁藥品
避孕药	避孕藥
配药	配藥
酒药	酒藥
医药	醫藥
医药商店	醫藥商店
医药学	醫藥學
镇定药	鎮定藥
镇痛药	鎮痛藥
镇静药	鎮靜藥
开药	開藥
阿仙药	阿仙藥
降血压药	降血壓藥
灵丹妙药	靈丹妙藥
灵药	靈藥
非处方药	非處方藥
麻药	麻藥
麻醉药	麻醉藥
麻醉药品	麻醉藥品
黄色炸药	黃色炸藥
鼠药	鼠藥
上确界	上確界
下确界	下確界
不明确	不明確
不正确	不正確
不确定性原理	不確定性原理
不确实	不確實
政治正确	政治正確
明确	明確
正确	正確
正确路线	正確路線
的确	的確
的确良	的確良
真确	真確
确乎	確乎
确保	確保
确信	確信
确切	確切
确定	確定
确定性	確定性
确实	確實
确山	確山
确山县	確山縣
确是	確是
确有其事	確有其事
确立	確立
确诊	確診
确认	確認
确凿	確鑿
确凿不移	確鑿不移
精确	精確
精确度	精確度
下划线	下劃線
人类基因组计划	人類基因組計劃
企划	企劃
共享计划	共享計劃
具体计划	具體計劃
出谋划策	出謀劃策
划一	劃一
划一不二	劃一不二
划下	劃下
划位	劃位
划伤	劃傷
划分	劃分
划切	劃切
划圆防守	劃圓防守
划定	劃定
划掉	劃掉
划拨	劃撥
划时代	劃時代
划归	劃歸
划清	劃清
划痕	劃痕
划破	劃破
划线	劃線
划过	劃過
划重点	劃重點
勾划	勾劃
区划	區劃
古腾堡计划	古騰堡計劃
商业计划	商業計劃
土地利用规划	土地利用規劃
城市规划	城市規劃
太阳神计划	太陽神計劃
市场划分	市場劃分
指手划脚	指手劃腳
擘划	擘劃
救恩计划	救恩計劃
整齐划一	整齊劃一
新闻策划	新聞策劃
比划	比劃
比手划脚	比手劃腳
皮划艇	皮劃艇
皮划艇静水	皮劃艇靜水
策划	策劃
策划人	策劃人
筹划	籌劃
统一规划	統一規劃
网络规划人员	網絡規劃人員
线性规划	線性規劃
总体规划	總體規劃
联合国环境规划署	聯合國環境規劃署
行动计划	行動計劃
行政区划	行政區劃
行政区划图	行政區劃圖
规划	規劃
规划人员	規劃人員
计划	計劃
计划生育	計劃生育
计划目标	計劃目標
计划经济	計劃經濟
谋划	謀劃
阿波罗计划	阿波羅計劃
不划算	不划算
划不来	划不來
划子	划子
划得来	划得來
划拉	划拉
划拳	划拳
划桨	划槳
划算	划算
划船	划船
划船机	划船機
划艇	划艇
下奶	下奶
二奶	二奶
人造奶油	人造奶油
催奶	催奶
包二奶	包二奶
吃奶	吃奶
吃奶之力	吃奶之力
吃奶的力气	吃奶的力氣
吃奶的气力	吃奶的氣力
吸奶	吸奶
吸奶器	吸奶器
奶名	奶名
奶品	奶品
奶嘴	奶嘴
奶娘	奶娘
奶妈	奶媽
奶子	奶子
奶帅	奶帥
奶拽	奶拽
奶昔	奶昔
奶母	奶母
奶水	奶水
奶汁	奶汁
奶汁烤	奶汁烤
奶油	奶油
奶油小生	奶油小生
奶油鸡蛋	奶油雞蛋
奶汤	奶湯
奶爸	奶爸
奶牛	奶牛
奶牛场	奶牛場
奶瓶	奶瓶
奶白菜	奶白菜
奶站	奶站
奶粉	奶粉
奶精	奶精
奶素	奶素
奶罩	奶罩
奶茶	奶茶
奶蛋素	奶蛋素
奶农	奶農
奶酥	奶酥
奶酪	奶酪
奶酪火锅	奶酪火鍋
奶音	奶音
奶头	奶頭
奶头乐	奶頭樂
奶黄	奶黃
奶黄包	奶黃包
安抚奶嘴	安撫奶嘴
小奶狗	小奶狗
师奶	師奶
意式奶冻	意式奶凍
打奶	打奶
掼奶油	摜奶油
挤奶	擠奶
断奶	斷奶
会哭的孩子有奶吃	會哭的孩子有奶吃
有奶便是娘	有奶便是娘
有奶就是娘	有奶就是娘
椰奶	椰奶
母乳化奶粉	母乳化奶粉
毒奶	毒奶
毒奶粉	毒奶粉
波霸奶茶	波霸奶茶
液态奶	液態奶
涨奶	漲奶
牛奶	牛奶
牛奶糖	牛奶糖
珍奶	珍奶
珍珠奶茶	珍珠奶茶
生奶油	生奶油
白脱牛奶	白脫牛奶
石头奶	石頭奶
纯牛奶	純牛奶
羊奶	羊奶
蓝纹奶酪	藍紋奶酪
蛋奶冻	蛋奶凍
蛋奶素	蛋奶素
蛋奶酥	蛋奶酥
豆奶	豆奶
乡村奶酪	鄉村奶酪
配方奶	配方奶
酸奶	酸奶
酸奶油	酸奶油
酸奶节	酸奶節
阿奶	阿奶
马奶酒	馬奶酒
下摆	下擺
停摆	停擺
傅科摆	傅科擺
前摆	前擺
单摆	單擺
大摇大摆	大搖大擺
平摆	平擺
扭摆	扭擺
摇摆	搖擺
摇摆不定	搖擺不定
摇摆州	搖擺州
摇摆乐	搖擺樂
摇摆舞	搖擺舞
摇头摆尾	搖頭擺尾
摆事实讲道理	擺事實講道理
摆出	擺出
摆动	擺動
摆地摊	擺地攤
摆子	擺子
摆平	擺平
摆弄	擺弄
摆手	擺手
摆拍	擺拍
摆摊	擺攤
摆摊子	擺攤子
摆放	擺放
摆明	擺明
摆晃	擺晃
摆架子	擺架子
摆样子	擺樣子
摆渡	擺渡
摆渡车	擺渡車
摆满	擺滿
摆乌龙	擺烏龍
摆烂	擺爛
摆盘	擺盤
摆线	擺線
摆脱	擺脫
摆脱危机	擺脫危機
摆设儿	擺設兒
摆谱	擺譜
摆卖	擺賣
摆轮	擺輪
摆造型	擺造型
摆阔	擺闊
摆饰	擺飾
摆龙门阵	擺龍門陣
明摆着	明擺著
东摇西摆	東搖西擺
双摆	雙擺
显摆	顯擺
裙摆	裙襬
下花园	下花園
下花园区	下花園區
世外桃花源	世外桃花源
乱花	亂花
乱花钱	亂花錢
五花八门	五花八門
五花大绑	五花大綁
五花肉	五花肉
交际花	交際花
供花	供花
傍柳随花	傍柳隨花
两性花	兩性花
冰花	冰花
凌霄花	凌霄花
凝花菜	凝花菜
凹凸轧花	凹凸軋花
刨花	刨花
刺花	刺花
刺花纹	刺花紋
十字花科	十字花科
印花	印花
印花税	印花稅
厚嘴啄花鸟	厚嘴啄花鳥
叫花子	叫花子
名花有主	名花有主
唐花	唐花
啄花鸟	啄花鳥
啤酒花	啤酒花
喇叭花	喇叭花
国花	國花
报春花	報春花
压花	壓花
多栽花少栽刺	多栽花少栽刺
夜开花	夜開花
大理花	大理花
大丽花	大麗花
天花	天花
天花乱坠	天花亂墜
天花病毒	天花病毒
太阳花	太陽花
奇花异卉	奇花異卉
奇花异草	奇花異草
如花	如花
如花似玉	如花似玉
妙笔生花	妙筆生花
姐妹花	姐妹花
孽海花	孽海花
安祖花	安祖花
客西马尼花园	客西馬尼花園
寻花	尋花
寻花问柳	尋花問柳
小花	小花
小葵花凤头鹦鹉	小葵花鳳頭鸚鵡
山茶花	山茶花
弹花	彈花
彼岸花	彼岸花
心花怒放	心花怒放
惹草拈花	惹草拈花
拈花惹草	拈花惹草
拷花	拷花
挑花	挑花
挑花眼	挑花眼
捧花	捧花
挂花	掛花
探花	探花
提花	提花
插花	插花
搞花样	搞花樣
击鼓传花	擊鼓傳花
挤花	擠花
挤花袋	擠花袋
攀枝花市	攀枝花市
败柳残花	敗柳殘花
旋花科	旋花科
旋覆花	旋覆花
明日黄花	明日黃花
昏花	昏花
易初莲花	易初蓮花
春江花月夜	春江花月夜
昙花	曇花
昙花一现	曇花一現
月下花前	月下花前
朝花夕拾	朝花夕拾
木兰花	木蘭花
木鱼花	木魚花
杏花村	杏花村
杜鹃花	杜鵑花
杜鹃花科	杜鵑花科
柔荑花序	柔荑花序
柳啼花怨	柳啼花怨
柳烟花雾	柳煙花霧
柳绿花红	柳綠花紅
柳陌花衢	柳陌花衢
校花	校花
格子花呢	格子花呢
桂花	桂花
桃花	桃花
桃花心木	桃花心木
桃花扇	桃花扇
桃花水母	桃花水母
桃花汛	桃花汛
桃花源	桃花源
桃花运	桃花運
梅花	梅花
梅花拳	梅花拳
梅花鹿	梅花鹿
栀子花	梔子花
梨花带雨	梨花帶雨
棉花	棉花
棉花棒	棉花棒
棉花糖	棉花糖
椰菜花	椰菜花
乐开花	樂開花
楼花	樓花
树上开花	樹上開花
檵花	檵花
槛花笼鹤	檻花籠鶴
樱花	櫻花
樱花国	櫻花國
樱花妹	櫻花妹
樱花草	櫻花草
残花败柳	殘花敗柳
水仙花	水仙花
水性杨花	水性楊花
水花	水花
沐浴花	沐浴花
油花	油花
洛神花	洛神花
洞房花烛	洞房花燭
洞房花烛夜	洞房花燭夜
浪花	浪花
浴花	浴花
海上花列传	海上花列傳
海棠花	海棠花
泪花	淚花
湖北花楸	湖北花楸
满脸生花	滿臉生花
泼烟花	潑煙花
浇花	澆花
火树银花	火樹銀花
火花	火花
火花塞	火花塞
火鹤花	火鶴花
烟花	煙花
烟花债	煙花債
烟花场	煙花場
烟花女	煙花女
烟花寨	煙花寨
烟花巷	煙花巷
烟花市	煙花市
烟花柳巷	煙花柳巷
烟花爆竹	煙花爆竹
烟花簿	煙花簿
烟花粉黛	煙花粉黛
烟花行院	煙花行院
烟花阵	煙花陣
烟花风月	煙花風月
灯笼花	燈籠花
爆玉米花	爆玉米花
爆米花	爆米花
爆花	爆花
爆菊花	爆菊花
烂桃花	爛桃花
片花	片花
牵牛花	牽牛花
献花	獻花
玉米花	玉米花
玉兰花	玉蘭花
玫瑰花	玫瑰花
班花	班花
生花妙笔	生花妙筆
番红花	番紅花
白花蛇	白花蛇
白花蛇舌草	白花蛇舌草
百合花	百合花
百合花饰	百合花飾
百花园	百花園
百花奖	百花獎
百花运动	百花運動
百花齐放	百花齊放
百金花	百金花
盆花	盆花
看花眼	看花眼
眼花	眼花
眼花缭乱	眼花繚亂
矮脚白花蛇利草	矮腳白花蛇利草
石南花	石南花
石花菜	石花菜
礼花	禮花
移花接木	移花接木
种花	種花
空中花园	空中花園
窗花	窗花
童花头	童花頭
笔下生花	筆下生花
红梅花雀	紅梅花雀
红胸啄花鸟	紅胸啄花鳥
红花	紅花
红花岗	紅花崗
红花岗区	紅花崗區
纯色啄花鸟	純色啄花鳥
纸花	紙花
紫色花蜜鸟	紫色花蜜鳥
紫花地丁	紫花地丁
紫锥花	紫錐花
经丝彩色显花	經絲彩色顯花
绿花椰菜	綠花椰菜
绿花菜	綠花菜
绿菜花	綠菜花
繁花	繁花
织花	織花
绣球花	繡球花
绣花	繡花
绣花鞋	繡花鞋
群花	群花
羯鼓催花	羯鼓催花
老眼昏花	老眼昏花
老花	老花
老花眼	老花眼
老花镜	老花鏡
耍花招	耍花招
耍花样	耍花樣
胸花	胸花
脑花	腦花
脑袋开花	腦袋開花
舌灿莲花	舌燦蓮花
芙蓉花	芙蓉花
芥花油	芥花油
芫花	芫花
芫花素	芫花素
花俏	花俏
花光	花光
花儿	花兒
花冠	花冠
花冠皱盔犀鸟	花冠皺盔犀鳥
花前月下	花前月下
花剑	花劍
花匠	花匠
花卉	花卉
花丛	花叢
花名	花名
花呢	花呢
花哨	花哨
花呗	花唄
花商	花商
花圃	花圃
花圈	花圈
花园	花園
花园鞋	花園鞋
花地玛堂区	花地瑪堂區
花垣	花垣
花垣县	花垣縣
花坞	花塢
花大姐	花大姐
花天酒地	花天酒地
花好月圆	花好月圓
花子	花子
花季	花季
花容月貌	花容月貌
花尾榛鸡	花尾榛雞
花展	花展
花山	花山
花山区	花山區
花岗岩	花崗岩
花岗石	花崗石
花巧	花巧
花床	花床
花序	花序
花店	花店
花厅	花廳
花式	花式
花式溜冰	花式溜冰
花式滑冰	花式滑冰
花式足球	花式足球
花彩	花彩
花彩雀莺	花彩雀鶯
花心	花心
花心思	花心思
花户	花戶
花房	花房
花把势	花把勢
花把式	花把式
花押	花押
花招	花招
花括号	花括號
花拳	花拳
花掉	花掉
花斑	花斑
花斑癣	花斑癬
花旦	花旦
花时间	花時間
花会	花會
花朝月夕	花朝月夕
花朝节	花朝節
花木	花木
花木兰	花木蘭
花朵	花朵
花束	花束
花枝	花枝
花枝招展	花枝招展
花架子	花架子
花柱	花柱
花柳病	花柳病
花梗	花梗
花椒	花椒
花椰菜	花椰菜
花样	花樣
花样刀	花樣刀
花样滑冰	花樣滑冰
花池子	花池子
花活	花活
花溪	花溪
花溪区	花溪區
花滑	花滑
花洒	花灑
花火	花火
花炮	花炮
花无百日红	花無百日紅
花灯	花燈
花灯戏	花燈戲
花烛	花燭
花环	花環
花瓣	花瓣
花瓶	花瓶
花生	花生
花生仁	花生仁
花生秀	花生秀
花生米	花生米
花生酱	花生醬
花用	花用
花田鸡	花田雞
花甲	花甲
花痴	花痴
花白	花白
花盆	花盆
花石	花石
花石峡	花石峽
花童	花童
花簇	花簇
花粉	花粉
花粉热	花粉熱
花粉过敏	花粉過敏
花红	花紅
花红柳绿	花紅柳綠
花纹	花紋
花结	花結
花絮	花絮
花丝	花絲
花缎	花緞
花肥	花肥
花腔	花腔
花腹绿啄木鸟	花腹綠啄木鳥
花胶	花膠
花臂	花臂
花脸鸭	花臉鴨
花色	花色
花色素	花色素
花色素苷	花色素苷
花苞	花苞
花茶	花茶
花草	花草
花菜	花菜
花萼	花萼
花莲	花蓮
花莲市	花蓮市
花莲县	花蓮縣
花蕊	花蕊
花蕾	花蕾
花艺	花藝
花艺师	花藝師
花蛤	花蛤
花蜜	花蜜
花蟒	花蟒
花街	花街
花街柳巷	花街柳巷
花被	花被
花言巧语	花言巧語
花豹	花豹
花貌蓬心	花貌蓬心
花猫	花貓
花费	花費
花车	花車
花轿	花轎
花农	花農
花边	花邊
花边人物	花邊人物
花边新闻	花邊新聞
花都	花都
花都区	花都區
花酒	花酒
花销	花銷
花钱	花錢
花钱受气	花錢受氣
花钱找罪受	花錢找罪受
花鸡	花雞
花露水	花露水
花青素	花青素
花头	花頭
花头鹦鹉	花頭鸚鵡
花饰	花飾
花饺	花餃
花香	花香
花骨朵	花骨朵
花魁	花魁
花鲢	花鰱
花鸟	花鳥
花黄	花黃
花点子	花點子
花鼓	花鼓
花鼓戏	花鼓戲
苦菜花	苦菜花
茉莉花	茉莉花
茉莉花茶	茉莉花茶
茶花	茶花
荷花	荷花
菊花	菊花
菊花茶	菊花茶
菜花	菜花
菱花镜	菱花鏡
落花有意，流水无情	落花有意，流水無情
落花流水	落花流水
落花生	落花生
葇荑花序	葇荑花序
葵花	葵花
葵花子	葵花子
莲花	蓮花
莲花白	蓮花白
莲花县	蓮花縣
莲花落	蓮花落
葱花	蔥花
蕾丝花边	蕾絲花邊
蔷薇花蕾	薔薇花蕾
蓝枕花蜜鸟	藍枕花蜜鳥
蓝饰带花	藍飾帶花
藏红花	藏紅花
芦花	蘆花
芦花黄雀	蘆花黃雀
兰花	蘭花
兰花指	蘭花指
蛋花汤	蛋花湯
蝴蝶花	蝴蝶花
补花	補花
裱花袋	裱花袋
西花厅	西花廳
西兰花	西蘭花
警花	警花
豆腐花	豆腐花
豆花	豆花
貌美如花	貌美如花
贴花	貼花
走桃花运	走桃花運
走马看花	走馬看花
走马观花	走馬觀花
踏青赏花	踏青賞花
轧花机	軋花機
迎春花	迎春花
遍地开花	遍地開花
达鲁花赤	達魯花赤
邮花	郵花
酒花	酒花
酥油花	酥油花
野花	野花
野鼬瓣花	野鼬瓣花
金针花	金針花
金银花	金銀花
金雀花	金雀花
钩花	鉤花
银莲花	銀蓮花
铜锤花脸	銅錘花臉
钢花	鋼花
锦上添花	錦上添花
镜花	鏡花
镜花水月	鏡花水月
镜花缘	鏡花緣
铁树开花	鐵樹開花
闭月羞花	閉月羞花
开花	開花
开花结实	開花結實
开花衣	開花衣
隐花植物	隱花植物
雏菊花环	雛菊花環
鸡冠花	雞冠花
鸡米花	雞米花
雨花	雨花
雨花区	雨花區
雪花	雪花
雪花膏	雪花膏
零花钱	零花錢
电火花	電火花
霜花	霜花
青花	青花
青花椰菜	青花椰菜
青花瓷	青花瓷
青花菜	青花菜
靛花	靛花
韭菜花	韭菜花
头昏眼花	頭昏眼花
头晕眼花	頭暈眼花
题花	題花
显花植物	顯花植物
风花雪月	風花雪月
养花	養花
香花	香花
马缨花	馬纓花
马兰花	馬蘭花
鱼花	魚花
鸟语花香	鳥語花香
凤仙花	鳳仙花
鸢尾花	鳶尾花
麻花	麻花
麻花辫	麻花辮
黄腹啄花鸟	黃腹啄花鳥
黄腹花蜜鸟	黃腹花蜜鳥
黄花	黃花
黄花女	黃花女
黄花女儿	黃花女兒
黄花姑娘	黃花姑娘
黄花岗	黃花崗
黄花岗七十二烈士	黃花崗七十二烈士
黄花岗起义	黃花崗起義
黄花幼女	黃花幼女
黄花梨木	黃花梨木
黄花菜	黃花菜
黄花闺女	黃花閨女
黄花鱼	黃花魚
黑漆麻花	黑漆麻花
龟壳花	龜殼花
下闸	下閘
大闸蟹	大閘蟹
手闸	手閘
旋闸	旋閘
晶闸管	晶閘管
气动闸	氣動閘
气闸	氣閘
水闸	水閘
泄洪闸	洩洪閘
船闸	船閘
跳闸	跳閘
车闸	車閘
进水闸	進水閘
闸机	閘機
闸盒	閘盒
闸道	閘道
闸门	閘門
闸阀	閘閥
电闸	電閘
不假思索	不假思索
久假不归	久假不歸
事假	事假
以假乱真	以假亂真
休假	休假
作假	作假
例假	例假
假一赔十	假一賠十
假人	假人
假人像	假人像
假仙	假仙
假令	假令
假作	假作
假使	假使
假借	假借
假借字	假借字
假借义	假借義
假充	假充
假公济私	假公濟私
假冒	假冒
假冒伪劣	假冒偽劣
假冒品	假冒品
假分数	假分數
假动作	假動作
假名	假名
假吏	假吏
假唱	假唱
假善人	假善人
假嗓	假嗓
假嗓子	假嗓子
假报告	假報告
假大空	假大空
假如	假如
假子	假子
假定	假定
假寐	假寐
假小子	假小子
假山	假山
假币	假幣
假座	假座
假性	假性
假想	假想
假想敌	假想敵
假惺惺	假惺惺
假意	假意
假慈悲	假慈悲
假戏真唱	假戲真唱
假手	假手
假手他人	假手他人
假扮	假扮
假招子	假招子
假拱	假拱
假掰	假掰
假摔	假摔
假日	假日
假案	假案
假条	假條
假正经	假正經
假死	假死
假洋鬼子	假洋鬼子
假牙	假牙
假球	假球
假的	假的
假眼	假眼
假秤	假秤
假种皮	假種皮
假称	假稱
假而	假而
假声	假聲
假肢	假肢
假肯定句	假肯定句
假芫茜	假芫茜
假若	假若
假装	假裝
假设	假設
假设性	假設性
假设语气	假設語氣
假话	假話
假说	假說
假象	假象
假象牙	假象牙
假货	假貨
假账	假賬
假途灭虢	假途滅虢
假造	假造
假道	假道
假道伐虢	假道伐虢
假释	假釋
假钞	假鈔
假阴性	假陰性
假阳性	假陽性
假音	假音
假体	假體
假高音	假高音
公假	公假
冤假错案	冤假錯案
半真半假	半真半假
丧假	喪假
国定假日	國定假日
如假包换	如假包換
婚假	婚假
孰真孰假	孰真孰假
宅度假	宅度假
寒假	寒假
宽假	寬假
工伤假	工傷假
带薪休假	帶薪休假
平假名	平假名
度假	度假
度假区	度假區
度假村	度假村
弄假成真	弄假成真
弄虚作假	弄虛作假
打假	打假
打假球	打假球
批假	批假
掺假	摻假
搀假	攙假
收假	收假
放假	放假
放暑假	放暑假
春假	春假
普遍性假设	普遍性假設
暑假	暑假
渡假	渡假
无薪假	無薪假
片假名	片假名
狐假虎威	狐假虎威
生理假	生理假
产假	產假
病假	病假
病假条	病假條
痛经假	痛經假
皇冠假日酒店	皇冠假日酒店
真假	真假
真假难辨	真假難辨
节假日	節假日
续假	續假
育婴假	育嬰假
虚假	虛假
虚情假意	虛情假意
虚无假设	虛無假設
请假	請假
请假条	請假條
通假	通假
通假字	通假字
造假	造假
连续统假设	連續統假設
销假	銷假
长假	長假
陪产假	陪產假
不刊之论	不刊之論
停刊	停刊
刊印	刊印
刊正	刊正
刊物	刊物
刊登	刊登
刊号	刊號
刊行	刊行
刊误	刊誤
刊载	刊載
刊头	刊頭
刊首语	刊首語
副刊	副刊
创刊	創刊
创刊号	創刊號
半月刊	半月刊
报刊	報刊
报刊摊	報刊攤
增刊	增刊
季刊	季刊
日刊	日刊
书刊	書刊
月刊	月刊
校刊	校刊
特刊	特刊
过刊	過刊
重刊	重刊
集刊	集刊
双月刊	雙月刊
顶刊	頂刊
黄色书刊	黃色書刊
不加区别	不加區別
不辞而别	不辭而別
中央人民政府驻香港特别行政区联络办公室	中央人民政府駐香港特別行政區聯絡辦公室
久别	久別
久别重逢	久別重逢
人群管理特别用途车	人群管理特別用途車
人脸识别	人臉識別
作别	作別
个别	個別
伤别	傷別
光学字符识别	光學字符識別
分别	分別
分门别类	分門別類
判别	判別
判别式	判別式
别人	別人
别来无恙	別來無恙
别传	別傳
别具	別具
别具一格	別具一格
别具匠心	別具匠心
别出心裁	別出心裁
别动队	別動隊
别名	別名
别墅	別墅
别太客气	別太客氣
别子	別子
别字	別字
别客气	別客氣
别有	別有
别有天地	別有天地
别有洞天	別有洞天
别有用心	別有用心
别有韵味	別有韻味
别样	別樣
别树一帜	別樹一幟
别无	別無
别无他物	別無他物
别无他用	別無他用
别无选择	別無選擇
别无长物	別無長物
别理	別理
别的	別的
别看	別看
别称	別稱
别筵	別筵
别管	別管
别绪	別緒
别脸	別臉
别苗头	別苗頭
别庄	別莊
别处	別處
别号	別號
别说	別說
别论	別論
别针	別針
区别	區別
卓别林	卓別林
吃别人嚼过的馍不香	吃別人嚼過的饃不香
各别	各別
吻别	吻別
告别	告別
告别式	告別式
国别	國別
图像识别	圖像識別
型别	型別
大别山	大別山
天壤之别	天壤之別
天差地别	天差地別
天渊之别	天淵之別
射频识别	射頻識別
小别胜新婚	小別勝新婚
差别	差別
巴别塔	巴別塔
币别	幣別
引别	引別
性别	性別
性别比	性別比
性别角色	性別角色
惜别	惜別
手写识别	手寫識別
拜别	拜別
握别	握別
挥别	揮別
有别	有別
杜尚别	杜尚別
死别	死別
永别	永別
没有差别	沒有差別
派别	派別
流别	流別
汉城特别市	漢城特別市
济州特别自治道	濟州特別自治道
特别	特別
特别任务连	特別任務連
特别客串	特別客串
特别待遇	特別待遇
特别感谢	特別感謝
特别提款权	特別提款權
特别行政区	特別行政區
特别护理	特別護理
甄别	甄別
界别	界別
留别	留別
移情别恋	移情別戀
级别	級別
耶洗别	耶洗別
联体别墅	聯體別墅
股东特别大会	股東特別大會
临别	臨別
临别赠言	臨別贈言
与世永别	與世永別
诀别	訣別
话别	話別
语音识别	語音識別
请别见怪	請別見怪
识别	識別
识别码	識別碼
识别号	識別號
跨性别	跨性別
身份识别卡	身份識別卡
辨别	辨別
辨别力	辨別力
辞别	辭別
送别	送別
道别	道別
违别	違別
遗体告别式	遺體告別式
错别字	錯別字
鉴别	鑑別
阔别	闊別
霄壤之别	霄壤之別
霸王别姬	霸王別姬
顺性别	順性別
类别	類別
饯别	餞別
首尔特别市	首爾特別市
别嘴	彆嘴
别扭	彆扭
闹别扭	鬧彆扭
不受欢迎	不受歡迎
不欢而散	不歡而散
交欢	交歡
受欢迎	受歡迎
另觅新欢	另覓新歡
喜欢	喜歡
失欢	失歡
夹道欢迎	夾道歡迎
寻欢	尋歡
寻欢作乐	尋歡作樂
强颜欢笑	強顏歡笑
承欢	承歡
把酒言欢	把酒言歡
招人喜欢	招人喜歡
新欢	新歡
春节联欢晚会	春節聯歡晚會
欢势	歡勢
欢喜	歡喜
欢天喜地	歡天喜地
欢娱	歡娛
欢宴	歡宴
欢容	歡容
欢实	歡實
欢度	歡度
欢心	歡心
欢快	歡快
欢忭	歡忭
欢忭鼓舞	歡忭鼓舞
欢悦	歡悅
欢愉	歡愉
欢庆	歡慶
欢畅	歡暢
欢乐	歡樂
欢乐时光	歡樂時光
欢欣	歡欣
欢欣雀跃	歡欣雀躍
欢欣鼓舞	歡欣鼓舞
欢笑	歡笑
欢聚	歡聚
欢聚一堂	歡聚一堂
欢声	歡聲
欢声笑语	歡聲笑語
欢蹦乱跳	歡蹦亂跳
欢迎	歡迎
欢迎光临	歡迎光臨
欢送	歡送
欢送会	歡送會
欢腾	歡騰
求欢	求歡
狂欢	狂歡
狂欢节	狂歡節
男欢女爱	男歡女愛
结欢	結歡
联欢	聯歡
联欢会	聯歡會
落落寡欢	落落寡歡
讨人喜欢	討人喜歡
买笑追欢	買笑追歡
金合欢	金合歡
鱼水之欢	魚水之歡
力挽狂澜	力挽狂瀾
挽具	挽具
挽力	挽力
挽尊	挽尊
挽幛	挽幛
挽救	挽救
挽歌	挽歌
挽留	挽留
挽词	挽詞
挽辞	挽辭
挽额	挽額
推挽	推挽
挽联	輓聯
挽诗	輓詩
不才	不才
不打不成才	不打不成才
人才	人才
人才外流	人才外流
人才流失	人才流失
人才济济	人才濟濟
佳人才子	佳人才子
偏才	偏才
全才	全才
初露才华	初露才華
刚才	剛才
博学多才	博學多才
却才	卻才
口才	口才
多才	多才
多才多艺	多才多藝
天妒英才	天妒英才
天才	天才
奇才	奇才
女子无才便是德	女子無才便是德
奴才	奴才
将才	將才
专业人才	專業人才
屈才	屈才
庸才	庸才
德才	德才
德才兼备	德才兼備
怪才	怪才
恃才傲物	恃才傲物
惜才	惜才
爱才	愛才
爱才若渴	愛才若渴
怀才不遇	懷才不遇
成才	成才
才不	才不
才兼文武	才兼文武
才分	才分
才女	才女
才媛	才媛
才子	才子
才子佳人	才子佳人
才学	才學
才德	才德
才思	才思
才怪	才怪
才智	才智
才气	才氣
才气过人	才氣過人
才略	才略
才疏学浅	才疏學淺
才能	才能
才华	才華
才华出众	才華出眾
才华横溢	才華橫溢
才华盖世	才華蓋世
才艺	才藝
才艺技能	才藝技能
才艺秀	才藝秀
才识	才識
才识过人	才識過人
才貌双全	才貌雙全
方才	方才
比才	比才
求才	求才
江南四大才子	江南四大才子
男才女貌	男才女貌
异才	異才
登庸人才	登庸人才
真才实学	真才實學
社交才能	社交才能
秀才	秀才
秀才不出门，全知天下事	秀才不出門，全知天下事
秀才不出门，能知天下事	秀才不出門，能知天下事
聪明才智	聰明才智
自学成才	自學成才
茂才	茂才
识才	識才
识才尊贤	識才尊賢
贤才	賢才
身才	身才
辩才	辯才
辩才天	辯才天
通才	通才
通才教育	通才教育
郎才女貌	郎才女貌
雄才大略	雄才大略
冯骥才	馮驥才
高才	高才
高才生	高才生
鬼才	鬼才
鬼才信	鬼才信
才然	纔然
不扩散核武器条约	不擴散核武器條約
中国核能总公司	中國核能總公司
伏隔核	伏隔核
似核	似核
内核	內核
原子核	原子核
原核	原核
原核生物	原核生物
原核生物界	原核生物界
原核细胞	原核細胞
原核细胞型微生物	原核細胞型微生物
反核	反核
单核细胞	單核細胞
地下核爆炸	地下核爆炸
地下核试验	地下核試驗
地核	地核
多形核白细胞	多形核白細胞
梦核	夢核
大气层核试验	大氣層核試驗
审核	審核
导弹核潜艇	導彈核潛艇
小型核武器	小型核武器
山核桃	山核桃
彗核	彗核
形核	形核
成核	成核
战略核力量	戰略核力量
战略核武器	戰略核武器
战术核武器	戰術核武器
抗核加固	抗核加固
攻击型核潜艇	攻擊型核潛艇
放射性核素	放射性核素
朝核问题	朝核問題
杏仁核	杏仁核
查核	查核
核不扩散	核不擴散
核事件	核事件
核仁	核仁
核僵持	核僵持
核儿	核兒
核分裂	核分裂
核动力	核動力
核动力航空母舰	核動力航空母艦
核势	核勢
核原料	核原料
核反应	核反應
核反应堆	核反應堆
核反击	核反擊
核可	核可
核合成	核合成
核问题	核問題
核四	核四
核地雷	核地雷
核均势	核均勢
核型	核型
核大国	核大國
核子	核子
核子医学	核子醫學
核定	核定
核实	核實
核对	核對
核对峙	核對峙
核对帐目	核對帳目
核导弹	核導彈
核小体	核小體
核屏蔽	核屏蔽
核工业	核工業
核工程	核工程
核弹	核彈
核弹头	核彈頭
核心	核心
核战	核戰
核技术	核技術
核推进	核推進
核扩散	核擴散
核查	核查
核查小组	核查小組
核柱	核柱
核桃	核桃
核桃仁	核桃仁
核模型	核模型
核武	核武
核武器	核武器
核武库	核武庫
核热	核熱
核燃料	核燃料
核爆炸	核爆炸
核爆炸装置	核爆炸裝置
核物理	核物理
核球	核球
核相互作用	核相互作用
核磁共振	核磁共振
核种	核種
核算	核算
核糖	核糖
核糖体	核糖體
核素	核素
核聚变	核聚變
核能	核能
核能源	核能源
核自旋	核自旋
核苷	核苷
核苷酸	核苷酸
核裁军	核裁軍
核裂变	核裂變
核装置	核裝置
核设施	核設施
核试	核試
核试爆	核試爆
核试验	核試驗
核试验堆	核試驗堆
核试验场	核試驗場
核谈判	核談判
核变形	核變形
核军备	核軍備
核辐射	核輻射
核转变	核轉變
核轰炸	核轟炸
核轰炸机	核轟炸機
核连锁反应	核連鎖反應
核酮糖	核酮糖
核酸	核酸
核医学	核醫學
核销	核銷
核门槛	核門檻
核电	核電
核电站	核電站
核电荷数	核電荷數
核显	核顯
核驳	核駁
核碱基	核鹼基
核黄素	核黃素
梅核气	梅核氣
弃核	棄核
极核	極核
欧洲核子中心	歐洲核子中心
欧洲核子研究中心	歐洲核子研究中心
氘核	氘核
水下核爆炸	水下核爆炸
流体核试验	流體核試驗
减核	減核
涡核	渦核
无核	無核
无核化	無核化
无核区	無核區
熔核	熔核
热核	熱核
热核反应堆	熱核反應堆
热核武器	熱核武器
热核聚变反应	熱核聚變反應
真核	真核
硬核	硬核
稽核	稽核
细胞核	細胞核
结核	結核
结核病	結核病
结核菌素	結核菌素
肺结核	肺結核
肺结核病	肺結核病
脱氧核糖	脫氧核糖
脱氧核苷酸	脫氧核苷酸
腺嘌呤核苷三磷酸	腺嘌呤核苷三磷酸
荔枝核	荔枝核
覆核	覆核
调查核实	調查核實
军事核大国	軍事核大國
酌核	酌核
重核	重核
锰结核	錳結核
防核	防核
阴核	陰核
双核	雙核
双链核酸	雙鏈核酸
非核	非核
非核化	非核化
非核地带	非核地帶
验核	驗核
不治而愈	不治而癒
治愈	治癒
病愈	病癒
痊愈	痊癒
疗愈	療癒
愈合	癒合
霍然而愈	霍然而癒
愈加	愈加
愈益	愈益
每下愈况	每下愈況
每况愈下	每況愈下
自愈	自愈
韩愈	韓愈
不为酒困	不為酒困
交困	交困
人困马乏	人困馬乏
内忧外困	內憂外困
危困	危困
受困	受困
困倦	困倦
困厄	困厄
困境	困境
困守	困守
困惑	困惑
困惑不解	困惑不解
困扰	困擾
困窘	困窘
困苦	困苦
困难	困難
困顿	困頓
围困	圍困
扶危济困	扶危濟困
扶困济危	扶困濟危
扶贫济困	扶貧濟困
春困	春困
济危扶困	濟危扶困
济困扶危	濟困扶危
疲困	疲困
穷困	窮困
穷困潦倒	窮困潦倒
纾困	紓困
经济困境	經濟困境
被困	被困
贫困	貧困
贫困地区	貧困地區
贫困率	貧困率
赒急扶困	賙急扶困
道德困境	道德困境
犯困	犯睏
困意	睏意
困觉	睏覺
不空成就佛	不空成就佛
丹佛	丹佛
人间佛教	人間佛教
佛像	佛像
佛光	佛光
佛典	佛典
佛卡夏	佛卡夏
佛口蛇心	佛口蛇心
佛吉尼亚	佛吉尼亞
佛坪	佛坪
佛坪县	佛坪縣
佛塔	佛塔
佛媛	佛媛
佛学	佛學
佛寺	佛寺
佛山	佛山
佛山市	佛山市
佛冈	佛岡
佛冈县	佛岡縣
佛得角	佛得角
佛心	佛心
佛性	佛性
佛爱	佛愛
佛手瓜	佛手瓜
佛教	佛教
佛教徒	佛教徒
佛教语	佛教語
佛书	佛書
佛朗哥	佛朗哥
佛朗明哥	佛朗明哥
佛朗机	佛朗機
佛朗机炮	佛朗機炮
佛朗机铳	佛朗機銃
佛洛伊德	佛洛伊德
佛洛斯特	佛洛斯特
佛爷	佛爺
佛牙	佛牙
佛珠	佛珠
佛祖	佛祖
佛经	佛經
佛罗伦斯	佛羅倫斯
佛罗伦萨	佛羅倫薩
佛兰德	佛蘭德
佛兰芒语	佛蘭芒語
佛号	佛號
佛诞日	佛誕日
佛语	佛語
佛跳墙	佛跳牆
佛门	佛門
佛陀	佛陀
佛香阁	佛香閣
佛骨	佛骨
佛骨塔	佛骨塔
佛龛	佛龕
信佛	信佛
杰佛兹	傑佛茲
史丹佛	史丹佛
哈佛	哈佛
哈佛大学	哈佛大學
四大佛教名山	四大佛教名山
塔那那利佛	塔那那利佛
塞拉耶佛	塞拉耶佛
多佛	多佛
多佛尔	多佛爾
如来佛	如來佛
如来佛的掌心	如來佛的掌心
安塔那那利佛	安塔那那利佛
宝生佛	寶生佛
平时不烧香，临时抱佛脚	平時不燒香，臨時抱佛腳
念佛	念佛
成佛	成佛
抱佛脚	抱佛腳
拜佛	拜佛
拣佛烧香	揀佛燒香
放下屠刀，立地成佛	放下屠刀，立地成佛
数珠念佛	數珠念佛
斯坦福·莱佛士	斯坦福·萊佛士
东方阿閦佛	東方阿閦佛
柔佛	柔佛
柔佛州	柔佛州
柔佛海峡	柔佛海峽
比佛利山	比佛利山
洪佛	洪佛
活佛	活佛
燃灯佛	燃燈佛
烧香拜佛	燒香拜佛
神佛	神佛
立地成佛	立地成佛
罗伯特·佛洛斯特	羅伯特·佛洛斯特
老佛爷	老佛爺
卧佛	臥佛
临时抱佛脚	臨時抱佛腳
莱佛士	萊佛士
蔡李佛	蔡李佛
藏传佛教	藏傳佛教
赕佛	賧佛
迎佛骨	迎佛骨
释迦佛	釋迦佛
释迦牟尼佛	釋迦牟尼佛
阿佛洛狄忒	阿佛洛狄忒
阿閦佛	阿閦佛
雪佛莱	雪佛萊
雪佛兰	雪佛蘭
雪佛龙	雪佛龍
雪佛龙公司	雪佛龍公司
雪佛龙石油公司	雪佛龍石油公司
鲁佛尔宫	魯佛爾宮
默诵佛号	默誦佛號
佛雷泽尔	彿雷澤爾
不碎玻璃	不碎玻璃
中空玻璃	中空玻璃
挡风玻璃	擋風玻璃
有机玻璃	有機玻璃
毛玻璃	毛玻璃
玻璃	玻璃
玻璃化	玻璃化
玻璃市	玻璃市
玻璃心	玻璃心
玻璃球	玻璃球
玻璃砂	玻璃砂
玻璃管	玻璃管
玻璃纸	玻璃紙
玻璃罩	玻璃罩
玻璃钢	玻璃鋼
玻璃体	玻璃體
琉璃	琉璃
琉璃塔	琉璃塔
琉璃庙	琉璃廟
琉璃瓦	琉璃瓦
琉璃苣	琉璃苣
琉璃蓝鹟	琉璃藍鶲
磨砂玻璃	磨砂玻璃
窗玻璃	窗玻璃
钢化玻璃	鋼化玻璃
风档玻璃	風檔玻璃
不听命	不聽命
不听老人言，吃亏在眼前	不聽老人言，吃虧在眼前
中听	中聽
任听	任聽
偏听偏信	偏聽偏信
侦听	偵聽
偷听	偷聽
倾耳细听	傾耳細聽
倾耳而听	傾耳而聽
倾听	傾聽
倾听者	傾聽者
公听会	公聽會
助听器	助聽器
动听	動聽
危言耸听	危言聳聽
危辞耸听	危辭聳聽
受听	受聽
好听	好聽
妄言妄听	妄言妄聽
娓娓动听	娓娓動聽
屡劝不听	屢勸不聽
幻听	幻聽
弱听	弱聽
悉听尊便	悉聽尊便
惟命是听	惟命是聽
打听	打聽
探听	探聽
接听	接聽
收听	收聽
旁听	旁聽
旁听生	旁聽生
洗耳恭听	洗耳恭聽
百听不厌	百聽不厭
监听	監聽
眼见为实，耳听为虚	眼見為實，耳聽為虛
眼观六路耳听八方	眼觀六路耳聽八方
眼观四处，耳听八方	眼觀四處，耳聽八方
窃听	竊聽
窃听器	竊聽器
细听	細聽
耳听为虚，眼见为实	耳聽為虛，眼見為實
聆听	聆聽
耸人听闻	聳人聽聞
听上去	聽上去
听不到	聽不到
听不懂	聽不懂
听不见	聽不見
听不进去	聽不進去
听之任之	聽之任之
听事	聽事
听任	聽任
听来	聽來
听信	聽信
听信谣言	聽信謠言
听候	聽候
听其自便	聽其自便
听其自然	聽其自然
听其言而观其行	聽其言而觀其行
听其言观其行	聽其言觀其行
听到	聽到
听力	聽力
听力理解	聽力理解
听劝	聽勸
听友	聽友
听取	聽取
听命	聽命
听天安命	聽天安命
听天由命	聽天由命
听审	聽審
听审会	聽審會
听写	聽寫
听小骨	聽小骨
听岔	聽岔
听得懂	聽得懂
听得见	聽得見
听从	聽從
听凭	聽憑
听懂	聽懂
听戏	聽戲
听房	聽房
听断	聽斷
听书	聽書
听会	聽會
听清	聽清
听墙根	聽牆根
听牌	聽牌
听众	聽眾
听窗	聽窗
听筒	聽筒
听者	聽者
听而不闻	聽而不聞
听闻	聽聞
听见	聽見
听见风就是雨	聽見風就是雨
听觉	聽覺
听讼	聽訟
听诊器	聽診器
听话	聽話
听说	聽說
听说读写	聽說讀寫
听课	聽課
听讲	聽講
听起来	聽起來
听错	聽錯
听阈	聽閾
听障	聽障
听随	聽隨
听头	聽頭
听风就是雨	聽風就是雨
听骨	聽骨
听骨链	聽骨鏈
虚己以听	虛己以聽
言者无意，听者有心	言者無意，聽者有心
言听计从	言聽計從
试听	試聽
试听带	試聽帶
谛听	諦聽
道听途说	道聽途說
选听	選聽
重听	重聽
闭目塞听	閉目塞聽
阅听人	閱聽人
随身听	隨身聽
难听	難聽
骇人听闻	駭人聽聞
不舒适	不舒適
不适	不適
削足适履	削足適履
合适	合適
安适	安適
巴适	巴適
帮宝适	幫寶適
恬适	恬適
普适	普適
无所适从	無所適從
自适应	自適應
舒适	舒適
舒适区	舒適區
舒适圈	舒適圈
舒适音	舒適音
调适	調適
适中	適中
适人	適人
适值	適值
适切	適切
适可而止	適可而止
适合	適合
适婚	適婚
适存度	適存度
适宜	適宜
适度	適度
适得其反	適得其反
适得其所	適得其所
适意	適意
适应	適應
适应性	適應性
适时	適時
适格	適格
适温	適溫
适用	適用
适老化	適老化
适者生存	適者生存
适航	適航
适逢	適逢
适逢其会	適逢其會
适配	適配
适配器	適配器
适配层	適配層
适量	適量
适销	適銷
适间	適間
适龄	適齡
顺适	順適
李适	李适
不规范	不規範
中等师范学校	中等師範學校
典范	典範
劳动模范	勞動模範
北京师范大学	北京師範大學
垂范	垂範
大范围	大範圍
寻来范畴	尋來範疇
小范围	小範圍
就范	就範
师范	師範
师范大学	師範大學
师范学院	師範學院
技术规范	技術規範
授权范围	授權範圍
模范	模範
示范	示範
范例	範例
范儿	範兒
范围	範圍
范式	範式
范数	範數
范本	範本
范畴	範疇
范畴论	範疇論
范县	範縣
华东师范大学	華東師範大學
规范	規範
规范化	規範化
规范性	規範性
规范理论	規範理論
设计规范	設計規範
贻范古今	貽範古今
轨范	軌範
闺范	閨範
阃范	閫範
防范	防範
陕西师范大学	陝西師範大學
韩山师范学院	韓山師範學院
风范	風範
范仲淹	范仲淹
范公偁	范公偁
范德格拉夫	范德格拉夫
范德格拉夫起电机	范德格拉夫起電機
范德瓦耳斯	范德瓦耳斯
范德瓦耳斯力	范德瓦耳斯力
范德华力	范德華力
范思哲	范思哲
范斯坦	范斯坦
范晔	范曄
范氏起电机	范氏起電機
范特西	范特西
范玮琪	范瑋琪
范缜	范縝
范蠡	范蠡
不让须眉	不讓鬚眉
全须全尾儿	全鬚全尾兒
四大须生	四大鬚生
巾帼须眉	巾幗鬚眉
捋虎须	捋虎鬚
文须雀	文鬚雀
根须	根鬚
溜须拍马	溜鬚拍馬
蓄须	蓄鬚
蓝须夜蜂虎	藍鬚夜蜂虎
触须	觸鬚
髯须	髯鬚
须子	鬚子
须根	鬚根
须毛	鬚毛
须浮鸥	鬚浮鷗
须生	鬚生
须眉	鬚眉
须鲸	鬚鯨
龙须糖	龍鬚糖
龙须菜	龍鬚菜
何须	何須
必须	必須
横须贺	橫須賀
横须贺市	橫須賀市
无须	無須
臾须	臾須
莫须有	莫須有
须丸	須丸
须知	須知
须臾	須臾
须要	須要
世界纪录	世界紀錄
侧录	側錄
伪纪录片	偽紀錄片
备忘录	備忘錄
全录	全錄
分录	分錄
刷新纪录	刷新紀錄
刻录	刻錄
刻录机	刻錄機
创记录	創記錄
反转录	反轉錄
反转录病毒	反轉錄病毒
反录病毒	反錄病毒
名人录	名人錄
名录	名錄
名录服务	名錄服務
启示录	啟示錄
单点登录	單點登錄
图录	圖錄
型录	型錄
报录	報錄
报录人	報錄人
子目录	子目錄
实况录音	實況錄音
巴录	巴錄
抄录	抄錄
招录	招錄
摘录	摘錄
撰录	撰錄
摄录	攝錄
收录	收錄
收录机	收錄機
日知录	日知錄
明实录	明實錄
橘录	橘錄
检录	檢錄
洗冤集录	洗冤集錄
清实录	清實錄
灌录	灌錄
烧录	燒錄
犯罪记录	犯罪記錄
甄录	甄錄
登录	登錄
盒式录音磁带	盒式錄音磁帶
盗录	盜錄
目录	目錄
目录学	目錄學
破纪录	破紀錄
笔录	筆錄
答录机	答錄機
节录	節錄
纪录片	紀錄片
编录	編錄
著录	著錄
行车记录仪	行車記錄儀
记录	記錄
记录员	記錄員
记录器	記錄器
语录	語錄
谅解备忘录	諒解備忘錄
誊录	謄錄
辑录	輯錄
转录	轉錄
逆转录病毒	逆轉錄病毒
逆转录酶	逆轉錄酶
通讯录	通訊錄
速录师	速錄師
过庭录	過庭錄
远程登录	遠程登錄
选录	選錄
录供	錄供
录像	錄像
录像带	錄像帶
录像机	錄像機
录入	錄入
录取	錄取
录取率	錄取率
录取线	錄取線
录取通知书	錄取通知書
录屏	錄屏
录影	錄影
录影带	錄影帶
录影机	錄影機
录放	錄放
录用	錄用
录音	錄音
录音室	錄音室
录音带	錄音帶
录音棚	錄音棚
录音机	錄音機
录音笔	錄音筆
附录	附錄
集录	集錄
杂录	雜錄
飞行记录	飛行記錄
飞行记录仪	飛行記錄儀
飞行记录器	飛行記錄器
世界经济论坛	世界經濟論壇
乒坛	乒壇
剧坛	劇壇
博鳌亚洲论坛	博鰲亞洲論壇
国际先驱论坛报	國際先驅論壇報
地坛	地壇
天坛	天壇
天坛座	天壇座
影坛	影壇
戒坛	戒壇
政坛	政壇
文坛	文壇
书坛	書壇
棒坛	棒壇
乐坛	樂壇
歌坛	歌壇
武坛	武壇
画坛	畫壇
祭坛	祭壇
艺坛	藝壇
诗坛	詩壇
论坛	論壇
论坛报	論壇報
讲坛	講壇
赵玄坛	趙玄壇
足坛	足壇
达沃斯论坛	達沃斯論壇
银坛	銀壇
体坛	體壇
坛子	罈子
耍坛子	耍罈子
醋坛子	醋罈子
骨坛	骨罈
丙酸氟替卡松	丙酸氟替卡松
亚松森	亞松森
刘松龄	劉松齡
地塞米松	地塞米松
埃格尔松	埃格爾松
姬松茸	姬松茸
宿松	宿松
宿松县	宿松縣
小松菜	小松菜
巴松	巴松
巴松管	巴松管
抚松	撫松
抚松县	撫松縣
日本松雀鹰	日本松雀鷹
杜松子酒	杜松子酒
松下	松下
松下公司	松下公司
松下电器	松下電器
松下电气工业	松下電氣工業
松井	松井
松仁	松仁
松化石	松化石
松北	松北
松北区	松北區
松原	松原
松原市	松原市
松口蘑	松口蘑
松坡湖	松坡湖
松塔	松塔
松子	松子
松尾	松尾
松山	松山
松山区	松山區
松岛	松島
松巴哇	松巴哇
松巴哇岛	松巴哇島
松明	松明
松木	松木
松本	松本
松柏	松柏
松桃	松桃
松桃县	松桃縣
松桃苗族自治县	松桃苗族自治縣
松树	松樹
松江	松江
松江区	松江區
松溪	松溪
松溪县	松溪縣
松滋	松滋
松滋市	松滋市
松潘	松潘
松潘县	松潘縣
松球	松球
松瓤	松瓤
松田	松田
松石	松石
松科	松科
松节油	松節油
松茸	松茸
松菌	松菌
松蘑	松蘑
松辽平原	松遼平原
松针	松針
松阳	松陽
松阳县	松陽縣
松雀	松雀
松雀鹰	松雀鷹
松鸡	松雞
松露	松露
松露猪	松露豬
松香	松香
松鸦	松鴉
松鹤遐龄	松鶴遐齡
松鼠	松鼠
柏节松操	柏節松操
柳松菇	柳松菇
武松	武松
油松	油松
泊松	泊松
滨松	濱松
滨松市	濱松市
白皮松	白皮松
红眉松雀	紅眉松雀
绿松石	綠松石
蒲松龄	蒲松齡
苍松翠柏	蒼松翠柏
西方松鸡	西方松雞
西松	西松
西松建设	西松建設
迎客松	迎客松
阿松森岛	阿松森島
阿森松岛	阿森松島
陆均松	陸均松
雪松	雪松
青松	青松
马尾松	馬尾松
马拉松	馬拉松
马拉松赛	馬拉松賽
黑客松	黑客松
嘴松	嘴鬆
宽松	寬鬆
小松糕	小鬆糕
手松	手鬆
放松	放鬆
杜松子	杜鬆子
疏松	疏鬆
石松	石鬆
稀松	稀鬆
稀松平常	稀鬆平常
稀松骨质	稀鬆骨質
肉松	肉鬆
肌肉松弛剂	肌肉鬆弛劑
膨松剂	膨鬆劑
蓬松	蓬鬆
轻松	輕鬆
酥松	酥鬆
酥松油脂	酥鬆油脂
量化宽松	量化寬鬆
骨质疏松	骨質疏鬆
松一口气	鬆一口氣
松动	鬆動
松口	鬆口
松嘴	鬆嘴
松土	鬆土
松垮	鬆垮
松弛	鬆弛
松快	鬆快
松懈	鬆懈
松手	鬆手
松散	鬆散
松气	鬆氣
松泛	鬆泛
松狮犬	鬆獅犬
松糕	鬆糕
松糕鞋	鬆糕鞋
松绑	鬆綁
松紧带	鬆緊帶
松缓	鬆緩
松脱	鬆脫
松软	鬆軟
松开	鬆開
松饼	鬆餅
鱼松	魚鬆
黑嘴松鸡	黑嘴鬆雞
丢轮扯炮	丟輪扯砲
互相扯皮	互相扯皮
扯住	扯住
扯嗓子	扯嗓子
扯平	扯平
扯淡	扯淡
扯犊子	扯犢子
扯皮	扯皮
扯皮条	扯皮條
扯直	扯直
扯破	扯破
扯裂	扯裂
扯谈	扯談
扯谎	扯謊
扯远	扯遠
扯铃	扯鈴
扯鸡巴蛋	扯雞巴蛋
拉扯	拉扯
拉扯大	拉扯大
掰扯	掰扯
撕扯	撕扯
攀扯	攀扯
东拉西扯	東拉西扯
步子太大，容易扯着蛋	步子太大，容易扯著蛋
牵扯	牽扯
牵扯不清	牽扯不清
狗扯羊皮	狗扯羊皮
生拉活扯	生拉活扯
白扯淡	白扯淡
瞎扯	瞎扯
瞎扯蛋	瞎扯蛋
鬼扯	鬼扯
中俄尼布楚条约	中俄尼布楚條約
丹布朗	丹布朗
亚麻布	亞麻布
仁布	仁布
仁布县	仁布縣
伊斯坦布尔	伊斯坦布爾
传布	傳布
内布拉斯加	內布拉斯加
内布拉斯加州	內布拉斯加州
公布	公布
冷敷布	冷敷布
剪刀石头布	剪刀石頭布
北布拉班特	北布拉班特
卡布其诺	卡布其諾
卡布其诺咖啡	卡布其諾咖啡
卡布奇诺	卡布奇諾
卡萨布兰卡	卡薩布蘭卡
厄勒布鲁	厄勒布魯
厄尔布鲁士	厄爾布魯士
史蒂夫·乔布斯	史蒂夫·喬布斯
吃布	吃布
吉布地	吉布地
吉布提	吉布提
吞米桑布札	吞米桑布札
吕布	呂布
吕布戟	呂布戟
哈布斯堡	哈布斯堡
哥伦布	哥倫布
哥布林	哥布林
喀布尔	喀布爾
乔布斯	喬布斯
乔治·布尔	喬治·布爾
噶布伦	噶布倫
土布	土布
坯布	坯布
埃布罗	埃布羅
埃布罗河	埃布羅河
基布兹	基布茲
墩布	墩布
奥尔布赖特	奧爾布賴特
安地卡及巴布达	安地卡及巴布達
安提瓜和巴布达	安提瓜和巴布達
宣布	宣布
宣布破产	宣布破產
密布	密布
富布赖特	富布賴特
察布查尔	察布查爾
察布查尔县	察布查爾縣
察布查尔锡伯自治县	察布查爾錫伯自治縣
小瀑布	小瀑布
尼亚加拉瀑布	尼亞加拉瀑布
尼加拉瀑布	尼加拉瀑布
尼布楚条约	尼布楚條約
尼布甲尼撒	尼布甲尼撒
尿布	尿布
尿布疹	尿布疹
展布	展布
巴布·狄伦	巴布·狄倫
巴布延群岛	巴布延群島
巴布拉族	巴布拉族
巴布尔	巴布爾
布丁	布丁
布下	布下
布什	布什
布什尔	布什爾
布依	布依
布伦尼	布倫尼
布偶	布偶
布偶装	布偶裝
布偶猫	布偶貓
布列塔尼	布列塔尼
布列斯特	布列斯特
布加勒斯特	布加勒斯特
布加迪	布加迪
布劳恩	布勞恩
布匿战争	布匿戰爭
布吉河	布吉河
布哈拉	布哈拉
布哈林	布哈林
布囊	布囊
布城	布城
布娃娃	布娃娃
布宜诺斯艾利斯	布宜諾斯艾利斯
布尼亚病毒	布尼亞病毒
布展	布展
布巾	布巾
布希	布希
布希鞋	布希鞋
布帛	布帛
布帛菽粟	布帛菽粟
布拉吉	布拉吉
布拉德福德	布拉德福德
布拉提斯拉瓦	布拉提斯拉瓦
布拉柴维尔	布拉柴維爾
布拉格	布拉格
布拉索夫	布拉索夫
布拉萨市	布拉薩市
布拖	布拖
布拖县	布拖縣
布控	布控
布斐	布斐
布料	布料
布施	布施
布朗	布朗
布朗士	布朗士
布朗大学	布朗大學
布朗尼	布朗尼
布朗族	布朗族
布朗运动	布朗運動
布林迪西	布林迪西
布格麦	布格麥
布氏菌苗	布氏菌苗
布氏苇莺	布氏葦鶯
布氏非鲫	布氏非鯽
布氏鹨	布氏鷚
布洛芬	布洛芬
布洛陀	布洛陀
布满	布滿
布洒器	布灑器
布热津斯基	布熱津斯基
布尔	布爾
布尔代数	布爾代數
布尔乔亚	布爾喬亞
布尔津	布爾津
布尔津县	布爾津縣
布尔诺	布爾諾
布痕瓦尔德	布痕瓦爾德
布线	布線
布莱尼	布萊尼
布莱德湖	布萊德湖
布莱恩	布萊恩
布莱氏鹨	布萊氏鷚
布莱尔	布萊爾
布莱顿	布萊頓
布兰妮·斯皮尔斯	布蘭妮·斯皮爾斯
布兰森	布蘭森
布衣	布衣
布衣韦带	布衣韋帶
布袋弹	布袋彈
布袋戏	布袋戲
布袋戏偶	布袋戲偶
布袋镇	布袋鎮
布农族	布農族
布迪亚	布迪亞
布达拉宫	布達拉宮
布达拉山	布達拉山
布防	布防
布防迎战	布防迎戰
布隆伯格	布隆伯格
布隆方丹	布隆方丹
布隆迪	布隆迪
布雷斯特	布雷斯特
布雷顿森林	布雷頓森林
布鞋	布鞋
布鲁图斯	布魯圖斯
布鲁塞尔	布魯塞爾
布鲁斯	布魯斯
布鲁日	布魯日
布鲁氏菌病	布魯氏菌病
布鲁特斯	布魯特斯
廷布	廷布
忽布	忽布
抹布	抹布
拉布	拉布
拉布拉多	拉布拉多
拉白布条	拉白布條
拖布	拖布
排布	排布
提布卢斯	提布盧斯
擦碗布	擦碗布
敷布	敷布
斯雷布雷尼察	斯雷布雷尼察
新罕布什尔	新罕布什爾
新罕布什尔州	新罕布什爾州
施瓦布	施瓦布
星罗棋布	星羅棋布
普埃布拉	普埃布拉
普布斯	普布斯
札格拉布	札格拉布
札格瑞布	札格瑞布
札格雷布	札格雷布
林德布拉德	林德布拉德
染布	染布
格勒诺布尔	格勒諾布爾
格子棉布	格子棉布
桌布	桌布
棉布	棉布
机关布景	機關布景
正态分布	正態分布
气泡布	氣泡布
油布	油布
波尔布特	波爾布特
洋布	洋布
洛皮塔瀑布	洛皮塔瀑布
津巴布韦	津巴布韋
温布尔登	溫布爾登
温布尔登网球公开赛	溫布爾登網球公開賽
温布尔顿	溫布爾頓
温布顿	溫布頓
漆布	漆布
泽布吕赫	澤布呂赫
瀑布	瀑布
洒布	灑布
火浣布	火浣布
乌兰察布	烏蘭察布
乌兰察布市	烏蘭察布市
烤布蕾	烤布蕾
热敷布	熱敷布
牛仔布	牛仔布
画布	畫布
白布	白布
卢布	盧布
卢布尔雅那	盧布爾雅那
直布罗陀	直布羅陀
直布罗陀海峡	直布羅陀海峽
直落布兰雅	直落布蘭雅
石头、剪子、布	石頭、剪子、布
破布	破布
碎布条	碎布條
福布斯	福布斯
科布多	科布多
科比·布莱恩特	科比·布萊恩特
科特布斯	科特布斯
竹布	竹布
节奏布鲁斯	節奏布魯斯
篷布	篷布
篷盖布	篷蓋布
纳吉布	納吉布
纽芬兰与拉布拉多	紐芬蘭與拉布拉多
纱布	紗布
纱布口罩	紗布口罩
纸尿布	紙尿布
絘布	絘布
绒布	絨布
综合布线	綜合布線
维多利亚瀑布	維多利亞瀑布
网布	網布
缎布	緞布
织布	織布
织布机	織布機
罗布	羅布
罗布林卡	羅布林卡
罗布泊	羅布泊
罗布麻	羅布麻
胶布	膠布
莎拉·布莱曼	莎拉·布萊曼
莱布尼茨	萊布尼茨
莱布尼兹	萊布尼茲
葛布	葛布
萨格勒布	薩格勒布
萨尔布吕肯	薩爾布呂肯
詹江布尔	詹江布爾
贡布	貢布
辛布	辛布
辣哈布	辣哈布
通布图	通布圖
遍布	遍布
遐布	遐布
遮羞布	遮羞布
镇宁布依族苗族自治县	鎮寧布依族苗族自治縣
开诚布公	開誠布公
阿布叔醇	阿布叔醇
阿布哈兹	阿布哈茲
阿布沙耶夫	阿布沙耶夫
阿布贾	阿布賈
阿布达比	阿布達比
阿米纳达布	阿米納達布
除旧布新	除舊布新
雅鲁藏布江	雅魯藏布江
双江拉祜族佤族布朗族傣族自治县	雙江拉祜族佤族布朗族傣族自治縣
雨布	雨布
霍布斯	霍布斯
颁布	頒布
马布多	馬布多
麻布	麻布
黔南布依族苗族自治州	黔南布依族苗族自治州
黔西南布依族苗族自治州	黔西南布依族苗族自治州
布告	佈告
布告栏	佈告欄
布建	佈建
布景	佈景
布置	佈置
布雷	佈雷
布雷舰	佈雷艦
公布栏	公佈欄
分布	分佈
分布式	分佈式
分布式拒绝服务	分佈式拒絕服務
分布式环境	分佈式環境
分布式网络	分佈式網絡
推陈布新	推陳佈新
散布	散佈
频数分布	頻數分佈
中卷	中卷
交卷	交卷
内卷	內卷
卷刃	卷刃
卷土重来	卷土重來
卷地皮	卷地皮
卷宗	卷宗
卷尺	卷尺
卷尾猴	卷尾猴
卷巴	卷巴
卷心菜	卷心菜
卷烟	卷煙
卷笔刀	卷筆刀
卷纸	卷紙
卷羽鹈鹕	卷羽鵜鶘
卷裹	卷裹
卷轴	卷軸
古铜色卷尾	古銅色卷尾
问卷	問卷
小卷	小卷
彩卷	彩卷
手不释卷	手不釋卷
批卷	批卷
掩卷	掩卷
书卷	書卷
书卷气	書卷氣
书卷奖	書卷獎
案卷	案卷
死海古卷	死海古卷
死海经卷	死海經卷
残卷	殘卷
水龙卷	水龍卷
灰卷尾	灰卷尾
煎蛋卷	煎蛋卷
画卷	畫卷
白卷	白卷
答卷	答卷
经卷	經卷
翻卷	翻卷
艾卷	艾卷
蛋卷	蛋卷
评卷	評卷
试卷	試卷
调卷	調卷
释卷	釋卷
开卷	開卷
开卷有益	開卷有益
阅卷	閱卷
飘卷	飄卷
鸦嘴卷尾	鴉嘴卷尾
黑卷尾	黑卷尾
墨西哥卷饼	墨西哥捲餅
微缩胶卷	微縮膠捲
卷入	捲入
卷带	捲帶
卷扬	捲揚
卷扬机	捲揚機
卷线器	捲線器
卷腹	捲腹
卷起	捲起
卷逃	捲逃
卷边	捲邊
卷门	捲門
卷风	捲風
卷饼	捲餅
春卷	春捲
烟卷	煙捲
烟卷儿	煙捲兒
瑞士卷	瑞士捲
自来卷	自來捲
自然卷	自然捲
银丝卷	銀絲捲
龙卷	龍捲
龙卷风	龍捲風
主谓结构	主謂結構
代数结构	代數結構
传动机构	傳動機構
动词结构	動詞結構
商业机构	商業機構
国际原子能机构	國際原子能機構
国际肿瘤研究机构	國際腫瘤研究機構
围护结构	圍護結構
垂悬结构	垂懸結構
基础结构	基礎結構
专门机构	專門機構
对映异构	對映異構
对映异构体	對映異構體
巴勒斯坦民族权力机构	巴勒斯坦民族權力機構
建构	建構
慈善机构	慈善機構
抗震结构	抗震結構
拓扑结构	拓撲結構
招聘机构	招聘機構
援助机构	援助機構
政治机构	政治機構
教学机构	教學機構
晶体结构	晶體結構
智囊机构	智囊機構
架构	架構
架构师	架構師
构件	構件
构图	構圖
构型	構型
构建	構建
构思	構思
构想	構想
构想图	構想圖
构成	構成
构架	構架
构树	構樹
构词	構詞
构词学	構詞學
构造	構造
构造运动	構造運動
构陷	構陷
桩构栈道	樁構棧道
机构	機構
物理结构	物理結構
环形结构	環形結構
产品结构	產品結構
异构	異構
异构体	異構體
盾构机	盾構機
研究机构	研究機構
立体异构	立體異構
立体异构体	立體異構體
结构	結構
结构主义	結構主義
结构助词	結構助詞
结构式	結構式
结构性	結構性
结构理论	結構理論
网路架构	網路架構
虚构	虛構
虚构小说	虛構小說
解构	解構
赵构	趙構
军事机构	軍事機構
重构	重構
金融机构	金融機構
中国国际信托投资公司	中國國際信托投資公司
交托	交托
付托	付托
倚托	倚托
偏三轮摩托车	偏三輪摩托車
伪托	偽托
入托	入托
列夫·托尔斯泰	列夫·托爾斯泰
半托	半托
反托拉斯	反托拉斯
反乌托邦	反烏托邦
可可托海	可可托海
吧托	吧托
吧托女	吧托女
和盘托出	和盤托出
喀拉喀托	喀拉喀托
喀拉喀托火山	喀拉喀托火山
单位信托	單位信托
埃拉托斯特尼	埃拉托斯特尼
塞瓦斯托波尔	塞瓦斯托波爾
奥托	奧托
奥特朗托	奧特朗托
奥特朗托海峡	奧特朗托海峽
委托人	委托人
威奇托	威奇托
子宫托	子宮托
安纳托利亚	安納托利亞
康托尔	康托爾
托付	托付
托儿所	托兒所
托利党	托利黨
托勒密	托勒密
托勒密王	托勒密王
托勒玫	托勒玫
托卡塔	托卡塔
托塔天王	托塔天王
托尼	托尼
托尼老师	托尼老師
托庇	托庇
托底	托底
托拉博拉	托拉博拉
托拉斯	托拉斯
托拉尔	托拉爾
托木尔	托木爾
托木尔峰	托木爾峰
托架	托架
托业	托業
托洛茨基	托洛茨基
托尔斯泰	托爾斯泰
托尔斯港	托爾斯港
托尔金	托爾金
托班	托班
托生	托生
托皮卡	托皮卡
托盘	托盤
托盘车	托盤車
托管	托管
托管班	托管班
托钵修会	托缽修會
托罗斯山	托羅斯山
托老所	托老所
托育	托育
托腮	托腮
托莱多	托萊多
托足无门	托足無門
托运	托運
托运行李	托運行李
托马斯	托馬斯
托马斯·哈代	托馬斯·哈代
托马斯·阿奎纳	托馬斯·阿奎納
承托	承托
捧托	捧托
推托	推托
摩托	摩托
摩托罗拉	摩托羅拉
摩托艇	摩托艇
摩托车	摩托車
摩托车的士	摩托車的士
斯托纳	斯托納
斯托肯立石圈	斯托肯立石圈
曼尼托巴	曼尼托巴
水上摩托	水上摩托
水上摩托车	水上摩托車
派斯托	派斯托
乌托邦	烏托邦
乌洛托品	烏洛托品
乌兰巴托	烏蘭巴托
烘托	烘托
牙托	牙托
琴斯托霍瓦	琴斯托霍瓦
白托	白托
科托努	科托努
罗托鲁瓦	羅托魯瓦
罗斯托夫	羅斯托夫
腮托	腮托
莫吉托	莫吉托
菌托	菌托
莱索托	萊索托
落托	落托
衬托	襯托
赖索托	賴索托
转托	轉托
酒托	酒托
酒托女	酒托女
医托	醫托
重托	重托
铁托	鐵托
阿托品	阿托品
集中托运	集中托運
饭托	飯托
马尼托巴	馬尼托巴
马托格罗索	馬托格羅索
马普托	馬普托
依托	依託
信托	信託
全托	全託
受托	受託
受托人	受託人
受托者	受託者
嘱托	囑託
央托	央託
委托	委託
委托书	委託書
寄托	寄託
所托非人	所託非人
拜托	拜託
托词	託詞
中国白眉朱雀	中國白眉朱雀
北朱雀	北朱雀
喜山白眉朱雀	喜山白眉朱雀
喜山红眉朱雀	喜山紅眉朱雀
喜山点翅朱雀	喜山點翅朱雀
大朱雀	大朱雀
斑翅朱雀	斑翅朱雀
普通朱雀	普通朱雀
曙红朱雀	曙紅朱雀
朱鹮	朱䴉
朱俊	朱儁
朱允炆	朱允炆
朱元璋	朱元璋
朱利亚尼	朱利亞尼
朱利娅	朱利婭
朱利安	朱利安
朱古力	朱古力
朱子	朱子
朱孝天	朱孝天
朱容基	朱容基
朱庇特	朱庇特
朱德	朱德
朱棣	朱棣
朱温	朱溫
朱漆	朱漆
朱熔基	朱熔基
朱熹	朱熹
朱由校	朱由校
朱瞻基	朱瞻基
朱祁钰	朱祁鈺
朱祁镇	朱祁鎮
朱立伦	朱立倫
朱笔	朱筆
朱粉	朱粉
朱红	朱紅
朱红灯	朱紅燈
朱绂	朱紱
朱自清	朱自清
朱莉娅	朱莉婭
朱诺	朱諾
朱迪亚	朱迪亞
朱镕基	朱鎔基
朱高炽	朱高熾
朱鹀	朱鵐
朱鹭	朱鷺
朱鹂	朱鸝
朱丽亚	朱麗亞
棕朱雀	棕朱雀
杨朱	楊朱
极北朱顶雀	極北朱頂雀
沙色朱雀	沙色朱雀
淡腹点翅朱雀	淡腹點翅朱雀
玫红眉朱雀	玫紅眉朱雀
白腰朱顶雀	白腰朱頂雀
矮茎朱砂根	矮莖朱砂根
红眉朱雀	紅眉朱雀
红胸朱雀	紅胸朱雀
红腰朱雀	紅腰朱雀
赤朱雀	赤朱雀
赤胸朱顶雀	赤胸朱頂雀
近朱者赤，近墨者黑	近朱者赤，近墨者黑
近朱近墨	近朱近墨
酒红朱雀	酒紅朱雀
长尾朱雀	長尾朱雀
马朱罗	馬朱羅
黄嘴朱顶雀	黃嘴朱頂雀
中央汇金	中央匯金
交汇处	交匯處
创汇	創匯
汇兑	匯兌
汇入	匯入
汇出	匯出
汇出行	匯出行
汇合	匯合
汇寄	匯寄
汇川	匯川
汇川区	匯川區
汇差	匯差
汇拢	匯攏
汇映	匯映
汇业银行	匯業銀行
汇款	匯款
汇水	匯水
汇流	匯流
汇流环	匯流環
汇演	匯演
汇率	匯率
汇票	匯票
汇编	匯編
汇编语言	匯編語言
汇聚	匯聚
汇费	匯費
汇金	匯金
汇点	匯點
单张汇票	單張匯票
外汇	外匯
外汇储备	外匯儲備
外汇存底	外匯存底
套汇	套匯
川汇	川匯
川汇区	川匯區
徐汇区	徐匯區
批汇	批匯
收汇	收匯
源汇	源匯
源汇区	源匯區
炒汇	炒匯
百汇	百匯
百老汇	百老匯
碳汇	碳匯
票汇	票匯
结汇	結匯
总汇	總匯
总汇三明治	總匯三明治
融汇	融匯
购汇	購匯
邮汇	郵匯
开盘汇率	開盤匯率
电汇	電匯
基本词汇	基本詞彙
汇整	彙整
汇算	彙算
汇总	彙總
文汇报	文彙報
词汇	詞彙
词汇学	詞彙學
语汇	語彙
中央海岭	中央海嶺
五岭	五嶺
八达岭	八達嶺
公主岭	公主嶺
公主岭市	公主嶺市
分水岭	分水嶺
南岭	南嶺
大分界岭	大分界嶺
大吉岭	大吉嶺
大庾岭	大庾嶺
大兴安岭	大興安嶺
大兴安岭地区	大興安嶺地區
大兴安岭山脉	大興安嶺山脈
山岭	山嶺
峻岭	峻嶺
崇山峻岭	崇山峻嶺
岭南	嶺南
岭东	嶺東
岭东区	嶺東區
巴山越岭	巴山越嶺
弓长岭	弓長嶺
弓长岭区	弓長嶺區
林岭雀	林嶺雀
海岭	海嶺
温岭	溫嶺
温岭市	溫嶺市
秦岭	秦嶺
秦岭山脉	秦嶺山脈
秦岭蜀栈道	秦嶺蜀棧道
粉红腹岭雀	粉紅腹嶺雀
翻山越岭	翻山越嶺
老爷岭	老爺嶺
荒山野岭	荒山野嶺
萌渚岭	萌渚嶺
葱岭	蔥嶺
蕉岭	蕉嶺
蕉岭县	蕉嶺縣
萨彦岭	薩彥嶺
褐头岭雀	褐頭嶺雀
越城岭	越城嶺
都庞岭	都龐嶺
铁岭	鐵嶺
铁岭市	鐵嶺市
铁岭县	鐵嶺縣
长岭	長嶺
长岭县	長嶺縣
关岭	關嶺
关岭县	關嶺縣
骑田岭	騎田嶺
高山岭雀	高山嶺雀
高岭土	高嶺土
岭𫶕	岭巆
中间纤维	中間纖維
人造纤维	人造纖維
光导纤维	光導纖維
光纤	光纖
光纤接口	光纖接口
光纤衰减	光纖衰減
光纤电缆	光纖電纜
化学纤维	化學纖維
化纤	化纖
原纤维	原纖維
合成纤维	合成纖維
单模光纤	單模光纖
多模光纤	多模光纖
天然纤维	天然纖維
椰壳纤维	椰殼纖維
玻纤	玻纖
碳纤维	碳纖維
碳链纤维	碳鏈纖維
神经原纤维	神經原纖維
神经纤维	神經纖維
神经纤维瘤	神經纖維瘤
纤尘	纖塵
纤尘不染	纖塵不染
纤密	纖密
纤小	纖小
纤屑	纖屑
纤巧	纖巧
纤度	纖度
纤弱	纖弱
纤微	纖微
纤悉	纖悉
纤悉无遗	纖悉無遺
纤柔	纖柔
纤毛	纖毛
纤毛动力蛋白	纖毛動力蛋白
纤瘦	纖瘦
纤细	纖細
纤维	纖維
纤维丛	纖維叢
纤维状	纖維狀
纤维素	纖維素
纤维肌痛	纖維肌痛
纤维胶	纖維膠
纤维蛋白	纖維蛋白
纤美	纖美
纤腰	纖腰
纤芯	纖芯
纤芯直径	纖芯直徑
纤体	纖體
聚酯纤维	聚酯纖維
肌原纤维	肌原纖維
肌纤维	肌纖維
肌纤蛋白	肌纖蛋白
膳食纤维	膳食纖維
醋酸纤维	醋酸纖維
高纤维	高纖維
古纤道	古縴道
纤夫	縴夫
纤道	縴道
中岳	中嶽
五岳	五嶽
北岳	北嶽
南岳	南嶽
南岳区	南嶽區
山岳	山嶽
岱岳区	岱嶽區
岳塘	嶽塘
岳塘区	嶽塘區
岳得尔歌	嶽得爾歌
岳麓	嶽麓
岳麓区	嶽麓區
岳麓书院	嶽麓書院
东岳	東嶽
西岳	西嶽
雪岳山	雪嶽山
叔岳	叔岳
安岳	安岳
安岳县	安岳縣
岳丈	岳丈
岳普湖	岳普湖
岳普湖县	岳普湖縣
岳母	岳母
岳池	岳池
岳池县	岳池縣
岳父	岳父
岳西	岳西
岳西县	岳西縣
岳阳	岳陽
岳阳市	岳陽市
岳阳楼	岳陽樓
岳阳楼区	岳陽樓區
岳阳楼记	岳陽樓記
岳阳县	岳陽縣
岳飞	岳飛
岳麓山	岳麓山
张飞打岳飞	張飛打岳飛
渊渟岳峙	淵渟岳峙
潘岳	潘岳
说岳全传	說岳全傳
仪征	儀徵
仪征市	儀徵市
加征	加徵
引征	引徵
强征	強徵
征信	徵信
征信社	徵信社
征候	徵候
征传	徵傳
征兆	徵兆
征兵	徵兵
征募	徵募
征友	徵友
征召	徵召
征名责实	徵名責實
征士	徵士
征婚	徵婚
征实	徵實
征收	徵收
征文	徵文
征求	徵求
征状	徵狀
征税	徵稅
征稿	徵稿
征聘	徵聘
征询	徵詢
征调	徵調
征象	徵象
征选	徵選
征集	徵集
性征	性徵
应征	應徵
指征	指徵
文征明	文徵明
本征值	本徵值
无征不信	無徵不信
特征	特徵
特征值	特徵值
特征联合	特徵聯合
生命征象	生命徵象
生命体征	生命體徵
病征	病徵
综合征	綜合徵
缓征	緩徵
繁征博引	繁徵博引
肠易激综合征	腸易激綜合徵
临床特征	臨床特徵
课征	課徵
象征	象徵
象征主义	象徵主義
象征性	象徵性
起征点	起徵點
开征	開徵
陆征祥	陸徵祥
骨髓增生异常综合征	骨髓增生異常綜合徵
体征	體徵
魏征	魏徵
出征	出征
力征	力征
北征	北征
十字军东征	十字軍東征
十字军远征	十字軍遠征
南征	南征
南征北伐	南征北伐
南征北战	南征北戰
南征北讨	南征北討
孤征	孤征
宵征	宵征
专征	專征
征人	征人
征伐	征伐
征剿	征勦
征地	征地
征尘	征塵
征夫	征夫
征彸	征彸
征得	征得
征戍	征戍
征战	征戰
征敛	征斂
征敛无度	征斂無度
征旆	征旆
征服	征服
征服者	征服者
征用	征用
征程	征程
征衣	征衣
征衫	征衫
征讨	征討
征途	征途
征马	征馬
征驾	征駕
有征无战	有征無戰
东征	東征
东征西怨	東征西怨
东征西讨	東征西討
东讨西征	東討西征
横征暴敛	橫征暴斂
税捐稽征处	稅捐稽征處
西征	西征
亲征	親征
谏征	諫征
诺曼征服	諾曼征服
遄征	遄征
远征	遠征
远征军	遠征軍
关征	關征
飞征	飛征
中签	中簽
便签	便簽
免签	免簽
工签	工簽
拒签	拒簽
改签	改簽
签入	簽入
签出	簽出
签到	簽到
签名	簽名
签呈	簽呈
签售	簽售
签售会	簽售會
签唱会	簽唱會
签字	簽字
签字笔	簽字筆
签字者	簽字者
签字费	簽字費
签定	簽定
签收	簽收
签派室	簽派室
签章	簽章
签约	簽約
签约奖金	簽約獎金
签署	簽署
签订	簽訂
签语饼	簽語餅
签赌	簽賭
续签	續簽
落地签	落地簽
题签	題簽
名称标签	名稱標籤
名签	名籤
小书签	小書籤
抽签	抽籤
书签	書籤
棉签	棉籤
标签	標籤
标签页	標籤頁
牙签	牙籤
竹签	竹籤
签条	籤條
附签	附籤
页签	頁籤
中考	中考
久经考验	久經考驗
代考	代考
伯邑考	伯邑考
备考	備考
仅作参考	僅作參考
仅供参考	僅供參考
充分考虑	充分考慮
参考	參考
参考文献	參考文獻
参考书	參考書
参考材料	參考材料
参考椭球体	參考橢球體
参考消息	參考消息
参考资料	參考資料
商务汉语考试	商務漢語考試
报考	報考
寿考	壽考
大学入学指定科目考试	大學入學指定科目考試
大考	大考
如丧考妣	如喪考妣
安全考虑	安全考慮
富贵寿考	富貴壽考
小考	小考
待考	待考
思考	思考
应考	應考
投考	投考
招考	招考
指考	指考
换位思考	換位思考
斯考特	斯考特
普考	普考
普通高等学校招生全国统一考试	普通高等學校招生全國統一考試
会考	會考
查考	查考
汉语水平考试	漢語水平考試
皇考	皇考
监考	監考
研考	研考
科考	科考
科考队	科考隊
科举考试	科舉考試
统考	統考
编班考试	編班考試
考上	考上
考中	考中
考入	考入
考公	考公
考分	考分
考区	考區
考取	考取
考古	考古
考古学	考古學
考古题	考古題
考场	考場
考完	考完
考官	考官
考察	考察
考察船	考察船
考察队	考察隊
考工记	考工記
考虑	考慮
考拉	考拉
考文垂	考文垂
考本	考本
考查	考查
考波什堡	考波什堡
考生	考生
考研	考研
考砸	考砸
考究	考究
考纪	考紀
考级	考級
考纲	考綱
考绩	考績
考订	考訂
考评	考評
考试	考試
考试院	考試院
考进	考進
考过	考過
考选部	考選部
考量	考量
考霸	考霸
考题	考題
考验	考驗
联考	聯考
兰考	蘭考
兰考县	蘭考縣
补考	補考
赴考	赴考
赶考	趕考
路考	路考
显考	顯考
高考	高考
高考移民	高考移民
保险柜	保險櫃
储物柜	儲物櫃
冰柜	冰櫃
冷冻柜	冷凍櫃
冻柜	凍櫃
出柜	出櫃
寄物柜	寄物櫃
专柜	專櫃
小型柜橱	小型櫃櫥
展柜	展櫃
嵌入式衣柜	嵌入式衣櫃
床头柜	床頭櫃
掌柜	掌櫃
拦柜	攔櫃
书柜	書櫃
柜员	櫃員
柜员机	櫃員機
柜哥	櫃哥
柜姐	櫃姐
柜子	櫃子
橱柜	櫥櫃
浴柜	浴櫃
深柜	深櫃
甩手掌柜	甩手掌櫃
碗柜	碗櫃
约柜	約櫃
置物柜	置物櫃
翻箱倒柜	翻箱倒櫃
自动柜员机	自動櫃員機
衣柜	衣櫃
衣物柜	衣物櫃
货柜	貨櫃
货柜车	貨櫃車
配电柜	配電櫃
酒柜	酒櫃
金柜	金櫃
金柜石室	金櫃石室
雪柜	雪櫃
电冰柜	電冰櫃
食物柜	食物櫃
丰姿	丰姿
信丰	信豐
信丰县	信豐縣
南丰	南豐
南丰县	南豐縣
哈丰角	哈豐角
寿丰	壽豐
寿丰乡	壽豐鄉
宜丰	宜豐
宜丰县	宜豐縣
宝丰	寶豐
宝丰县	寶豐縣
新丰	新豐
新丰县	新豐縣
新丰乡	新豐鄉
东丰	東豐
东丰县	東豐縣
林丰正	林豐正
民丰	民豐
民丰县	民豐縣
永丰	永豐
永丰县	永豐縣
沃达丰	沃達豐
海丰	海豐
海丰县	海豐縣
清丰	清豐
清丰县	清豐縣
经验丰富	經驗豐富
羽翼丰满	羽翼豐滿
西丰	西豐
西丰县	西豐縣
丰乳	豐乳
丰俭由人	豐儉由人
丰功	豐功
丰功伟绩	豐功偉績
丰南	豐南
丰南区	豐南區
丰厚	豐厚
丰唇	豐唇
丰城	豐城
丰城市	豐城市
丰富	豐富
丰富多彩	豐富多彩
丰宁	豐寧
丰宁满族自治县	豐寧滿族自治縣
丰宁县	豐寧縣
丰度	豐度
丰收	豐收
丰水	豐水
丰沛	豐沛
丰溪	豐溪
丰满区	豐滿區
丰润	豐潤
丰润区	豐潤區
丰泽	豐澤
丰泽区	豐澤區
丰滨	豐濱
丰滨乡	豐濱鄉
丰产	豐產
丰田	豐田
丰登	豐登
丰盈	豐盈
丰盛	豐盛
丰碑	豐碑
丰硕	豐碩
丰县	豐縣
丰美	豐美
丰胸	豐胸
丰腴	豐腴
丰臣秀吉	豐臣秀吉
丰衣足食	豐衣足食
丰裕	豐裕
丰足	豐足
丰都	豐都
丰都县	豐都縣
丰镇	豐鎮
丰镇市	豐鎮市
丰顺	豐順
丰顺县	豐順縣
丰饶	豐饒
贞丰	貞豐
贞丰县	貞豐縣
长丰	長豐
长丰县	長豐縣
陆丰	陸豐
陆丰市	陸豐市
鼎泰丰	鼎泰豐
主保圣人	主保聖人
亚圣	亞聖
伊斯兰圣战组织	伊斯蘭聖戰組織
入圣	入聖
博科圣地	博科聖地
反圣婴	反聖嬰
四圣谛	四聖諦
基督圣体节	基督聖體節
大圣	大聖
孔圣人	孔聖人
孝圣宪	孝聖憲
孙大圣	孫大聖
宗圣侯	宗聖侯
宗圣公	宗聖公
封圣	封聖
山中圣训	山中聖訓
巴黎圣母院	巴黎聖母院
成圣	成聖
教义和圣约	教義和聖約
文圣区	文聖區
书圣	書聖
朝拜圣山	朝拜聖山
朝圣	朝聖
朝圣者	朝聖者
武圣	武聖
殷忧启圣	殷憂啟聖
神圣	神聖
神圣不可侵犯	神聖不可侵犯
神圣罗马帝国	神聖羅馬帝國
穆圣	穆聖
耶稣基督末世圣徒教会	耶穌基督末世聖徒教會
圣上	聖上
圣事	聖事
圣人	聖人
圣代	聖代
圣伯多禄大殿	聖伯多祿大殿
圣但尼	聖但尼
圣何塞	聖何塞
圣保罗	聖保羅
圣像	聖像
圣僧	聖僧
圣典	聖典
圣凯瑟琳	聖凱瑟琳
圣劳伦斯河	聖勞倫斯河
圣化	聖化
圣君	聖君
圣哉经	聖哉經
圣哲	聖哲
圣善	聖善
圣乔治	聖喬治
圣地	聖地
圣地亚哥	聖地亞哥
圣地牙哥	聖地牙哥
圣城	聖城
圣基茨和尼维斯	聖基茨和尼維斯
圣塔伦	聖塔倫
圣多明各	聖多明各
圣多明哥	聖多明哥
圣多美	聖多美
圣多美和普林西比	聖多美和普林西比
圣大非	聖大非
圣奥古斯丁	聖奧古斯丁
圣女贞德	聖女貞德
圣婴	聖嬰
圣子	聖子
圣安地列斯断层	聖安地列斯斷層
圣安多尼堂区	聖安多尼堂區
圣安德列斯断层	聖安德列斯斷層
圣安德鲁	聖安德魯
圣安东尼奥	聖安東尼奧
圣庙	聖廟
圣彼得	聖彼得
圣彼得堡	聖彼得堡
圣徒	聖徒
圣德太子	聖德太子
圣心	聖心
圣心节	聖心節
圣战	聖戰
圣手	聖手
圣文森及格瑞那丁	聖文森及格瑞那丁
圣文森和格林纳丁	聖文森和格林納丁
圣文森特和格林纳丁斯	聖文森特和格林納丁斯
圣旨	聖旨
圣明	聖明
圣朝	聖朝
圣歌	聖歌
圣殿	聖殿
圣母婊	聖母婊
圣母峰	聖母峰
圣母教堂	聖母教堂
圣母玛利亚	聖母瑪利亞
圣水	聖水
圣油	聖油
圣洗	聖洗
圣涡	聖渦
圣洁	聖潔
圣火	聖火
圣灰瞻礼日	聖灰瞻禮日
圣灰节	聖灰節
圣烛节	聖燭節
圣父	聖父
圣王	聖王
圣盘	聖盤
圣卢西亚	聖盧西亞
圣卢西亚岛	聖盧西亞島
圣神	聖神
圣神降临	聖神降臨
圣礼	聖禮
圣约	聖約
圣约瑟夫	聖約瑟夫
圣约翰	聖約翰
圣约翰斯	聖約翰斯
圣纳帕	聖納帕
圣索非亚	聖索非亞
圣索非亚大教堂	聖索非亞大教堂
圣经	聖經
圣经外传	聖經外傳
圣经贤传	聖經賢傳
圣者	聖者
圣职	聖職
圣胎	聖胎
圣膏油	聖膏油
圣荷西	聖荷西
圣菲	聖菲
圣萨尔瓦多	聖薩爾瓦多
圣训	聖訓
圣诗	聖詩
圣诞	聖誕
圣诞前夕	聖誕前夕
圣诞卡	聖誕卡
圣诞岛	聖誕島
圣诞帽	聖誕帽
圣诞快乐	聖誕快樂
圣诞树	聖誕樹
圣诞节	聖誕節
圣诞红	聖誕紅
圣诞老人	聖誕老人
圣诞颂	聖誕頌
圣谕	聖諭
圣贤	聖賢
圣贤孔子鸟	聖賢孔子鳥
圣贤书	聖賢書
圣赫勒拿	聖赫勒拿
圣赫勒拿岛	聖赫勒拿島
圣迹	聖跡
圣路易斯	聖路易斯
圣躬	聖躬
圣雄	聖雄
圣露西亚	聖露西亞
圣灵	聖靈
圣灵降临	聖靈降臨
圣餐	聖餐
圣马利诺	聖馬利諾
圣马力诺	聖馬力諾
圣马洛	聖馬洛
圣体	聖體
圣体节	聖體節
圣体血	聖體血
荷属圣马丁	荷屬聖馬丁
衍圣公	衍聖公
衍圣公府	衍聖公府
诗圣	詩聖
转轮圣帝	轉輪聖帝
转轮圣王	轉輪聖王
醉圣	醉聖
开漳圣王	開漳聖王
齐天大圣	齊天大聖
主仆	主僕
仆人	僕人
仆役	僕役
仆欧	僕歐
僮仆	僮僕
公仆	公僕
太仆	太僕
太仆寺	太僕寺
太仆寺卿	太僕寺卿
女仆	女僕
奴仆	奴僕
更仆难数	更僕難數
狼仆	狼僕
臣仆	臣僕
仆街	仆街
乞力马扎罗山	乞力馬扎羅山
卡扎菲	卡扎菲
垂死挣扎	垂死掙扎
塔扎	塔扎
尖扎	尖扎
尖扎县	尖扎縣
巴扎	巴扎
康多莉扎·赖斯	康多莉扎·賴斯
扎伊尔	扎伊爾
扎住	扎住
扎啤	扎啤
扎堆	扎堆
扎实	扎實
扎实推进	扎實推進
扎带	扎帶
扎心	扎心
扎根	扎根
扎格罗斯	扎格羅斯
扎格罗斯山脉	扎格羅斯山脈
扎款	扎款
扎猛子	扎猛子
扎眼	扎眼
扎穿	扎穿
扎兰屯	扎蘭屯
扎兰屯市	扎蘭屯市
扎赉特	扎賚特
扎针	扎針
扎鲁特	扎魯特
挣扎	掙扎
硬扎	硬扎
稳扎稳打	穩扎穩打
纳扎尔巴耶夫	納扎爾巴耶夫
莫扎特	莫扎特
针扎	針扎
雷扎耶湖	雷扎耶湖
马扎尔	馬扎爾
马扎尔语	馬扎爾語
点子扎手	點子扎手
包扎	包紮
卡尔扎伊	卡爾紮伊
安营扎寨	安營紮寨
捆扎	捆紮
扎寨	紮寨
扎染	紮染
扎营	紮營
扎线带	紮線帶
扎马剌丁	紮馬剌丁
扎马鲁丁	紮馬魯丁
结扎	結紮
绑扎	綁紮
马扎	馬紮
驻扎	駐紮
乳哺	乳哺
反哺	反哺
哺乳	哺乳
哺乳动物	哺乳動物
哺乳纲	哺乳綱
哺乳类	哺乳類
哺乳类动物	哺乳類動物
哺母乳	哺母乳
哺育	哺育
哺养	哺養
嗷嗷待哺	嗷嗷待哺
辍食吐哺	輟食吐哺
乳果糖	乳果糖
互为因果	互為因果
人心果	人心果
什锦果盘	什錦果盤
仙人掌果	仙人掌果
修成正果	修成正果
倒果为因	倒果為因
刚果	剛果
刚果民主共和国	剛果民主共和國
刚果河	剛果河
吉事果	吉事果
嘉宝果	嘉寶果
因果	因果
因果报应	因果報應
坐果	坐果
坚果	堅果
夏威夷果	夏威夷果
多香果	多香果
奇异果	奇異果
如果	如果
如果说	如果說
平果	平果
平果市	平果市
庵摩落迦果	庵摩落迦果
必然结果	必然結果
情人果	情人果
恶果	惡果
成果	成果
挂果	掛果
效果	效果
效果图	效果圖
未果	未果
杏仁果	杏仁果
果不其然	果不其然
果仁	果仁
果仁儿	果仁兒
果仁密饼	果仁密餅
果倍爽	果倍爽
果冻	果凍
果切	果切
果品	果品
果啤	果啤
果园	果園
果报	果報
果如所料	果如所料
果子	果子
果子冻	果子凍
果子狸	果子狸
果子酱	果子醬
果子露	果子露
果实	果實
果实散播	果實散播
果播	果播
果敢	果敢
果料儿	果料兒
果断	果斷
果木	果木
果树	果樹
果汁	果汁
果汁机	果汁機
果决	果決
果泥	果泥
果洛	果洛
果洛州	果洛州
果洛藏族自治州	果洛藏族自治州
果然	果然
果皮	果皮
果盘	果盤
果真	果真
果穗	果穗
果粉	果粉
果糖	果糖
果肉	果肉
果脯	果脯
果腹	果腹
果胶	果膠
果若	果若
果茶	果茶
果葡糖浆	果葡糖漿
果蔬	果蔬
果蝇	果蠅
果农	果農
果酒	果酒
果酱	果醬
果馅饼	果餡餅
梨果	梨果
椰果	椰果
榛果	榛果
榴梿果	榴槤果
榴莲果	榴蓮果
橙皮果酱	橙皮果醬
歪果仁	歪果仁
毫无效果	毫無效果
水果	水果
水果刀	水果刀
水果捞	水果撈
水果酒	水果酒
沙果	沙果
浆果	漿果
澳洲坚果	澳洲堅果
火龙果	火龍果
乌饭果	烏飯果
灯笼果	燈籠果
牛油果	牛油果
玫瑰果	玫瑰果
瓜果	瓜果
疏果	疏果
白果	白果
百果	百果
百香果	百香果
硬壳果	硬殼果
碧根果	碧根果
硕果	碩果
硕果仅存	碩果僅存
禁果	禁果
颖果	穎果
米果	米果
糖果	糖果
红果	紅果
统计结果	統計結果
罗汉果	羅漢果
美粒果	美粒果
肉果	肉果
腰果	腰果
腰果鸡丁	腰果雞丁
卧果儿	臥果兒
自食其果	自食其果
自食恶果	自食惡果
自食苦果	自食苦果
芒果	芒果
芒果汁	芒果汁
苦果	苦果
英明果断	英明果斷
草果	草果
荚果	莢果
蒴果	蒴果
蔬果	蔬果
藏茴香果	藏茴香果
藏青果	藏青果
兰因絮果	蘭因絮果
蛇果	蛇果
蛇皮果	蛇皮果
言必信，行必果	言必信，行必果
调查结果	調查結果
贝果	貝果
宾果	賓果
野果	野果
长生果	長生果
开心果	開心果
鸡蛋果	雞蛋果
雨果	雨果
青果	青果
音响效果	音響效果
食不果腹	食不果腹
冯内果	馮內果
高果糖浆	高果糖漿
高果糖玉米糖浆	高果糖玉米糖漿
黄晶果	黃晶果
黄金果	黃金果
黏果酸浆	黏果酸漿
黑颏果鸠	黑頦果鳩
斋果	齋果
借尸还魂	借屍還魂
停尸	停屍
停尸房	停屍房
停尸间	停屍間
僵尸网络	僵屍網絡
僵尸车	僵屍車
全尸	全屍
分尸	分屍
丧尸	喪屍
尸僵	屍僵
尸块	屍塊
尸山血海	屍山血海
尸斑	屍斑
尸横遍野	屍橫遍野
尸检	屍檢
尸臭	屍臭
尸身	屍身
尸首	屍首
尸骨	屍骨
尸骸	屍骸
尸体	屍體
尸体剖检	屍體剖檢
尸体袋	屍體袋
尸体解剖	屍體解剖
恋尸癖	戀屍癖
挺尸	挺屍
掘墓鞭尸	掘墓鞭屍
捡尸	撿屍
横尸遍野	橫屍遍野
检尸	檢屍
死尸	死屍
僵尸	殭屍
僵尸粉	殭屍粉
活尸	活屍
焚尸	焚屍
焚尸炉	焚屍爐
碎尸	碎屍
腐尸	腐屍
行尸走肉	行屍走肉
诈尸	詐屍
躺尸	躺屍
陈尸	陳屍
食尸鬼	食屍鬼
马革裹尸	馬革裹屍
验尸	驗屍
验尸官	驗屍官
尸位素餐	尸位素餐
尸禄	尸祿
尸罗	尸羅
仔姜	仔薑
洋姜	洋薑
生姜	生薑
生姜丝	生薑絲
姜是老的辣	薑是老的辣
姜汁	薑汁
姜还是老的辣	薑還是老的辣
姜饼	薑餅
姜黄	薑黃
姜黄色	薑黃色
高良姜	高良薑
黄姜	黃薑
姜太公	姜太公
姜子牙	姜子牙
姜戎	姜戎
姜文	姜文
孟姜女	孟姜女
事危累卵	事危累卵
劳累	勞累
危如累卵	危如累卵
墨累	墨累
墨累达令流域	墨累達令流域
多累	多累
带累	帶累
德累斯顿	德累斯頓
心累	心累
拖累	拖累
日积月累	日積月累
牵累	牽累
疲累	疲累
盈箱累箧	盈箱累篋
积德累功	積德累功
积累	積累
积累性	積累性
积累毒性	積累毒性
积金累玉	積金累玉
累加器	累加器
累加总数	累加總數
累及	累及
累垮	累垮
累坏	累壞
累心	累心
累成狗	累成狗
累犯	累犯
累积	累積
累积剂量	累積劑量
累觉不爱	累覺不愛
累计	累計
累赘	累贅
累趴	累趴
累进	累進
芜累	蕪累
连篇累牍	連篇累牘
连累	連累
达累斯萨拉姆	達累斯薩拉姆
长篇累牍	長篇累牘
马累	馬累
事实根据	事實根據
占据	佔據
依据	依據
借据	借據
元数据	元數據
判据	判據
割据	割據
单据	單據
大数据	大數據
契据	契據
字据	字據
实据	實據
引经据典	引經據典
凭据	憑據
据估计	據估計
据信	據信
据传	據傳
据报	據報
据报导	據報導
据报道	據報道
据守	據守
据实	據實
据实以告	據實以告
据悉	據悉
据情办理	據情辦理
据我所知	據我所知
据我看	據我看
据料	據料
据有	據有
据此	據此
据为己有	據為己有
据理	據理
据理力争	據理力爭
据称	據稱
据统计	據統計
据闻	據聞
据说	據說
据险	據險
据点	據點
收据	收據
数据	數據
数据传输	數據傳輸
数据压缩	數據壓縮
数据库	數據庫
数据库软件	數據庫軟件
数据手册	數據手冊
数据挖掘	數據挖掘
数据接口	數據接口
数据机	數據機
数据段	數據段
数据流	數據流
数据组	數據組
数据网络	數據網絡
数据总线	數據總線
数据处理	數據處理
数据通信	數據通信
数据链路	數據鏈路
数据链路层	數據鏈路層
数据链路连接标识	數據鏈路連接標識
数据集	數據集
日据	日據
日据时代	日據時代
根据	根據
根据地	根據地
理据	理據
直接数据	直接數據
真凭实据	真憑實據
票据	票據
窃据	竊據
统计数据	統計數據
维基数据	維基數據
行为数据	行為數據
论据	論據
进退失据	進退失據
电子数据交换	電子數據交換
拮据	拮据
二仑	二崙
二仑乡	二崙鄉
仑背	崙背
仑背乡	崙背鄉
希斯仑	希斯崙
拿破仑	拿破崙
拿破仑·波拿巴	拿破崙·波拿巴
加仑	加侖
北仑	北侖
北仑区	北侖區
库仑计	庫侖計
红加仑	紅加侖
黑加仑	黑加侖
五大三粗	五大三粗
加粗	加粗
动粗	動粗
喘粗气	喘粗氣
大老粗	大老粗
拔根汗毛比腰粗	拔根汗毛比腰粗
挟细拿粗	挾細拿粗
气粗	氣粗
爆粗	爆粗
短粗	短粗
磨石粗砂岩	磨石粗砂岩
粗估	粗估
粗俗	粗俗
粗分	粗分
粗剪	粗剪
粗劣	粗劣
粗劣作品	粗劣作品
粗厉	粗厲
粗口	粗口
粗哑	粗啞
粗壮	粗壯
粗大	粗大
粗心	粗心
粗心大意	粗心大意
粗放	粗放
粗暴	粗暴
粗榧	粗榧
粗活	粗活
粗浅	粗淺
粗犷	粗獷
粗率	粗率
粗略	粗略
粗疏	粗疏
粗砂	粗砂
粗笨	粗笨
粗糙	粗糙
粗粮	粗糧
粗粝	粗糲
粗细	粗細
粗茶淡饭	粗茶淡飯
粗莽	粗莽
粗话	粗話
粗语	粗語
粗豪	粗豪
粗鄙	粗鄙
粗野	粗野
粗陋	粗陋
粗饭	粗飯
粗体	粗體
粗体字	粗體字
粗鲁	粗魯
粗鲁不文	粗魯不文
粗盐	粗鹽
老粗	老粗
脸红脖子粗	臉紅脖子粗
蒸粗麦粉	蒸粗麥粉
西双版纳粗榧	西雙版納粗榧
财大气粗	財大氣粗
五谷	五穀
全谷物	全穀物
包谷	包穀
土谷祠	土穀祠
川谷	川穀
打谷	打穀
打谷场	打穀場
打谷机	打穀機
扬谷	揚穀
百谷	百穀
禾谷	禾穀
秕谷	秕穀
稻谷	稻穀
谷仓	穀倉
谷城	穀城
谷城县	穀城縣
谷子	穀子
谷梁	穀梁
谷梁传	穀梁傳
谷壳	穀殼
谷氨酸	穀氨酸
谷氨酸钠	穀氨酸鈉
谷物	穀物
谷神	穀神
谷神星	穀神星
谷穗	穀穗
谷粒	穀粒
谷糠	穀糠
谷草	穀草
谷雨	穀雨
谷类	穀類
谷饲	穀飼
积谷防饥	積穀防饑
簸谷	簸穀
脆谷乐	脆穀樂
低谷	低谷
催谷	催谷
函谷关	函谷關
吐谷浑	吐谷渾
哈巴谷书	哈巴谷書
壑谷	壑谷
大峡谷	大峽谷
山谷	山谷
山谷市	山谷市
峡谷	峽谷
崖谷	崖谷
平谷	平谷
平谷区	平谷區
平谷县	平谷縣
幽谷	幽谷
府谷	府谷
府谷县	府谷縣
怒江大峡谷	怒江大峽谷
斯瓦特谷地	斯瓦特谷地
日比谷公园	日比谷公園
景谷	景谷
景谷傣族彝族自治县	景谷傣族彝族自治縣
景谷县	景谷縣
曼谷	曼谷
曾孝谷	曾孝谷
最低谷	最低谷
东非大裂谷	東非大裂谷
梵谷	梵谷
河谷	河谷
波谷	波谷
浪谷	浪谷
深谷	深谷
渊谷	淵谷
沟谷	溝谷
溪谷	溪谷
满坑满谷	滿坑滿谷
狭谷	狹谷
甘谷	甘谷
甘谷县	甘谷縣
矽谷	矽谷
硅谷	硅谷
科罗拉多大峡谷	科羅拉多大峽谷
空谷足音	空谷足音
虚怀若谷	虛懷若谷
裂谷	裂谷
裂谷热	裂谷熱
谷口	谷口
谷地	谷地
谷底	谷底
谷歌	谷歌
谷氨酰胺	谷氨酰胺
贝卡谷地	貝卡谷地
跌至谷底	跌至谷底
进退维谷	進退維谷
长谷川	長谷川
陈谷子烂芝麻	陳谷子爛芝麻
阳谷	陽谷
阳谷县	陽谷縣
隘谷	隘谷
双龙大裂谷	雙龍大裂谷
杂谷脑	雜谷腦
灵谷寺	靈谷寺
非洲大裂谷	非洲大裂谷
马尔谷	馬爾谷
高岸深谷	高岸深谷
鹿谷	鹿谷
鹿谷乡	鹿谷鄉
五脏	五臟
五脏六腑	五臟六腑
内脏	內臟
心脏	心臟
心脏搭桥手术	心臟搭橋手術
心脏收缩压	心臟收縮壓
心脏疾患	心臟疾患
心脏病	心臟病
心脏舒张压	心臟舒張壓
心脏杂音	心臟雜音
心脏骤停	心臟驟停
肝脏	肝臟
肺脏	肺臟
胰脏	胰臟
胰脏炎	胰臟炎
脾脏	脾臟
肾脏	腎臟
脏器	臟器
脏腑	臟腑
脏躁	臟躁
麻雀虽小，五脏俱全	麻雀雖小，五臟俱全
小脏鬼	小髒鬼
弄脏	弄髒
满口脏话	滿口髒話
泼脏水	潑髒水
开口成脏	開口成髒
肮脏	骯髒
脏乱	髒亂
脏乱差	髒亂差
脏兮兮	髒兮兮
脏土	髒土
脏字	髒字
脏弹	髒彈
脏标	髒標
脏水	髒水
脏污	髒污
脏煤	髒煤
脏病	髒病
脏话	髒話
脏辫	髒辮
亚历山大	亞歷山大
亚历山大大帝	亞歷山大大帝
亚历山大鹦鹉	亞歷山大鸚鵡
来历	來歷
来历不明	來歷不明
修订历史	修訂歷史
册历	冊歷
天路历程	天路歷程
妙妙熊历险记	妙妙熊歷險記
学历	學歷
履历	履歷
履历片	履歷片
架空历史	架空歷史
历下	歷下
历下区	歷下區
历代	歷代
历任	歷任
历来	歷來
历史	歷史
历史上	歷史上
历史久远	歷史久遠
历史事件	歷史事件
历史人物	歷史人物
历史剧	歷史劇
历史博物馆	歷史博物館
历史唯物主义	歷史唯物主義
历史学	歷史學
历史性	歷史性
历史悠久	歷史悠久
历史意义	歷史意義
历史成本	歷史成本
历史新高	歷史新高
历史沿革	歷史沿革
历史版本	歷史版本
历史背景	歷史背景
历史观点	歷史觀點
历史遗产	歷史遺產
历史遗迹	歷史遺跡
历史重演	歷史重演
历城	歷城
历城区	歷城區
历届	歷屆
历时	歷時
历朝通俗演义	歷朝通俗演義
历次	歷次
历程	歷程
历经	歷經
历练	歷練
历险	歷險
涉历	涉歷
汤姆·索亚历险记	湯姆·索亞歷險記
汤姆索亚历险记	湯姆索亞歷險記
病历	病歷
简历	簡歷
经历	經歷
经历风雨	經歷風雨
亲历	親歷
资历	資歷
身历声	身歷聲
遍历	遍歷
阅历	閱歷
高学历	高學歷
黑历史	黑歷史
公历	公曆
四分历	四分曆
夏历	夏曆
大明历	大明曆
庆历新政	慶曆新政
挂历	掛曆
新历	新曆
日历	日曆
星历	星曆
历书	曆書
月历	月曆
校历	校曆
格列高利历	格列高利曆
翻老皇历	翻老皇曆
老皇历	老皇曆
旧历	舊曆
旧皇历	舊皇曆
行事历	行事曆
西历	西曆
农历	農曆
阴历	陰曆
阳历	陽曆
黄历	黃曆
交迫	交迫
切迫	切迫
危迫	危迫
压迫	壓迫
威迫	威迫
强迫	強迫
强迫劳动	強迫勞動
强迫性	強迫性
强迫性性行为	強迫性性行為
强迫观念	強迫觀念
从容不迫	從容不迫
急迫	急迫
窘迫	窘迫
紧迫	緊迫
紧迫盯人	緊迫盯人
胁迫	脅迫
被迫	被迫
贫病交迫	貧病交迫
迫不及待	迫不及待
迫不得已	迫不得已
迫令	迫令
迫使	迫使
迫供	迫供
迫促	迫促
迫切	迫切
迫切性	迫切性
迫在眉睫	迫在眉睫
迫害	迫害
迫击炮	迫擊炮
迫胁	迫脅
迫临	迫臨
迫近	迫近
隐蔽强迫下载	隱蔽強迫下載
饥寒交迫	飢寒交迫
什么风把你吹来的	什麼風把你吹來的
你个头	你個頭
你们	你們
你好	你好
你妈	你媽
你我	你我
你死我活	你死我活
你争我夺	你爭我奪
你看着办吧	你看著辦吧
你真行	你真行
你等	你等
你追我赶	你追我趕
去你的	去你的
拜你所赐	拜你所賜
拿你没辙	拿你沒轍
操你妈	操你媽
日你妈	日你媽
有人想你	有人想你
真有你的	真有你的
算你狠	算你狠
给你点颜色看看	給你點顏色看看
肏你妈	肏你媽
走你	走你
迷你	迷你
迷你剧	迷你劇
迷你裙	迷你裙
关你屁事	關你屁事
随你	隨你
非你莫属	非你莫屬
今岁	今歲
卒岁	卒歲
去岁	去歲
嗣岁	嗣歲
压岁钱	壓歲錢
太岁	太歲
守岁	守歲
安太岁	安太歲
实岁	實歲
峥嵘岁月	崢嶸歲月
往岁	往歲
恶岁	惡歲
日久岁深	日久歲深
早岁	早歲
旬岁	旬歲
暮岁	暮歲
岁不我与	歲不我與
岁修	歲修
岁俸	歲俸
岁入	歲入
岁出	歲出
岁初	歲初
岁差	歲差
岁序	歲序
岁数	歲數
岁时	歲時
岁暮	歲暮
岁月	歲月
岁月如梭	歲月如梭
岁月如流	歲月如流
岁月峥嵘	歲月崢嶸
岁月流逝	歲月流逝
岁末	歲末
岁计	歲計
岁阑	歲闌
岁静	歲靜
岁首	歲首
百岁老人	百歲老人
绮岁	綺歲
虚岁	虛歲
贺岁	賀歲
足岁	足歲
令人钦佩	令人欽佩
佩剑	佩劍
佩奇	佩奇
佩带	佩帶
佩戴	佩戴
佩服	佩服
佩洛西	佩洛西
佩环	佩環
佩皮尼昂	佩皮尼昂
佩兰	佩蘭
佩饰	佩飾
佩鲁贾	佩魯賈
倾佩	傾佩
坦佩雷	坦佩雷
带牛佩犊	帶牛佩犢
弗洛伦蒂诺·佩雷斯	弗洛倫蒂諾·佩雷斯
感佩	感佩
敬佩	敬佩
斯佩林	斯佩林
斯佩罗	斯佩羅
斯佩耳特小麦	斯佩耳特小麥
钦佩	欽佩
洛佩斯	洛佩斯
洛佩兹	洛佩茲
玉佩	玉佩
科佩尔	科佩爾
纫佩	紉佩
胶片佩章	膠片佩章
莎拉·佩林	莎拉·佩林
赞西佩	贊西佩
阿斯佩尔格尔	阿斯佩爾格爾
佩林	珮林
高罗佩	高羅珮
仿似	仿似
仿效	仿傚
仿冒	仿冒
仿冒品	仿冒品
仿古	仿古
仿品	仿品
仿如	仿如
仿宋	仿宋
仿射	仿射
仿射子空间	仿射子空間
仿射空间	仿射空間
仿生	仿生
仿生学	仿生學
仿皮	仿皮
仿真	仿真
仿真服务器	仿真服務器
仿纸	仿紙
仿羊皮纸	仿羊皮紙
仿行	仿行
仿讽	仿諷
仿造	仿造
效仿	傚仿
戏仿	戲仿
模仿	模仿
模仿品	模仿品
氯仿	氯仿
相仿	相仿
高仿	高仿
休戚相关	休戚相關
哀戚	哀戚
悲戚	悲戚
戚友	戚友
戚属	戚屬
戚族	戚族
戚继光	戚繼光
戚谊	戚誼
熊亲戚	熊親戚
皇亲国戚	皇親國戚
自贻伊戚	自貽伊戚
亲戚	親戚
走亲戚	走親戚
乡戚	鄉戚
鼓盆之戚	鼓盆之戚
休闲	休閒
休闲裤	休閒褲
休闲鞋	休閒鞋
吃闲饭	吃閒飯
多管闲事	多管閒事
少管闲事	少管閒事
气定神闲	氣定神閒
消闲	消閒
清闲	清閒
空闲	空閒
等闲	等閒
等闲之辈	等閒之輩
管闲事	管閒事
说闲话	說閒話
讲闲话	講閒話
赋闲	賦閒
闲事	閒事
闲人	閒人
闲侃	閒侃
闲来无事	閒來無事
闲口	閒口
闲情	閒情
闲散	閒散
闲晃	閒晃
闲书	閒書
闲混	閒混
闲空	閒空
闲置	閒置
闲聊	閒聊
闲话	閒話
闲谈	閒談
闲钱	閒錢
安闲自在	安閑自在
安闲自得	安閑自得
安闲随意	安閑隨意
帮闲	幫閑
心安神闲	心安神閑
有钱有闲	有錢有閑
无业闲散	無業閑散
躲清闲	躲清閑
闲冗	閑冗
闲在	閑在
闲坐	閑坐
闲居	閑居
闲心	閑心
闲章	閑章
闲聊天	閑聊天
闲职	閑職
闲言碎语	閑言碎語
闲逛	閑逛
闲逸	閑逸
闲雅	閑雅
闲杂	閑雜
闲静	閑靜
防闲	防閑
伙伴	伙伴
伙夫	伙夫
伙计	伙計
伙食	伙食
伙食费	伙食費
入伙	入伙
包伙	包伙
合伙	合伙
合伙人	合伙人
合作伙伴	合作伙伴
大伙	大伙
小伙	小伙
小伙子	小伙子
店伙	店伙
性伙伴	性伙伴
战略伙伴	戰略伙伴
搭伙	搭伙
散伙	散伙
散伙饭	散伙飯
结伙	結伙
聚伙	聚伙
贸易伙伴	貿易伙伴
开伙	開伙
低空跳伞	低空跳傘
保护伞	保護傘
伞下	傘下
伞兵	傘兵
伞形	傘形
伞形科	傘形科
伞菌	傘菌
伞降	傘降
和尚打伞	和尚打傘
坐降落伞	坐降落傘
小雨伞	小雨傘
爱心伞	愛心傘
打伞	打傘
拖曳伞	拖曳傘
撑伞	撐傘
旱伞	旱傘
毒蝇伞	毒蠅傘
滑翔伞	滑翔傘
特技跳伞	特技跳傘
矮脚罗伞	矮腳羅傘
菌伞	菌傘
跳伞	跳傘
造型跳伞	造型跳傘
降落伞	降落傘
阳伞	陽傘
雨伞	雨傘
内蒙	內蒙
内蒙古	內蒙古
内蒙古大学	內蒙古大學
内蒙古自治区	內蒙古自治區
前郭尔罗斯蒙古族自治县	前郭爾羅斯蒙古族自治縣
博尔塔拉蒙古自治州	博爾塔拉蒙古自治州
博蒙特	博蒙特
吴下阿蒙	吳下阿蒙
吕蒙	呂蒙
哈蒙德	哈蒙德
启蒙主义	啟蒙主義
喀喇沁左翼蒙古族自治县	喀喇沁左翼蒙古族自治縣
围场满族蒙古族自治县	圍場滿族蒙古族自治縣
图坦卡蒙	圖坦卡蒙
坑蒙	坑蒙
埃德蒙	埃德蒙
埃德蒙顿	埃德蒙頓
外蒙	外蒙
外蒙古	外蒙古
多特蒙德	多特蒙德
巴音郭楞蒙古自治州	巴音郭楞蒙古自治州
彪蒙	彪蒙
爱德蒙	愛德蒙
承蒙	承蒙
易蒙停	易蒙停
杜尔伯特蒙古族自治县	杜爾伯特蒙古族自治縣
河南蒙古族自治县	河南蒙古族自治縣
派拉蒙影业	派拉蒙影業
海西蒙古族藏族自治州	海西蒙古族藏族自治州
溟蒙	溟蒙
瑙蒙短尾鹛	瑙蒙短尾鶥
童蒙	童蒙
第蒙	第蒙
罗蒙诺索夫	羅蒙諾索夫
肃北蒙古族自治县	肅北蒙古族自治縣
艾德蒙顿	艾德蒙頓
荷尔蒙	荷爾蒙
蒙代尔	蒙代爾
蒙兀国	蒙兀國
蒙冤	蒙冤
蒙受	蒙受
蒙古	蒙古
蒙古人	蒙古人
蒙古人民共和国	蒙古人民共和國
蒙古包	蒙古包
蒙古国	蒙古國
蒙古大夫	蒙古大夫
蒙古族	蒙古族
蒙古沙雀	蒙古沙雀
蒙古沙鸻	蒙古沙鴴
蒙古百灵	蒙古百靈
蒙古语	蒙古語
蒙召	蒙召
蒙哥马利	蒙哥馬利
蒙嘉慧	蒙嘉慧
蒙圈	蒙圈
蒙地卡罗	蒙地卡羅
蒙城	蒙城
蒙城县	蒙城縣
蒙塾	蒙塾
蒙大拿	蒙大拿
蒙大拿州	蒙大拿州
蒙太奇	蒙太奇
蒙娜丽莎	蒙娜麗莎
蒙山	蒙山
蒙山县	蒙山縣
蒙巴萨	蒙巴薩
蒙巴顿	蒙巴頓
蒙帕纳斯	蒙帕納斯
蒙师	蒙師
蒙彼利埃	蒙彼利埃
蒙得维的亚	蒙得維的亞
蒙恩	蒙恩
蒙恬	蒙恬
蒙文	蒙文
蒙日	蒙日
蒙昧	蒙昧
蒙昧无知	蒙昧無知
蒙求	蒙求
蒙牛	蒙牛
蒙特内哥罗	蒙特內哥羅
蒙特利尔	蒙特利爾
蒙特卡洛	蒙特卡洛
蒙特塞拉特	蒙特塞拉特
蒙特娄	蒙特婁
蒙特维多	蒙特維多
蒙特雷	蒙特雷
蒙皮	蒙皮
蒙罗维亚	蒙羅維亞
蒙羞	蒙羞
蒙茸	蒙茸
蒙蔽	蒙蔽
蒙茏	蒙蘢
蒙覆	蒙覆
蒙语	蒙語
蒙阴	蒙陰
蒙阴县	蒙陰縣
蒙难	蒙難
蒙馆	蒙館
西格蒙德	西格蒙德
西蒙·舒斯特	西蒙·舒斯特
费洛蒙	費洛蒙
贺尔蒙	賀爾蒙
酒蒙子	酒蒙子
开蒙	開蒙
阜新蒙古族自治县	阜新蒙古族自治縣
阿蒙	阿蒙
雷蒙德	雷蒙德
鸿蒙	鴻蒙
麦德蒙	麥德蒙
凌蒙初	凌濛初
迷蒙	迷濛
愚蒙	愚矇
欺蒙	欺矇
混蒙	混矇
瞈蒙	瞈矇
蒙混	矇混
蒙混过关	矇混過關
蒙眬	矇矓
蒙骗	矇騙
作奸犯科	作姦犯科
大奸似忠	大姦似忠
奸夫淫妇	姦夫淫婦
奸宿	姦宿
奸情	姦情
奸杀	姦殺
奸污	姦污
奸淫	姦淫
奸雄	姦雄
强奸	強姦
强奸犯	強姦犯
强奸罪	強姦罪
抓奸	抓姦
指奸	指姦
捉奸	捉姦
兽奸	獸姦
诱奸	誘姦
轮奸	輪姦
迷奸	迷姦
通奸	通姦
集体强奸	集體強姦
鸡奸	雞姦
内奸	內奸
奸人	奸人
奸佞	奸佞
奸商	奸商
奸夫	奸夫
奸宄	奸宄
奸官	奸官
奸官污吏	奸官污吏
奸徒	奸徒
奸恶	奸惡
奸民	奸民
奸狡	奸狡
奸猾	奸猾
奸笑	奸笑
奸细	奸細
奸臣	奸臣
奸计	奸計
奸诈	奸詐
奸贼	奸賊
奸邪	奸邪
奸险	奸險
奸党	奸黨
姑息养奸	姑息養奸
朋比为奸	朋比為奸
汉奸	漢奸
无奸不商	無奸不商
狼狈为奸	狼狽為奸
老奸巨猾	老奸巨猾
藏奸	藏奸
锄奸	鋤奸
佣金	佣金
佣钱	佣錢
佣人	傭人
佣兵	傭兵
佣婢	傭婢
佣妇	傭婦
佣工	傭工
女佣	女傭
帮佣	幫傭
菲佣	菲傭
雇佣兵	雇傭兵
侮蔑	侮蔑
蔑称	蔑稱
轻蔑	輕蔑
污蔑	污衊
诬蔑	誣衊
便捷	便捷
便捷化	便捷化
保时捷	保時捷
出师未捷身先死	出師未捷身先死
告捷	告捷
报捷	報捷
大众捷运	大眾捷運
安捷伦科技	安捷倫科技
平型关大捷	平型關大捷
快捷	快捷
快捷方式	快捷方式
快捷键	快捷鍵
思维敏捷	思維敏捷
思路敏捷	思路敏捷
捷兔	捷兔
捷报	捷報
捷报频传	捷報頻傳
捷安特	捷安特
捷径	捷徑
捷泳	捷泳
捷尔梅兹	捷爾梅茲
捷语	捷語
捷豹	捷豹
捷足先登	捷足先登
捷运	捷運
捷达	捷達
捷达航空货运	捷達航空貨運
敏捷	敏捷
斯捷潘	斯捷潘
爽捷	爽捷
直捷	直捷
矫捷	矯捷
终南捷径	終南捷徑
身手敏捷	身手敏捷
轻捷	輕捷
迅捷	迅捷
门捷列夫	門捷列夫
首战告捷	首戰告捷
保险杠	保險槓
单杠	單槓
抬杠	抬槓
撬杠	撬槓
敲竹杠	敲竹槓
斜杠	斜槓
杠上	槓上
杠刀	槓刀
杠夫	槓夫
杠子	槓子
杠掉	槓掉
杠铃	槓鈴
杠头	槓頭
杠龟	槓龜
横杠	橫槓
双杠	雙槓
高低杠	高低槓
反斜杠	反斜杠
杠精	杠精
盘杠子	盤杠子
修炼	修煉
修炼成仙	修煉成仙
冶炼	冶煉
冶炼炉	冶煉爐
提炼	提煉
炮炼	炮煉
炼丹	煉丹
炼丹术	煉丹術
炼之未定	煉之未定
炼乳	煉乳
炼化	煉化
炼句	煉句
炼字	煉字
炼油	煉油
炼焦	煉焦
炼焦炉	煉焦爐
炼狱	煉獄
炼珍	煉珍
炼金术	煉金術
炼金术士	煉金術士
炼钢	煉鋼
炼铁	煉鐵
熔炼	熔煉
百炼成钢	百煉成鋼
百炼钢	百煉鋼
真金不怕火炼	真金不怕火煉
精炼	精煉
试炼	試煉
体育锻炼	體育鍛煉
锻炼	鍛鍊
修理厂	修理廠
修造厂	修造廠
兵工厂	兵工廠
出厂	出廠
出厂设置	出廠設置
加工厂	加工廠
化工厂	化工廠
印刷厂	印刷廠
啤酒厂	啤酒廠
大厂县	大廠縣
定点厂	定點廠
工厂	工廠
厂主	廠主
厂务	廠務
厂史	廠史
厂商	廠商
厂子	廠子
厂工	廠工
厂房	廠房
厂牌	廠牌
厂矿	廠礦
厂礼拜	廠禮拜
厂丝	廠絲
厂规	廠規
厂长	廠長
染厂	染廠
污水处理厂	污水處理廠
汽车厂	汽車廠
烟厂	煙廠
热电厂	熱電廠
燃气电厂	燃氣電廠
石化厂	石化廠
粥厂	粥廠
纱厂	紗廠
纺织厂	紡織廠
组装厂	組裝廠
船厂	船廠
血汗工厂	血汗工廠
装配工厂	裝配工廠
设厂	設廠
车厂	車廠
轧钢厂	軋鋼廠
造币厂	造幣廠
造船厂	造船廠
酒厂	酒廠
锯木厂	鋸木廠
钢厂	鋼廠
钢铁厂	鋼鐵廠
关厂	關廠
电厂	電廠
风电厂	風電廠
厂字旁	厂字旁
俯冲	俯衝
光冲量	光衝量
利害冲突	利害衝突
利益冲突	利益衝突
反冲	反衝
反冲力	反衝力
地区冲突	地區衝突
小冲突	小衝突
性冲动	性衝動
打冲锋	打衝鋒
敢打敢冲	敢打敢衝
文化冲击	文化衝擊
横冲直撞	橫衝直撞
武装冲突	武裝衝突
比冲	比衝
热脉冲	熱脈衝
猛冲	猛衝
精虫冲脑	精蟲衝腦
缓冲	緩衝
缓冲器	緩衝器
肢体冲突	肢體衝突
脉冲	脈衝
脉冲星	脈衝星
脉冲波	脈衝波
冲入	衝入
冲出	衝出
冲刺	衝刺
冲力	衝力
冲劲	衝勁
冲动	衝動
冲口而出	衝口而出
冲垮	衝垮
冲塔	衝塔
冲床	衝床
冲打	衝打
冲撞	衝撞
冲击	衝擊
冲击力	衝擊力
冲击波	衝擊波
冲击钻	衝擊鑽
冲断层	衝斷層
冲杀	衝殺
冲浪	衝浪
冲浪者	衝浪者
冲破	衝破
冲程	衝程
冲突	衝突
冲进	衝進
冲量	衝量
冲锋	衝鋒
冲锋陷阵	衝鋒陷陣
要冲	要衝
路冲	路衝
边境冲突	邊境衝突
电磁脉冲	電磁脈衝
风筝冲浪	風箏衝浪
高速缓冲存储器	高速緩衝存儲器
倪嗣冲	倪嗣沖
八冲	八沖
对冲	對沖
对冲基金	對沖基金
怨气冲天	怨氣沖天
数码冲印	數碼沖印
曹冲	曹沖
林冲	林沖
气冲霄汉	氣沖霄漢
冲刷	沖刷
冲剂	沖劑
冲印	沖印
冲塌	沖塌
冲天	沖天
冲挹	沖挹
冲掉	沖掉
冲服	沖服
冲服剂	沖服劑
冲泡	沖泡
冲洗	沖洗
冲凉	沖涼
冲淋浴	沖淋浴
冲淡	沖淡
冲澡	沖澡
冲牙器	沖牙器
冲积	沖積
冲积层	沖積層
冲积平原	沖積平原
冲绳	沖繩
冲绳岛	沖繩島
冲绳县	沖繩縣
冲绳群岛	沖繩群島
冲蚀	沖蝕
冲调	沖調
冲账	沖賬
冲走	沖走
冲销	沖銷
冲龄	沖齡
渊冲	淵沖
祖冲之	祖沖之
臭气冲天	臭氣沖天
陈冲	陳沖
倒毙	倒斃
勒毙	勒斃
坐以待毙	坐以待斃
多行不义必自毙	多行不義必自斃
待毙	待斃
击毙	擊斃
毙命	斃命
暴毙	暴斃
束手就毙	束手就斃
束手待毙	束手待斃
瘐毙	瘐斃
酷毙	酷斃
倒逼	倒逼
催逼	催逼
勒逼	勒逼
咄咄逼人	咄咄逼人
咖逼	咖逼
威逼	威逼
威逼利诱	威逼利誘
官逼民反	官逼民反
强逼	強逼
懵逼	懵逼
撕逼	撕逼
水刑逼供	水刑逼供
硬逼	硬逼
紧逼	緊逼
苦逼	苦逼
蛋逼	蛋逼
追逼	追逼
逗逼	逗逼
进逼	進逼
逼上梁山	逼上梁山
逼人	逼人
逼人太甚	逼人太甚
逼仄	逼仄
逼供	逼供
逼供信	逼供信
逼债	逼債
逼和	逼和
逼问	逼問
逼宫	逼宮
逼将	逼將
逼尖	逼尖
逼格	逼格
逼死	逼死
逼真	逼真
逼肖	逼肖
逼良为娼	逼良為娼
逼近	逼近
高逼格	高逼格
雇凶	僱兇
凶器	兇器
凶嫌	兇嫌
凶宅	兇宅
凶悍	兇悍
凶戾	兇戾
凶手	兇手
凶死	兇死
凶杀	兇殺
凶杀案	兇殺案
凶煞	兇煞
凶犯	兇犯
凶狂	兇狂
凶猛	兇猛
凶相	兇相
凶相毕露	兇相畢露
凶神	兇神
凶神恶煞	兇神惡煞
凶讯	兇訊
凶身	兇身
凶险	兇險
凶顽	兇頑
妙探寻凶	妙探尋兇
疑凶	疑兇
真凶	真兇
行凶	行兇
行凶者	行兇者
买凶	買兇
元凶	元凶
凶事	凶事
凶信	凶信
凶兆	凶兆
凶光	凶光
凶刀	凶刀
凶丧	凶喪
凶多吉少	凶多吉少
凶巴巴	凶巴巴
凶暴	凶暴
凶服	凶服
凶焰	凶焰
凶狠	凶狠
凶荒	凶荒
凶党	凶黨
吉凶	吉凶
帮凶	幫凶
祸福吉凶	禍福吉凶
穷凶极恶	窮凶極惡
趋吉避凶	趨吉避凶
逢凶化吉	逢凶化吉
闵凶	閔凶
俭朴	儉樸
古朴	古樸
拙朴	拙樸
曾朴	曾樸
李公朴	李公樸
朴实	樸實
朴实无华	樸實無華
朴次茅斯	樸次茅斯
朴素	樸素
朴门	樸門
淳朴	淳樸
白朴	白樸
简朴	簡樸
素朴	素樸
艰苦朴素	艱苦樸素
诚朴	誠樸
质朴	質樸
凹朴皮	凹朴皮
厚朴	厚朴
抱朴子	抱朴子
朴刀	朴刀
朴子	朴子
朴子市	朴子市
朴智星	朴智星
朴槿惠	朴槿惠
朴正熙	朴正熙
朴硝	朴硝
守御	守禦
抵御	抵禦
御夫座	禦夫座
御寒	禦寒
御敌	禦敵
防御	防禦
防御工事	防禦工事
防御性	防禦性
防御率	防禦率
防御术	防禦術
太平御览	太平御覽
御史	御史
御姐	御姐
御宅族	御宅族
御宝	御寶
御厨	御廚
御弟	御弟
御戎	御戎
御手	御手
御批	御批
御用	御用
御用大律师	御用大律師
御膳房	御膳房
御赐	御賜
御酒	御酒
御医	御醫
战略防御倡议	戰略防御倡議
提学御史	提學御史
统御	統御
领导统御	領導統御
光卤石	光鹵石
斥卤	斥鹵
氢卤酸	氫鹵酸
石英卤素灯	石英鹵素燈
金卤灯	金鹵燈
卤代烃	鹵代烴
卤化	鹵化
卤化物	鹵化物
卤化银	鹵化銀
卤属	鹵屬
卤族	鹵族
卤水	鹵水
卤田	鹵田
卤素	鹵素
卤质	鹵質
盐卤	鹽鹵
卤味	滷味
卤壶	滷壺
卤汁	滷汁
卤肉	滷肉
卤菜	滷菜
卤蛋	滷蛋
内勤	內勤
全勤	全勤
出勤	出勤
勤俭	勤儉
勤俭务实	勤儉務實
勤俭建国	勤儉建國
勤俭节约	勤儉節約
勤俭办企业	勤儉辦企業
勤俭办学	勤儉辦學
勤俭办社	勤儉辦社
勤则不匮	勤則不匱
勤力	勤力
勤勉	勤勉
勤务	勤務
勤务兵	勤務兵
勤务员	勤務員
勤劳	勤勞
勤奋	勤奮
勤学苦练	勤學苦練
勤密	勤密
勤工俭学	勤工儉學
勤快	勤快
勤恳	勤懇
勤政廉政	勤政廉政
勤王	勤王
勤苦	勤苦
勤谨	勤謹
勤杂	勤雜
地勤	地勤
地勤人员	地勤人員
执勤	執勤
外勤	外勤
天道酬勤	天道酬勤
将勤补拙	將勤補拙
措勤	措勤
措勤县	措勤縣
殷勤	殷勤
民勤	民勤
民勤县	民勤縣
特勤	特勤
献殷勤	獻殷勤
王励勤	王勵勤
缺勤	缺勤
辛勤	辛勤
辛勤耕耘	辛勤耕耘
通勤	通勤
阙特勤	闕特勤
内幕	內幕
内幕交易	內幕交易
垂幕	垂幕
报幕	報幕
多幕剧	多幕劇
夜幕	夜幕
夜幕低垂	夜幕低垂
夜幕降临	夜幕降臨
字幕	字幕
室町幕府	室町幕府
宽银幕电影	寬銀幕電影
屏幕	屏幕
屏幕保护程序	屏幕保護程序
帐幕	帳幕
帷幕	帷幕
帏幕	幃幕
幕僚	幕僚
幕府	幕府
幕斯	幕斯
幕墙	幕牆
幕间	幕間
序幕	序幕
府幕	府幕
弹幕	彈幕
拉开序幕	拉開序幕
揭幕	揭幕
揭幕式	揭幕式
放烟幕弹	放煙幕彈
会幕	會幕
水幕	水幕
烟幕	煙幕
烟幕弹	煙幕彈
荧光幕	熒光幕
荧幕	熒幕
环幕	環幕
结幕	結幕
绿幕	綠幕
落幕	落幕
萤光幕	螢光幕
萤幕	螢幕
萤幕保护程式	螢幕保護程式
萤幕保护装置	螢幕保護裝置
触控屏幕	觸控屏幕
触控式萤幕	觸控式螢幕
触控萤幕	觸控螢幕
触摸屏幕	觸摸屏幕
谢幕	謝幕
银幕	銀幕
镰仓幕府	鐮倉幕府
铁幕	鐵幕
闭幕	閉幕
闭幕式	閉幕式
闭幕词	閉幕詞
开幕	開幕
开幕典礼	開幕典禮
开幕式	開幕式
开幕词	開幕詞
开闭幕式	開閉幕式
雨幕	雨幕
黑幕	黑幕
其它	其它
吉它	吉它
它们	它們
它本身	它本身
管它	管它
名重识暗	名重識暗
幽暗	幽暗
性暗示	性暗示
明人不做暗事	明人不做暗事
明修栈道，暗渡陈仓	明修棧道，暗渡陳倉
明察暗访	明察暗訪
明岗暗哨	明崗暗哨
明查暗访	明查暗訪
明珠暗投	明珠暗投
昏暗	昏暗
晦暗	晦暗
暗中	暗中
暗井	暗井
暗伤	暗傷
暗光鸟	暗光鳥
暗公鸟	暗公鳥
暗冕鹪莺	暗冕鷦鶯
暗合	暗合
暗含	暗含
暗哨	暗哨
暗哨儿	暗哨兒
暗喜	暗喜
暗喻	暗喻
暗器	暗器
暗地	暗地
暗堡	暗堡
暗娼	暗娼
暗室	暗室
暗害	暗害
暗察明访	暗察明訪
暗影	暗影
暗想	暗想
暗恋	暗戀
暗房	暗房
暗指	暗指
暗探	暗探
暗昧	暗昧
暗桩	暗樁
暗杀	暗殺
暗沙	暗沙
暗河	暗河
暗流	暗流
暗淡	暗淡
暗渠	暗渠
暗渡陈仓	暗渡陳倉
暗沟	暗溝
暗滞	暗滯
暗潮	暗潮
暗滩	暗灘
暗灰鹃鵙	暗灰鵑鵙
暗无天日	暗無天日
暗煅	暗煅
暗爽	暗爽
暗物质	暗物質
暗疔	暗疔
暗疾	暗疾
暗疮	暗瘡
暗盒	暗盒
暗礁	暗礁
暗示	暗示
暗笑	暗笑
暗算	暗算
暗箭	暗箭
暗箱	暗箱
暗箱操作	暗箱操作
暗经	暗經
暗绿柳莺	暗綠柳鶯
暗绿绣眼鸟	暗綠繡眼鳥
暗绿背鸬鹚	暗綠背鸕鶿
暗网	暗網
暗线光谱	暗線光譜
暗骂	暗罵
暗背雨燕	暗背雨燕
暗能量	暗能量
暗腹雪鸡	暗腹雪雞
暗自	暗自
暗色鸦雀	暗色鴉雀
暗藏	暗藏
暗处	暗處
暗号	暗號
暗亏	暗虧
暗袋	暗袋
暗记	暗記
暗记儿	暗記兒
暗访	暗訪
暗语	暗語
暗转	暗轉
暗道	暗道
暗锁	暗鎖
暗间儿	暗間兒
暗香	暗香
暗香疏影	暗香疏影
暗鹭	暗鷺
暗黑	暗黑
暗黑破坏神	暗黑破壞神
弃暗投明	棄暗投明
灰暗	灰暗
珠胎暗结	珠胎暗結
薄暗	薄暗
变暗	變暗
阴暗	陰暗
头昏眼暗	頭昏眼暗
黎明前的黑暗	黎明前的黑暗
黑暗	黑暗
黑暗时代	黑暗時代
黝暗	黝暗
凄梗	凄梗
悲凄	悲悽
凄哀	悽哀
凄恻	悽惻
凄怆	悽愴
凄惨	悽慘
凄楚	悽楚
凄然	悽然
凄苦	悽苦
凄切	淒切
凄厉	淒厲
凄婉	淒婉
凄寒	淒寒
凄惋	淒惋
凄惶	淒惶
凄清	淒清
凄美	淒美
凄风苦雨	淒風苦雨
凄黯	淒黯
刑戮	刑戮
夷戮	夷戮
屠戮	屠戮
引颈就戮	引頸就戮
惨戮	慘戮
戮力	戮力
杀戮	殺戮
诛戮	誅戮
熏心	薰心
熏陶	薰陶
浊臭熏天	濁臭熏天
烟熏妆	煙熏妝
烟熏眼	煙熏眼
熏天	熏天
熏染	熏染
熏烤	熏烤
熏陶成性	熏陶成性
熏风	熏風
熏香	熏香
臭气熏天	臭氣熏天
烟熏	煙燻
烟熏火燎	煙燻火燎
熏肉	燻肉
熏蒸	燻蒸
熏蒸剂	燻蒸劑
香熏	香燻
刮伤	刮傷
刮刀	刮刀
刮勺	刮勺
刮掉	刮掉
刮擦	刮擦
刮痧	刮痧
刮皮刀	刮皮刀
刮目相待	刮目相待
刮目相看	刮目相看
刮脸	刮臉
刮蹭	刮蹭
耳刮子	耳刮子
雨刮	雨刮
雨刮器	雨刮器
刮风	颳風
反铲	反鏟
小铲子	小鏟子
泥铲	泥鏟
锅铲	鍋鏟
铲土机	鏟土機
铲子	鏟子
铲屎官	鏟屎官
铲球	鏟球
铲蹚	鏟蹚
铲车	鏟車
铲运机	鏟運機
铲运车	鏟運車
铲雪车	鏟雪車
电铲	電鏟
铲平	剷平
铲除	剷除
剃光头	剃光頭
剃刀	剃刀
剃度	剃度
剃头	剃頭
剃头挑子一头热	剃頭挑子一頭熱
奥卡姆剃刀	奧卡姆剃刀
鬼剃头	鬼剃頭
锉冰	剉冰
锉刀	銼刀
前咽	前咽
咽喉	咽喉
咽峡	咽峽
咽峡炎	咽峽炎
咽炎	咽炎
咽头	咽頭
咽鼓管	咽鼓管
哽咽	哽咽
喉咽	喉咽
呜咽	嗚咽
扼襟控咽	扼襟控咽
抽咽	抽咽
耳鼻咽喉	耳鼻咽喉
鼻咽	鼻咽
鼻咽癌	鼻咽癌
吞咽	吞嚥
咽下	嚥下
咽住	嚥住
咽气	嚥氣
狼吞虎咽	狼吞虎嚥
细嚼慢咽	細嚼慢嚥
剥采比	剝採比
可采	可採
采伐	採伐
采光	採光
采出	採出
采取	採取
采取措施	採取措施
采取行动	採取行動
采场	採場
采掘	採掘
采摘	採摘
采择	採擇
采收率	採收率
采景	採景
采暖	採暖
采棉机	採棉機
采样	採樣
采样率	採樣率
采油	採油
采煤	採煤
采珠	採珠
采用	採用
采石场	採石場
采砂场	採砂場
采矿	採礦
采矿业	採礦業
采种	採種
采纳	採納
采耳	採耳
采脂	採脂
采行	採行
采访	採訪
采访记者	採訪記者
采买	採買
采购	採購
采购员	採購員
采购商	採購商
采办	採辦
采集	採集
采风	採風
采食	採食
现场采访	現場採訪
盗采	盜採
开采	開採
集采	集採
喝采	喝采
尼采	尼采
应采儿	應采兒
文采	文采
杨采妮	楊采妮
没精打采	沒精打采
无精打采	無精打采
神采	神采
神采奕奕	神采奕奕
神采飞扬	神采飛揚
兴高采烈	興高采烈
采地	采地
采矿场	采礦場
采声	采聲
采兰赠芍	采蘭贈芍
采邑	采邑
风采	風采
勐腊	勐臘
勐腊县	勐臘縣
古希腊	古希臘
古希腊语	古希臘語
奥腊涅斯塔德	奧臘涅斯塔德
希腊	希臘
希腊字母	希臘字母
希腊文	希臘文
希腊语	希臘語
方腊	方臘
烧腊	燒臘
真腊	真臘
老腊肉	老臘肉
腊八节	臘八節
腊八粥	臘八粥
腊月	臘月
腊梅	臘梅
腊肉	臘肉
腊肠	臘腸
动物淀粉	動物澱粉
木薯淀粉	木薯澱粉
沉淀	沉澱
沉淀物	沉澱物
淀山湖	澱山湖
淀积	澱積
淀积物	澱積物
淀粉	澱粉
淀粉肠	澱粉腸
淀粉酶	澱粉酶
玉米淀粉	玉米澱粉
积淀	積澱
海淀	海淀
海淀区	海淀區
海淀图书城	海淀圖書城
白洋淀	白洋淀
匹偶	匹偶
匹夫	匹夫
匹敌	匹敵
匹兹堡	匹茲堡
匹配	匹配
匹马力	匹馬力
单人匹马	單人匹馬
天下兴亡，匹夫有责	天下興亡，匹夫有責
奥林匹亚	奧林匹亞
娘希匹	娘希匹
无匹	無匹
无可匹敌	無可匹敵
目标匹配作业	目標匹配作業
阻抗匹配	阻抗匹配
阿司匹林	阿司匹林
阿斯匹灵	阿斯匹靈
马匹	馬匹
匾额	匾額
横匾	橫匾
牌匾	牌匾
哀毁瘠立	哀毀瘠立
哀毁骨立	哀毀骨立
坠毁	墜毀
宁拆十座庙，不毁一桩婚	寧拆十座廟，不毀一樁婚
崩毁	崩毀
平毁	平毀
拆毁	拆毀
损毁	損毀
捣毁	搗毀
摧毁	摧毀
撕毁	撕毀
撞毁	撞毀
击毁	擊毀
毁三观	毀三觀
毁伤	毀傷
毁坏	毀壞
毁容	毀容
毁掉	毀掉
毁损	毀損
毁灭	毀滅
毁灭性	毀滅性
毁约	毀約
毁谤	毀謗
毁誉参半	毀譽參半
毁除	毀除
熔毁	熔毀
砸毁	砸毀
自毁	自毀
诋毁	詆毀
销毁	銷毀
炸毁	炸燬
烧毁	燒燬
围绕	圍繞
旋绕	旋繞
环绕	環繞
盘绕	盤繞
萦绕	縈繞
缭绕	繚繞
绕一圈	繞一圈
绕口令	繞口令
绕嘴	繞嘴
绕圈子	繞圈子
绕地	繞地
绕射	繞射
绕弯	繞彎
绕弯儿	繞彎兒
绕弯子	繞彎子
绕弯子儿	繞彎子兒
绕手	繞手
绕梁三日	繞梁三日
绕流	繞流
绕组	繞組
绕脖子	繞脖子
绕膝	繞膝
绕行	繞行
绕路	繞路
绕过	繞過
绕道	繞道
绕远儿	繞遠兒
绕腾	繞騰
缠绕	纏繞
缠绕茎	纏繞莖
胃绕道	胃繞道
魂牵梦绕	魂牽夢繞
原拟	原擬
大拟啄木鸟	大擬啄木鳥
撰拟	撰擬
拟人	擬人
拟作	擬作
拟具	擬具
拟古	擬古
拟古之作	擬古之作
拟合	擬合
拟定	擬定
拟态	擬態
拟球	擬球
拟稿	擬稿
拟声	擬聲
拟声词	擬聲詞
拟订	擬訂
拟议	擬議
拟音	擬音
斑翅拟蜡嘴雀	斑翅擬蠟嘴雀
斑头绿拟啄木鸟	斑頭綠擬啄木鳥
模拟	模擬
模拟信号	模擬信號
模拟器	模擬器
模拟放大器	模擬放大器
比拟	比擬
白翅拟蜡嘴雀	白翅擬蠟嘴雀
研拟	研擬
草拟	草擬
蓝喉拟啄木鸟	藍喉擬啄木鳥
蓝耳拟啄木鸟	藍耳擬啄木鳥
虚拟	虛擬
虚拟实境	虛擬實境
虚拟专用网络	虛擬專用網絡
虚拟机	虛擬機
虚拟现实	虛擬現實
虚拟现实置标语言	虛擬現實置標語言
虚拟环境	虛擬環境
虚拟私人网络	虛擬私人網絡
虚拟网络	虛擬網絡
虚拟语气	虛擬語氣
虚拟连接	虛擬連接
计算机模拟	計算機模擬
赤胸拟啄木鸟	赤胸擬啄木鳥
金喉拟啄木鸟	金喉擬啄木鳥
黄纹拟啄木鸟	黃紋擬啄木鳥
黄颈拟蜡嘴雀	黃頸擬蠟嘴雀
黑眉拟啄木鸟	黑眉擬啄木鳥
反馈	反饋
正反馈	正反饋
负反馈	負反饋
馈线	饋線
馈赠	饋贈
馈送	饋送
古玩	古玩
古玩店	古玩店
吃喝玩乐	吃喝玩樂
小玩意	小玩意
展玩	展玩
性玩物	性玩物
情趣玩具	情趣玩具
把玩	把玩
拼图玩具	拼圖玩具
智力玩具	智力玩具
毛绒玩具	毛絨玩具
清玩	清玩
狗玩儿的	狗玩兒的
玩不起	玩不起
玩世不恭	玩世不恭
玩人丧德	玩人喪德
玩伴	玩伴
玩偶	玩偶
玩儿	玩兒
玩儿不转	玩兒不轉
玩儿命	玩兒命
玩儿坏	玩兒壞
玩儿得转	玩兒得轉
玩儿票	玩兒票
玩具	玩具
玩味	玩味
玩咖	玩咖
玩器	玩器
玩失踪	玩失蹤
玩完	玩完
玩弄	玩弄
玩弄词藻	玩弄詞藻
玩忽	玩忽
玩忽职守	玩忽職守
玩意	玩意
玩手腕	玩手腕
玩乐	玩樂
玩火	玩火
玩火自焚	玩火自焚
玩牌	玩牌
玩物	玩物
玩狎	玩狎
玩笑	玩笑
玩索	玩索
玩者	玩者
玩耍	玩耍
玩兴	玩興
玩话	玩話
玩赏	玩賞
玩转	玩轉
玩遍	玩遍
玩阴的	玩陰的
益智玩具	益智玩具
童玩	童玩
试玩	試玩
说着玩	說著玩
贪玩	貪玩
重玩	重玩
开玩笑	開玩笑
雅玩	雅玩
电动玩具	電動玩具
电玩	電玩
食玩	食玩
闹着玩儿	鬧著玩兒
可蠢	可蠢
愚蠢	愚蠢
犯蠢	犯蠢
蠢事	蠢事
蠢人	蠢人
蠢动	蠢動
蠢材	蠢材
蠢汉	蠢漢
蠢笨	蠢笨
蠢蛋	蠢蛋
蠢话	蠢話
蠢猪	蠢豬
蠢货	蠢貨
蠢驴	蠢驢
长吁短叹	長吁短嘆
吁请	籲請
国际电报电话咨询委员会	國際電報電話諮詢委員會
咨商	諮商
咨客	諮客
咨询	諮詢
咨询员	諮詢員
咨嗟	咨嗟
咨文	咨文
咨请	咨請
国情咨文	國情咨文
呆住	呆住
呆傻	呆傻
呆子	呆子
呆帐	呆帳
呆扳手	呆扳手
呆根	呆根
呆滞	呆滯
呆瓜	呆瓜
呆站	呆站
呆笨	呆笨
呆若木鸡	呆若木雞
呆萌	呆萌
呆账	呆賬
天然呆	天然呆
早老性痴呆	早老性痴呆
书呆子	書呆子
痴呆	痴呆
目光呆滞	目光呆滯
目怔口呆	目怔口呆
目睁口呆	目睜口呆
目瞪口呆	目瞪口呆
看呆	看呆
矮呆病	矮呆病
惊呆	驚呆
命途坎坷	命途坎坷
土坎	土坎
坎儿	坎兒
坎儿井	坎兒井
坎坷	坎坷
坎坷不平	坎坷不平
坎坷多舛	坎坷多舛
坎城	坎城
坎培拉	坎培拉
坎𡒄	坎壈
坎大哈	坎大哈
坎大哈省	坎大哈省
坎子	坎子
坎帕拉	坎帕拉
坎德拉	坎德拉
坎炁	坎炁
坎特伯雷	坎特伯雷
坎特伯雷故事集	坎特伯雷故事集
坎肩	坎肩
坎贝尔	坎貝爾
坎贝尔侏儒仓鼠	坎貝爾侏儒倉鼠
坑坎	坑坎
尤坎	尤坎
心坎	心坎
赤坎	赤坎
赤坎区	赤坎區
阿利坎特	阿利坎特
阿尔坎塔拉	阿爾坎塔拉
啮合	嚙合
啮齿动物	嚙齒動物
啮齿目	嚙齒目
穷鼠啮狸	窮鼠嚙狸
啮咬	齧咬
啮齿类	囓齒類
咸安	咸安
咸安区	咸安區
咸宁	咸寧
咸宁市	咸寧市
咸与维新	咸與維新
咸兴	咸興
咸兴市	咸興市
咸镜	咸鏡
咸镜北道	咸鏡北道
咸镜南道	咸鏡南道
咸镜道	咸鏡道
咸阳	咸陽
咸阳市	咸陽市
咸阳桥	咸陽橋
老少咸宜	老少咸宜
阮咸	阮咸
咸水	鹹水
咸水妹	鹹水妹
咸水湖	鹹水湖
咸津津	鹹津津
咸海	鹹海
咸淡	鹹淡
咸涩	鹹澀
咸湿	鹹濕
咸丝丝	鹹絲絲
咸肉	鹹肉
咸菜	鹹菜
咸猪手	鹹豬手
咸酥鸡	鹹酥雞
咸鱼	鹹魚
咸鱼翻身	鹹魚翻身
咸鸭蛋	鹹鴨蛋
咸盐	鹹鹽
昆剧	崑劇
昆士兰	崑士蘭
昆山	崑山
昆山市	崑山市
昆腔	崑腔
昆仲	昆仲
昆卡	昆卡
昆士兰州	昆士蘭州
昆廷	昆廷
昆明	昆明
昆明市	昆明市
昆明湖	昆明湖
昆汀	昆汀
昆汀·塔伦提诺	昆汀·塔倫提諾
昆汀·塔伦蒂诺	昆汀·塔倫蒂諾
昆玉	昆玉
昆虫	昆蟲
昆虫学	昆蟲學
昆阳	昆陽
杨尚昆	楊尚昆
石玉昆	石玉昆
喧哗	喧嘩
喧哗与骚动	喧嘩與騷動
喧嚣	喧囂
喧扰	喧擾
喧宾夺主	喧賓奪主
喧腾	喧騰
喧闹	喧鬧
嘻哈	嘻哈
嘻皮	嘻皮
嘻皮笑脸	嘻皮笑臉
喷涌	噴湧
掀涌	掀湧
泉涌	泉湧
波涛汹涌	波濤洶湧
汹涌	洶湧
浪涌	浪湧
涌入	湧入
涌出	湧出
涌泉	湧泉
涌泉穴	湧泉穴
涌流	湧流
涌浪	湧浪
涌溢	湧溢
涌现	湧現
涌起	湧起
涌进	湧進
潮涌	潮湧
翻涌	翻湧
蜂涌	蜂湧
风起潮涌	風起潮湧
河涌	河涌
葵涌	葵涌
鲗鱼涌	鰂魚涌
帐帘	帳簾
映入眼帘	映入眼簾
水帘洞	水簾洞
浴帘	浴簾
眼帘	眼簾
窗帘	窗簾
帘子	簾子
酒帘	酒帘
塘虱	塘虱
壁虱	壁虱
扁虱	扁虱
虱目鱼	虱目魚
木虱	木蝨
虱子	蝨子
阴虱	陰蝨
头虱	頭蝨
体虱	體蝨
压榨	壓榨
拶榨	拶榨
敲榨	敲榨
榨取	榨取
榨汁机	榨汁機
榨油	榨油
榨菜	榨菜
榨酒池	榨酒池
现榨	現榨
电子榨菜	電子榨菜
霓虹	霓虹
霓虹国	霓虹國
霓虹灯	霓虹燈
大汗淋漓	大汗淋漓
淋漓	淋漓
痛快淋漓	痛快淋漓
酣畅淋漓	酣暢淋漓
漓江	灕江
好酒沉瓮底	好酒沉甕底
瓮中之鳖	甕中之鱉
瓮中捉鳖	甕中捉鱉
瓮城	甕城
瓮安	甕安
瓮安县	甕安縣
瓮棺	甕棺
瓮棺葬	甕棺葬
蓬户瓮牖	蓬戶甕牖
请君入瓮	請君入甕
如皋	如皋
如皋市	如皋市
岚皋	嵐皋
岚皋县	嵐皋縣
皋兰	皋蘭
皋兰县	皋蘭縣
如蚁附膻	如蟻附膻
膻中	膻中
膻中穴	膻中穴
猪膻味	豬膻味
如鲠在喉	如鯁在喉
骨鲠	骨鯁
骨鲠之臣	骨鯁之臣
骨鲠在喉	骨鯁在喉
鲠喉	鯁喉
威慑	威懾
威慑力量	威懾力量
慑人	懾人
慑服	懾服
震慑	震懾
娉婷袅娜	娉婷裊娜
袅娜	裊娜
安魂弥撒	安魂彌撒
弥勒	彌勒
弥勒菩萨	彌勒菩薩
弥合	彌合
弥天	彌天
弥天大谎	彌天大謊
弥封	彌封
弥撒	彌撒
弥散	彌散
弥月	彌月
弥渡	彌渡
弥渡县	彌渡縣
弥满	彌滿
弥漫	彌漫
弥留	彌留
弥留之际	彌留之際
弥缝	彌縫
弥补	彌補
弥赛亚	彌賽亞
弥足珍贵	彌足珍貴
弥迦书	彌迦書
弥陀	彌陀
日久弥新	日久彌新
沙弥	沙彌
笑口弥勒	笑口彌勒
艾弥尔	艾彌爾
阿弥陀如来	阿彌陀如來
阿耳忒弥斯	阿耳忒彌斯
延绵	延綿
海绵	海綿
海绵宝宝	海綿寶寶
海绵状	海綿狀
海绵蛋糕	海綿蛋糕
海绵体	海綿體
牛海绵状脑病	牛海綿狀腦病
石绵	石綿
福寿绵长	福壽綿長
福绵	福綿
福绵区	福綿區
丝绵	絲綿
绵亘	綿亙
绵力	綿力
绵子	綿子
绵密	綿密
绵延	綿延
绵惙	綿惙
绵白糖	綿白糖
绵竹	綿竹
绵竹市	綿竹市
绵竹县	綿竹縣
绵绸	綿綢
绵羊	綿羊
绵薄	綿薄
绵连	綿連
绵远	綿遠
绵邈	綿邈
绵长	綿長
绵阳	綿陽
绵阳市	綿陽市
缠绵	纏綿
缠绵不已	纏綿不已
缠绵悱恻	纏綿悱惻
联绵词	聯綿詞
连绵	連綿
连绵不绝	連綿不絕
感慨	感慨
慨叹	慨嘆
慷慨	慷慨
慷慨捐生	慷慨捐生
慷慨激昂	慷慨激昂
慷慨解囊	慷慨解囊
慷慨赴义	慷慨赴義
慷慨输将	慷慨輸將
愤慨	憤慨
忧郁	憂鬱
抑郁	抑鬱
抑郁不平	抑鬱不平
沉郁	沉鬱
积郁	積鬱
苍郁	蒼鬱
葱郁	蔥鬱
血郁	血鬱
阴郁	陰鬱
郁卒	鬱卒
郁南	鬱南
郁南县	鬱南縣
郁塞	鬱塞
郁闷	鬱悶
郁江	鬱江
郁结	鬱結
郁金香	鬱金香
浓郁	濃郁
郁达夫	郁達夫
馥郁	馥郁
投喂	投餵
母乳喂养	母乳餵養
喂料	餵料
喂母乳	餵母乳
喂食	餵食
喂养	餵養
良心喂狗	良心喂狗
按跷	按蹻
踩高跷	踩高蹺
蹊跷	蹊蹺
跷班	蹺班
跷课	蹺課
高跷	高蹺
高跷鹬	高蹺鷸
搬楦头	搬楦頭
楦子	楦子
楦头	楦頭
鞋楦	鞋楦
挡琅	擋瑯
琳琅	琳瑯
琳琅满目	琳瑯滿目
珐琅	琺瑯
珐琅质	琺瑯質
琅琊	瑯琊
琅琊区	瑯琊區
琅琊山	瑯琊山
施琅	施琅
满目琳琅	滿目琳琅
琅威理	琅威理
琅嬛	琅嬛
水筲	水筲
筲箍	筲箍
筲箕	筲箕
斫丧	斫喪
斫营	斫營
斫畬	斫畬
斫白	斫白
明眸皓齿	明眸皓齒
皓白	皓白
皓首	皓首
皓首苍颜	皓首蒼顏
皓齿	皓齒
皓齿明眸	皓齒明眸
蛾眉皓齿	蛾眉皓齒
暂且	暫且
暂停	暫停
暂停键	暫停鍵
暂定	暫定
暂息	暫息
暂态	暫態
暂搁	暫擱
暂时	暫時
暂牙	暫牙
暂短	暫短
暂缓	暫緩
暂缺	暫缺
暂行	暫行
短暂	短暫
枯槁	枯槁
棕肛凤鹛	棕肛鳳鶥
泄殖肛孔	泄殖肛孔
肛交	肛交
肛塞	肛塞
肛毛	肛毛
肛裂	肛裂
肛门	肛門
肛门直肠	肛門直腸
脱肛	脫肛
舔肛	舔肛
沈丘	沈丘
沈丘县	沈丘縣
沈北新区	沈北新區
沈国放	沈國放
沈从文	沈從文
沈括	沈括
沈莹	沈瑩
沈约	沈約
沈葆桢	沈葆楨
沈河	瀋河
沈河区	瀋河區
沈阳	瀋陽
沈阳市	瀋陽市
沈阳故宫	瀋陽故宮
辽沈战役	遼瀋戰役
眯缝	眯縫
眯眼	瞇眼
稗官	稗官
腌臜	腌臢
腌汁	醃汁
腌泡	醃泡
腌渍	醃漬
腌肉	醃肉
腌黄瓜	醃黃瓜
芸窗	芸窗
芸编	芸編
芸草	芸草
芸豆	芸豆
芸阁	芸閣
芸香	芸香
芸香属	芸香屬
芸香科	芸香科
芸薹	蕓薹
芸薹子	蕓薹子
芸薹属	蕓薹屬
莅事者	蒞事者
莅任	蒞任
莅会	蒞會
莅止	蒞止
莅临	蒞臨
莅临指导	蒞臨指導
荞麦	蕎麥
襁褓	襁褓
踊跃	踴躍
鬃毛	鬃毛
赍恨	齎恨
