了	['了', '到了', '为了', '去了', '除了', '不了', '罢了', '完了', '得了', '算了', '够了', '坏了', '花了', '花了', '受不了', '大不了', '不行了', '不得了', '明了', '愣住了', '望了望', '未了', '免不了', '少不了', '用不了', '认了', '好多了', '免了', '喝醉了', '了了', '了了', '了了', '了了', '末了', '好极了', '管不了', '快到了', '没完没了', '直截了当', '说白了', '做不了', '便了', '看上了', '走不了', '知了', '忍受不了', '全完了', '一了百了', '一了百了', '下不了台', '急坏了', '终了', '骗不了', '简单明了', '临了', '来不了', '逃脱不了', '差多了', '怎么得了', '算不了', '私了', '不甚了了', '不甚了了', '玩腻了', '坏透了', '好得不得了', '忙坏了', '快极了', '小事化了', '漂了', '快完了', '了愿', '了愿', '干得了', '明白了当', '短不了', '冷死了', '尘缘未了', '了不相干', '了不相干', '到了法', '到了法', '省不了', '小时了了', '小时了了', '在了法', '在了法', '过了期', '过了期', '到了期', '到了期', '兔子尾巴长不了', '完了法', '完了法', '了断法', '了断法', '太幸福了', '不了法', '不了法', '过了法', '过了法', '破了法', '破了法', '好了法', '好了法', '没了法', '没了法', '简截了当', '简捷了当', '正了法', '正了法', '佐藤贤了', '心中了了', '心中了了', '心中了了', '心中了了', '都几岁了', '都几岁了']
你	['你', '于你', '于你']
里	['里', '这里', '心里', '里面', '那里', '哪里', '家里', '眼里', '怀里', '公里', '城里', '夜里', '村里', '放在眼里', '口里', '市里', '房里', '海里', '车里', '暗地里', '平日里', '骨子里', '乡里', '万里', '英里', '阿里', '宫里', '私下里', '内里', '歇斯底里', '半里', '四下里', '马德里', '平方公里', '糊里糊涂', '包里', '哈里', '暗里', '班里', '森林里', '稀里糊涂', '京里', '田里', '孙百里', '蒙在鼓里', '门里', '背地里', '西里', '明里', '斜刺里', '希拉里', '德里', '心眼里', '克里', '头里', '十万八千里', '林里', '江万里', '姬遥里', '不远千里', '里当', '里当', '故里', '帕特里克', '一日千里', '区里', '韦千里', '里克', '邻里', '表里', '蒋百里', '信里', '尤里', '万里无云', '拉里', '莫里', '被里', '罗德里', '梅里', '凯里', '楼里', '晴空万里', '马里', '杰弗里', '不远万里', '居里', '楚万里', '特里', '绪里', '塔里', '索马里', '通道里', '加里', '格里', '华里', '江千里', '库里', '马苏阿里', '马苏阿里', '埃里克', '赤地千里', '辛格里', '龙千里', '新德里', '忙里偷闲', '卡里', '一泻千里', '江里', '日行千里', '古里', '毕卡里', '安德里', '决胜千里', '程万里', '窝里斗', '连里', '刘全里', '萨利埃里', '雪里', '科里', '克里克', '比赛里', '卡罗里', '马千里', '关里', '罗里', '杰里', '倪万里', '巴里', '沙千里', '马里克', '亚里', '林子里', '师里', '弗雷德里克', '木里', '瓦西里', '曼哈里', '多里昆', '多里昆', '马布里', '雾里看花', '闾里', '那帕里', '密林里', '兰德里', '雅特里克', '雅特里克', '吃着碗里', '万里长征', '满洲里', '奥里', '道里', '胡里胡涂', '本杰里', '穆里玛', '哈里发', '佐里克', '周千里', '周千里', '佩里', '德里克', '屯里', '米里', '松林里', '沙里', '卡里克', '吉里', '法里', '庄里', '菲格里', '衬里', '送君千里', '司里', '沃野千里', '密苏里', '平方英里', '弗里', '海德里', '云里', '奥德里', '托里', '卡路里', '胡里', '堂里', '马洛里', '谬以千里', '索尔兹伯里', '平安里', '威里', '英万里', '维埃里', '拒人千里', '闻千里', '脱里', '白日里', '那里当', '那里当', '王府里', '看着锅里', '褚万里', '汤里', '帕里', '朱千里', '朱千里', '德里特里', '德里特里', '德里特里', '德里特里', '奥布里', '石里', '恩里克', '门派里', '柯里', '鱼肉乡里', '戚家里', '戚家里', '腓波尔里', '互为表里', '弗里克', '腾格里', '王手里', '的黎波里', '谷里', '聂万里', '斯居塔里', '卡伯里', '董千里', '贝里', '转战千里', '派里', '阳千里', '绵延千里', '北岛友里', '利默里克', '切罗里', '相里', '荣归故里', '查里', '阿里扎', '阿里扎', '强奇里', '乌里', '斯里', '路里', '伊里布', '明见万里', '普里', '方千里', '布库里', '布库里', '龚其里', '里玛', '瓦波里', '葫芦里卖什么药', '葫芦里卖什么药', '彭千里', '维耶里', '爱里', '坦克里', '坦克里', '白纯里', '墨里', '二万五千里长征', '失之千里', '盖里', '希里', '郑君里', '龙里', '北里', '钱千里', '罗塞里', '班子里', '格雷戈里', '诺里', '斯克里', '鞭辟入里', '图里', '萨里', '顾里', '步百里', '彻里', '平素里', '余秋里', '黑云里', '黑云里', '王千里', '宗里', '巴可里', '里贝里', '里贝里', '里贝里', '里贝里', '黄万里', '迢迢千里', '艾默里', '巴特里克', '巴特里克', '平康里', '洛里克', '德米特里', '多里克', '曹千里', '庄子里', '东里', '路万里', '古堡里', '里外里', '里外里', '尼里', '摩沙里', '阙里', '马特里', '瓦萨里', '撒里', '古迪里', '宗门里', '图克里莫克', '图克里莫克', '图克里莫克', '鹏程万里', '欧里', '钱万里', '小门里', '张卡里', '简里', '哈里里', '哈里里', '秘道里', '莎夫茨伯里', '里别', '雅里', '白里', '尼格里', '萧得里', '卡洛里', '奇斯里', '萨德里', '马万里', '皮特里', '程千里', '幸福里', '马可贝里', '史特里', '布里', '贾法里', '可可西里', '肯德里克', '那里思考', '那里思考', '沃里克', '费里', '曹万里', '赫舍里', '吴千里', '由表及里', '屈万里', '王宫里', '索加里', '文里', '瓦恩莫里', '老拉里', '麦里', '离题万里', '街坊邻里', '斯拉里', '朱里', '巴克里', '西尔维斯特里', '巴拉蒂耶里', '返里', '古德里', '田千里', '殷百里', '葛里', '居仁里', '贝弗里', '维萨里', '志在千里', '流血千里', '奈里', '郑万里', '那里布', '那里布', '小吉里', '麻里', '杜万里', '鲍里', '赫里克', '赫里克', '乔戈里', '老吉里', '江百里', '相为表里', '康里', '扎瓦克里', '杰里布', '杰里布', '武林里', '格兰戈里', '艾德里', '杨千里', '杨万里', '金库里', '扎克里', '扎克里', '鄂里', '井里', '赵千里', '里里', '里里', '里里', '里里', '傅万里', '皮欧拉里克', '贾弗里', '古千里', '三元里', '里松', '马苏里', '马苏里', '莱斯里', '瓦尔基里', '奇里', '曲仁里', '库洛莫里', '格雷高里', '罗谷里', '咫尺万里', '武里', '封里', '萨哈里', '波里', '阿海里', '明鉴万里', '梅尔贝里', '柯沙里', '表里一致', '封万里', '惠家里', '金斯里', '艾弗里', '海波里托', '唐千里', '赛里', '韦德里', '蒙塔里', '蒙塔里', '里采', '里采', '华西里', '默里', '麦克尼里', '麦克尼里', '雷千里', '乔佛里', '黑道里', '格列高里', '索里', '特米里克', '梅林里', '里程表', '里关于', '里关于', '荣万里', '光辉里', '霍梅里', '托里克', '托里克', '农庄里', '乌苏里斯克', '陈万里', '俞里', '里修蒙', '里修蒙', '老那里', '弗兰特里', '高里', '汗腾格里', '于千里', '于千里', '马克里', '布拉里克', '赫里', '王都里', '塔里克', '彭伯里', '姆里', '维特里', '劳里', '莫布里', '和平里', '拉布里', '科纳克里', '光明里', '卫所里', '马格里', '斯特里克', '斯特里克', '萨瓦里', '永贝里', '苏里', '苏里', '乐平里', '阿里克', '阿里克', '克夫里克', '毛泽东那里', '里布', '耶米里', '达里', '雷特怀里', '埃德里克', '斯科普里', '宫庭里', '小路里', '乔杜里', '广袤千里', '卡斯特里', '玛里', '格里珀', '格里珀', '洛里', '哈里克', '哈里克', '郁特里', '郁特里', '那里扎', '那里扎', '毛万里', '国里', '长空万里', '施里克', '东门里', '克里松', '克里松', '斯托里', '斯托里', '前程万里', '休伦里', '艾富里', '哈梦里', '萨里昆', '萨里昆', '里特别', '里特别', '夏日里', '裴百里', '郎千里', '卢卡里', '本里', '南里', '布拉得里克', '阿斯特贝里', '英文里', '唐万里', '牛千里', '黎里', '艾夫里', '艾里', '葛利高里', '卫千里', '别罗里', '别罗里', '许多年里', '许多年里', '底里', '哥那里', '赫伊里', '太平里', '果戈里', '梅德里', '伍胡里', '罗森贝里', '密道里', '阿拉里', '差以千里', '刑千里', '丘里', '厄根厄里', '格雷希里', '罗纳里', '叶秋怀里', '格里高里', '格里高里', '格里高里', '格里高里', '官里', '拉格里', '阿姆迪杰弗里', '马雷卡里', '荷里', '麦当劳里', '明日里', '老林里', '奥迪里', '梅尔格里', '门那里', '牛万里', '登里', '罗斯伯里', '艾里克', '秋里', '唐里', '朱加施维里', '朱加施维里', '金城千里', '阿修罗道里', '党里', '穆里克', '李千里', '库布斯里', '库布斯里', '黑里', '泽里', '乔里克', '特里克', '特里克', '雷万里', '老阿里', '钟千里', '钟千里', '韦百里', '解里', '席里', '尤加里', '波内里', '老祖那里', '萧万里', '伊德里', '曹里', '马基雅维里', '东山里', '平静里', '雪怀里', '加布里', '那里别', '那里别', '律雅里', '那里胡', '那里胡', '赫里叶', '赫里叶', '左里', '克里特里', '狄里', '文本里', '门道里', '布雷德伯里', '王里冲', '王里冲', '归里', '夏夫兹博里', '布鲁姆斯伯里', '西西里', '农舍里', '农舍里', '凯里集团', '凯里集团', '米里设计局', '米里设计局', '汤万里', '果林里', '那布里', '宫院里', '埃弗里', '苟百里', '柳林里', '光华里', '里雅苏', '萨布里', '赛里克', '夏季里', '哈里别', '哈里别', '布里斯托', '瞧着锅里', '克里奥托', '克里奥托', '塔赫里', '里巴里', '里巴里', '里巴里', '里巴里', '路巴里', '佩里克', '佩里克', '乔里', '涅里', '卡玛里', '卡玛里', '思维里', '里扎', '里扎', '里奇蒙', '李强怀里', '山河表里', '库布里克', '老克里蒙', '绵亘千里', '巴西里', '幻魔珠里', '森里', '格里戈里', '格里戈里', '格里戈里', '格里戈里', '皇庄里', '宫廷里', '德恩里', '转斗千里', '阿斯特伯里', '因素里', '西苏里', '帕德里克', '老哈里', '杜千里', '克里斯托', '里胡', '里胡', '赵子里', '百里之才', '区千里', '魏三里', '瑞克里', '戈里', '迪米特里', '克里蒙', '西泽佩里', '摩莱里', '瓦里', '一举千里', '梅里雅达克', '梅里雅达克', '余光里', '乐千里', '米斯特里', '哈里孜', '哈里孜', '林洛怀里', '蒙泽塔里', '蒙泽塔里', '费里德里克', '费里德里克', '费里德里克', '费里德里克', '长城万里', '蒂米特里', '埃文里', '肯德基里', '古本里', '上里', '伯那里', '童千里', '欧塞里', '岳万里', '岳万里', '麦克利里', '黑森林里', '五福里', '丘里克', '库里克', '库里克', '高德弗里', '谢普里', '卡尔加里', '宫门里', '亚里奥托', '亚里奥托', '郭院里', '法布里', '小松林里', '阿格里', '黑布里', '黑布里', '马里布', '马里布', '欧马里', '贝瑞里', '阿贾里', '武库里', '那里那里', '那里那里', '那里那里', '那里那里', '德萨利埃里', '王国里', '咫尺千里', '果里', '小居里', '里尔克', '贝里克', '贝里克', '张白里', '兰园里', '冷格里', '多里', '加勒里', '李瑟怀里', '朱万里', '朱万里', '陆里', '老巴里', '舍里', '坎巴里', '博济里', '凯莫里', '格伦加里', '格雷格里', '封信里', '雪山里', '丰沙里', '皮耶里', '道宗里', '拉弗里', '克里布', '克里布', '东海里', '让里', '拜里', '吉勒里', '塔克西里', '塔克西里', '福尔马林里', '蒙塔泽里', '庇里托', '崇贤里', '曲里', '基因里', '满殿里', '李明那里', '韦不里', '廷里', '李泰怀里', '帕吉里', '里考', '鲁约里', '海耶里', '布罗德里克', '布罗德里克', '拉贾迪巴里', '洪门里', '巴尔特里', '耶里', '里思考', '里思考', '舒拉里', '朱舍里', '朱舍里', '凯奇拉森林里', '斯莱特里', '尹万里', '斯科拉里', '乌古里', '巴萨里', '华手里', '利普里安法', '利普里安法', '翁百里', '屠万里', '让克里', '莫里斯艾里', '那里采', '那里采', '沙丘里', '卫手里', '派那里', '杜赫里', '保里', '老萨利埃里', '奥斯里', '宫手里', '折冲万里', '折冲万里', '姬手里', '吨公里', '贝勒图里', '唐门里', '卡拉巴里', '索拉里', '基金里', '费拉里', '杜里', '欧德里', '梅伯里', '西沙里克', '老刘那里', '洛克斯里', '洛克斯里', '阿杜里', '玛丽那里', '葛百里', '相里勤', '尼姆里', '斯佩里', '杜凯里', '文学里', '萧特里', '窦可里', '撒拉瓦里', '范莱里', '范莱里', '舳舻千里', '埃默里', '艾欧里', '克列里', '卡通片里', '费茹里', '满心里', '曹营里', '马格里布', '皮里', '绍科怀里', '托里切里', '托里切里', '托里切里', '托里切里', '陶菲那里', '张手里', '骆万里', '德克里', '德克里', '布苏里', '布苏里', '金波那里', '哈布里', '加里德布', '加里德布', '班伯里', '关山万里', '基因库里', '古斯里', '庇里', '瑞恩里', '撒罗里', '谢文东那里', '冯万里', '达斯格里', '西柴里', '尼德里', '柯里克', '英军里', '马百里', '迈里', '奥托克里克', '奥托克里克', '侯手里', '伯里', '马革里', '张千里', '津舍里', '让阿里', '经里', '京里当', '京里当', '艾佛里', '谢尔德里克', '谢尔德里克', '斯坦里', '小巴里', '瓦瓦索里', '王宏里', '克波特里', '克波特里', '纳扎里', '李里', '史里', '高金千里', '里斯托', '楚凡怀里', '乌托邦里', '林园里', '鲍千里', '特里扎', '特里扎', '白素那里', '乌苏里', '达内里', '麦芒怀里', '张园里', '蒙里', '泰布里', '钱里', '傅里叶', '西豪里', '卫斯里', '卡瓦尼亚里', '赛季里', '叔那里', '阿亚图拉蒙泽塔里', '阿亚图拉蒙泽塔里', '钱库里', '韩德里', '宫里才', '宫里才', '范十里', '范十里', '永久里', '费德里', '杜加里', '可卡西里', '阿胡里', '沈园里', '甘兴里', '里那里', '里那里', '里那里', '里那里', '庄观里', '哈撒里', '卡利亚里', '那万里', '秦千里', '让瓦西里', '福里克', '卫营里', '科班里', '叔里', '让哈里', '孙策那里', '潘德里', '石岩里', '久安里', '巴特里', '南门里', '艾尔文森林里', '白朗宁怀里', '麦克里里', '麦克里里', '麦克里里', '麦克里里', '麦克里里', '麦克里里', '王百里', '龙源里', '荣手里', '一日万里', '那日里', '斯特里', '乔乔那里', '安业里', '恶事行千里', '何和里', '什鲁斯伯里', '乌鲁里别', '马基里', '季米特里', '岩里', '王子里', '可里', '让班里', '宋手里', '伦敦塔里', '古文里', '缪以千里', '罗德里克', '隆里', '倪陆里', '奥拉里', '迈哈里', '巴赫里', '埃里', '夏斯里', '国军里', '慕素里', '邸里', '马萨里克', '凯斯特那里', '哈姆里', '格里克', '格里克', '贝尔那里', '柴达里', '二十里', '伍千里', '克里奈克', '克里奈克', '桑塔纳里', '向门里望', '向门里望', '庄门里', '斐弗敦古里', '范佛里', '贾哈里', '柏拉图那里', '艾泽拉斯里', '蔡兴宗那里', '弗洛里', '巫里', '小图里', '老霍里', '刘里', '瓜田里', '林荫里', '丛里', '菲奥里托', '菲奥里托', '蒙特里', '西里克', '乔弗里', '艾勒里', '韦弗里', '刘坦那里', '刘邦那里', '瑟里耶克', '瑟里耶克', '黎波那里', '南洪门里', '贾里里', '贾里里', '贾里里', '贾里里', '李手里', '哈舒里', '阿格里琴托', '阿格里琴托', '傅里', '加福里', '瓦特巴里', '久亚里', '巴夏里', '康德那里', '肯里', '古特里', '让马德里', '毕尔里', '秘孔里', '瓦里克', '卡尔兰德里', '丰里', '表里为奸', '由里及表', '由里及表', '法文里', '阿克里', '阿克里', '魏乔里', '西门里', '瓦列里', '任万里', '孔里', '东园里', '多年里', '多年里', '居里门托', '居里门托', '巴士里', '一瞬千里', '努合里', '桑里', '跌落水里', '穆里奇奥特里', '罗格里', '楚平怀里', '撒阿里', '比特里', '小方格里', '华院里', '瓦雷里', '布莱布特里', '布莱布特里', '丹斯里', '同瓦西里', '高塔里', '池里', '月明千里', '章里', '康维那里']
向	['向', '方向', '一向', '向后', '向后', '走向', '转向', '冲向', '指向', '去向', '倾向', '投向', '射向', '面向', '动向', '伸向', '偏向', '意向', '志向', '相向', '风向', '晕头转向', '内向', '朝向', '路向', '流向', '驶向', '趋向', '横向', '反向', '瞄向', '航向', '背向', '导向', '取向', '径向', '外向', '纵向', '定向', '迈向', '反方向', '向日葵', '逆向', '双向', '刘向', '单向', '大方向', '李向', '王向', '昏头转向', '归向', '人心所向', '齐向', '宫向', '武向', '雷向', '边向', '薛向', '新动向', '朱向', '投资方向', '女生外向', '姓向', '步向', '掉向', '何向', '闻向', '东向', '拳脚相向', '南向', '东北向', '水平方向', '封向', '代向', '孙向', '车向', '姬向', '蒙头转向', '张向', '卫向', '林向', '叶向', '坡向', '德向', '罗向', '向谷', '华向', '全向', '侯向', '人心归向', '换向', '狄向', '翁向', '白向', '官向', '万向集团', '懵头转向', '锋芒所向', '楚向云', '庄向', '异向', '陈向', '李向志', '崇向', '宋向', '马向', '曹向', '敖向', '斯向', '主方向', '强向', '向梦工厂', '向梦工厂', '常向', '杨向', '滑向', '慕向', '闪向', '龚向', '谭向', '吴向', '穆向', '岳向', '果向', '裴向', '向谷清年', '向谷清年', '门向', '游向', '游向', '袁向', '司向', '唐向', '荣向', '智向', '仲向', '徐向', '吕向', '藏向', '向阳花', '卢向', '日向', '朴向', '转向法', '转向法', '向壁虚构', '皇向', '缪向', '晏向', '秦向', '乔向', '杜向', '经向', '师向', '晶向', '王志向', '惠向', '奕向', '崔向', '傅向', '范向', '再向法', '向平之愿', '戈向', '程向', '冲向法', '冲向法', '于向', '于向', '又向法', '又向法', '郑向', '蒋向', '仇向', '劳向', '律向', '苟向', '隆向', '温向', '刘向云', '黎向', '向门里望', '向门里望', '闵向', '石向', '厉向', '檀向', '诸向', '娄向', '向贵局', '向贵局', '支向', '颜向', '卓向']
只	['只', '船只', '只当', '不只', '只须', '仅只', '一只只', '一只只', '一只只', '一只只', '舰只', '半只', '单只', '第三只', '第一只', '岂只', '第二只', '何只', '形单影只', '只只', '只只', '只只', '只只', '第四只', '猪只', '第五只', '犬只', '第六只', '第九只', '第七只', '第十只', '第八只', '第十三只', '只听法', '只听法']
才	['才', '刚才', '方才', '人才', '天才', '适才', '奴才', '秀才', '好不容易才', '奇才', '才干', '有才', '不才', '口才', '鬼才', '纪才', '成才', '文才', '英才', '将才', '罗汝才', '贤才', '一表人才', '文武全才', '好容易才', '高才', '庸才', '王才', '育才', '盛世才', '蠢才', '博学多才', '柳晋才', '刘良才', '帅才', '屈才', '全才', '辩才', '陈才', '干才', '才高八斗', '怪才', '求才', '识才', '才思敏捷', '施本才', '强子才', '诗才', '人尽其才', '孙广才', '可造之才', '通才', '何茂才', '栋梁之才', '黄才', '自学成才', '史慈才', '苏建才', '专才', '吴才', '张才', '袁文才', '德才', '江郎才尽', '林极才', '赵喜才', '左才', '徐之才', '将遇良才', '古上才', '邵才', '晋才', '善才', '杨英才', '旷世奇才', '王佐之才', '马文才', '冯子才', '胡才', '李俊才', '杨明才', '刘茂才', '明才', '盛才', '孙宝才', '魏世才', '尹国才', '赵万才', '南才', '王刚才', '姜才', '柳建才', '何月才', '许茂才', '律楚才', '万子才', '张宝才', '李才', '赵世才', '邢子才', '李国才', '李三才', '罗广才', '钱光才', '侯长才', '高兴才', '刘德才', '侯才', '强才', '华才', '王育才', '王世才', '江健才', '常子才', '解庆才', '龚才', '吴良才', '何佑才', '冯伟才', '卓慕才', '不世之才', '周伯才', '季才', '埋没人才', '赵才', '宫才', '孟立才', '康茂才', '杜子才', '陈上才', '上官卓才', '何才', '罗开才', '温生才', '杨帆才', '杨帆才', '罗庚才', '宗才', '程世才', '德无才', '李德才', '宋才', '罗世才', '邝景才', '姬才', '张强才', '王腾才', '牛万才', '曹才', '吕三才', '陈得才', '吕才', '不拘一格降人才', '王峰才', '云才', '孟才', '朱纪才', '陈进才', '牛进才', '杨育才', '刘文才', '步才', '纪德才', '张辽才', '门才', '刘星才', '李金才', '牛才', '萧阳才', '张栋才', '冯世才', '盛一才', '祝鸿才', '周茂才', '蓝天才', '欧冶才', '郭善才', '吴名才', '夏华才', '史文才', '才期期', '才期期', '王哲才', '裘金才', '彭孝才', '张扬才', '燕成才', '金秀才', '张岩才', '刘俊才', '杨大才', '林才', '远才', '袁子才', '经世之才', '麦孟才', '崔洪才', '孙巨才', '秦才', '吴伟才', '石隐才', '杨成才', '许溪才', '罗才', '郭宏才', '马德才', '楚才', '王文才', '刘才', '果才', '邱远才', '李二才', '沈峰才', '唐才', '谢余才', '谢伟才', '查才', '刁俊才', '江峰才', '张刚才', '展雄才', '洪东才', '偏才', '夏才', '钟才', '王佐才', '李扬才', '荣才', '龙子才', '储才', '郭其才', '魏通才', '冯骥才', '赵云才', '赵云才', '命世之才', '岳才', '刘光才', '王泽荣才', '夏沧才', '卓才', '女貌郎才', '杜才', '雷才', '冯瑾才', '智才', '肚才', '秦王才', '王福才', '陈楚才', '卫才', '乔家才', '李禄才', '吕德才', '皇才', '牛建才', '蔡茂才', '吴俊才', '厉才', '武卓才', '李福才', '林逍才', '林逍才', '韩立才', '韩富才', '钟邦才', '朱浩才', '鲁才', '广招人才', '甄义才', '平才', '云刚才', '云刚才', '杨宝才', '华刚才', '刑才', '邱西才', '仇才', '赵大才', '唐正才', '郑雷才', '徐才', '罗成才', '车才', '林峰才', '周才', '张浩才', '斯才', '易春才', '胡奇才', '胡奇才', '孟博才', '程才', '萧五才', '张德才', '程之才', '乔才', '苏逸才', '苏逸才', '倪子才', '周易才', '官才', '庞统才', '全子才', '周才发', '周才发', '廖文才', '钱才', '蒋伟才', '马全才', '仲才', '经济之才', '赵胜才', '姬刚才', '百里之才', '张成才', '韦才', '唐峰才', '许厚才', '张志才', '任才', '阚才', '冯三才', '赵石才', '赵培才', '军地两用人才', '封才', '明军才', '萧统才', '梁子才', '刘瑶才', '夏侯妙才', '边才', '郭文才', '李君才', '庆才', '杨进才', '林轩才', '庄才', '玄刚才', '晋王才', '董才', '刘秀才', '潘德才', '严广才', '战才', '孙才', '李进才', '陈炳才', '司马才', '陶友才', '国才', '李靖才', '杨才', '姬俊才', '师才', '高世才', '萧峰才', '曹善才', '周游才', '周游才', '蓝丝才', '陈之才', '凌云才', '凌云才', '李士才', '杜进才', '苟一才', '颜才', '代逸才', '果刚才', '果刚才', '范本才', '何春才', '杨德才', '碌碌庸才', '陈友才', '童贯才', '温才', '秦伯才', '何良才', '惠才', '高仁才', '范才', '谭才', '奕才', '周德才', '周德才', '马子才', '李赫才', '方进才', '蒋才', '辛才', '不羁之才', '王友才', '葛先才', '郗才', '刘公才', '凌才', '钟贵才', '八斗之才', '魏东才', '胡文才', '胡文才', '盖世之才', '何年才', '何年才', '李贤才', '李峰才', '柳杨才', '陈德才', '高达才', '王楚才', '白小才', '叶子才', '萧福才', '车顺才', '陈国才', '宁才', '侯刚才', '逸群之才', '黎才', '韩丁才', '宫后才', '宫后才', '司才', '秦霄才', '张立才', '郑君才', '龙聿才', '黄蓉才', '李纪才', '徐峰才', '韩遂才', '仇刚才', '广罗人才', '明刚才', '刘备才', '七步之才', '白水才', '李善才', '褚才', '钱宏才', '慕容才', '张三才', '宋人才', '李四才', '汤德才', '魏王才', '候才', '德刚才', '燕王才', '两用人才', '萧逸才', '金良才', '陈子才', '冉才', '律才', '余德才', '余德才', '陈平才', '龙才', '赵孝才', '楼才', '才疏意广', '齐王才', '周荣才', '宫里才', '宫里才', '宫中才', '李渊才', '尤荆才', '李争才', '林刚才', '韩非才', '吕良才', '檀才', '王缙才', '顾锦才', '黄家才', '张书才', '梅才', '鲁忠才', '李辉才', '袁才', '初凤才', '翁才', '张良才', '贝之才', '裴长才', '于万才', '于万才', '李燮才', '荀才', '张公才', '石良才', '王万才', '王进才', '秦人才', '王大才', '樊文才', '孙兆才', '李听才', '李听才', '蒋碧才', '德胜才', '李玉才', '权善才', '关才', '杨浩才', '隆才', '徐茂才', '高世之才', '蓝和才', '朱良才', '朱良才', '薛沛才', '孔三才', '王国才', '金永才', '寇连才', '韩才', '康才', '秦军才', '杨柳才', '旷代奇才', '经国之才', '张康才', '岳观才', '胡福才', '姚良才', '肖海才', '黎儒才', '陈仲才', '楚王才', '覃建才', '褚刚才', '郁才', '林路才', '沈才', '寇才', '吴大才', '官刚才', '刘庄才', '丰才', '强人才', '李英才', '王子才', '萧隆才', '董万才', '韩柏才']
后	['后', '之后', '然后', '最后', '以后', '身后', '后面', '背后', '随后', '太后', '皇后', '日后', '向后', '向后', '过后', '今后', '后果', '往后', '前后', '而后', '先后', '后期', '其后', '此后', '落后', '皇太后', '退后', '后勤', '幕后', '战后', '母后', '后台', '王后', '饭后', '午后', '从此以后', '稍后', '善后', '争先恐后', '断后', '武后', '殿后', '尔后', '后会有期', '后遗症', '后腿', '前前后后', '前前后后', '敌后', '后周', '不久后', '前因后果', '屋后', '绝后', '从此之后', '吕后', '思前想后', '无后', '别后', '别后', '放学后', '王皇后', '百年之后', '秋后', '空前绝后', '瞻前顾后', '不甘落后', '嗣后', '茶余饭后', '滞后', '萧皇后', '身前身后', '中后期', '产后', '课后', '后悔药', '黄雀在后', '后年', '后年', '蚁后', '鞍前马后', '陈皇后', '在此之后', '末后', '税后', '马皇后', '后叶', '后叶', '拖后腿', '节后', '影后', '周皇后', '何皇后', '宫皇太后', '东太后', '郭皇后', '久后', '博士后', '后台老板', '刘皇后', '伏皇后', '尾随在后', '尾后', '安皇后', '许皇后', '杨皇后', '贫穷落后', '继后', '符皇后', '贾皇后', '韦皇后', '售后', '置之脑后', '窦皇后', '段王后', '后会无期', '扯后腿', '宋皇后', '穆皇后', '房前屋后', '阴皇后', '高皇后', '武皇后', '徐皇后', '惩前毖后', '瞠乎其后', '总后', '沈皇后', '沈皇后', '朱皇后', '冯皇后', '卫皇后', '于皇后', '于皇后', '宫皇后', '方皇后', '承前启后', '左皇后', '惠皇后', '棋后', '明皇后', '郑皇后', '李皇后', '赵王后', '姜皇后', '姜皇后', '而今而后', '德皇后', '全皇后', '胡皇后', '顾前不顾后', '曹皇后', '庄皇后', '上官皇后', '邓皇后', '明后年', '明后年', '梁皇后', '国皇后', '庄皇太后', '毛皇后', '赵皇后', '齐皇后', '苗皇后', '国王后', '鲁皇后', '佟皇后', '景皇后', '钱皇后', '预后', '吃后悔药', '安皇太后', '谢皇后', '阎皇后', '茶余酒后', '文皇后', '车前马后', '封皇后', '蔡皇后', '夏皇后', '余皇后', '余皇后', '承先启后', '傅皇后', '最后最后', '最后最后', '最后最后', '最后最后', '饭后茶余', '饭后茶余', '宗皇后', '白皇后', '百岁之后', '王王后', '杜皇后', '吴皇后', '甘居人后', '章皇后', '魏王后', '平皇后', '通前彻后', '甘皇后', '拉后腿', '南王后', '董皇后', '戚皇后', '戚皇后', '柳皇后', '彭王后', '蒙皇太后', '蒙皇太后', '国皇太后', '代皇后', '煞后', '薄皇后', '齐王后', '惠皇太后', '孙皇后', '宣皇后', '闵皇后', '甄皇后', '封皇太后', '密皇后', '忙前跑后', '袁皇后', '无为牛后', '霍皇后', '褚皇后', '汉高后', '闻皇后', '于皇太后', '于皇太后', '龙皇后', '谢皇太后', '韩皇后', '寿皇太后', '康皇后', '阴山背后', '兰皇后', '秦王后', '任皇后', '吴王后', '崇皇后', '鄂皇后', '封王后', '任王后', '于王后', '于王后', '德皇太后', '明皇太后', '自甘落后', '童皇后', '滞后期', '滞后期', '容皇后', '景王后', '宫后才', '宫后才', '弧后', '姬王后', '孟皇后', '先后关系', '先后关系', '唐皇后', '姜王后', '姜王后', '康皇太后', '单皇后', '梁王后', '科尔沁左翼后旗', '臧皇后', '魏皇后', '经皇后', '闻皇太后', '居皇后', '光前裕后', '索皇后', '蒙皇后', '劳皇后', '滕皇后', '惠王后', '潘皇后', '律皇后', '梅皇后', '师后复', '师后复', '楚王后', '晋皇后', '司马皇后', '毋为牛后', '苏皇后', '苏皇后', '诸皇后', '后期期', '后期期']
年	['年', '少年', '当年', '多年', '青年', '中年', '今年', '半年', '每年', '去年', '百年', '明年', '元年', '过年', '万年', '昔年', '童年', '成年', '早年', '新年', '常年', '年岁', '那年', '晚年', '同年', '年年', '年年', '年年', '年年', '第二年', '老年', '前年', '往年', '末年', '幼年', '壮年', '近年', '连年', '周年', '拜年', '初年', '终年', '青少年', '陈年', '来年', '近几年', '光年', '有生之年', '方博年', '次年', '未成年', '小青年', '潘汉年', '第一年', '经年', '那青年', '上半年', '本年', '大年', '前些年', '历年', '卓永年', '全年', '百年之后', '许多年', '男青年', '度日如年', '延年', '上年', '青壮年', '近些年', '有年', '逐年', '朱延年', '第三年', '年复一年', '年复一年', '余年', '天年', '热血青年', '纪年', '更年期', '暮年', '龙年', '享年', '风烛残年', '学年', '遗臭万年', '盛年', '整年', '英雄出少年', '人年', '后年', '后年', '流年', '五年计划', '永年', '小年', '贺年', '翌年', '伍中年', '颐养天年', '青年团', '钟元年', '钟元年', '中老年', '年表', '丰年', '英年', '少年得志', '知识青年', '荒年', '而立之年', '灾年', '吴鹤年', '乔柏年', '高年', '一年年', '一年年', '一年年', '一年年', '累年', '王启年', '年假', '年假', '郑大年', '金百年', '李延年', '不惑之年', '林永年', '陈宝年', '谷清年', '中青年', '邵鹤年', '于瑞年', '旧年', '弱冠之年', '第四年', '柳圭年', '陈有年', '纪松年', '纪松年', '垂暮之年', '古稀之年', '杨大年', '刘永年', '邵年', '傅斯年', '刘华年', '唐大年', '年历', '严延年', '柏年', '杜延年', '翩翩少年', '贺红年', '似水流年', '残年', '自古英雄出少年', '第五年', '钟竞年', '钟竞年', '乔年', '华年', '头年', '何年', '转年', '王大年', '崔永年', '汉年', '幼年期', '段兴年', '开年', '周大年', '闰年', '乔伯年', '姚正年', '刘新年', '年年岁岁', '年年岁岁', '郭鹤年', '陈延年', '杨万年', '凶年', '编年', '大前年', '白年', '益寿延年', '张年', '瑞雪兆丰年', '唐松年', '唐松年', '康大年', '本命年', '张万年', '德元年', '沈重年', '农历新年', '农历新年', '林震年', '贺兆年', '王当年', '武绍年', '常鸿年', '正当年', '正当年', '成年期', '张康年', '田延年', '朱福年', '熊大年', '白大年', '汪乔年', '王元年', '吴佑年', '大龄青年', '那万年', '天不假年', '乔松年', '乔松年', '冯二年', '第六年', '万年历', '周望年', '周望年', '博年', '甘祖年', '耄耋之年', '李年', '德二年', '宋昭年', '林大年', '第十年', '杨康年', '龙应年', '虎年', '童年期', '秦万年', '德三年', '陆大年', '第七年', '杨静年', '程瑞年', '罗英年', '陈鹏年', '董天年', '仲年', '骆松年', '骆松年', '高松年', '共产主义青年团', '青年期', '明后年', '明后年', '仇松年', '骆大年', '旧历年', '陈瑞年', '李伯年', '范柏年', '阎崇年', '王松年', '王松年', '宋百年', '牛求年', '少年期', '黄永年', '齐万年', '齐柏年', '修道多年', '德五年', '迟暮之年', '轻薄少年', '牛年', '韩延年', '终其天年', '徐竹年', '妙年', '曹瑞年', '问题少年', '林祖年', '郭永年', '李鹤年', '万永年', '德四年', '久年', '范修年', '汪康年', '何大年', '佟大年', '伯年', '陈万年', '高百年', '老年期', '德六年', '李延年兵团', '李延年兵团', '莫铁年', '宋康年', '祛病延年', '松年', '农历年', '毕永年', '马年', '古为年', '阎锦年', '比年', '黄诒年', '林子年', '芳年', '第八年', '平年', '程延年', '知命之年', '团圆年', '纪年法', '纪年法', '杨伯年', '区寿年', '贺大年', '威风不减当年', '亿万斯年', '林绍年', '及笄之年', '犹生之年', '马二年', '猴年', '康元年', '德七年', '张永年', '姜斯年', '王三年', '王子年', '司大年', '柏村年', '鼠年', '第九年', '傅伯年', '宋年', '柏永年', '于鹏年', '蛇年', '潘鹤年', '王有年', '狗年', '陈俊年', '柳忠年', '秦年', '潘大年', '猪年', '惨绿少年', '年刊', '康年', '冷沛年', '许大年', '德九年', '陈友年', '胡赓年', '秦昌年', '王二年', '谭柏年', '丁百年', '陆松年', '陆松年', '耳顺之年', '卫青年军团', '卫青年军团', '谢斯年', '许多年里', '许多年里', '黑鹰年', '第2年', '第2年', '黄鸿年', '汪秀年', '张松年', '张松年', '羊年', '德十年', '旱年', '刘延年', '李承年', '却病延年', '贺晋年', '唐纪年', '杨芳年', '皇当年', '于何年', '于何年', '朱锦年', '张柏年', '王万年', '壮年期', '壮年期', '曹大年', '焦运年', '通年', '黄大年', '蔡松年', '蔡松年', '乔成年', '冯伯年', '歉年', '回归年', '何万年', '吴彭年', '石庆年', '明年年', '明年年', '明年年', '明年年', '于柏年', '岳万年', '岳万年', '万历年', '万历年', '王十年', '祁永年', '风烛之年', '渠万年', '王继年', '唐百年', '唐英年', '太阳年', '龚松年', '龚松年', '乔延年', '宫三年', '唐年', '德八年', '曹毅年', '吴元年', '宫一年', '有为之年', '时和年丰', '卓水年', '彭永年', '玄年', '冯年', '王康年', '王六年', '老青年', '孙大年', '长安少年', '洪武年', '崔延年', '潘梓年', '赵丰年', '第十一年', '祝万年', '柳大年', '永乐年', '李铁年', '邢年', '李胜年', '兔年', '张百年', '谈永年', '刘风年', '葛丰年', '急景凋年', '向谷清年', '向谷清年', '姜大年', '于明年', '于明年', '吴永年', '王百年', '第1年', '第1年', '第3年', '第3年', '王七年', '王永年', '刘年', '徐青年', '王四年', '马大年', '汪万年', '王九年', '于当年', '于当年', '岑喜年', '修行多年', '宋德年', '王延年', '孙年', '许多青年', '鸡年', '镰田政年', '张广年', '李松年', '李松年', '第5年', '第5年', '第十三年', '张长年', '梁百年', '锦瑟华年', '熟年', '罗年', '何千年', '刘文年', '陈彭年', '赵王年', '商柏年', '青少年期', '青少年期', '李侯年', '李寿年', '秦柏年', '彭年', '曹永年', '黄延年', '艾万年', '裴大年', '雷昌年', '年近岁逼', '年近岁逼', '年近岁逼', '厉大年', '王五年', '陈其年', '陈大年', '钟大年', '梅山青年', '方鹤年', '刘大年', '乔正年', '第4年', '第4年', '今夕何年', '麻大年', '天假之年', '第十五年', '桑仲年', '宋乔年', '第十二年', '李大年', '葛大年', '莫鸿年', '宋兆年', '宫两年', '何年才', '何年才', '老多年', '赵连年', '张世年', '盛康年', '陈乔年', '周嘉年', '纪宗年', '陈松年', '陈松年', '老拜年', '五陵少年', '瑞年', '张齐年', '侯元年', '李天年', '斯年', '许多许多年', '乙巳年', '郭英年', '于万年', '于万年', '破瓜之年', '张岱年', '苏万年', '苏万年', '卫本年', '翁当年', '车长年', '李万年', '方明年', '万斯年', '第二十年', '侯年', '严年', '惠二年', '宫十年', '李逢年', '寇洛年', '昭和十三年', '万多年', '顾长年', '骆万年', '乔梓年', '季年', '渠百年', '修道年', '第十六年', '安青年', '第7年', '第7年', '娄大年', '侯二年', '李慕年', '第10年', '第10年', '范岱年', '张有年', '华百年', '赵永年', '徐三年', '于同年', '于同年', '魏延年', '侯当年', '张中年', '陈永年', '果当年', '果当年', '宋一年', '赵大年', '宫当年', '刘万年', '傅隆年', '董大年', '祝新年', '阮大年', '遗臭千年', '杜仲年', '第6年', '第6年', '柯柏年', '宋连年', '第十四年', '张光年', '第十七年', '主谷清年', '主谷清年', '方柏年', '袁彭年', '刘连年', '钟竟年', '宫百年', '杨新年', '汪长年', '司马百年', '朱丰年', '朱丰年', '旺年', '郁松年', '郁松年', '凶年饥岁', '萧百年', '武元年', '王常年', '居通年', '拜拜年', '温王年', '谭伯年', '魏勇年', '王一年', '霍大年', '乔万年', '第三十年', '裙屐少年', '第20年', '第20年', '江南多年', '康二年', '天假其年', '张千年', '豆蔻之年', '豆蔻之年', '人寿年丰', '刘当年', '多年里', '多年里', '恒星年', '李长年', '狄年', '惠当年', '第21年', '第21年']
听	['听', '打听', '听听', '听听', '好听', '倾听', '难听', '闻听', '聆听', '偷听', '探听', '动听', '中听', '旁听', '静听', '洗耳恭听', '危言耸听', '窃听', '监听', '打听打听', '打听打听', '打听打听', '打听打听', '视听', '谛听', '收听', '幻听', '侧耳细听', '混淆视听', '侦听', '凝听', '误听', '旁听席', '窥听', '娓娓动听', '重听', '倾耳细听', '偏听', '婉转动听', '听人摆布', '以正视听', '耸听', '侧耳谛听', '探听探听', '探听探听', '探听探听', '探听探听', '委婉动听', '受听', '偏听则暗', '闭目塞听', '惟命是听', '访听', '费听捷', '听说法', '听说法', '言无不听', '只听法', '只听法', '耳不旁听', '李听才', '李听才', '淆惑视听']
几	['几', '十几', '好几', '茶几', '二十几', '三十几', '未几', '相差无几', '案几', '近几年', '寥寥无几', '所剩无几', '老几', '无几', '四十几', '庶几', '五十几', '不知凡几', '三几', '一几', '一百几', '六十几', '阿南惟几', '七十几', '八几', '八十几', '初几', '条几', '一千几', '所余无几', '所余无几', '七几', '九几', '百几', '二几', '九十几', '五几', '六几', '明窗净几', '香几', '四几', '相去无几', '一万几', '千几', '三五几', '二百几', '一百零几', '一百二十几', '十三几', '一十几', '十八几', '三百几', '三七二十几', '一百五十几', '一日万几', '都几', '一九七几', '十二几', '十万几', '一百八十几', '一蹴可几', '一百三十几', '一百九十几', '七七几', '二万几', '百十几', '都几岁了', '都几岁了', '十七几', '四百几']
果	['如果', '结果', '效果', '果', '后果', '成果', '苹果', '水果', '因果', '战果', '糖果', '前因后果', '唐果', '正果', '雨果', '恶果', '野果', '凌果', '瓜果', '果果', '果果', '苦果', '因果关系', '刚果', '芒果', '开花结果', '白果', '仁果', '鲜果', '善果', '干果', '自食其果', '反效果', '乐果', '浆果', '红果', '青果', '赵果', '果核', '乌果', '硕果', '无花果', '坚果', '蔬果', '小果', '选举结果', '李果', '戚果果', '戚果果', '林立果', '张果', '硕果累累', '音响效果', '陈果', '百果', '互为因果', '刘果', '行必果', '草果', '朱果', '长生果', '罗汉果', '果于', '果于', '供果', '挂果', '吃人参果', '林果', '沙果', '腰果', '水灵果', '寿元果', '玄冰果', '真果', '朱仙果', '朱仙果', '球果', '孙果', '果巴松', '果干', '毕果', '武功果', '李小果', '蓝源果', '宋果', '果才', '老果', '喜果', '刺果', '祁克果', '水仙果', '万灵果', '皇道果', '兰因絮果', '铁果', '果戈里', '智灵果', '平果', '王果', '金仙果', '兰九果', '白云果', '白云果', '达蒙果', '达蒙果', '于果', '于果', '阳朱果', '卜果', '鄂尔果', '落果', '肉果', '白梅果', '金灵果', '果照', '曲果', '蒋靖果', '分果', '智果', '杀敌致果', '玄木果', '倒因为果', '达尔果', '陈果花', '陈果花', '果向', '罗道果', '常果', '殷果', '邵立果', '富士苹果', '沙龙果', '赵高果', '果复', '黑玄果', '油果', '荚果', '果炼', '明果', '果里', '果非幸', '英果', '黄金果', '李园果', '果刚才', '果刚才', '原果', '费扬果', '东果', '结果法', '结果法', '胡果', '归一果', '关羽果', '核果', '隋骁果', '梅灵果', '岳晓果', '修果', '蒴果', '马林果', '金银果', '晁果', '水龙果', '韩楼果', '索尔果', '果可克', '单果', '林记果', '安果', '伏念果', '果当年', '果当年', '齐人果', '果采', '段辽果', '朱果叶', '朱果叶', '宋卫果', '司徒果', '张王果', '梁希果', '果叶', '果端', '战未果', '吴果', '宫异果', '战无果', '种仙果', '哈果']
当	['当', '当年', '相当', '应当', '正当', '武当', '当面', '适当', '相当于', '每当', '不当', '上当', '妥当', '充当', '只当', '恰当', '担当', '自当', '不敢当', '当局', '勾当', '难当', '亚当', '叮当', '敢当', '直截了当', '得当', '当当', '当当', '停当', '该当', '定当', '便当', '首当其冲', '行当', '理当', '旗鼓相当', '叮叮当当', '叮叮当当', '稳当', '当铺', '响当当', '响当当', '咣当', '准备妥当', '独当一面', '吊儿郎当', '伯当', '稳稳当当', '稳稳当当', '典当', '里当', '里当', '愧不敢当', '满满当当', '满满当当', '空当', '丁当', '承当', '锐不可当', '过当', '可当', '有难同当', '失当', '那当', '大当', '顺当', '邓当', '合当', '顺顺当当', '顺顺当当', '敢作敢当', '达当', '妥妥当当', '妥妥当当', '值当', '当涂', '一人做事一人当', '甘当', '势不可当', '贝当', '当场出丑', '正正当当', '正正当当', '阿当', '用人不当', '当当当当', '当当当当', '当当当当', '当当当当', '当当当当', '当当当当', '当当当当', '当当当当', '当众出丑', '比当', '处置不当', '那里当', '那里当', '马当', '精当', '花当', '允当', '贡斯当', '地方当局', '普吕当', '确当', '大而无当', '本当', '丁丁当当', '丁丁当当', '明白了当', '毛当', '有祸同当', '许伯当', '田当', '王当年', '叮当叮当', '叮当叮当', '叮当叮当', '叮当叮当', '正当年', '正当年', '抵当', '啷当', '港英当局', '居然当', '瓦当', '万夫莫当', '两当', '平当', '刘当', '连当', '别当', '一力承当', '泽当', '左江当', '当一天和尚撞一天钟', '何以克当', '一力担当', '麦当', '慨当以慷', '威风不减当年', '当曲', '举措失当', '李易当', '哥当', '南当', '李杰当', '尔当', '叶南当', '博当', '那边当', '措词不当', '科当', '楚平当', '于当', '于当', '臭不可当', '让亚当', '皇当年', '华雄当', '吕伯当', '若当', '停停当当', '停停当当', '赏罚不当', '老廖当', '东当', '约尔当', '门户相当', '主管当局', '措辞不当', '勒莫尔当', '登基当', '朗当', '小可当', '热不可当', '思当', '宗当', '克林顿当', '小白当', '身当其冲', '身当其冲', '小恩当', '南京当', '让武当', '广源当铺', '一身做事一身当', '楚凡当', '贝尔当', '林华当', '白当', '葛当', '曹当', '于当年', '于当年', '金当', '比赛当', '派当', '方腊当', '方腊当', '情真罪当', '宁当', '青林当', '利民当铺', '老祖当', '汉威当', '聂亚当', '伊宁当', '刘邦当', '华凡当', '让当', '方当', '万夫难当', '万夫不当', '内廷当', '爱当', '米歇尔阿当', '内当', '哈当', '雷当', '宝利当铺', '文山当', '那武当', '里根当', '李明兴当', '吉当', '朱武当', '朱武当', '麦克阿瑟当', '约当', '小丁当', '阿哥当', '希特勒当', '秋当', '纽约当', '恒大当铺', '翁当年', '京里当', '京里当', '在当期', '小加当', '文当', '海当', '罗斯福当', '尼克松当', '尼克松当', '值不当', '简截了当', '千妥万当', '因当', '丁当丁当', '丁当丁当', '丁当丁当', '丁当丁当', '特别当', '特别当', '鲁特曼当', '简捷了当', '门当', '侯当年', '西魏当', '果当年', '果当年', '丘吉尔当', '隆当', '宫当年', '路当', '东京当', '陶菲当', '李治当', '班当', '江西当', '同仁当铺', '杰特当', '马德当', '修米当', '李当', '辛良当', '海南当', '刘氏当铺', '洪当', '奇热难当', '小薇当', '西安当', '果然当', '江南当', '刘当年', '小朱当', '林青当', '奇奇当', '雅当', '可比当', '惠当年']
它	['它', '其它', '吉它']
回	['回', '收回', '返回', '带回', '来回', '回复', '送回', '退回', '赶回', '轮回', '挽回', '夺回', '回荡', '拿回', '放回', '撤回', '迂回', '上回', '传回', '买回', '取回', '拉回', '召回', '回回', '回回', '回回', '回回', '下回', '调回', '追回', '折回', '六道轮回', '赎回', '发回', '来来回回', '来来回回', '回忆录', '第一回', '扳回', '驳回', '回扣', '无可挽回', '寻回', '巡回', '回光返照', '回升', '第二回', '快去快回', '回馈', '弹回', '回马枪', '有来无回', '索回', '第三回', '跳回', '第五回', '第八回', '第四回', '第七回', '生死轮回', '低回', '第九回', '第十回', '第六回', '回绕', '第十三回', '迂回曲折', '第十一回', '旋回', '第十六回', '百转千回', '第十二回', '第十四回', '归回', '第十五回', '萦回', '第二十回', '第十八回', '第十七回', '第十九回', '第二十三回', '第二十二回', '第二十八回', '回游', '第二十四回', '第二十一回', '第二十五回', '第二十七回', '第二十六回', '直回', '哪回', '第三十回', '第二十九回', '第三十一回', '百折不回', '第三十二回', '第三十六回', '第三十三回', '第三十四回', '第四十回', '第三十五回', '第三十八回', '第四十一回', '第三十九回', '第三十七回', '第四十二回', '第四十六回', '第四十八回', '吃回扣', '岛回', '第四十三回', '第四十五回', '第四十四回', '第四十七回', '第四十九回', '第五十回', '第五十三回', '第五十一回', '第五十二回', '第六十三回', '第五十五回', '第五十四回', '第五十六回', '第五十八回', '第五十七回', '第八十回', '第六十回', '第六十二回', '第五十九回', '第七十回', '第六十九回', '第七十五回', '第六十一回', '第六十七回', '第七十四回', '第六十四回', '片甲不回', '第七十三回', '第七十六回', '第七十二回', '杀回马枪', '第七十一回', '第六十五回', '第七十九回', '第六十六回', '第七十八回', '第七十七回', '第六十八回', '第九十九回', '回收期', '回采', '第八十一回', '第八十三回', '第九十三回', '回历', '第八十八回', '第九十七回', '第八十二回', '第八十九回', '第九十回', '第九十二回', '第八十六回', '第九十六回', '第九十八回', '隆回', '第九十四回', '第八十七回', '千回百折', '山路迂回', '第八十四回', '第九十五回', '第九十一回', '角回', '第八十五回', '第一百回', '大地春回', '兑回', '四季轮回', '颜回冬', '颜回冬', '回归年', '铩羽而回', '如入宝山空手回', '回旋曲', '轮回法', '轮回法', '腊尽春回', '第一百二十回', '百折千回', '第一百零二回', '六道轮回法', '六道轮回法', '第一百一十回', '第一百一十七回', '第一百一十三回', '第一百零一回', '第一百一十五回', '第一百零六回', '第一百零三回', '第一百零八回', '第一百一十六回', '第一百一十九回', '第一百零七回', '第18回', '第18回', '第一百零五回', '第一百十回', '收回法', '收回法', '第一百零九回', '第一百零四回', '第一百四十四回', '第一百三十八回', '第一百一十八回', '第一百一十一回', '第一二回', '舌回', '第一百二十四回', '第一百七回', '第一○回', '第12回', '第12回', '第一百二十一回', '第一百四十回', '第一百二十八回', '凤翥鸾回', '第一百二十三回', '第一百一十二回', '第一百二十五回', '第一百四十五回', '第一百三十二回', '第一百一十四回', '第21回', '第21回', '第一○四回', '第一百四十二回', '第一百四十九回', '第15回', '第15回', '第14回', '第14回', '第一百三十回', '第13回', '第13回', '第一百三十九回', '第34回', '第34回', '第一百三十一回', '第一百四十八回', '第一百三十四回', '第10回', '第10回', '第一百三十六回', '第一百三十七回', '第一百四十三回', '第一○三回', '第19回', '第19回', '第一百三十三回', '第一○九回', '第一百四十七回', '第51回', '第51回', '第一百八十四回', '第20回', '第20回', '第一百六回', '第一百八十回', '第一百二十九回', '第一百二十六回', '第一百二十七回', '第一百六十回', '第一三回', '第一百五回', '第一百五十回', '第一百六十四回', '第一○六回', '第一○二回', '第一百八十五回', '第一百六十二回', '第一百七十七回', '第一百五十五回', '第一百五十三回', '第一百二十二回', '第一百七十五回', '第一○一回', '第23回', '第23回', '第一百七十九回', '第一百七十四回', '第一百四十六回', '第一百五十一回', '第一百三十五回', '第一百五十八回', '第26回', '第26回', '第44回', '第44回', '第一○五回', '第一百七十六回', '第一○七回', '第28回', '第28回', '第一百五十七回', '第一百六十三回']
于	['于', '对于', '终于', '由于', '至于', '属于', '关于', '处于', '等于', '在于', '出于', '过于', '不至于', '位于', '善于', '急于', '相当于', '单于', '用于', '以至于', '死于', '敢于', '于你', '于你', '甚至于', '基于', '高于', '限于', '便于', '有利于', '归于', '同归于尽', '鉴于', '立于', '类似于', '就在于', '低于', '忠于', '大于', '忙于', '取决于', '不亚于', '莫过于', '陷于', '有助于', '难于', '仅次于', '不利于', '居于', '乐于', '苦于', '少于', '小于', '源于', '不下于', '见于', '免于', '多于', '利于', '胜于', '致力于', '精于', '适用于', '长于', '鲜于', '趋于', '隶属于', '富于', '勇于', '有关于', '溢于言表', '热衷于', '近于', '适于', '始于', '介于', '适合于', '得益于', '惯于', '远胜于', '乃至于', '及于', '重于', '借助于', '何至于', '老于', '优于', '强于', '次于', '合于', '安于', '求助于', '起源于', '疏于', '定于', '有益于', '甘于', '王于', '流于', '于皓', '于皓', '易于', '列于', '宜于', '缘于', '产生于', '依赖于', '有赖于', '立足于', '归罪于', '穷于', '陈于', '归因于', '于周', '于周', '有感于', '偏于', '耽于', '好于', '徐于', '聚于', '姓于', '跻身于', '取信于', '囿于', '濒于', '不甘于', '吝于', '无助于', '战于', '臻于', '疏于防范', '津于', '有害于', '强加于', '拟于', '拟于', '着重于', '于瑞年', '流行于', '遍于', '于皋', '本于', '昧于', '有悖于', '不满于', '泽于', '工于', '懒于', '略高于', '嫁祸于', '寓于', '鲜于冲', '鲜于冲', '更易于', '赠于', '那于', '于飞云', '于飞云', '取悦于', '于成志', '于成志', '惮于', '曾于', '热中于', '樊于', '于北蓓', '不擅于', '德于', '不拘于', '于笑欢', '于笑欢', '于婕', '略低于', '常见于', '于一帆', '于一帆', '可于', '于谷', '藏于', '不隶属于', '于皇后', '于皇后', '西于', '许多关于', '果于', '果于', '让于', '宫于', '别于', '趋于一致', '趋于一致', '商于', '留于', '司于', '于承志', '惠于', '于秀花', '于栗', '本关于', '伏于', '于欢', '劳于', '侯于', '荣于', '达于', '加于', '肯于', '不齿于', '乞灵于', '桑于', '于斌', '于岳', '于冬', '因于', '于志', '于淑云', '蒋于', '封于', '取给于', '张于', '于宝发', '于朴', '于余', '于别', '奕于', '齐聚于', '斤斤于', '里关于', '里关于', '毛泽东关于', '隆于', '格于', '很有利于', '业精于勤', '便利于', '于千里', '于千里', '卫于', '于成皋', '于丰', '宋于', '曹于', '赫于', '魏于', '凌于', '范于', '通于', '较有利于', '温于', '拜于', '于法', '托于', '孙于', '于广', '至于法', '至于法', '施于', '唐于', '亚于', '恩于', '崇于', '于自望', '于自望', '奚于', '于当', '于当', '林于', '于何年', '于何年', '纪于', '郁于', '极有利于', '于果', '于果', '寇于', '何于', '意于', '茅于', '聚焦于', '洪于', '于弥', '于弥', '习于', '阿于', '于柏年', '屈于', '于征', '于成皓', '于成皓', '道于', '于鸿蒙', '于鸿蒙', '于文斗', '于文斗', '杨于', '于钟', '沈于', '于郁', '恰于', '宿于', '大于法', '大于法', '扎根于', '于尔朱', '毛泽东于', '赖于', '容于', '布于', '秦于', '于布', '纳于', '汉于', '祖宗于', '李于', '卜于', '庄于', '臧于', '连于', '储于', '尉于', '白于', '依于', '于明年', '于明年', '于皇太后', '于皇太后', '多关于', '刘于', '席于', '于云', '魏于云', '魏于云', '薄于', '马于', '丘于', '爱于', '邸于', '明于', '尹于', '于当年', '于当年', '虞于', '吴于', '比于', '禹于', '诸于', '于守志', '缪于', '韩于', '朴于', '党于', '仲于', '于苏', '于苏', '官于', '闻于', '那关于', '赵于', '于代表', '于代表', '厉于', '谭于', '然于', '罗于', '诉之于法', '莫于', '屈居于', '卓于', '姬于', '归于一致', '归于一致', '于洪谷', '于洪谷', '宗于', '小妮于', '苟于', '于王后', '于王后', '位于法', '位于法', '略逊于', '袁于', '冀于', '于蒙', '于蒙', '于叶', '覃于', '翟于', '希特勒于', '谢谢于', '扬于', '贾于', '露于', '派于', '游于', '丰于', '余于', '舍于', '檀于', '鞠于', '于万年', '于万年', '福柯关于', '陆于', '根于', '兴于', '智于', '薛于', '慕于', '扎于', '于葵', '仇于', '于崧', '于崧', '列宁关于', '栗于', '严于', '古代关于', '艾于', '于英法', '常于', '于上云', '于上云', '戈于', '华于', '优先于', '贝于', '思考关于', '思考关于', '陶于', '李康于', '盛于', '扬威于', '津津乐道于', '律于', '杜德于', '宣于', '狄于', '伯于', '于向', '于向', '于同年', '于同年', '释于', '恽于', '爱因斯坦关于', '渠于', '伏拜于', '方于', '于万才', '于万才', '属于法', '属于法', '昌宗于', '冯于', '在于期', '在于期', '于复', '朱于', '岳于', '文于', '小可于', '于万历', '于万历', '闵于', '浦于', '付于', '于希腊', '于希腊', '南于', '如临于谷', '如临于谷', '殷于', '崔于', '堂于', '王至于', '依托于', '依托于', '于胡', '于胡', '平行于']
面	['面', '里面', '后面', '外面', '上面', '前面', '方面', '一面', '下面', '地面', '对面', '见面', '表面', '场面', '局面', '正面', '一方面', '出面', '全面', '画面', '水面', '蒙面', '另一方面', '海面', '迎面', '四面', '满面', '当面', '北面', '侧面', '桌面', '露面', '脸面', '南面', '两面', '面向', '东面', '会面', '西面', '照面', '面对面', '面对面', '颜面', '扑面', '冷面', '仰面', '湖面', '体面', '泪流满面', '位面', '负面', '层面', '左面', '路面', '封面', '右面', '情面', '门面', '背面', '市面', '河面', '台面', '白面', '铁面', '店面', '碰面', '反面', '平面', '书面', '笑容满面', '明面', '单方面', '黑面', '多方面', '见过世面', '方便面', '世面', '镜面', '冰面', '独当一面', '界面', '方方面面', '方方面面', '直面', '网开一面', '劈面', '片面', '对立面', '头面', '抛头露面', '红光满面', '面面', '面面', '面面', '面面', '拂面', '屋面', '页面', '威风八面', '版面', '蓬头垢面', '泡面', '斜对面', '铺面', '生面', '假面', '主面', '改头换面', '海平面', '双面', '脚面', '吃面', '麻面', '见见面', '账面', '桥面', '手面', '面团', '面板', '四方八面', '字面', '有关方面', '牌面', '别开生面', '被面', '内面', '拉面', '牛头马面', '怒容满面', '素未谋面', '纸面', '洗心革面', '油头粉面', '素面', '席面', '米面', '相面', '牛肉面', '斜面', '洋面', '楼面', '以泪洗面', '炒面', '晤面', '春风满面', '洗面', '讲情面', '见见世面', '闻名不如见面', '出头露面', '鞋面', '汤面', '知识面', '阴暗面', '一面面', '一面面', '新局面', '挂面', '截面', '切面', '不看僧面看佛面', '不看僧面看佛面', '票面', '断面', '皮面', '球面', '控制面板', '覆盖面', '阳春面', '等等方面', '贴面', '汗流满面', '光面', '撑场面', '寿面', '玉米面', '底面', '单面', '见世面', '发面', '阳面', '面糊', '水平面', '立面', '第一方面', '撑门面', '干面', '曲面', '布面', '人面桃花', '涉及面', '打照面', '谜面', '崖面', '擀面', '泪痕满面', '磨面', '护面', '庐山真面', '缘悭一面', '装门面', '装点门面', '接触面', '接着面', '刀削面', '阴面', '识面', '工作面', '叶面', '凉面', '硬面', '蓬首垢面', '流面', '第二面', '地平面', '鬼面', '死面', '锋面', '棒子面', '修面', '杂面', '剖面', '药面', '浮面', '横截面', '正反面', '面团团', '全面开花', '全面开花', '卷面', '细面', '露露面', '波面', '以点带面', '宽面', '额面', '创面', '掌子面', '绸面', '削面', '横面', '撑撑场面', '凹面', '幅面', '杯面', '唾面自干', '液面', '速食面', '圆桌面', '担担面', '横断面', '割面', '三面红旗', '第三面', '极面', '精面', '釉面', '根面', '等位面', '壮门面', '抛物面', '热汤面', '腹面', '舌面', '羞惭满面', '端面', '凸面', '墨面', '快餐面', '抹面', '陈面', '有失颜面', '小米面', '柱面', '灰头土面', '各如其面', '千人一面', '装饰门面', '龙须面', '烫面', '病容满面', '撑撑门面', '茶面', '政策面', '娇嗔满面', '打对面', '唾面', '料面', '人有面', '抻面', '盆面', '鸠形鹄面', '人机界面', '节面', '小平面', '微面', '面阵法', '面阵法', '横切面', '组织面', '混合面', '撒胡椒面', '由点到面', '背风面', '清风扑面', '玲珑八面', '三对六面', '关节面', '饰面', '油头滑面', '颊面', '革心洗面', '肠面', '相相面', '币面', '横剖面', '囚首垢面', '锥面', '装潢门面', '冷心冷面', '生力面', '薯面', '桃花人面', '波阵面', '反射面', '以点代面', '空心面', '位置面', '照照面', '照照面', '煤面', '出出面', '下一方面', '乱首垢面', '纵剖面', '外侧面', '两面法', '两面法', '平面法', '平面法', '焦面', '暴露面', '以眼泪洗面', '矢面', '楚歌四面', '垂直面', '囚首丧面', '华丰面粉厂', '华丰面粉厂', '就汤下面', '银道面', '倾斜面', '杂和面', '滩面', '鼻面', '臀面', '油茶面', '跑面', '眶面']
别	['别', '特别', '分别', '区别', '级别', '差别', '告别', '可别', '个别', '道别', '性别', '离别', '辨别', '识别', '别离', '别致', '辞别', '天壤之别', '临别', '派别', '送别', '作别', '不辞而别', '生离死别', '鉴别', '别后', '别后', '话别', '类别', '拜别', '永别', '别无他法', '诀别', '阔别', '江别', '甄别', '久别', '别克', '天差地别', '别开生面', '男女有别', '判别', '惜别', '依依惜别', '天渊之别', '比别', '千差万别', '种别', '云泥之别', '别无二致', '饯别', '长别', '挥别', '马别', '让别', '叙别', '握别', '终须一别', '终须一别', '洒泪而别', '刘别', '天地之别', '乌兹别克', '语音识别', '留别', '别于', '内外有别', '揖别', '里别', '李别', '洪别', '终有一别', '赠别', '别当', '死别生离', '模式识别', '巴别', '许多别', '于别', '特别法', '铁别', '吕别', '霄壤之别', '别别', '别别', '老可别', '识别证', '那别', '老别克', '职别', '安别', '里特别', '里特别', '别罗里', '别罗里', '乌孜别克', '毛泽东特别', '工资级别', '那里别', '那里别', '别无法', '别无法', '哈里别', '哈里别', '小哥别', '迥别', '幽雅别致', '特别特别', '特别特别', '特别特别', '特别特别', '根本别', '那特别', '小派别', '穆别', '杜尚别', '卓别', '暌别', '杜别', '朱别', '门别', '万别', '哥别', '没有别法', '别别别', '别别别', '别别别', '小别克', '撒察别', '若别', '特别当', '特别当', '库别', '别舍', '乌鲁里别', '谢别', '小加别', '别胡', '阿克托别', '阿克托别', '小白别']
并	['并', '一并', '合并', '吞并', '兼并', '火并', '并发', '归并', '并发症', '购并', '裁并', '撤并', '杜重威并', '聚并']
望	['望', '希望', '失望', '地望', '绝望', '欲望', '渴望', '愿望', '指望', '期望', '张望', '望了望', '望了望', '声望', '观望', '威望', '看望', '盼望', '仰望', '望望', '望望', '探望', '凝望', '眺望', '有希望', '无望', '在望', '奢望', '遥望', '大喜过望', '名望', '人望', '东张西望', '有望', '可望', '四处张望', '远望', '四望', '大失所望', '一线希望', '厚望', '守望', '拜望', '寄望', '展望', '汤若望', '宗望', '巴望', '深望', '宫望', '赵望', '吕望', '不负众望', '众望', '企望', '颜宗望', '朔望', '重望', '尚望', '过望', '想望', '万望', '窥望', '热望', '祈望', '瞭望', '瞻望', '望乡台', '邢望', '务望', '相望', '程子望', '丁宗望', '隔海相望', '阿望', '轩辕望', '怅望', '卢钦望', '司马望', '鹿望朴', '东园望', '司徒望', '切望', '寄以厚望', '极目四望', '承望', '梅若望', '奚望', '隔河相望', '储中望', '方望', '刘望', '李长望', '希望集团', '希望集团', '刘崇望', '孙有望', '韦帅望', '翘望', '周望年', '周望年', '求知欲望', '吕明望', '深孚众望', '汤祖望', '罗开望', '袁望', '陶天望', '德高望', '王望', '纵目四望', '看望看望', '看望看望', '看望看望', '看望看望', '马人望', '卢北望', '李师望', '东望', '帅望', '蒲公望', '既望', '冠盖相望', '徘徊观望', '徘徊观望', '季望', '祁北望', '探望探望', '探望探望', '探望探望', '探望探望', '韩望', '宿望', '瞭望台', '吕公望', '崔望', '伏望', '林逍望', '陈望', '倚门而望', '东堂望', '余望', '黎望', '周廷望', '卫天望', '景公望', '阳王望', '宋仪望', '于自望', '于自望', '卢云望', '郭靖望', '郑公望', '沈望', '钟望', '华六望', '何望', '高望', '林中望', '刘鼎望', '杨继望', '李庭望', '黄公望', '德望', '吕宗望', '申信望', '周公望', '周公望', '乔师望', '楚望', '有负众望', '文若望', '观望观望', '观望观望', '观望观望', '观望观望', '姜望', '周靖望', '杜风望', '鹤望', '何所望', '李天望', '拜望拜望', '拜望拜望', '拜望拜望', '拜望拜望', '陈楚望', '容公望', '骆望', '许溪望', '楚望台', '江北望', '海望', '姚望岳', '姚望岳', '史公望', '姚君望', '刘益望', '罗厚望', '顾望', '想望风采', '何敢望', '项背相望', '俞望岳', '俞望岳', '魏人望', '秦王望', '王峰望', '延望', '萧隆望', '引领而望', '谷望', '迁延观望', '诸军望', '童贯望', '叶望', '卓玉望', '屠望', '康望云', '康望云', '张西望', '高锡望', '叶天望', '全知望', '希望法', '希望法', '艾泊望', '楼望', '平望', '康东望', '崇望', '公孙望', '宋宗望', '冀望', '王若望', '萧峰望', '汪进望', '韩若望', '谭尽望', '王又望', '上官望', '张泰丰望', '史慈望', '仲玉望', '赵孚望', '唐三望', '申叔望', '苏名望', '苏名望', '向门里望', '向门里望', '周秉望', '李清望', '尤望', '张辽望', '庞统望', '罗成望', '万众仰望', '韩遂望', '王人望', '刘虞望', '申公望', '赵岩望', '高硕望', '林友望', '华五望', '张弟望', '冷望']
花	['花', '花了', '花了', '桃花', '莲花', '小花', '鲜花', '梅花', '雪花', '火花', '百花', '天花板', '兰花', '棉花', '菊花', '开花', '烟花', '红花', '飞花', '水花', '荷花', '樱花', '铁花', '浪花', '眼花', '桂花', '梨花', '泪花', '血花', '绣花', '白花花', '白花花', '青花', '春花', '野花', '白花', '黄花', '雕花', '天花', '杏花', '脱不花', '校花', '落花', '葵花', '花坛', '探花', '花旗', '银花', '头晕眼花', '赏花', '锦上添花', '马春花', '无花', '麻花', '昙花', '头昏眼花', '金盏花', '花枪', '茶花', '芦花', '繁花', '碎花', '礼花', '百合花', '一枝花', '种花', '花雕', '秦莲花', '发花', '冰花', '花布', '花花太岁', '花花太岁', '爆米花', '天女散花', '老眼昏花', '赫青花', '颜云花', '昏花', '香花', '雨花台', '插花', '借花献佛', '珠花', '紫花', '开花结果', '走马观花', '出花', '张秀花', '印花', '菜花', '葱花', '苗银花', '灯花', '杜鹃花', '马金花', '豆花', '耿菊花', '金莲花', '喇叭花', '闭月羞花', '盆花', '献花', '水性杨花', '蝶恋花', '杨花', '起花', '花拳绣腿', '心花', '电火花', '达鲁花', '李春花', '交际花', '唐赛花', '杨花花', '杨花花', '水仙花', '松花', '李金花', '槐花', '电花', '杨金花', '巫秀花', '遍地开花', '蒙赛花', '花台', '金银花', '雾里看花', '海棠花', '牵牛花', '方如花', '摘花', '妙笔生花', '蓝艳花', '火树银花', '无花果', '花期', '簪花', '宫琼花', '丝花', '范桃花', '范桃花', '耍花枪', '李青花', '杨翠花', '草花', '头花', '胡若花', '厉若花', '零花', '山茶花', '挑花', '绒花', '方百花', '夏花', '宗湘花', '绢花', '白菊花', '窗花', '秦梦花', '彩花', '人面桃花', '木花', '彭芝花', '藏红花', '张翠花', '霜花', '花卷', '玉兰花', '禹藏花', '月季花', '花当', '带花', '楼花', '金艾花', '带雨梨花', '花剑法', '花剑法', '梁金花', '迎春花', '徐若花', '段金花', '油花', '莳花', '野菊花', '马丽花', '立花', '国花', '季月花', '白兰花', '耿秋花', '苗金花', '腰花', '铁树开花', '刨花', '满脸花', '酒花', '那花', '孔金花', '王阿花', '攀枝花', '凤仙花', '刻花', '胸花', '烛花', '边花', '鞭花', '沈桂花', '沈桂花', '何彩花', '宫莲花', '提花', '挂花', '吴漫花', '朴不花', '走马看花', '富贵花', '铁莲花', '明日黄花', '扬花', '柳如花', '蚕花', '杨风花', '全面开花', '全面开花', '修罗花', '陶春花', '海兰花', '水性扬花', '流水落花', '蝴蝶花', '苦菜花', '申花', '石兰花', '于秀花', '报春花', '何莲花', '萧莲花', '织花', '韩花花', '韩花花', '周柳花', '鸡冠花', '乌赛花', '王芸花', '石琼花', '熊解花', '钟玉花', '钟玉花', '满天花', '蓝莲花', '钢花', '白玉花', '钟荷花', '钟荷花', '玉米花', '仙女散花', '帽花', '万花谷', '瑶草琪花', '马玉花', '种种花', '拉花', '水月镜花', '花托', '林赛花', '谈丽花', '王仙花', '初花', '余金花', '余金花', '叶飞花', '叶飞花', '张如花', '诸位花', '柳金花', '叶海花', '居春花', '田兰花', '王金花', '虞翠花', '解语花', '李莲花', '龙女花', '王翠花', '达不花', '花药', '符琼花', '黄珍花', '李桂花', '败柳残花', '马翠花', '柳媚花', '冬花', '苟菊花', '披红戴花', '何赛花', '林桂花', '田桂花', '番红花', '市花', '胡素花', '尾花', '耳聋眼花', '呼赛花', '张菊花', '花纱布', '柳兰花', '古不花', '弹花', '梦笔生花', '王凤花', '沈杏花', '沈杏花', '荷花淀', '玉树琼花', '早花', '指甲花', '毕鲁花', '犁花', '啤酒花', '路柳墙花', '洛阳花', '金菊花', '董桂花', '陈美花', '姜好花', '爆花', '张海花', '闻金花', '罗不花', '肖桃花', '花谷', '唐翠花', '韭菜花', '切花', '胡翠花', '蓼花', '颜不花', '李翠花', '许翠花', '万丽花', '滚花', '欧美花', '张梅花', '肖翠花', '章乐花', '苗翠花', '满园花', '代新花', '白梅花', '温不花', '严正花', '供花', '林若花', '杜五花', '吕秀花', '鱼花', '金梅花', '朱翠花', '薛金花', '张春花', '杨桂花', '张桃花', '白荻花', '邱莉花', '丁香花', '焦银花', '马缨花', '野草闲花', '陈果花', '陈果花', '雌花', '唐丽花', '邢莫花', '疏花', '莲花法', '莲花法', '花粉症', '蒋金花', '笔下生花', '习莲花', '毕青花', '韦翠花', '祝玉花', '姜红花', '姜红花', '雄花', '素馨花', '黑岩花', '陆大花', '残花败叶', '残花败叶', '沈翠花', '花铲', '鲁不花', '芫花', '纪舒花', '花明柳暗', '绣绣花', '秋月春花', '王月花', '向阳花', '题花', '心花怒发', '章莉花', '陈月花', '雪月风花', '吴花花', '吴花花', '缪桂花', '艾金花', '牛兰花', '王春花', '花厂', '尹菊花', '金蓉花', '闵桂花', '金兰花', '郑翠花', '桃花人面', '潘赛花', '牛花花', '牛花花', '开花期', '吴琼花', '叶上花', '黑莲花', '油脂麻花', '韭花', '简桃花', '容浣花', '易紫花', '杨春花', '周淑花', '宿柳眠花', '月光花', '郭翠花', '跑马观花', '兰花花', '兰花花', '王五花', '阴语花', '贺玉花', '阮金花', '尹三花', '吕菊花', '马来花', '胭脂花', '宋菊花', '肝花', '喷花', '完全花', '许鲁花', '卢春花', '李荷花', '潘菊花', '散花剑法', '散花剑法', '江红花', '焊花', '丽花集团', '丽花集团', '刘春花', '毛金花', '俞金花', '李传花', '叶恭花', '似玉如花', '罗之花', '江峰花', '潘惜花', '高花花', '高花花', '倪如花', '颜琼花', '莲花味精厂', '莲花味精厂', '乌兰花', '金载花', '杜丽花']
法	['无法', '法', '办法', '想法', '方法', '魔法', '说法', '手法', '看法', '做法', '没法', '设法', '护法', '刀法', '大法', '兵法', '合法', '打法', '枪法', '执法', '非法', '拳法', '步法', '宪法', '变法', '书法', '佛法', '军法', '司法', '道法', '想方设法', '战法', '犯法', '违法', '史可法', '用法', '立法', '英法', '施法', '斗法', '章法', '政法', '依法', '王法', '律法', '法制', '不法', '国法', '效法', '刑法', '新法', '妙法', '礼法', '算法', '路西法', '阿尔法', '疗法', '指法', '正法', '着法', '历法', '激将法', '障眼法', '玩法', '笔法', '变戏法', '如法炮制', '技法', '别无他法', '得法', '龙象法', '法兰克', '招法', '写法', '语法', '约法', '教法', '守法', '辩证法', '戏法', '秘法', '贪赃枉法', '就地正法', '提法', '好剑法', '税法', '枉法', '解法', '法坛', '法坛', '罗曼法', '人身法', '绳之以法', '讲法', '文法', '师法', '民法', '国际法', '乘法', '宗法', '空间法', '脚法', '青苗法', '下法', '修炼法', '呼吸法', '奉公守法', '针法', '对阵法', '减法', '古法', '现身说法', '基本法', '画法', '什么剑法', '取法', '玛法', '隐身法', '土法', '公检法', '遵纪守法', '良法', '乌尔法', '上乘剑法', '什么功法', '魔杖法', '搞法', '女剑法', '罗马法', '严刑峻法', '普法', '婚姻法', '公法', '力法', '知法犯法', '知法犯法', '密法', '免役法', '加法', '轩辕法', '美法', '普通法', '雷法', '读法', '戊戌变法', '一切法', '罗步法', '分析法', '横行不法', '王子犯法', '转轮法', '常法', '公司法', '商法', '罗法', '法里', '死印法', '变身法', '以身试法', '保护法', '作法自毙', '商鞅变法', '穆斯塔法', '防御法', '防御法', '德法', '选举法', '组织法', '西天法', '自然法', '句法', '经济法', '蓝日法', '习惯法', '目无王法', '黄法', '许茂法', '那法', '红日法', '管理法', '玄法', '花剑法', '花剑法', '大宝法', '继承法', '点穴法', '梁伟法', '拼法', '攻击法', '万法', '本法', '劳动法', '上乘心法', '输入法', '怎么走法', '宁法', '就是法', '本阿尔法', '修法', '出阵法', '老方法', '服法', '没有法', '土地法', '弄法', '春秋笔法', '唯物辩证法', '天功法', '神功法', '二分法', '传送法', '票据法', '练功法', '擒拿法', '成文法', '专利法', '治疗法', '立法局', '分类法', '教学法', '那个法', '托拉斯法', '分身法', '合同法', '法克', '在掌法', '归纳法', '艺术手法', '训练法', '日心法', '塞法', '张如法', '排除法', '行道法', '伏法', '诸法', '真功法', '生法', '特殊功法', '银行法', '大陆法', '隐形法', '龙身法', '加减法', '赵弘法', '修罗法', '什么掌法', '清剑法', '保甲法', '暗中行法', '蒂法', '依加法', '毒手法', '竺法', '逍遥心法', '对剑法', '雅法', '金身法', '地心法', '那些法', '破产法', '大明律法', '以此法', '法鲁克', '除法', '高级功法', '记忆法', '连坐法', '魔掌法', '教育法', '白河法', '好掌法', '依法炮制', '明法', '行政法', '兵役法', '基本剑法', '基本功法', '搬运法', '计算法', '讲经说法', '周法', '上阵法', '不懂法', '这样走法', '自在心法', '证券法', '根本法', '卡西法', '李法', '新盐法', '修行法', '防护法', '以为法', '永法', '司马法', '怎么死法', '林尚法', '默念法', '定价法', '定价法', '怎样走法', '公田法', '贾法里', '上海法', '私法', '孙守法', '拉法', '阴阳法', '不是法', '反垄断法', '控制法', '合作法', '契约法', '演绎法', '折衷办法', '重心法', '关海法', '任何功法', '均输法', '起身法', '秦法', '到了法', '到了法', '保密法', '法蒂玛', '农田水利法', '妮诺法', '有功法', '工作法', '圣人法', '宋律法', '沙门法', '禁制法', '禁制法', '最高心法', '纵身法', '大唐律法', '精妙剑法', '逍遥剑法', '比较法', '不足为法', '不成文法', '撒利克法', '什么心法', '刑事诉讼法', '掌门法', '解手法', '世间法', '绝灭法', '西法', '济贫法', '知道法', '大秦律法', '有家法', '工厂法', '工厂法', '慕容法', '不奉法', '经济合同法', '冯圣法', '将禁法', '法身法', '法身法', '法身法', '法身法', '之一法', '安巴法', '施展法', '学习法', '法尔松', '沈法', '这样作法', '关系法', '大挪移法', '交易法', '奇功法', '安全法', '举起法', '留法', '修正法', '观察法', '闪身法', '树身法', '斗阵法', '斗阵法', '谷物法', '慕法', '印法', '高心法', '刘法', '教主法', '丹法', '真心法', '所有法', '可法', '巫法', '自有法', '这样死法', '铁罗法', '企业法', '环境保护法', '合掌法', '现在法', '思维法', '党法', '炼钢法', '精神分析法', '助阵法', '样地法', '天心法', '还有法', '真剑法', '情理法', '神奇剑法', '地道法', '如来法', '国家法', '公剑法', '布阵法', '布阵法', '突破法', '怎么比法', '薛西法', '投资法', '动身法', '八卦阵法', '清道法', '虚剑法', '王之法', '神秘功法', '万世法', '下身法', '法拉克', '法拉克', '甄法', '特别法', '纪年法', '纪年法', '只见法', '催眠法', '移民法', '催动法', '不同法', '对比法', '操法', '菱形法', '塔法', '修仙法', '看到法', '宅地法', '妙剑法', '黑色法', '怎么赌法', '思维方法', '谢尔曼法', '吴法', '都是法', '修道法', '对功法', '透视法', '透视法', '试剑法', '力心法', '新功法', '高举法', '周人法', '一贯手法', '骷髅法', '骷髅法', '瑞斯法', '金刚法', '在了法', '在了法', '有道法', '劳工法', '这样好法', '大掌法', '没有功法', '三段论法', '记账法', '执法犯法', '执法犯法', '测量法', '分配法', '唐生法', '利用法', '幽幽心法', '也是法', '出身法', '炼制法', '炼制法', '辨证法', '还是法', '休息法', '忙即行法', '金光法', '硬笔书法', '佛门法', '在作法', '符法', '测定法', '解决法', '处理法', '土方法', '政治法', '测试法', '气功法', '也有法', '内功法', '摩法', '保马法', '汤玛法', '规划法', '射击法', '满日法', '布置法', '比喻法', '守护法', '清心法', '赔偿法', '计数法', '出版法', '怎样死法', '通过法', '这样问法', '破解法', '不足法', '也如法', '让英法', '招手法', '上乘掌法', '什么家法', '法蒙', '纵横法', '无上剑法', '能量法', '大功法', '阅读法', '皇玛法', '通心法', '研究法', '战刀法', '祖可法', '华法', '正是法', '盖世法', '大擒拿法', '拼刺法', '于法', '无上功法', '正在行法', '其他法', '女心法', '让法', '重复法', '教会法', '奇异功法', '至于法', '至于法', '进入法', '通天法', '高承法', '无我剑法', '王国法', '慕兰法', '五权宪法', '成就法', '复兴法', '星宿法', '萨迦法', '保障法', '运转法', '道家法', '大缘法', '易人法', '克莱顿法', '国内法', '商标法', '重功法', '检查法', '一般剑法', '速成法', '为此法', '普通剑法', '玩儿法', '费庭法', '格利法', '阻止法', '交通法', '按摩法', '一身法', '方丈法', '海法', '海洋法', '自己法', '真人法', '空掌法', '立法法', '立法法', '表示法', '长剑法', '思考法', '思考法', '暗示法', '郭宗法', '词法', '锻炼法', '锻炼法', '嫡传心法', '宫剑法', '商业法', '方田法', '阳剑法', '减肥法', '均田法', '祖师法', '战争法', '运行法', '轻身法', '宫之法', '用心法', '航海法', '节能法', '变化法', '面对法', '风暴法', '无性繁殖法', '罗剑法', '天地法', '加速法', '诉讼法', '经营法', '冥想法', '归法', '高级心法', '玄心法', '普通功法', '监控法', '转移法', '判例法', '怎样比法', '这样吃法', '对位法', '路法', '自慰法', '甚么剑法', '门功法', '又行法', '统制法', '统制法', '李子法', '张法', '放松法', '放松法', '长老法', '不坏法', '版权法', '构筑法', '构筑法', '行家法', '成为法', '和尚法', '掌门人法', '召唤法', '杀人法', '出世法', '派法', '平衡法', '点阵法', '在中法', '白色法', '收起法', '凌厉剑法', '无双剑法', '好功法', '上乘功法', '定位法', '炼丹法', '这时法', '面阵法', '面阵法', '清议法', '弟子法', '计划法', '计划法', '询问法', '安排法', '红色法', '击败法', '奥法', '罗汉法', '授权法', '内心法', '种种法', '无声剑法', '落日法', '实验法', '开启法', '怎样赌法', '进攻法', '达赖法', '紧急状态法', '徇情枉法', '细封法', '财产法', '威严心法', '传道法', '地雷法', '保险法', '人妖法', '推算法', '程序法', '遮眼法', '末日法', '折腾法', '所有剑法', '可有法', '牛刀法', '乘舆法', '租借法', '化身法', '搜索法', '满纪法', '叠加法', '维持法', '警察法', '戒严法', '反证法', '入门法', '旧历法', '破剑法', '民事诉讼法', '称呼法', '称呼法', '方阵法', '演算法', '具体作法', '移花接木法', '任何剑法', '军事法', '静剑法', '刺激法', '警戒法', '这样喝法', '坎普法', '工会法', '也没有法', '这样赌法', '激励法', '属性法', '易法', '土地改革法', '就在法', '劳资关系法', '劳资关系法', '绝妙剑法', '制造法', '表达法', '调查法', '过道法', '特克诺法', '特克诺法', '高深剑法', '急救法', '但掌法', '妙手法', '那史可法', '大剑法', '中邪法', '金色法', '什么死法', '逃命法', '精神治疗法', '大于法', '大于法', '风雷法', '完了法', '完了法', '怎么分法', '混沌法', '混沌法', '蒸馏法', '对道法', '这般走法', '嫡传剑法', '接近法', '夜大法', '操作法', '距离法', '距离法', '后世法', '烈焰法', '跨界法', '制作法', '听说法', '听说法', '念诵法', '还原法', '义务教育法', '成本法', '降下法', '平均法', '比试法', '使出法', '诘问法', '大清律法', '看见法', '统计法', '作为法', '入魔法', '别无法', '别无法', '怎么去法', '防止法', '尤拉法', '薛法', '正攻法', '舞文弄法', '认为法', '即行法', '喝酒法', '差役法', '哈拉法', '挥动法', '战阵法', '空空剑法', '表现法', '雕刻法', '独特功法', '命名法', '试验法', '光身法', '道道法', '财政法', '阿尔利法', '慈悲法', '神通法', '建筑法', '建筑法', '就有法', '匠心法', '一贯作法', '师门法', '接过法', '养神法', '作伪法', '调整法', '侵权法', '迫使法', '低级功法', '投影法', '再行法', '避孕法', '飞腾法', '绵绵掌法', '绵绵掌法', '抵挡法', '大经大法', '乘除法', '森林法', '法迪玛', '缩地法', '什么道法', '又如法', '祖法', '放逐法', '星际法', '飞行法', '拆字法', '在行法', '归谬法', '广告法', '预测法', '正家法', '敌方法', '上身法', '英美法', '路西法兵团', '路西法兵团', '中心法', '宇宙法', '左手法', '先出法', '清功法', '发现法', '佛祖法', '国籍法', '步行法', '初级功法', '净化法', '莲花法', '莲花法', '太极法', '疫苗法', '提问法', '门禁法', '阿尔法历', '阿尔法历', '如是法', '调息法', '等死法', '对付法', '海事法', '将掌法', '已经是法', '不好法', '大水法', '融合法', '靠身法', '诡异功法', '主持法', '何功法', '检验法', '对方阵法', '生公说法', '练兵法', '空空掌法', '皆有法', '小擒拿法', '所得税法', '辅助法', '怎么好法', '光剑法', '自治法', '胎教法', '孙兵法', '证明法', '出家法', '在心法', '通道法', '都有法', '选择法', '贸易法', '接引法', '实体法', '无形剑法', '在禁法', '八卦掌法', '销售法', '结成法', '假设法', '专题讨论法', '世界法', '基本腿法', '魔道法', '想想法', '梅列法', '洞察法', '天尊法', '高明剑法', '防治法', '轮回法', '轮回法', '静坐法', '种植法', '解释法', '鞍钢宪法', '僧人法', '怪异剑法', '养生法', '平推法', '晋升法', '晋升法', '掌心法', '沃克尼安法', '禁止法', '未行法', '一经行法', '了断法', '了断法', '航行法', '斗斗法', '斗斗法', '这般剑法', '内省法', '宗人法', '大庆法', '对抗法', '形意拳法', '类比法', '神妙剑法', '时空法', '组成法', '真身法', '折旧法', '无上道法', '天子法', '秘密法', '介绍法', '沈兴法', '法布里', '金法', '铸造法', '得道法', '不知道法', '菩提法', '下道法', '多谢法', '道士法', '神通广大泼法', '著作权法', '太守法', '精神术法', '痴情剑法', '启动法', '很多功法', '监督法', '商人法', '新闻法', '直推法', '奇剑法', '五行法', '无量剑法', '佛家法', '怎么帮法', '译成法', '点心法', '空空身法', '奇异的法', '派道法', '怎么吃法', '排列法', '却是法', '色谱法', '根据法', '实如法', '拍打法', '宫步法', '温法', '变幻法', '强大法', '符咒法', '法布', '划分法', '阿法', '打败法', '得到法', '大红法', '自救法', '来到法', '要求法', '顶级法', '运气法', '高深功法', '扩散法', '这样找法', '洛法克集团', '洛法克集团', '这般死法', '殖民法', '呼拉法', '恩师法', '补偿法', '健身法', '此行法', '王剑法', '综合法', '人缘法', '现身法', '乃是法', '玛蒂法', '等到法', '编制法', '小方法', '大败法', '便是法', '勤修道法', '勤修道法', '权益法', '帮忙法', '变换手法', '何剑法', '比拟法', '比拟法', '便行法', '满通法', '替身法', '许多功法', '立即如法', '叙述法', '右手法', '挪移法', '通行证法', '通行证法', '禁锢法', '精神修炼法', '正当竞争法', '菩萨法', '特殊心法', '敌手法', '高功法', '高超剑法', '足为法', '怎么试法', '基本心法', '没想到法', '六道轮回法', '六道轮回法', '这样叫法', '青龙法', '经弘法', '本心法', '不住法', '已行法', '户籍法', '大道法', '抵抗法', '生命法', '金剑法', '西哥特法', '会心法', '推销法', '驱动法', '以权代法', '上行法', '奇异剑法', '玄妙功法', '身心法', '怎么救法', '马水法', '评估法', '走到法', '看来法', '穆法', '法玛', '怎么过法', '斯法', '道人法', '释法', '不了法', '不了法', '歼灭法', '宇文法', '人工呼吸法', '推理法', '紧急治罪法', '中国法', '一下道法', '无序法', '近似法', '前辈法', '审计法', '离开法', '家庭法', '荷法', '马济斯法', '读书法', '管制法', '洋法', '神权法', '探骊得珠法', '行政诉讼法', '监视法', '监视法', '转换法', '指挥法', '阻击法', '怎么开法', '投票法', '不出阵法', '启禀法', '诡异剑法', '老爷法', '配合法', '不灭法', '高法', '娘娘法', '快速剑法', '结果法', '结果法', '拍卖法', '浮屠法', '天人法', '亡灵法', '坏金刚法', '发动法', '沉命法', '诉之于法', '离婚法', '止血法', '宫禁法', '王家法', '访谈法', '光劫法', '巴比恩法', '光大法', '登陆法', '写字法', '猛掌法', '数学归纳法', '合成法', '利普里安法', '利普里安法', '全部法', '妇女法', '公民法', '不公不法', '重剑法', '这般好法', '问卷法', '问卷法', '变换法', '结算法', '谐音法', '补充法', '交换法', '比例法', '崔法法', '崔法法', '鲁西法', '在施法', '黄成法', '古代法', '霸道功法', '决心法', '转向法', '转向法', '管政法', '怎样好法', '改变法', '中道法', '接触法', '最高功法', '王天法', '舍身求法', '新剑法', '税收法', '难剑法', '动心法', '虚空禁法', '位于法', '位于法', '戈法', '包括法', '牵制法', '牵制法', '如上法', '诱导法', '自有家法', '连忙行法', '这样干法', '公平交易法', '游戏法', '高僧法', '医疗法', '廷尉法', '犯罪法', '发酵法', '模拟法', '习兵法', '航空法', '如此法', '手握法', '子孙法', '食盐法', '问卷调查法', '强化法', '水遁法', '前任法', '阴人法', '孤独掌法', '随即行法', '历史研究法', '古道法', '怪剑法', '切道法', '评分法', '专卖法', '请问法', '占领法', '贫僧法', '乌法', '英国法', '优选法', '垄断法', '戒瘾法', '困龙法', '再加上法', '过了法', '过了法', '圣母法', '高级剑法', '取出法', '破了法', '破了法', '便有法', '无为法', '商量法', '本身法', '时间法', '鉴定法', '宗庙法', '经法', '必胜法', '部分法', '基本分析法', '密宗法', '真言法', '告诉法', '成交法', '道祖法', '王金法', '生身法', '狂战刀法', '动员法', '瞄准法', '瞄准法', '移动法', '担保法', '逗留法', '就没有法', '任何心法', '原来是法', '唯心剑法', '恢复法', '恢复法', '兽心法', '加上法', '地缘法', '空身法', '得知法', '蓝色法', '哭丧棒法', '怎么赔法', '神力法', '怎么找法', '收回法', '收回法', '蛇拳法', '天道法', '动迁法', '竞争法', '少林法', '又是法', '知识产权法', '关税法', '秘法法', '秘法法', '厉害禁法', '独特心法', '诊断法', '自行法', '追踪法', '总动员法', '开心剑法', '已有法', '巧剑法', '生产法', '寺院法', '打入法', '龙头法', '弓法', '教训法', '这样比法', '好了法', '好了法', '库法', '贷款法', '时候法', '不动身法', '统一法', '指数法', '单行法', '有关法', '改革法', '最低工资法', '基础法', '破坏法', '百分比法', '中华法', '重重禁法', '钱法', '基本掌法', '上家法', '也不是法', '手印法', '处罚法', '仙家法', '这般作法', '手掌法', '积分法', '怎么管法', '高剑法', '通知法', '桥身法', '老前辈法', '什方法', '破功法', '雷剑法', '发声法', '市民法', '怎样报法', '希望法', '希望法', '联络法', '保存法', '只听法', '只听法', '广德法', '邪功法', '祖传剑法', '口诵法', '顺义法', '鹰爪法', '拿起法', '校尉法', '密码法', '并州法', '新奇剑法', '寻常剑法', '压缩功法', '不畏法', '说话法', '烹调法', '穷举法', '精神震慑法', '精神震慑法', '原来剑法', '高深道法', '登上法', '这般问法', '这样分法', '本门法', '一般掌法', '金融法', '水晶法', '居住法', '限制法', '限制法', '厉害功法', '那方法', '佛陀法', '反馈法', '反馈法', '各色法', '集中法', '回答法', '征税法', '成仙法', '已经行法', '行为法', '上人法', '舞剑法', '既有法', '叶剑法', '叶剑法', '这么叫法', '法国电视台', '联合法', '抖动法', '没了法', '没了法', '这般功法', '司马兵法', '电信法', '包扎法', '住房法', '安全边际法', '这般吃法', '霍法', '没有破法', '多轮法', '海关法', '水雷法', '代田法', '修行方法', '又有法', '诵读法', '没有别法', '于英法', '奇特功法', '无论如何走法', '记数法', '风动腿法', '秘传法', '突然剑法', '反切法', '治安法', '预算法', '尚书令法', '完整功法', '奇妙剑法', '简法', '编织法', '为何法', '万年县法', '新吃法', '又可法', '酿酒法', '倒推法', '烹饪法', '取证法', '取证法', '拍摄法', '哈利法', '中级法', '和龙法', '刑峻法', '前行法', '交代法', '明罚敕法', '演奏法', '拟人法', '应付法', '巫师法', '国防法', '天津法', '林法', '具有法', '美德法', '邪恶功法', '民事法', '紧握法', '参加法', '自身法', '采购法', '地方法', '领导法', '大金刚法', '直线法', '汉字输入法', '再向法', '这般干法', '练习法', '之家法', '高利贷法', '大力神法', '歹毒功法', '统筹法', '散花剑法', '散花剑法', '大戒法', '字帖法', '之极法', '大店法', '生活法', '修辞法', '经过法', '估算法', '针灸法', '是否有法', '什么缘法', '纪守法', '推演法', '匈奴法', '对腿法', '操纵法', '技术法', '前往法', '怎样练法', '巧手法', '进行法', '进位法', '水系法', '水系法', '精神法', '就施法', '冲向法', '冲向法', '对免役法', '传统作法', '权利法', '大周天法', '逍遥掌法', '消耗法', '这样闹法', '必有法', '变异法', '衡量法', '尼姑法', '广道法', '所谓法', '古怪功法', '小分法', '粗浅剑法', '说道法', '征兵法', '正了法', '正了法', '又向法', '又向法', '真和法', '较量法', '杜从法', '交叉法', '工业法', '连掌法', '画一之法', '王子法', '解体法', '讲堂法', '同时施法', '一般功法', '转身法', '多功法', '两面法', '两面法', '不拘文法', '平面法', '平面法', '谒见法', '这样剑法', '这样练法', '炼铁法', '伊斯兰教法', '变分法', '但在法', '埃及法', '扶风法', '亦如法', '比如法', '锻造法', '法宝法', '而是法', '换血法', '越抗法', '什么破法', '挥舞法', '张国法', '价格法', '暗念法', '何良法', '什么叫法', '紫色法', '人为法', '檀心法', '大慈悲法', '没缘法', '再如法', '接种法', '此道法', '打开法', '释放法', '导引法', '自觉剑法', '民权法', '种痘法', '属于法', '属于法', '怎样改法', '顾法', '无情剑法', '白骨法', '抽签法', '抽签法', '日本法', '传讯法', '行动法', '截断法', '电影法', '注射法', '大学法', '钓鱼法', '深呼吸法', '担任法', '怎么练法', '凌厉掌法', '这么走法', '收拾法', '谢法', '这般练法', '窥视法', '窥视法', '构成法', '乾坤法', '怎么坏法', '兵乱法', '标准法', '标准法', '净光法', '亲属法', '资源法', '怎么逃法', '侯法', '假死法', '赋税法', '勾勒法', '死亡法', '元素法', '将道法', '轻功法', '双全法', '根本就法', '消毒法', '陈有法', '英德法', '好腿法', '圆形法', '再施法', '引用法', '却有法', '怎么叫法', '都在法', '可为法', '伊法', '食疗法', '过掌法', '起名法', '奇妙功法', '事态法', '为什么法', '怎么报法', '变心法', '万象法', '间接法', '追击法', '国旗法', '阻挡法', '区田法', '怎样试法', '流水法', '频域法', '执行法', '清净空法', '丰法', '伸出法', '救援法', '紧身法', '极品法', '下行法', '怎么改法', '移植法', '反诘法', '已然行法', '传授法', '来自法', '消防法', '回到法', '出入法', '上位法', '构词法', '如意剑法', '解脱法', '拥有法', '考试法', '冯法', '还有功法', '怎么怪法', '霸道剑法', '奇妙掌法', '文物法', '公然抗法', '万劫法', '帝国法', '也在法', '农业法', '可能法', '请求法', '效法法', '效法法', '效法法', '效法法', '送到法', '赶路法', '黄金法', '全身法', '内外法', '很多剑法', '培养法', '身手法', '计量法', '战斗法', '战斗法', '卫生法', '那根法', '奉公如法', '流量法', '生存法', '图解法', '铅室法', '资料法', '宗主法', '炒股法', '学术法', '车轮战法', '测验法', '保证法', '保证法', '铁剑法', '层叠法', '但见法', '清雷法', '精妙掌法', '帮助法', '政党法', '规范法', '规范法', '遗产法', '祖尔法拉克', '祖尔法拉克', '神器法', '化妆法', '居官守法', '决策法', '迎接法', '妙掌法', '道破法', '幻术法', '李中法', '淘汰法', '交流法', '公私法', '小修罗法', '宗教法', '微分法', '陷入法', '订价法', '订价法', '斗方法', '斗方法', '满部法', '触犯法', '卡法', '不及法', '便即行法', '卢法', '隐匿法', '遂杀法', '消灭法', '饮食法', '大隐身法', '电泳法', '这么吃法', '下层法', '推拿法', '动手法', '佛教法', '便施法', '动用法', '分离法', '云剑法', '云剑法', '一旦法', '握住法', '计时法', '怎样吃法', '还请法', '其中法', '连施法', '形容法', '借助法', '那么好法', '可如法', '政府法', '美容法', '疲劳审讯法', '受到法', '抗击法', '朝廷法', '后坐法', '储蓄法', '灌溉法', '具体治法', '最高剑法', '祖师爷法', '绘制法', '绘制法', '收集法', '运作法', '严刑法', '捆绑法', '述说法', '许多作法', '中层法', '不学法', '再作法', '会昌法', '比法', '外推法', '报告法', '海轮法', '阴藜法', '误会法', '神术法', '目标法', '恭候法', '铁法', '改造法', '确认法', '破禁法', '后代法', '等待法', '相禁法', '什么样地方法', '免疫法', '分级法', '帝王法', '陶之法', '准备金法', '隔音法', '皆奉法', '匕首法', '新财政法', '沉淀法', '怎样过法', '银色法', '悟道法', '怎么谢法', '在和法', '直接法', '攻打法', '变态法', '矫正法', '头戴法', '专营法']
云	['云', '赵云', '风云', '白云', '乌云', '凌云', '叶天云', '薛凌云', '林云', '苏云', '李云', '青云', '如云', '步惊云', '钟云', '沈从云', '刘云', '林强云', '彩云', '卢云', '浮云', '云云', '云云', '燕寄云', '紫云', '姬凌云', '欧阳云', '小云', '楚云', '星云', '马云', '方天云', '云端', '水云', '宋凌云', '阴云', '张云', '祥云', '疑云', '方少云', '黄剑云', '叶云', '宫锦云', '海云', '烟云', '南霁云', '狄云', '林雅云', '白如云', '唐云', '风起云涌', '江上云', '云游', '陈云', '叱咤风云', '华云表', '李随云', '风卷残云', '冷云', '龙云', '高耸入云', '云团', '狄素云', '华云', '蒋先云', '麦小云', '云峥', '张牧云', '苗彩云', '愁云', '齐灵云', '燕云', '不知所云', '燕凌云', '谢寒云', '许亦云', '郑子云', '万里无云', '高青云', '白依云', '庆云', '密云', '萧云', '宫紫云', '平步青云', '乌云密布', '谭云', '高云', '朱云', '凌云志', '云谷', '易云', '苏冰云', '韩云', '雷云', '龙啸云', '黑云', '驾云', '蘑菇云', '强云', '郑保云', '聂云', '李若云', '华天云', '彤云', '颜云花', '舒云', '程子云', '灵云', '关慕云', '岳云', '战云', '南云', '张清云', '周凌云', '周凌云', '赵景云', '易秀云', '顾云', '多云', '周云', '上官云', '左云', '陆云', '人云亦云', '人云亦云', '黄云', '蒋淑云', '贺云', '云霓', '翻手为云', '吴南云', '杨云', '程若云', '江秋云', '云涌', '沈云', '杨盈云', '谢云', '叶飞云', '叶飞云', '崔云', '柳青云', '天有不测风云', '莫云', '柴云', '杜青云', '蒋晓云', '何云', '江云', '任青云', '蓝云', '贡云', '火烧云', '罗腾云', '出云', '中云', '哈瑞云', '冰云', '陈紫云', '滕云', '原随云', '高岳云', '柳随云', '隋云', '宋静云', '安镜云', '龙小云', '满天云', '方云', '史湘云', '马腾云', '陶云', '楚云苏', '景云', '林美云', '夏红云', '古云', '蓝静云', '孙念云', '吴婉云', '李江云', '裴云', '肖云', '边汉云', '陈芷云', '过眼烟云', '李登云', '云南白药', '王云', '白啸云', '柳朝云', '范云', '罗凌云', '流水行云', '江小云', '武云', '凌若云', '司马诗云', '卓云', '温苇云', '常碧云', '阮云台', '谢冰云', '刁云', '云泥之别', '江曼云', '段云松', '陈牧云', '孟云', '姜笑云', '狄墨云', '杜翠云', '方冰云', '朱秀云', '德云', '陆子云', '张步云', '乌玄云', '蓝彩云', '武琦云', '卢天云', '季云', '李少云', '吴布云', '海彩云', '秦逸云', '云松', '宋碧云', '欧阳白云', '姬天云', '蓝芷云', '任沧云', '端木云', '云表', '见云', '初云', '余风云', '余风云', '白小云', '潘巧云', '柳云', '秦云', '铁风云', '路云', '宇文啸云', '叶安云', '吴云', '云里', '吴诏云', '吕卓云', '仇天云', '欧阳朗云', '桑小云', '玄云', '范玉云', '魏子云', '巫行云', '猛将如云', '莫子云', '罗梦云', '唐连云', '秦素云', '何晶云', '慕云', '冷啸云', '层云', '云蔷', '王碧云', '齐云', '平步云', '贺腾云', '覆雨翻云', '少云', '积云', '端木卓云', '诸葛云', '厉云', '展翼云', '龚璇云', '厉蔚云', '洪云', '韩秋云', '于飞云', '于飞云', '彤云密布', '项云', '苟小云', '老云', '沙青云', '董湘云', '云照', '乌小云', '费云', '田际云', '江彩云', '郭白云', '杨寒云', '陈丽云', '响遏行云', '东云', '张小云', '姜子云', '张晓云', '赵彩云', '詹云', '郭云', '云乾丰', '程云松', '赵天云', '薛彩云', '靳冰云', '张秀云', '封云', '胡世云', '韩承云', '阮学云', '彭云', '武卿云', '王庆云', '燕翔云', '方雪云', '云姗', '蔡晓云', '杜云', '殷如云', '石志云', '平云', '韩昭云', '王照云', '王照云', '班云', '韩梦云', '艾云', '黄随云', '董飞云', '壮志凌云', '黄青云', '姚云', '燕行云', '靳云', '田若云', '周翠云', '腾云', '华逸云', '尚云', '谢晚云', '郭彩云', '颜如云', '韦昭云', '卧云', '萧游云', '龙腾云', '秦芷云', '夏侯云', '岳秋云', '梅剑云', '傅心云', '许如云', '焦云', '范青云', '范青云', '裂石穿云', '商秋云', '严蜀云', '周祁云', '慕容云', '司马云', '俞香云', '柯云', '云蒙', '薛云', '刘清云', '袁绮云', '霍云', '石冰云', '袁云', '罗雪云', '陈良云', '程云', '乔天云', '樊绮云', '孔云斌', '林浩云', '黑云里', '黑云里', '管彤云', '杜飞云', '赵晓云', '田凤云', '林微云', '仝振云', '魏青云', '夏若云', '晴转多云', '李丛云', '黄天云', '童云', '简云', '陈青云', '公孙红云', '鄂逸云', '陈沫云', '张勤云', '朱湘云', '朱湘云', '张随云', '黄小云', '严英云', '汪素云', '徐云', '姜素云', '秦岱云', '邓云松', '归云', '葛云', '缙云', '许云', '冷冰云', '尚小云', '郑兴云', '侯小云', '罗云', '游云', '王爱云', '唐彩云', '熊绶云', '冯云帆', '史步云', '翟云', '蒋云台', '宁爱云', '积雨云', '金易云', '叶燕云', '李祥云', '苏倩云', '欧阳青云', '郑彩云', '卫彩云', '穆云', '薛寒云', '柳飞云', '罗晓云', '姬云', '皇云', '姚飞云', '李子云', '邓秋云', '凌云壮志', '凌云集团', '凌云集团', '夏侯雁云', '曾青云', '何纪云', '宋惠云', '王祥云', '索云', '莫芝云', '林青云', '石青云', '云苏', '郝云台', '李慕云', '江暮云', '公孙静云', '廖云', '方慕云', '廖晓云', '麦云', '毕义云', '王登云', '程青云', '叶绮云', '叶绮云', '龙少云', '郭景云', '方招云', '高天云', '钱云', '步海云', '傅彩云', '星际云', '阎海云', '刘子云', '宫云', '气云', '乔承云', '温忆云', '邢云志', '王飞云', '佟云', '侯伯云', '萧绮云', '戴云', '莫晓云', '上官巧云', '洪展云', '陆雪云', '朱彩云', '朱彩云', '子曰诗云', '代云', '张佑云', '宋舒云', '查广云', '欧青云', '程天云', '武青云', '张冀云', '井云', '王久云', '林霁云', '上官景云', '云才', '马行云', '庄庆云', '龙凌云', '牛云', '曹丽云', '肖小云', '吴景云', '步云', '荆流云', '尹青云', '曹青云', '张青云', '高出云表', '邢广云', '公孙云', '冯洁云', '侯青云', '李佳云', '杜大云', '西门素云', '古青云', '洪鹏云', '萧凌云', '郁云', '杜靖云', '薛如云', '马凤云', '赵凌云', '直上青云', '黄飞云', '连天云', '易重云', '低云', '华清云', '烟云缭绕', '师景云', '华绮云', '卢小云', '乌墨云', '李仙云', '垂天之云', '薛诗云', '纪龙云', '王季云', '董浩云', '古冷云', '霍志云', '马青云', '萧逸云', '宛云', '谭云松', '区伏云', '于淑云', '萧湘云', '邱少云', '诸葛清云', '野鹤闲云', '宋云', '徐爱云', '张凌云', '盖云', '沈美云', '刘梦云', '柯彩云', '钟飞云', '钟飞云', '白绮云', '云腿', '铁云', '曹继云', '夏侯燕云', '郑云', '曾美云', '辜紫云', '殷思云', '李青云', '电子云', '雷雨云', '苏思云', '吕先云', '徐广云', '龙子云', '阮庆云', '刘半云', '步青云', '孔宪云', '张升云', '霍祥云', '欧若云', '关云', '陆幼云', '安子云', '纪香云', '史青云', '尚行云', '卓晓云', '余步云', '朱云松', '汤紫云', '诸葛流云', '李纪云', '贾云', '程莫云', '裴翠云', '阳笑云', '柳清云', '赵风云', '池素云', '刘青云', '孔扬云', '袁秋云', '沙云', '金曼云', '凌云之志', '蒋庆云', '牛青云', '佘云', '夏云', '郭燕云', '李东云', '龙飞云', '蔡青云', '侯腾云', '刘海云', '古飞云', '蓝庆云', '吴白云', '赵堂云', '凌尚云', '俞云', '林子云', '肖云松', '凌天云', '洪步云', '冷慕云', '龙起云', '林荣云', '翁越云', '徐淑云', '田云', '欧丽云', '栾提云', '尘云', '谢恋云', '吴凌云', '勾云', '乌静云', '柳靖云', '司马浩云', '蓝天云', '翁伯云', '郑玄云', '崔浩云', '苟云', '罗锦云', '翁白云', '冷若云', '万明云', '唐谦云', '草木星云', '对流云', '柳如云', '陆作云', '端本卓云', '鲁子云', '萧秀云', '青云之志', '青云之志', '柳为云', '云志', '蓝素云', '江随云', '徐小云', '郝碧云', '孙满云', '戚云', '陈敬云', '金步云', '祁云', '吴秀云', '苏浅云', '庞兴云', '曾云', '智云', '岳慕云', '楚祥云', '郑起云', '罗彩云', '金鸿云', '苏曼云', '董青云', '李巧云', '飞云镖局', '飞云镖局', '蓝风云', '刘采云', '史流云', '凌啸云', '刘平云', '楚云旗', '耸入云端', '辛锦云', '刘起云', '冯云', '冠盖如云', '方怡云', '王晓云', '赵云才', '赵云才', '赵白云', '蒋秀云', '朱青云', '朱青云', '李智云', '李麟云', '徐妙云', '王添云', '黄庆云', '屈云', '纪云', '萧慕云', '汪慧云', '林开云', '崔景云', '楚向云', '卢云望', '温倩云', '赵飞云', '祝家云', '义云', '余天云', '张健云', '鲁冬云', '邱云', '云婵', '唐青云', '李乐云', '白云果', '白云果', '刘高云', '牛时云', '谭星云', '华湘云', '秦淑云', '李碧云', '燕王云', '丁白云', '陈昌云', '柳湘云', '尤天云', '楼云', '董慕云', '灌云', '唐齐云', '祖云', '林凌云', '李露云', '包星云', '青云镖局', '青云镖局', '蒋如云', '黑云军团', '黑云军团', '赵仰云', '慕容飞云', '陈晓云', '冷暮云', '斯云', '韦青云', '王全云', '李学云', '云同志', '云同志', '石云', '沈国云', '西门庆云', '徐子云', '贾啸云', '史少云', '秀云药厂', '秀云药厂', '云刚才', '云刚才', '巫化云', '司马世云', '孙炯云', '阮桂云', '云旗', '廉云', '庞云', '皇鸿云', '张晏云', '上官梦云', '史叶云', '暮雨朝云', '方青云', '吕云', '单晓云', '平地青云', '胡青云', '胡青云', '陆小云', '范小云', '陈碧云', '邵海云', '路如云', '刘景云', '麦高云', '何震云', '云九皋', '云九皋', '顾湘云', '刘震云', '史随云', '阙彤云', '韦云', '燕流云', '朱先云', '石秀云', '郝浩云', '谭湘云', '景云钟', '南星云', '晋灼云', '吕瑞云', '段云', '岳次云', '张新云', '东云财团', '东云财团', '林玫云', '丰凯云', '黄云发', '韩定云', '英二云', '岳霁云', '袁云斌', '叶青云', '叶青云', '勾根云', '司马彪云', '郑天云', '周敬云', '景青云', '戈云', '钟召云', '刘从云', '伍磐云', '刘玉云', '陆嵩云', '宋均云', '楚天云', '赵清云', '华云房地产集团', '华云房地产集团', '谢紫云', '王肃云', '高唱入云', '祝天云', '邱若云', '旋涡星云', '于云', '陈岱云', '蒋碧云', '刘丽云', '魏于云', '魏于云', '邵云', '曹天云', '简方云', '褚双云', '李飞云', '关逸云', '车蔚云', '毕云', '苏小云', '姜逸云', '沈喜云', '叶朝云', '林锐云', '徐雁云', '燕霄云', '卫天云', '习江云', '袁美云', '尹松云', '张逸云', '侯晓云', '张芷云', '杨梦云', '卓彤云', '吴少云', '卓风云', '张卿云', '王凌云', '褚云', '狄索云', '刘荣云', '云大岳', '云大岳', '欧阳庆云', '蓝凌云', '杨天云', '平振云', '江翊云', '袁次云', '际会风云', '黄雪云', '雷风云', '奕云', '文云', '崔秀云', '尤际云', '史程云', '方碧云', '傅云', '尘埃云', '龙青云', '张织云', '孙瑞云', '纪晓云', '刘铁云', '胡炳云', '崔子云', '诸葛青云', '徐培云', '甲第连云', '方凌云', '裴流云', '霍步云', '麻登云', '潘梓云', '色云', '贾逵云', '薛沛云', '云弥', '何彩云', '车美云', '凌云才', '凌云才', '黄绍云', '云发', '顾飞云', '驾雾腾云', '曲魏云', '查若云', '李光云', '温绛云', '韩光云', '英云', '陆青云', '钱志云', '倪云', '朱天云', '黄步云', '李晓云', '雷九云', '邱虹云', '付秋云', '冯慧云', '杨丽云', '马步云', '张天云', '秦先云', '雷楚云', '宋绮云', '邝青云', '华舒云', '赵建云', '金钟云', '金钟云', '孟枚云', '张学云', '刘红云', '朱景云', '齐祥云', '邹素云', '李健云', '韩步云', '邱大云', '徐巧云', '徐白云', '朴云松', '鹿云', '莫浩云', '宿云', '兴云', '秦岭云', '柳苍云', '顾佩云', '陈中云', '罗松云', '宫子云', '彭震云', '张彤云', '马庆云', '马晓云', '播云', '巫云', '司马青云', '凌云镖局', '凌云镖局', '曹烈云', '腾青云', '宋晓云', '李倩云', '周碧云', '周碧云', '弓云', '王琪云', '云超云', '云超云', '钟庆云', '钟庆云', '郝彤云', '李瑞云', '云雾蒙蒙', '云雾蒙蒙', '康望云', '康望云', '王和云', '何志云', '杨子云', '朱长云', '云小筑', '桂云', '冷素云', '岳小云', '彭佩云', '高云丰', '高云丰', '卢植云', '姚晓云', '何根云', '端木一云', '陈庆云', '古兴云', '富贵浮云', '星云期', '星云期', '李素云', '暗云', '常云', '胡楚云', '周慕云', '聂云台', '王五云', '宫棉云', '雷起云', '林燕云', '朴庆云', '朴庆云', '李开云', '黄绮云', '黄碧云', '云蓓', '杨载云', '许巧云', '施云', '宋福云', '杨志云', '何昭云', '于上云', '于上云', '周兴云', '史云', '薄云', '狄飞云', '云薇谷', '李苏云', '罗景云', '岳云松', '王诗云', '胡凌云', '胡凌云', '郑信云', '独孤浩云', '韩子云', '江晓云', '尚晓云', '郎张云', '邵琼云', '白暮云', '孙志云', '邓祥云', '盖麟云', '高凌云', '徐慕云', '陆季云', '杨霁云', '阙张云', '藏云', '朝云', '皇甫云', '聂紫云', '上官倩云', '邓青云', '谢晓云', '冯仲云', '官徐云', '云如云', '云如云', '云如云', '云如云', '王美云', '叶翔云', '杨青云', '郭开云', '燕云镖局', '燕云镖局', '许慎云', '吴临云', '观者如云', '刘向云', '周满云', '古非云', '赵言云', '郑景云', '孙云', '仲云', '侯通云', '云复', '洪子云', '简泊云', '司徒李云', '何得云', '檀云', '油然作云', '窦云', '蒋云', '仇云', '李璐云', '苍狗白云', '张博云', '陈步云', '李云复', '丁云', '郭凌云', '林紫云', '李雅云', '费云帆', '任华云', '唐景云', '官秋云', '秦流云', '刘白云', '陆翔云', '俞明云', '莫寒云', '尉永云', '万云峥', '陈景云', '毕占云', '田纪云', '云剑法', '云剑法', '赵曼云', '华绯云', '鲍志云', '高奉云', '兰云', '贾腾云', '赵登云', '马凌云', '汪云松', '孟康云', '陆如云', '刘诗云', '甘彤云', '邹云', '黎女云']
欢	['喜欢', '欢', '欢呼', '沈欢', '高欢', '合欢', '狂欢', '叶欢', '一阵欢呼', '尽欢', '胡欢', '严欢', '雷欢', '郁郁寡欢', '言欢', '新欢', '交欢', '联欢', '脱欢', '不欢', '程欢', '承欢', '王欢', '撒欢', '悲欢', '白欢欢', '白欢欢', '鱼水之欢', '马欢', '何欢', '董欢', '边欢', '秦欢', '李欢', '握手言欢', '刘欢', '俞欢', '合家欢', '于笑欢', '于笑欢', '牛欢', '戚欢', '伍亭欢', '万嘉欢', '金合欢', '胡欢欢', '胡欢欢', '胡欢欢', '胡欢欢', '吴欢', '曹欢', '杨欢', '鲁欢', '于欢', '屈欢', '陈欢', '抑郁寡欢', '满心喜欢', '失欢', '杯酒言欢', '腾欢', '朴正欢', '朴正欢', '离合悲欢', '膝下承欢', '陶欢', '慕容阿欢', '叶继欢', '相欢', '黄文欢', '满心欢', '谈正欢', '夏侯祖欢', '闻欢', '师欢', '钱欢', '徐欢', '相得甚欢', '萧欢', '方欢', '段合欢', '赵欢', '白欢', '余欢', '张欢', '朱欢', '叶飞欢', '朴德欢', '李增欢', '讨喜欢', '佟欢', '德欢', '孙雨欢', '顾欢', '黎欢', '姬喜欢', '相得欢', '祝欢', '苏三欢', '满是欢', '赵令欢', '谈欢', '王高欢', '高应欢', '续欢', '李慈欢', '初欢', '孔见欢', '谈得欢', '齐天欢', '李孝欢', '罗欢']
发	['发', '头发', '沙发', '爆发', '出发', '散发', '越发', '发表', '开发', '长发', '白发', '打发', '发呆', '发布', '引发', '一言不发', '激发', '一发', '大发', '愈发', '秀发', '金发', '首发', '进发', '突发', '研发', '黑发', '启发', '自发', '毛发', '短发', '须发', '毫发', '蒸发', '揭发', '意气风发', '益发', '事发', '分发', '银发', '千钧一发', '连发', '颁发', '乱发', '先发', '告发', '触发', '焕发', '迸发', '一触即发', '勃发', '批发', '下发', '喷发', '暴发', '征发', '披头散发', '间不容发', '发回', '收发', '一语不发', '容光焕发', '秃发', '卷发', '发痒', '复发', '火山爆发', '理发', '钱来发', '案发', '鬓发', '签发', '假发', '不得不发', '击发', '诱发', '有感而发', '披发', '奋发', '抒发', '束发', '整装待发', '萌发', '赵德发', '黄发', '配发', '削发', '挥发', '生发', '心细如发', '洗发', '发花', '并发', '怒发', '白头发', '转发', '精神焕发', '发蒙', '火山喷发', '姬发', '软件开发', '单发', '周润发', '发电厂', '东窗事发', '隐忍不发', '印发', '落发', '万箭齐发', '李发', '美发', '发端', '华发', '英姿勃发', '举发', '刊发', '山洪暴发', '并发症', '剪发', '补发', '欧阳发', '发愿', '管天发', '偶发', '阐发', '旧病复发', '罗元发', '弹无虚发', '第二发', '点发', '哈里发', '鸡皮鹤发', '雄姿英发', '鹤发', '赵发', '批发价', '未开发', '发情期', '刘朝发', '余发', '从实际出发', '发面', '厚积薄发', '播发', '滥发', '发射台', '照发', '全金发', '停发', '梁发', '水发', '鬈发', '蓄发', '引而不发', '留中不发', '李达发', '一绺头发', '王魁发', '脱发', '烫发', '发卷', '蓬头散发', '邓发', '发展期', '神采焕发', '王得发', '戚长发', '童颜鹤发', '王金发', '发困', '扣发', '解家发', '洪仁发', '张顺发', '英姿焕发', '发令枪', '拨发', '高发', '英发', '妄发', '代发', '发行价', '发育期', '护发', '核发', '环发', '荣发', '陈世发', '严志发', '徐荣发', '蓝发', '编发', '赵士发', '第三发', '原发', '王峰发', '丁长发', '林极发', '王发', '火力发电厂', '区元发', '王三发', '姬长发', '张荣发', '郑三发', '许永发', '梁必发', '铁发', '万弩齐发', '钱奋发', '郑兴发', '系统开发', '曾绍发', '崔发', '戴庆发', '冯达发', '烫头发', '乌发', '刘鸿发', '李振发', '胎发', '李长发', '甩发', '发动机厂', '于宝发', '洪运发', '升发', '赵喜发', '发刊', '陈福发', '穆发', '张百发', '牛德发', '葛新发', '爆发期', '爆发期', '洪顺发', '箭不虚发', '霍长发', '田贵发', '马长发', '张思发', '赤发', '林白发', '王利发', '朱长发', '朱长发', '有为而发', '何而发', '高发期', '刘长发', '陈楚发', '曾锦发', '皇甫发', '王泽发', '田长发', '诸军发', '马发', '第四发', '梁伟发', '黄金发', '邵天发', '齐顺发', '王阿发', '杜发', '钱连发', '刘德发', '王家发', '秦长发', '李相发', '许溪发', '何发', '明发', '黄德发', '彗发', '卢绍发', '发表发表', '发表发表', '发表发表', '发表发表', '永发镖局', '永发镖局', '支燧发', '超市发', '潘来发', '杨发', '林贵发', '游兴大发', '彭利发', '唐永发', '裴明发', '齐发', '黄云发', '张发', '耀发', '周才发', '周才发', '填发', '奚仲发', '巩汉发', '红发集团', '红发集团', '弹不虚发', '时光发展局', '史慈发', '许洪发', '王刘发', '不差毫发', '赫利发', '卓慕发', '理理发', '摘发', '李容发', '刘发', '张春发', '黄顺发', '第五发', '黄一发', '林逍发', '擢发', '黄发期', '焦仁发', '王越发', '石发', '黄永发', '张至发', '晋王发', '秘不发', '云发', '心花怒发', '易良发', '任季发', '廖忠发', '全忠发', '黄承发', '秦联发', '对症发药', '娄发', '贸发局', '修剪头发', '何敢发', '张明发', '沈峰发', '方自发', '杨再发', '谭发', '黄荣发', '乔贵发', '发酵法', '开发开发', '开发开发', '开发开发', '开发开发', '文身断发', '林峰发', '王天发', '头脑发蒙', '李司发', '一沐三握发', '旺发', '任广发', '发声法', '李金发', '石克发', '李鸿发', '洪发', '孙金发', '唐树发', '王不发', '胡定发', '程锦发', '吴名发', '罗全发', '蒙白发', '蒙白发', '李仁发', '方发', '侯所发', '海发', '范金发', '范金发', '丘继发', '李二发', '黄志发', '田中发', '温发', '香港贸易发展局', '林正发', '孙可发', '刘兰发', '在发行期', '吴长发', '吴必发', '束装待发', '贾龙发', '马新发', '李春发', '吴永发', '启发启发', '启发启发', '启发启发', '启发启发', '发行期', '莫发', '常发', '周发', '李兴发', '庄进发', '容发', '吴发', '唐开发', '姚发', '修头发', '宫进发', '第七发', '何添发', '文发', '踔厉风发', '李梓发']
系	['关系', '系', '联系', '没关系', '体系', '星系', '有关系', '干系', '嫡系', '人际关系', '派系', '银河系', '水系', '太阳系', '维系', '直系', '利害关系', '性关系', '土系', '发生关系', '哲学系', '公共关系', '拉关系', '旁系', '因果关系', '历史系', '转系', '根系', '语系', '裙带关系', '生产关系', '父系', '母系', '物理系', '恒星系', '外语系', '世系', '河系', '艺术系', '谱系', '美术系', '行星系', '支系', '考古系', '家系', '牵系', '生物系', '劳资关系', '雇佣关系', '雇佣关系', '拉拉关系', '联系联系', '联系联系', '联系联系', '联系联系', '山系', '英语系', '星系团', '坐标系', '索系', '搞关系', '魂牵梦系', '亲子关系', '体系结构', '河外星系', '合伙关系', '合伙关系', '配系', '群众关系', '关系法', '力系', '请联系', '品系', '财产关系', '建系', '悬系', '第二系', '恢复系', '参考系', '系累', '国政系', '不育系', '不成体系', '观瞻所系', '总星系', '亲系', '萦系', '劳资关系法', '劳资关系法', '机械工程系', '男系', '保持系', '晶系', '雄性不育系', '母星系', '第三系', '孤立系', '党群关系', '生态系', '顶系', '先后关系', '先后关系', '第一系', '等等关系', '亚系', '水系法', '水系法']
岁	['岁', '万岁', '太岁', '年岁', '千岁', '周岁', '长命百岁', '去岁', '花花太岁', '岁岁', '岁岁', '岁岁', '岁岁', '山呼万岁', '山呼万岁', '今岁', '同岁', '虚岁', '守岁', '贺岁', '来岁', '终岁', '年年岁岁', '年年岁岁', '千秋万岁', '近岁', '辞岁', '足岁', '百岁之后', '优游卒岁', '天册万岁', '呼延太岁', '岁时伏腊', '司岁', '歉岁', '年近岁逼', '年近岁逼', '年近岁逼', '钟岁', '时和岁丰', '丰岁', '玄太岁', '初岁', '邹太岁', '方太岁', '江太岁', '凶年饥岁', '暮岁', '岁月峥嵘', '都几岁了', '都几岁了', '王岁', '黑太岁']
离	['离', '距离', '脱离', '远离', '逃离', '分离', '撤离', '不离', '迷离', '近距离', '隔离', '离别', '偏离', '别离', '游离', '支离', '寸步不离', '调离', '形影不离', '扑朔迷离', '剥离', '生离死别', '流离', '背离', '叛离', '众叛亲离', '若即若离', '短距离', '颠沛流离', '光怪陆离', '长距离', '貌合神离', '差不离', '不即不离', '种族隔离', '中距离', '抛离', '不分离', '骨肉分离', '片刻不离', '电离', '迁离', '陆离', '等距离', '身首分离', '故土难离', '离婚证', '汉钟离', '斑驳陆离', '难舍难离', '迷离恍惚', '离题万里', '须臾不离', '死别生离', '离合悲欢', '不大离', '破碎支离', '骨肉乖离', '距离法', '距离法', '睡眼迷离', '光彩陆离', '距离期', '距离期', '行距离', '隔离期', '隔离期', '暌离', '分离法', '坐卧不离', '全距离']
须	['必须', '须', '无须', '胡须', '只须', '何须', '不须', '须弥', '须发', '触须', '毋须', '务须', '根须', '但须', '髭须', '剃须', '终须一别', '终须一别', '卷须', '须臾不离', '鲸须', '燕颔虎须', '芥子须弥', '龙须面', '那须', '刮胡须', '刮胡须', '三须', '李女须', '危黎须', '王和须', '帅王须', '费子须', '磨砺以须']
伙	['家伙', '伙', '大伙', '老家伙', '店伙', '大家伙', '好家伙', '同伙', '合伙', '团伙', '入伙', '散伙', '一家伙', '毛头小伙', '结伙', '搭伙', '真家伙', '起伙', '开伙', '拉帮结伙', '成群结伙', '帮伙', '合伙关系', '合伙关系', '一伙伙', '一伙伙', '一伙伙', '一伙伙', '退伙', '包伙', '聚伙', '打平伙', '第二伙', '第一伙']
冲	['冲', '冲向', '令狐冲', '林冲', '冲锋枪', '上冲', '怒气冲冲', '怒气冲冲', '俯冲', '周冲', '要冲', '兴冲冲', '兴冲冲', '猛冲', '首当其冲', '檀羽冲', '缓冲', '冲冲', '冲冲', '慕容冲', '气冲冲', '气冲冲', '脉冲', '水冲', '李冲', '怒冲冲', '怒冲冲', '宇文冲', '张冲', '腾冲', '反冲', '向前冲', '陈冲', '何太冲', '倪嗣冲', '窦冲', '梁冲', '韩冲', '邱太冲', '欧阳冲', '孟冲', '蒙冲', '冲荡', '丁冲', '庞士冲', '黄冲', '何冲', '王冲', '刘冲', '廉冲', '赵冲', '姜冲', '鲁冲', '鲜于冲', '鲜于冲', '雷冲', '林文冲', '曹冲', '祖冲', '韩文冲', '马冲', '石冲', '高冲', '项冲', '气冲牛斗', '武冲', '朱冲', '山冲', '袁冲', '牛冲', '左冲', '董冲', '缓冲期', '龙冲', '裴冲', '任冲', '邵元冲', '姬冲', '宁冲', '金冲', '方冲', '陈家冲', '荣冲', '蔡冲', '耿天冲', '敖冲', '韦冲', '张小冲', '肖冲', '秦冲', '杨冲', '高继冲', '郑仕冲', '庞得冲', '纪冲', '张二冲', '李元冲', '谈冲', '唐冲', '尹冲', '呼延冲', '仇冲', '比冲', '邵冲', '乔太冲', '高铁冲', '陆冲', '王峰冲', '郑冲', '黄家冲', '杜元冲', '杜冲', '莫冲', '邵北冲', '林中冲', '喜冲冲', '喜冲冲', '刘道冲', '江峰冲', '虞冲', '程元冲', '范冲', '桑冲', '赵世冲', '江冲', '姚冲', '李思冲', '王李冲', '倪冲', '合冲', '王里冲', '王里冲', '魏冲', '沈雪冲', '岳冲', '郭冲', '柳家冲', '沈冲', '麦冲', '谢仲冲', '身当其冲', '身当其冲', '黄太冲', '李世冲', '尤可冲', '谭一冲', '卫冲', '盛冲', '王允冲', '袁志冲', '林极冲', '侯冲', '卓慕冲', '关冲', '折冲万里', '折冲万里', '张辽冲', '万冲', '尚幼冲', '吕冲', '华六冲', '胡冲', '史慈冲', '张太冲', '明军冲', '铁卫冲', '李吉冲', '燕冲', '殷冲', '简冲', '王子冲', '卫折冲', '周军冲', '王石冲', '赵武冲', '单冲', '冲向法', '冲向法', '宫中冲', '王历冲', '王历冲', '李峰冲', '郑文冲', '史王冲', '仰冲', '许道冲', '林轩冲', '司马李冲', '韩立冲', '相冲', '耿少冲', '郑其冲', '陈楚冲', '萧峰冲', '宫门冲', '甄冲']
干	['干', '不干', '一干', '若干', '能干', '树干', '才干', '干系', '骨干', '不相干', '相干', '擦干', '饼干', '干杯', '大干', '何干', '喝干', '高干', '精干', '贵干', '干尸', '对着干', '枝干', '吸干', '上干', '晒干', '无干', '躯干', '公干', '口干', '蛮干', '风干', '萧干', '蒋干', '乳臭未干', '白干', '主干', '精明能干', '肉干', '精明强干', '单干', '外强中干', '烘干', '吹干', '实干', '埋头苦干', '巴尔干', '枯干', '苦干', '烤干', '天干', '干才', '晾干', '干果', '提干', '牛肉干', '硬干', '中干', '松赞干布', '快干', '豆腐干', '鱼干', '傅干', '下干', '干咽', '吴朝干', '杨文干', '基干', '洗手不干', '葡萄干', '瘦小枯干', '阑干', '包干', '干面', '桑干', '塔克拉玛干', '宋象干', '孙良干', '老白干', '墨迹未干', '塔什干', '耗干', '干得了', '莫干', '阴干', '江干', '敢想敢干', '古干', '公孙干', '史耀干', '张干', '蔡廷干', '宗干', '新干', '罗文干', '审干', '明强干', '唾面自干', '了不相干', '了不相干', '扈尔干', '萧言干', '罗干', '笋干', '狄干', '曾贞干', '干鲜', '菜干', '刘越干', '许干', '焦干', '颜宗干', '焙干', '转干', '果干', '黎干', '香干', '短小精干', '余干', '大包干', '尹黎干', '查干', '相颉干', '郁干', '招干', '勤劳能干', '史干', '钱干', '戈干', '调干', '毛干', '达干', '丁干', '沈维干', '奕干', '杏干', '扭干', '虞干', '卢子干', '支努干', '尚元干', '薛士干', '桑小干', '骆干', '徐干', '科干', '口血未干', '何士干', '巧干', '分片包干', '王干', '金登干', '马干', '班干', '张武干', '全干', '盲干', '李兴干', '范王干', '塔什库尔干', '纪千干', '张元干', '孙干', '欧阳干', '灯尽油干', '古尔干', '干谷', '贺野干', '常干', '韩干', '费尔干', '屈干', '这样干法', '涂尔干', '陆慧干', '油干灯尽', '王峰干', '江峰干', '斯干', '曹干', '赵承干', '这般干法', '吴正干', '史慈干', '孟干', '何贯干', '吴心干', '莫西干', '强女干', '杨干', '包干制', '刘之干', '陶干', '以工代干', '林正干', '非意相干', '贾德干', '慕容孝干', '莫尔干', '华干']
团	['团', '集团', '军团', '师团', '团团', '团团', '兵团', '社团', '财团', '蒲团', '代表团', '乱成一团', '一团团', '一团团', '团伙', '义和团', '疑团', '使团', '民团', '谜团', '气团', '洛克菲勒财团', '剧团', '乱作一团', '商团', '云团', '陪审团', '考察团', '梅山集团', '第六师团', '马戏团', '饭团', '新亚集团', '面团', '抱成一团', '乐团', '龙泉集团', '龙华集团', '歌舞团', '世纪国际集团', '智囊团', '第五师团', '杨氏集团', '揉成一团', '开天集团', '第一团', '艾丽丝集团', '第三师团', '漆黑一团', '主席团', '第6师团', '第6师团', '华宇集团', '文工团', '青年团', '大兵团', '华威集团', '顾问团', '小集团', '第二团', '洛克特克财团', '洛克特克财团', '洛克特克财团', '企业集团', '天豪集团', '旅行团', '第四师团', '龙门集团', '第3师团', '第3师团', '珍海集团', '旅游团', '李氏集团', '入团', '海帝集团', '爱达集团', '莱特财团', '第二师团', '联想集团', '摩根财团', '北方军团', '组团', '共青团', '第三团', '飞宇集团', '第9师团', '第9师团', '东方集团', '唐氏集团', '瑞士联合银行集团', '满腹疑团', '第九师团', '第3团', '第3团', '蓝氏集团', '第2团', '第2团', '党团', '星团', '黄维兵团', '征天军团', '访问团', '龙腾集团', '第4师团', '第4师团', '范氏投资集团', '第一军团', '杜邦财团', '还乡团', '抱团', '合唱团', '交响乐团', '明日集团', '华夏集团', '粉团', '海华集团', '美华集团', '第2师团', '第2师团', '林氏集团', '徐氏集团', '圣门集团', '胜宝集团', '大清集团', '第106师团', '第106师团', '红三军团', '海尔集团', '腾龙集团', '第一兵团', '第一师团', '美联集团', '苏氏集团', '双木集团', '宜城集团', '华龙集团', '窦氏集团', '天龙集团', '罗马军团', '第5师团', '第5师团', '远东集团', '慰问团', '太阳集团', '何氏集团', '克林福兰投资集团', '托普集团', '第18师团', '第18师团', '三青团', '第13师团', '第13师团', '南方军团', '天美集团', '明远集团', '第十六师团', '亚腾集团', '洪天集团', '第十师团', '彭德怀军团', '第11师团', '第11师团', '红星集团', '第1军团', '第1军团', '圣龙集团', '第1团', '第1团', '总团', '华兴集团', '观察团', '蓝天集团', '龙喜集团', '利雅达集团', '望江集团', '外交团', '银团', '秦阳军团', '黄氏集团', '白马军团', '正大集团', '廖耀湘兵团', '第四团', '第101师团', '第101师团', '王氏集团', '南宫集团', '检查团', '华谊集团', '希望集团', '希望集团', '蒋介石集团', '艺术团', '金龙集团', '茂远集团', '第二兵团', '第56师团', '第56师团', '第10师团', '第10师团', '东普鲁士军团', '黄百韬兵团', '第5团', '第5团', '华尔街财团', '第1兵团', '第1兵团', '德国顾问团', '非洲军团', '黄龙军团', '胡宗南集团', '星系团', '博合集团', '儿童团', '第十三师团', '北方集团', '捷克军团', '捷克军团', '东林军团', '奥塔马集团', '江浙财团', '青龙军团', '黑龙军团', '阳光集团', '艾克斯集团', '华逸集团', '杂技团', '火凤军团', '嘉信集团', '东津财团', '国景集团', '梁氏集团', '第3兵团', '第3兵团', '汤团', '华天集团', '燕氏集团', '面团团', '面团团', '红龙军团', '华东出版集团', '龙氏集团', '宁宇集团', '陈氏集团', '罗氏集团', '第八师团', '金城集团', '天达集团', '柳氏集团', '华氏集团', '香港利雅达集团', '黑漆一团', '第2兵团', '第2兵团', '银河集团', '欧氏集团', '京剧团', '白马团', '第六团', '宏天集团', '慧聪集团', '话剧团', '伍氏集团', '第五团', '庆达集团', '第三兵团', '水团', '开元集团', '麦德林集团', '海达尔集团', '华康集团', '亿龙集团', '大宇集团', '第八团', '重兴集团', '第88团', '第88团', '军乐团', '锐兴集团', '明山建设集团', '第七团', '凌云集团', '凌云集团', '张氏集团', '白龙医药集团', '山水建设集团', '海天集团', '白崇禧集团', '美国财团', '东林集团', '陈赓兵团', '第四军团', '服务团', '报告团', '虎乐集团', '长实集团', '第14师团', '第14师团', '辽阳集团', '第27师团', '第27师团', '共产主义青年团', '第19兵团', '第19兵团', '赵氏集团', '隆海集团', '奥本海默财团', '第12兵团', '第12兵团', '天海集团', '天鼎集团', '第十八师团', '贝尔集团', '洛克特克电视集团', '洛克特克电视集团', '洛克特克电视集团', '洛克特克电视集团', '第二军团', '第4团', '第4团', '第4兵团', '第4兵团', '红旺集团', '台湾军团', '龙飞集团', '第五十五师团', '华联集团', '荣氏集团', '三菱财团', '汇丰集团', '汇丰集团', '萧氏集团', '刘备集团', '朝阳集团', '第40师团', '第40师团', '万象集团', '第七师团', '楚氏集团', '第十九兵团', '第16师团', '第16师团', '北京出版社出版集团', '第四兵团', '政团', '第九兵团', '凌氏集团', '荆州集团', '师一团', '南方兵团', '东华集团', '古氏集团', '娃哈哈集团', '杜聿明集团', '商月集团', '第1师团', '第1师团', '第301团', '第301团', '第十兵团', '钟氏集团', '三菱集团', '井冈山兵团', '金鼎集团', '第114师团', '第114师团', '战天集团', '第33师团', '第33师团', '金狮集团', '第五十三师团', '芝加哥财团', '高阳军团', '第七兵团', '东海财团', '江泰集团', '新丰集团', '新丰集团', '正阳集团', '中国使团', '第34师团', '第34师团', '观光团', '并州军团', '第二十师团', '第十二兵团', '秦氏集团', '第18团', '第18团', '龙腾汽车集团', '南江集团', '董氏集团', '东方兵团', '安氏集团', '第十八兵团', '第五十六师团', '长江集团', '分团', '大能集团', '武氏集团', '陶氏集团', '安凯集团', '舞蹈团', '星宇集团', '凉州军团', '中央兵团', '第18兵团', '第18兵团', '日本财团', '永泰集团', '西北军团', '东盛集团', '李延年兵团', '李延年兵团', '第十一师团', '半团', '爱德华财团', '雅高集团', '第5兵团', '第5兵团', '巴林集团', '天地集团', '马氏集团', '海明集团', '建工集团', '叶氏集团', '美洲集团', '蒙拉财团', '傅作义集团', '渤海军团', '星月军团', '福德集团', '拉洛军团', '东兴集团', '青州军团', '浩东集团', '波士顿财团', '江氏集团', '光明集团', '红蝶军团', '团圆年', '达赖集团', '黄威兵团', '方氏集团', '第15兵团', '第15兵团', '第8团', '第8团', '孙元良兵团', '德州军团', '帝皇集团', '多门师团', '李弥兵团', '李弥兵团', '朱氏集团', '天荣集团', '千峰集团', '宋氏集团', '科林财团', '领事团', '望海投资集团', '第39师团', '第39师团', '英国使团', '第7兵团', '第7兵团', '罗斯福集团', '云山集团', '访华团', '中央军团', '火鹰军团', '大华集团', '阿里巴巴集团', '史氏集团', '海龙集团', '洛杉矶财团', '耀阳军团', '永安集团', '澳中集团', '战象兵团', '高丽使团', '原子团', '东海兵团', '第五兵团', '黄伯韬兵团', '青日集团', '贝氏集团', '芭蕾舞团', '山东兵团', '平英团', '第6团', '第6团', '侨团', '孙氏集团', '林彪集团', '伊拉克南方军团', '伊拉克南方军团', '南诏使团', '展鸿集团', '银河财团', '腾飞集团', '宏达集团', '第二十四师团', '第305团', '第305团', '风紫集团', '修真集团', '第10兵团', '第10兵团', '林海集团', '洛克财团', '洛克财团', '第九团', '赤峰军团', '第10团', '第10团', '米斯兰军团', '柯氏集团', '益州集团', '宜峰集团', '西班牙军团', '冯氏集团', '大火团', '天风集团', '第19师团', '第19师团', '第8师团', '第8师团', '第二百团', '第37师团', '第37师团', '邱清泉兵团', '华青集团', '南开新剧团', '世纪集团', '克利夫兰财团', '安达集团', '霍氏集团', '大明集团', '大昌集团', '斯蒂芬集团', '盛世集团', '八佰伴集团', '荣昌集团', '第20团', '第20团', '神乐财团', '议会党团', '盛氏集团', '第68师团', '第68师团', '东宝集团', '第116师团', '第116师团', '第十团', '江北军团', '刘氏集团', '林氏商团', '泰坦军团', '恒天集团', '比亚乔集团', '武士团', '坂垣师团', '松下集团', '世龙集团', '于化集团', '远东军团', '基团', '曹操集团', '第20师团', '第20师团', '道森集团', '第7团', '第7团', '恒源祥集团', '松江集团', '第15师团', '第15师团', '荷兰使团', '邵氏集团', '长深集团', '第六兵团', '万向集团', '卫青年军团', '卫青年军团', '皇家军团', '黄河集团', '江南集团', '盛元集团', '多曼军团', '雷氏集团', '风畅集团', '第四十九师团', '汪精卫集团', '郑氏集团', '天虹集团', '吴氏集团', '第13团', '第13团', '大通集团', '西欧产业集团', '日本使团', '袁氏集团', '总政歌舞团', '姬氏集团', '第13兵团', '第13兵团', '北极军团', '益州军团', '阿拉伯集团', '红塔集团', '第302团', '第302团', '阳春集团', '白龙集团', '陆军师团', '瑞祥能源集团', '第33团', '第33团', '富康集团', '巨无霸军团', '让洛克菲勒财团', '曹氏集团', '海宇集团', '清龙集团', '胡琏兵团', '第15团', '第15团', '白氏集团', '刘宇集团', '韦氏集团', '菲迪斯集团', '金鹰集团', '沈氏集团', '蒋氏集团', '陆氏集团', '第３师团', '第３师团', '第9团', '第9团', '夏氏集团', '小泉财团', '利库德集团', '特纳集团', '河间军团', '梅隆财团', '日本师团', '太阳马戏团', '视察团', '朱可夫兵团', '白山集团', '安德雷西集团', '第二十二团', '库森兵团', '汤恩伯军团', '蔡京集团', '第58师团', '第58师团', '东进兵团', '锦江集团', '东能集团', '第55师团', '第55师团', '宝鼎集团', '第27军团', '第27军团', '第十三团', '摩门财团', '海鑫集团', '第26师团', '第26师团', '田氏集团', '第十五兵团', '红月军团', '郑州兵团', '鸿泰集团', '风紫娱乐集团', '黑云军团', '黑云军团', '东辰集团', '奥斯集团', '圣昌集团', '伊利集团', '许氏集团', '欧洲财团', '东海联合钢铁集团', '东方军团', '翰林集团', '第二十八团', '德国军事顾问团', '冷气团', '第24团', '第24团', '第十三兵团', '梅列茨科夫兵团', '谢氏集团', '第20兵团', '第20兵团', '第9兵团', '第9兵团', '嘉阳集团', '鸿基集团', '东方歌舞团', '和平集团', '弗林尼米集团', '蒙古兵团', '第十四师团', '俄罗斯财团', '第104师团', '第104师团', '中环集团', '中美集团', '诺然集团', '宁氏集团', '哈里波特集团', '陆航团', '宣氏集团', '雷龙集团', '第8兵团', '第8兵团', '第八兵团', '李氏财团', '环球集团', '第50团', '第50团', '金氏集团', '第23团', '第23团', '苏北兵团', '第12团', '第12团', '幽州军团', '朔州军团', '越秀集团', '范氏集团', '第１团', '第１团', '第十二团', '江雷集团', '天腾集团', '宙斯集团', '华腾集团', '意大利军团', '新雅动力集团', '武佑团', '平定商团', '西武集团', '北京出版集团', '建新集团', '山河集团', '第三十三师团', '郎寰集团', '凯里集团', '凯里集团', '万隆集团', '百乐集团', '刘峙集团', '巴尔德斯财团', '宇通集团', '院团', '第三十八师团', '白银集团', '海都军团', '新疆生产建设兵团', '新泰集团', '韩国锐兴集团', '恒通集团', '天恒集团', '东云财团', '东云财团', '雅戈尔集团', '康乐集团', '容国团', '云源集团', '蝙蝠军团', '季氏集团', '定州军团', '高盛集团', '周氏集团', '东北军团', '广东商团', '卫氏集团', '天木集团', '师二团', '奥地利军团', '雪鹰军团', '新信集团', '薛岳兵团', '薛岳兵团', '孙权集团', '第三十二师团', '南天集团', '汤恩伯集团', '肖氏集团', '东升集团', '东升集团', '靖卫团', '浩宇集团', '仙台师团', '仙台师团', '第二十兵团', '中央集团', '红发集团', '红发集团', '欣荣集团', '乐氏集团', '洛克菲勒集团', '华云房地产集团', '华云房地产集团', '路西法兵团', '路西法兵团', '李仙洲集团', '龙豪集团', '江鹏集团', '翔龙集团', '韩亚集团', '马塞纳师团', '大地集团', '强农集团', '斯坦福考察团', '亮点集团', '蒙泰集团', '江天集团', '龙腾能源集团', '第20军团', '第20军团', '百立集团', '王鑫集团', '第17师团', '第17师团', '郭氏云源集团', '铃木军团', '冷氏集团', '星海兵团', '高氏集团', '黑石集团', '广州商团', '国民党集团', '非洲兵团', '冼氏集团', '四通集团', '苏联顾问团', '群耀集团', '汤恩伯兵团', '第１师团', '第１师团', '工大集团', '奥塔玛集团', '奥塔玛集团', '第42团', '第42团', '第113团', '第113团', '中央慰问团', '黑龙集团', '第16兵团', '第16兵团', '长路集团', '第二十七师团', '盖伦集团', '第六百团', '第23师团', '第23师团', '第三十九师团', '第22师团', '第22师团', '第14团', '第14团', '司马氏集团', '第772团', '第772团', '东方财团', '光明军团', '大夏龙雀集团', '蓝羽军团', '亿联集团', '余汉谋集团', '雷神军团', '华源集团', '袁绍集团', '乌蒙军团', '乌蒙军团', '伊拉克考察团', '伊拉克考察团', '牧野集团', '柏团谷', '缅甸军团', '洛阳军团', '岳氏集团', '葡萄牙商团', '八佰伴国际集团', '通达集团', '宁夏兵团', '金国使团', '宋希濂集团', '万何集团', '皇浦集团', '兰雅集团', '国华集团', '环球航运集团', '金通集团', '东吴集团', '克林斯曼集团', '容克财团', '容克财团', '奥热罗师团', '夏虎军团', '华美集团', '武勇军团', '南洋商团', '蓝星集团', '海格拉军团', '新雅集团', '第三十一团', '新加坡港口集团', '关西财团', 'ＴＣＬ集团', 'ＴＣＬ集团', 'ＴＣＬ集团', 'ＴＣＬ集团', '第38师团', '第38师团', '莱恩集团', '泰雷斯集团', '昂日军团', '卡尔集团', '中远集团', '神华集团', '华夏汽车工业集团', '洛法克集团', '洛法克集团', '第41团', '第41团', '南风集团', '影皇集团', '中集集团', '长江汽车集团', '尤氏集团', '庞克军团', '庞克军团', '科龙集团', '美国使团', '巴比伦军团', '长城集团', '夏亚集团', '爱德华集团', '第0团', '第0团', '铁木军团', '第114团', '第114团', '达能集团', '张云飞集团', '丝宝集团', '崔可夫兵团', '华人财团', '宝华集团', '中央财团', '第12师团', '第12师团', '北非军团', '北约集团', '第19团', '第19团', '文滨剧团', '大阪师团', '朱氏财团', '罗马使团', '天鹰集团', '王竞尧集团', '瑞沃集团', '苏联集团', '鸿鹏集团', '德军集团', '朴氏集团', '第16团', '第16团', '永瑞集团', '葛氏集团', '摩根集团', '第２３师团', '第２３师团', '第２３师团', '天华集团', '德龙集团', '第30团', '第30团', '第14兵团', '第14兵团', '克林福兰集团', '第17团', '第17团', '洪门集团', '张淦兵团', '第十九师团', '远华集团', '金利来集团', '德彪集团', '第二十一兵团', '韩国现代建筑集团', '韩国现代建筑集团', '联信集团', '杰森集团', '长治医疗集团', '董卓集团', '惠晔集团', '讲师团', '卫立煌集团', '天马集团', '修真军团', '第110师团', '第110师团', '第三十六团', '内蒙军团', '内蒙军团', '龙缘集团', '朱明集团', '第11团', '第11团', '第62师团', '第62师团', '金海集团', '陆军兵团', '华沙集团', '新疆建设兵团', '顾氏集团', '信德集团', '东方科技集团', '爱丽丝集团', '文臣集团', '第二十九团', '路桥集团', '华宣集团', '沃尔玛集团', '沃尔玛集团', '黄宇集团', '第32团', '第32团', '魏忠贤集团', '中美联合集团', '罗孚尔集团', '中国军团', '裕隆集团', '第三十团', '斯教团', '大杨集团', '华通集团', '第25团', '第25团', '第七十九团', '锦阳集团', '天通集团', '第十六团', '第十一团', '第306团', '第306团', '裴昌会兵团', '盛鑫集团', '西格集团', '中央乐团', '长治集团', '莱茵哈特集团', '第17兵团', '第17兵团', '西楚兵团', '球状星团', '第7师团', '第7师团', '黑龙江生产建设兵团', '第十五师团', '吕布军团', '吕布军团', '百大集团', '杜光亭集团', '贝氏财团', '包氏集团', '刘汝明兵团', '阿修罗军团', '东月军团', '第34团', '第34团', '第21团', '第21团', '飞宇影视娱乐集团', '凌天集团', '第22团', '第22团', '欧洲使团', '湘军集团', '美国顾问团', '裕安集团', '道尔集团', '杰瑞集团', '黄龙集团', '龙恩集团', '卡利集团', '萨多卡军团', '绿竹集团', '万国商团', '爱乐乐团', '海欣集团', '第38团', '第38团', '第6兵团', '第6兵团', '澳实集团', '第51团', '第51团', '西北投资考察团', '贝海集团', '南德集团', '杨罗耿兵团', '第36师团', '第36师团', '神风军团', '第21师团', '第21师团', '教廷军团', '支羽林军团', '吉吉航空集团', '严氏集团', '徐州集团', '第17军团', '第17军团', '万科集团', '容声集团', '第28团', '第28团', '御东集团', '昴星团', '之江电气集团', '温远集团', '第十八团', '欧洲军团', '南洋海运集团', '亚历山大集团', '河西军团', '双龙集团', '吉尔企业集团', '天鸿集团', '康乐娱乐集团', '万通集团', '第一零三师团', '黄杰兵团', '星沙兵团', '第三十四团', '美国军事顾问团', '亚航集团', '天梦集团', '南方集团', '神乐集团', '罗菲勒财团', '第二十团', '亚华集团', '红叶集团', '红叶集团', '奇风集团', '坦克兵团', '坦克兵团', '艾莫尔军团', '欧赖尔集团', '教廷访问团', '同盟国集团', '飞宇投资集团', '夏氏财团', '福特集团', '南宫财团', '第二五三团', '春兰集团', '第56团', '第56团', '第十五团', '派克财团', '派克财团', '蒙古使团', '新宇集团', '歌源军团', '健力宝集团', '罗广文兵团', '大明使团', '青龙集团', '索尼集团', '人民集团', '华夏电子信息产业集团', '江浙集团', '晋宁集团', '石龙集团', '第31团', '第31团', '华腾娱乐集团', '长江实业集团', '白羽军团', '华润集团', '第二二四团', '威旺迪集团', '恒宇集团', '共产党集团', '诚信集团', '美国联合财团', '郭氏集团', '总政文工团', '黑丰财团', '黑丰财团', '星辉兵团', '霍斯集团', '宏辉集团', '香港集团', '第48师团', '第48师团', '豪龙集团', '第27团', '第27团', '亚特集团', '山东集团', '刘氏财团', '长信集团', '龙恩兵团', '华利集团', '马其顿军团', '第一零一师团', '万山集团', '展团', '东州集团', '德国非洲军团', '第155团', '第155团', '朝鲜使团', '朝鲜使团', '徐启明兵团', '让龙泉集团', '东海集团', '第二十三师团', '风豹军团', '孔团', '第三十二团', '凝团', '海东使团', '恒峰集团', '陆军军团', '紫鹰军团', '千福集团', '第五十二师团', '金色军团', '俊驰集团', '日本访问团', '奥特斯军团', '第264团', '第264团', '东方钢铁集团', '志远集团', '德尼森财团', '上日利乐集团', '第十四兵团', '文东集团', '日立集团', '万成集团', '意尔集团', '哈齐森集团', '军区文工团', '第65团', '第65团', '恩格沃德军团', '第11兵团', '第11兵团', '第十六兵团', '戴尔那集团', '中国集团', '萨鲁曼军团', '方正集团', '中海集团', '第53师团', '第53师团', '天远集团', '陇东兵团', '长风集团', '长虹集团', '第49师团', '第49师团', '苏南军团', '伊东师团', '呼延灼军团', '隆裕集团', '贝恩军团', '顶新集团', '博卡顿军团', '翔宇集团', '戴氏财团', '江青集团', '世纪锦湖地产集团', '师三团', '江海集团', '新世纪集团', '第24师团', '第24师团', '红太阳集团', '张裕集团', '鲁道源兵团', '第一财团', '山水集团', '第65师团', '第65师团', '李左集团', '蓝翎兵团', '青木师团', '飞宇影视集团', '飞宇影视集团', '武昌军团', '三河集团', '第704团', '第704团', '华人企业集团', '温州财团', '永胜集团', '江南企业集团', '高科集团', '秦起师团', '平辉集团', '宝隆集团', '东援集团', '希尔顿集团', '孙斌军团', '孙斌军团', '超大集团', '安联集团', '丽花集团', '丽花集团', '弗耶集团', '第十七团', '熊本师团', '智威军团', '王明集团', '第一零八师团', '马鸿逵集团', '高顺兵团', '本田集团', '万神兵团', '顺驰集团', '匹兹堡财团', '力帆集团', '力帆集团', '京都师团', '空军兵团', '法国军团', '迪亚集团', '满洲兵团', '第二十六团', '亚洲军团', '胡风集团', '华茂集团', '蒙古军团', '加利福尼亚财团', '芝加哥交响乐团', '督导团', '车师使团', '浦诚集团', '天水军团', '浩天集团', '海川集团', '黄埔集团', '黄埔集团', '葡萄牙使团', '第555团', '第555团', '道源兵团', '库伦集团', '贝尔纳多特师团', '富丽集团', '九龙集团', '印度侨团', '布斯堡集团', '第七十五团', '第十四团', '华融集团', '索罗斯集团', '李文卿兵团', '鑫龙集团', '彩虹集团', '江浙商团', '成都军团', '瑞祥科技集团', '第112团', '第112团', '第405团', '第405团', '利宝集团', '堪萨斯军团', '鑫隆集团', '黄河实业集团', '百盛集团', '宋国使团', '第二十军团', '俄国观察团', '东欧集团', '华夏钢铁集团', '第一零六师团', '大鹏军团', '第五军团', '惠宾集团', '费城交响乐团', '淮南兵团', '第五十一团', '海拉尔兵团', '鸿运集团', '第一四二团', '库波拉集团', '谷寿夫师团', '金尚集团', '安丰使团', '安丰使团', '第72团', '第72团', '海兴集团', '泰山军团', '澳洲财团', '第九军团', '第22兵团', '第22兵团', '瑞祥综合集团', '第一钢铁军团', '万燕集团', '杰特军团', '华凤军团', '帝尔集团', '第105团', '第105团', '第二十五团', '国美集团', '华芯集团', '第36团', '第36团', '柏林爱乐乐团', '英格集团', '莫仑集团', '金龙联合集团', '第40团', '第40团', '步二团', '英国财团', '法瓦兹商团', '韩国现代集团', '薛氏财团', '老维克剧团', '老维克剧团', '比蒙军团', '比蒙军团', '贺氏集团', '明士集团', '华北兵团', '长春集团', '高卢军团', '师四团', '冀阳集团', '第二二三团', '波士顿交响乐团', '辽西兵团', '明山建集团', '中国爱乐乐团', '鹿理师团', '曲艺团', '察哈尔军团', '世纪餐饮娱乐集团', '松风集团', '鲁氏集团', '望湖集团', '真耶尼萨军团', '鼎百泰集团', '袁世凯集团', '中国军事顾问团', '迪克西使团', '迪克西使团', '欧洲集团', '第53团', '第53团', '马锡投资集团', '亿鑫集团', '第21兵团', '第21兵团', '森林集团', '第524团', '第524团', '比梅山集团', '菲迪斯国际钢铁集团', '九州集团', '上海保安总团', '北平商团', '陇南兵团', '高畅集团', '第200团', '第200团', '律华集团', '远风集团', '中建集团', '名古屋师团']
枪	['枪', '机枪', '手枪', '长枪', '步枪', '开枪', '火枪', '枪法', '刀枪', '冲锋枪', '枪毙', '持枪', '标枪', '机关枪', '猎枪', '短枪', '枪杆', '中枪', '枪托', '大枪', '自动步枪', '枪枪', '枪枪', '真刀真枪', '洋枪', '驳壳枪', '打枪', '花枪', '烟枪', '钢枪', '第一枪', '投枪', '鸟枪', '快枪', '左轮手枪', '回马枪', '冷枪', '马枪', '缴枪', '抬枪', '鸣枪', '排枪', '红缨枪', '第二枪', '水枪', '虚晃一枪', '一刀一枪', '来复枪', '卡宾枪', '黑枪', '耍花枪', '临阵磨枪', '左轮枪', '气枪', '多枪', '火药枪', '打冷枪', '打黑枪', '毛瑟枪', '信号枪', '第三枪', '发令枪', '单枪', '扎枪', '重机关枪', '匣子枪', '暗枪', '旗枪', '焊枪', '喷枪', '匹马单枪', '杀回马枪', '舌剑唇枪', '轻机关枪', '第四枪', '吃枪药', '第五枪', '电子枪', '涉枪', '贩枪', '基因枪', '第六枪', '打打枪', '铆钉枪', '披甲持枪']
尽	['尽', '无尽', '用尽', '不尽', '一饮而尽', '同归于尽', '耗尽', '自尽', '无穷无尽', '感激不尽', '一网打尽', '极尽', '费尽', '详尽', '受尽', '筋疲力尽', '淋漓尽致', '意犹未尽', '竭尽', '历尽', '穷尽', '吃尽', '山穷水尽', '一言难尽', '尽欢', '仁至义尽', '流尽', '净尽', '感恩不尽', '除恶务尽', '伤亡殆尽', '机关算尽', '取之不尽', '言无不尽', '人尽其才', '受用不尽', '悬梁自尽', '荡尽', '荡尽', '江郎才尽', '罄尽', '投河自尽', '民穷财尽', '春蚕到死丝方尽', '余兴未尽', '野火烧不尽', '床头金尽', '受尽磨折', '受尽磨折', '寿数已尽', '投缳自尽', '吃着不尽', '腊尽春回', '灯尽油干', '扫地以尽', '详详尽尽', '详详尽尽', '详详尽尽', '详详尽尽', '言之不尽', '钟鸣漏尽', '孤帆远影碧空尽', '孤帆远影碧空尽', '知无不尽', '油干灯尽', '谭尽望', '扫地俱尽', '财竭力尽', '机关用尽']
仿	['仿佛', '仿', '模仿', '相仿', '效仿', '仿制', '仿照', '摹仿', '欧阳仿', '氯仿', '陈仿', '张仿', '李仿', '律仿']
佛	['仿佛', '佛', '彷佛', '阿弥陀佛', '佛法', '活佛', '哈佛', '成佛', '弥勒佛', '念佛', '拜佛', '如来佛', '丹佛', '借花献佛', '不看僧面看佛面', '大活佛', '吃斋念佛', '烧香拜佛', '求神拜佛', '万家生佛', '立地成佛', '青灯古佛', '立佛', '卧佛', '放下屠刀立地成佛', '乐山大佛', '珍妮佛', '济公活佛', '乔佛里', '释迦牟尼佛', '诵经礼佛', '哈活佛', '连佛', '钦活佛', '宁活佛', '长斋礼佛', '艾佛里', '徐佛苏', '长斋绣佛', '王活佛', '范佛里', '楚活佛']
欲	['欲', '欲望', '意欲', '情欲', '随心所欲', '食欲', '性欲', '人欲', '贪欲', '私欲', '七情六欲', '纵欲', '肉欲', '色欲', '禁欲', '物欲', '兽欲', '清心寡欲', '穷奢极欲', '利欲', '亟欲', '口腹之欲', '寡欲', '嗜欲', '节欲', '饱暖思淫欲', '从心所欲', '求知欲望', '己所不欲', '存天理灭人欲', '天理人欲', '耳目之欲', '恣情纵欲', '恬淡寡欲', '清简寡欲', '少私寡欲', '惩忿窒欲']
呆	['呆', '呆呆', '呆呆', '目瞪口呆', '发呆', '惊呆', '痴呆', '看呆', '呆板', '目定口呆', '木呆呆', '木呆呆', '滞呆', '假痴假呆', '纳呆', '呆呆板板', '呆呆板板', '呆呆板板', '呆呆板板', '呆呆板板', '呆呆板板']
暗	['暗', '黑暗', '暗暗', '暗暗', '昏暗', '暗地里', '阴暗', '幽暗', '灰暗', '暗里', '天昏地暗', '明争暗斗', '明暗', '忽明忽暗', '晦暗', '或明或暗', '暗斗', '阴暗面', '半明半暗', '若明若暗', '愚暗', '暗枪', '明珠投暗', '偏听则暗', '月色昏暗', '弃明投暗', '黑暗期', '黑暗期', '天色晦暗', '花明柳暗', '凄暗', '暗云']
圣	['圣', '神圣', '天圣', '朝圣', '圣药', '至圣', '姚启圣', '医圣', '超凡入圣', '显圣', '孙大圣', '贺逢圣', '圣拉玛', '圣拉玛', '小圣', '诗圣', '陶希圣', '齐大圣', '绍圣', '圣历', '朴元圣', '棋圣', '圣玛', '证圣', '游道圣', '草圣', '范希圣', '王上圣', '黄金圣', '冯圣法', '嗣圣', '曾希圣', '单杰圣', '杨希圣', '郑雪圣', '曹通圣', '董贤圣', '齐仁圣', '宗惠圣', '王志圣', '圣西蒙', '温仁圣', '灵丹圣药', '欧冶圣', '牛伟圣', '宗昭圣', '左匡圣', '赵超圣', '金晶圣', '刑经圣', '圣克', '崇恩圣', '罗汝圣', '老圣', '金吾圣', '王和圣', '朱继圣', '远慕圣', '英三圣', '扈从圣', '叶希圣', '左卫圣', '殷忧启圣', '陆大圣', '海大圣', '纪达圣', '封崇圣', '谭非圣', '钦先圣', '明教圣', '齐王圣', '王五圣', '圣艾克', '国复圣', '国复圣']
玩	['玩', '好玩', '玩玩', '玩玩', '游玩', '把玩', '古玩', '闹着玩', '贪玩', '玩法', '赏玩', '珍玩', '玩物丧志', '亵玩', '逗着玩', '耍玩', '闲玩', '清玩', '雅玩']
药	['药', '弹药', '毒药', '火药', '炸药', '灵药', '草药', '医药', '吃药', '中药', '服药', '药铺', '春药', '制药', '上药', '下药', '芍药', '药厂', '膏药', '灵丹妙药', '安眠药', '汤药', '无可救药', '良药', '抓药', '丸药', '麻药', '农药', '圣药', '补药', '不可救药', '对症下药', '配药', '新药', '蒙汗药', '后悔药', '煎药', '制药厂', '猛药', '西药', '特效药', '麻醉药', '入药', '泻药', '熬药', '山药', '狗皮膏药', '开药', '中草药', '止痛药', '避孕药', '成药', '试药', '云南白药', '迷幻药', '没药', '换汤不换药', '黑色火药', '火药枪', '中医药', '无烟火药', '中成药', '缺医少药', '白药', '葫芦里卖什么药', '葫芦里卖什么药', '耗子药', '不药而愈', '打药', '药面', '酒药', '减肥药', '中药厂', '卖狗皮膏药', '方药', '藏药', '投药', '土药', '白龙医药集团', '贴膏药', '蒙药', '一帖药', '凉药', '药监局', '第一制药厂', '吃后悔药', '兽药', '司药', '虫药', '花药', '背着药', '吃枪药', '杀虫药', '惠民药局', '惠民药局', '抗药', '塞药', '热药', '消毒药', '国药', '秀云药厂', '秀云药厂', '灵丹圣药', '卡特拉药厂', '中西药', '万应灵药', '上上药', '白云山中药厂', '耐药', '早占勿药', '对症发药', '聚药', '保春制药厂', '特药', '同辉制药厂', '咳嗽药', '东方制药厂', '缺衣少药', '元中制药厂', '宾州制药厂', '东方药厂', '焊药', '抗炎药', '煲药']
斗	['战斗', '斗', '争斗', '打斗', '决斗', '格斗', '奋斗', '斗志', '搏斗', '阿斗', '恶斗', '筋斗', '相斗', '单打独斗', '斗法', '北斗', '星斗', '烟斗', '武斗', '跟斗', '批斗', '游斗', '明争暗斗', '苦斗', '械斗', '坐山观虎斗', '南斗', '斗斗', '斗斗', '龙争虎斗', '挂斗', '泰斗', '漏斗', '泰山北斗', '困兽犹斗', '艰苦奋斗', '满天星斗', '生死搏斗', '暗斗', '私斗', '殊死搏斗', '窝里斗', '才高八斗', '殴斗', '翻筋斗', '左光斗', '虎斗', '斤斗', '左斗', '熨斗', '擒拿格斗', '李耀斗', '赵光斗', '笆斗', '金斗', '挨斗', '齐用斗', '巴斗', '两虎相斗', '气冲牛斗', '金光斗', '斗蟋蟀', '孙和斗', '甘十斗', '刘光斗', '男不与女斗', '挎斗', '门斗', '墨斗', '龙虎斗', '李光斗', '栽跟斗', '半斗', '程万斗', '水斗', '海斗', '范永斗', '张光斗', '翻斗', '祝天斗', '陪斗', '移星换斗', '凌光斗', '李一斗', '曹万斗', '韩小斗', '斗阵法', '斗阵法', '二虎相斗', '刁斗', '风斗', '冰斗', '鹿斗', '拖斗', '姜斗', '电熨斗', '蔡映斗', '一天星斗', '甘元斗', '背斗', '王斗', '蔡斗', '李八斗', '胆大如斗', '于文斗', '于文斗', '上官斗', '全斗', '打筋斗', '李南斗', '黄天斗', '作困兽斗', '抓斗', '转斗千里', '李金斗', '斗斗法', '斗斗法', '斗斗法', '斗斗法', '强龙斗', '潘光斗', '明斗', '摔筋斗', '赵五斗', '箕斗', '料斗', '气吞牛斗', '加斗', '桑斗', '八斗之才', '智斗', '丁太斗', '孙安斗', '覆斗', '杜金斗', '张万斗', '曹一斗', '陈光斗', '步斗', '田昌斗', '哈斗', '余小斗', '寇大斗', '一斗斗', '一斗斗', '一斗斗', '一斗斗', '战斗法', '战斗法', '斗方法', '斗方法', '姚五斗', '与石北斗']
制	['控制', '制', '限制', '压制', '炼制', '禁制', '克制', '牵制', '抑制', '编制', '体制', '研制', '复制', '机制', '特制', '节制', '强制', '受制', '管制', '遏制', '自制', '抵制', '专制', '木制', '建制', '改制', '绘制', '法制', '统制', '仿制', '配制', '制药', '定制', '官制', '钳制', '录制', '旧制', '缝制', '调制', '帝制', '无限制', '军制', '铁制', '如法炮制', '炮制', '摄制', '挟制', '礼制', '祖制', '奴隶制', '打制', '制造厂', '控制台', '股份制', '印制', '兵制', '试制', '形制', '所有制', '监制', '酿制', '精制', '皮制', '新制', '制药厂', '税制', '责任制', '创制', '经济体制', '烹制', '订制', '御制', '制台', '公有制', '一夫一妻制', '美制', '私有制', '预制', '土制', '腌制', '制片厂', '辖制', '币制', '君主制', '军事管制', '玉制', '扼制', '学制', '控制面板', '一国两制', '违制', '民主集中制', '江南制造局', '政制', '裁制', '封建制', '刻制', '共和制', '君主立宪制', '陶制', '临朝称制', '二进制', '负责制', '纸制', '自动控制', '全民所有制', '工作制', '终身制', '粗制', '典制', '总统制', '一夫多妻制', '控制板', '制御', '合作制', '淘汰制', '赛制', '农奴制', '家长制', '募兵制', '军衔制', '分封制', '交通管制', '铸制', '英制', '代议制', '供给制', '郡县制', '内制', '十进制', '全日制', '计算机控制', '灯火管制', '胁制', '两制', '制表', '井田制', '父权制', '盛京制造局', '承包制', '议会制', '依法炮制', '征兵制', '熏制', '宪制', '选举制', '公制', '合同制', '制衣厂', '控制法', '绣制', '无线电控制', '制品厂', '宰制', '鞣制', '实名制', '禁制法', '禁制法', '义务兵役制', '十六进制', '灌制', '吉林制造局', '单位制', '外汇管制', '陪审制', '第一制药厂', '正控制', '兵役制', '巨制', '代理制', '采制', '联合制', '炼制法', '炼制法', '鸿篇巨制', '轧制', '参与制', '洪宪帝制', '财政体制', '合议制', '葬制', '两党制', '上海制造局', '译制', '去抑制', '多党制', '分餐制', '统制法', '统制法', '上海电影制片厂', '百分制', '母权制', '两院制', '过程控制', '新机制', '搭制', '机械控制', '松江第一汽车制造厂', '复本位制', '复本位制', '上海江南制造局', '北京电影制片厂', '王莽改制', '漫无限制', '聘任制', '腾飞机械制造厂', '控制控制', '控制控制', '控制控制', '控制控制', '米制', '岗位责任制', '志愿兵制', '市制', '租赁制', '武汉军械制造局', '流控制', '编制法', '品质管制', '皇家制铁厂', '皇家制铁厂', '长春电影制片厂', '迪斯尼制片厂', '中国电影制片厂', '一党制', '犬牙相制', '管制法', '提制', '金陵制造局', '拉制', '天津制造局', '保春制药厂', '衡制', '牵制法', '牵制法', '同辉制药厂', '巴士拉航空制造厂', '设备控制', '检制', '数字控制', '标准制', '数制', '巴士拉飞机制造厂', '控制结构', '任期制', '东方制药厂', '夏时制', '限制法', '限制法', '二进位制', '普选制', '元中制药厂', '宾州制药厂', '耕作制', '项目控制', '上海飞机制造厂', '曙光汽车制造厂', '循环制', '包干制', '特纳铁制品厂', '泰勒制', '天津机器制造局', '俱乐部制', '青城飞机制造厂', '成都飞机制造厂', '绘制法', '绘制法', '外婚制', '克制克制', '克制克制', '克制克制', '克制克制']
周	['周', '四周', '周游', '周冲', '周期', '每周', '北周', '大周', '周年', '后周', '周刊', '小周', '老周', '周折', '刘武周', '西周', '上周', '东周', '唐梦周', '姓周', '周岁', '庄周', '商周', '葛从周', '周润发', '刘宗周', '周凌云', '周凌云', '张镇周', '于周', '于周', '周云', '黄道周', '圆周', '马周', '杜洛周', '周皇后', '孙大周', '孟维周', '张宗周', '时代周刊', '高行周', '易周', '大费周折', '姬宗周', '司马周', '周远志', '周远志', '周复', '第一周', '周松', '周千里', '周千里', '武周', '抓周', '半周', '唐周', '第二周', '周远征', '周远征', '周大年', '秦周', '狄周', '罗周', '周南征', '周南征', '胡周', '吕青周', '周姗姗', '周姗姗', '周翠云', '周蒙', '宗周', '周祁云', '周升', '廖运周', '周玉升', '祖存周', '周中岳', '周中岳', '沈周', '周大志', '周大志', '周立升', '周立升', '张周', '曲周', '周望年', '周望年', '第三周', '周嫒嫒', '周嫒嫒', '周妤', '周法', '李维周', '孙汉周', '文宇周', '郑慕周', '周伯才', '周志', '周柳花', '渠安周', '双周刊', '姚周', '周文斌', '周广', '韩赞周', '王从周', '周斌', '周毅斌', '贺兰周', '周王朱', '值周', '周捷', '长周期', '邵令周', '周岳', '吕师周', '周茂才', '高智周', '新周刊', '朱丹周', '亚洲周刊', '周蔷', '周皓', '隋代周', '衣食不周', '王行周', '周人法', '周友斌', '周公吐哺', '周廷望', '周而复', '张继周', '周钟岳', '周钟', '杜朔周', '赵周', '周常松', '吴大周', '刘匡周', '纪念周', '星闻周刊', '刘绍周', '杜周', '壹周刊', '史周', '周念苏', '马兆周', '周乔志', '李敬周', '周奶奶', '周奶奶', '吴绍周', '隔周', '李周', '周周', '周周', '王周', '朋党比周', '唐为周', '谢周', '马绍周', '安周', '齐周', '李万周', '周同志', '周同志', '周国志', '周才', '阚伯周', '周冬', '周维岳', '周历', '楚周', '周公望', '周公望', '周勤', '周敬云', '周才发', '周才发', '周士朴', '东方周刊', '陈周', '宣传周', '周靖望', '贾周', '牛尚周', '渠天周', '何绍周', '周晓松', '周东勤', '第五周', '滕绍周', '文学周', '周婕', '周丰', '林周', '尚书周', '平周', '吴宗周', '铁卫周', '孙周', '周小松', '周游才', '周游才', '张行周', '兆周', '第六周', '吕日周', '周德才', '周德才', '周青松', '周青松', '周转期', '姬周', '周文郁', '活动周', '周郁', '第七周', '第八周', '明报周刊', '周嘉年', '武衍周', '周碧云', '周碧云', '冀人周', '周淑花', '蒋周', '上上周', '周小余', '周慕云', '殷周', '步快周', '李遐周', '第9周', '第9周', '周及皋', '周兴云', '祝绍周', '曹周谷', '庄周广', '庄周广', '李行周', '第九周', '马步周', '袁绍周', '生存周期', '虞候周', '周光复', '周光复', '刘周', '刘昌周', '李纪周', '李嗣周', '赵洛周', '章择周', '钱运周', '周满云', '清华周刊', '唐颂周', '郝呈周', '周秉望', '中国新闻周刊', '翁和周', '周发', '官周', '周吉婕', '马场赖周', '美国商业周刊', '第十周', '卜师周', '华周']
划	['计划', '划', '策划', '规划', '比划', '谋划', '筹划', '有计划', '原计划', '企划', '比划比划', '比划比划', '比划比划', '比划比划', '五年计划', '笔划', '划划', '划划', '全盘计划', '区划', '计划表', '项目计划', '远景规划', '教学计划', '定计划', '重划', '界划', '一揽子计划', '银钩铁划', '通盘筹划', '计划计划', '计划计划', '计划计划', '计划计划', '筹划筹划', '筹划筹划', '筹划筹划', '筹划筹划', '规划法', '家庭计划', '划价', '策划策划', '策划策划', '策划策划', '策划策划', '计划法', '计划法', '线性规划', '计划期', '计划期', '测试计划', '网络规划']
台	['台', '舞台', '平台', '柜台', '电视台', '擂台', '阳台', '上台', '后台', '电台', '高台', '下台', '炮台', '天台', '看台', '讲台', '前台', '窗台', '吧台', '台面', '主席台', '石台', '灵台', '莲台', '五台', '出台', '站台', '戏台', '登台', '祭台', '烛台', '茅台', '楼台', '写字台', '倒台', '垮台', '砚台', '三台', '窝阔台', '中央电视台', '月台', '下不了台', '手术台', '露台', '道台', '服务台', '瑶台', '控制台', '丰台', '烽火台', '港台', '瀛台', '灶台', '祝英台', '烟台', '钓鱼台', '梳妆台', '断头台', '展台', '妆台', '雨花台', '工作台', '仙台', '广播电台', '第一台', '收银台', '拆台', '塔台', '制台', '藩台', '操作台', '天文台', '台端', '井台', '无线电台', '洛克特克电视台', '洛克特克电视台', '洛克特克电视台', '打擂台', '圆台', '船台', '坐台', '锅台', '领奖台', '近水楼台', '镜台', '观礼台', '花台', '中央台', '东台', '灯台', '后台老板', '望乡台', '入台', '鱼台', '龙应台', '阮云台', '台布', '尚书台', '轮台', '哈合台', '球台', '发射台', '邢台', '升降台', '台历', '跳台', '债台高筑', '郑洪台', '敌台', '葛朗台', '凤台', '乌克台', '郭丰台', '晒台', '肖金台', '炉台', '古纳台', '中央人民广播电台', '禹王台', '柳梦台', '港澳台', '地台', '北京电视台', '气象台', '乌鲁台', '地方台', '开台', '吉仁台', '寻呼台', '转台', '站柜台', '蒋云台', '司天台', '蜡台', '泉台', '九台', '墩台', '郝云台', '驻台', '第二台', '化妆台', '坍台', '走马章台', '日本电视台', '芦台', '摆擂台', '上海电视台', '主控台', '东方电视台', '凌烟台', '吴王台', '章华台', '龚春台', '司令台', '美台', '青瓦台', '观象台', '查号台', '操纵台', '棱台', '瞭望台', '城台', '奇台', '孙伯台', '丛台', '肖玉台', '楼阁亭台', '张春台', '剑桥天文台', '东京电视台', '塌台', '卫视中文台', '卫视中文台', '台钟', '印台', '魏行台', '压台', '角台', '松江电视台', '观测台', '奖台', '侵台', '盥洗台', '补台', '撑台', '东彩台', '湖南电视台', '副台', '福克斯电视台', '上海东方电视台', '舞榭歌台', '香港电视台', '有线电视台', '有线电视台', '债台', '一中一台', '钻台', '何学台', '岗台', '二人台', '郭镇台', '格林威治天文台', '刘一台', '中央电台', '亚洲电视台', '晾台', '第四台', '陈公台', '查询台', '东南电视台', '美国电视台', '中央广播电台', '天南电视台', '中海电视台', '中台', '仙台师团', '仙台师团', '莫元台', '华南电视台', '半台', '靶台', '人民广播电台', '紫金山天文台', '北市电视台', '香港电台', '富士电视台', '楚望台', '吴公台', '九层之台', '广东电视台', '丁炳台', '宁绍台', '德国电台', '新华广播电台', '上海人民广播电台', '江南电视台', '深圳电视台', '四川电视台', '望海市电视台', '社会舞台', '东京电台', '莫斯科电台', '麻尼台', '海城市电视台', '闽台', '脱虎台', '美国有线电视台', '美国有线电视台', '司宪台', '东方台', '燕金台', '李镇台', '聂云台', '法国电视台', '卢思台', '王吕台', '苏合台', '肩台', '肖乃台', '古城电视台', '河北电视台', '宋王台', '安东电视台', '新世纪电视台', '转播台', '湖北电视台', '杭州电视台', '望海电视台', '地震台', '日本电台', '刘天台', '东京广播电台', '巴黎天文台', '英国电视台', '天南省电视台', '延安广播电台', '南京电视台', '黑冰台', '黄金台', '莫斯科广播电台', '张石台', '德国电视台', '路以台', '滨海电视台', '柏林电台', '张高台', '宋军台', '广西电视台', '侯吕台', '华之台', '成都电视台', '居宪台', '汉台', '波士顿天文台', '刘学台', '三江电视台', '张东台', '齐南电视台', '南平电视台']
确	['的确', '确', '正确', '准确', '明确', '精确', '千真万确', '的的确确', '的的确确', '确证', '真确', '确当', '真真确确', '真真确确', '意图明确']
杯	['杯', '酒杯', '茶杯', '举杯', '干杯', '世界杯', '玻璃杯', '奖杯', '碰杯', '咖啡杯', '金杯', '第二杯', '第一杯', '纸杯', '夜光杯', '贪杯', '第三杯', '银杯', '一杯杯', '一杯杯', '亚洲杯', '保温杯', '捧杯', '烧杯', '优胜者杯', '超级杯', '第四杯', '杯杯', '杯杯', '量杯', '好酒贪杯', '杯面', '杯酒言欢', '第五杯', '第七杯', '第六杯', '盖杯', '足协杯', '托杯', '浊酒一杯', '第九杯', '第八杯', '第十杯', '汤姆斯杯', '尤伯杯']
板	['老板', '板', '地板', '甲板', '木板', '板板', '板板', '石板', '天花板', '铁板', '门板', '钢板', '黑板', '拍板', '跳板', '身板', '铜板', '叫板', '腰板', '篮板', '古板', '呆板', '样板', '死板', '刻板', '踏板', '平板', '舢板', '楼板', '脚板', '滑板', '车老板', '案板', '面板', '砧板', '上甲板', '挡板', '夹板', '模板', '隔板', '纸板', '画板', '脚底板', '二老板', '板栗', '翻板', '竹板', '玻璃板', '控制面板', '底板', '后台老板', '血小板', '快板', '停板', '手板', '滑雪板', '光板', '铺板', '跌停板', '薄板', '硬板', '硬纸板', '老古板', '走板', '菜板', '控制板', '调色板', '一字一板', '顶板', '搓板', '各打五十大板', '跷跷板', '洗衣板', '檀板', '拖地板', '主甲板', '图板', '胶合板', '牙板', '龟板', '显示板', '垫板', '七巧板', '板胡', '铅板', '线路板', '三合板', '三角板', '闸板', '响板', '铝板', '骨板', '翘翘板', '塑料板', '帆板', '过桥抽板', '雕板', '侧板', '中原板荡', '极板', '石膏板', '信息板', '中板', '圆板', '线板', '散板', '孔板', '蜡板', '翼板', '复合板', '剪贴板', '布告板', '切菜板', '纤维板', '呆呆板板', '呆呆板板', '呆呆板板', '呆呆板板', '呆呆板板', '呆呆板板', '三夹板', '导板', '死死板板', '死死板板', '接线板', '环板', '翘板', '石盖板', '管板', '盾板', '筛板', '内板', '纹板', '塑板', '透明板', '呱嗒板', '穿板', '五合板', '金钱板']
复	['恢复', '复', '报复', '重复', '反复', '回复', '答复', '修复', '收复', '不复', '复制', '平复', '慕容复', '康复', '万劫不复', '光复', '复苏', '繁复', '复辟', '反反复复', '反反复复', '复发', '往复', '韩复', '批复', '克复', '年复一年', '李开复', '严复', '匡复', '韩复榘', '韩复榘', '打击报复', '上官复', '循环往复', '天复', '来复枪', '兴复', '旧病复发', '贾复', '复核', '周复', '杨嗣复', '李复', '万物复苏', '全复', '陈龙复', '杜复', '经济复苏', '钱复', '王复', '复刊', '萧复', '初复', '赵复', '尚复', '恢复期', '庆复', '此复', '朱复', '杨复', '柳复', '归复', '姬思复', '李道复', '刘三复', '电复', '山重水复', '颜庆复', '吴世复', '高复', '秘复', '复子明辟', '冯兆复', '魏复', '仲复', '何为复', '作复', '李觉复', '宗复', '潘复', '莫敢复', '危而复', '景复', '复叶', '系统恢复', '司复', '金复', '奉复', '孙复', '杨庆复', '方复', '恢复恢复', '恢复恢复', '恢复恢复', '恢复恢复', '秦复', '范复', '文复', '陈复', '宫复', '刘复', '官复', '国复', '黄景复', '曹复', '恢复系', '劳复', '周而复', '李来复', '黄德复', '容复', '宁复', '禀复', '张复', '核报复', '核报复', '重复法', '宁可复', '莫复', '吴复', '何复', '罗复', '转复', '全忠复', '温复', '苏复', '焦复', '薛复', '何得复', '门复', '安可复', '徐复', '王彦复', '相复', '死而复苏', '郎幼复', '唐复', '整复', '包志复', '张大复', '密复', '复本位制', '复本位制', '安能复', '复合板', '仇未复', '重重复复', '重重复复', '重重复复', '重重复复', '毕复', '裴敦复', '车师复', '何可复', '安复', '皇复', '查复', '玄复', '信复', '宋君复', '毋复', '徐世复', '刘再复', '许复', '函复', '彭复', '颜复', '宋复', '谭复', '满复', '姚崇复', '果复', '驳复', '南三复', '无往不复', '柳三复', '荣复', '曾复', '顾复', '明旦复', '何所复', '谢复', '戴复', '史复', '康复期', '康复期', '师复', '方进复', '明复', '余众复', '卓复', '马复', '胡复', '唐启复', '祖复', '晋复', '李光复', '闻复', '袁复', '闵复', '何敢复', '毋得复', '南复', '何颜复', '远而复', '晋人复', '种复', '陆三复', '蒋复', '权复', '燕王复', '安得复', '檀复', '毛复', '蒙复', '苟复', '赵光复', '计复', '燕复', '恢复法', '恢复法', '石复', '古复', '鲁复', '耿复', '梅复', '徐道复', '远复', '沈复', '梁复', '简复', '刘光复', '仇复', '盖复', '乐复', '申复', '复员证', '吕复', '狄复', '余复', '殷复', '武复', '霍复', '一阳来复', '赖以复', '孔谦复', '脱复', '方可复', '周光复', '周光复', '姚为复', '寇复', '华复', '阎明复', '田复', '党复', '黎中复', '施复', '诸军复', '尉复', '尚可复', '张勋复', '容思复', '云复', '邵肇复', '于复', '复摆', '禹复', '德复', '王光复', '李云复', '朱邦复', '袁绍复', '秦王复', '尚书复', '路复', '师后复', '师后复', '龙复', '边又复', '刘秀复', '仇必复', '归而复', '段复', '范复表', '寇而复', '虞复', '夏复', '王乃复', '国复圣', '国复圣', '白复', '秦必复', '楚复', '阳复', '章复', '刘景复']
摆	['摆', '摆摆', '摆摆', '大摇大摆', '摇摆', '摆布', '下摆', '前摆', '摇摇摆摆', '摇摇摆摆', '衣摆', '明摆', '任人摆布', '钟摆', '飘摆', '摆荡', '扭摆', '停摆', '听人摆布', '单摆', '摆擂台', '东摇西摆', '铺摆', '铺摆', '复摆', '摆杆']
腿	['腿', '大腿', '小腿', '右腿', '后腿', '盘腿', '长腿', '鸡腿', '撒腿', '二郎腿', '拔腿', '火腿', '跑腿', '裤腿', '玉腿', '绑腿', '伸腿', '拖后腿', '蹬腿', '花拳绣腿', '飞毛腿', '腰腿', '护腿', '跑跑腿', '弹腿', '扫堂腿', '罗圈腿', '扯后腿', '牛腿', '压腿', '象腿', '胳膊拧不过大腿', '寒腿', '金华火腿', '裹腿', '抱大腿', '云腿', '伸伸腿', '歇歇腿', '骗腿', '拉后腿', '大小腿', '拉腿', '踹腿', '扯腿', '腿勤', '基本腿法', '歇腿', '拔不出腿', '风动腿法', '蹲腿', '对腿法', '好腿法', '抱粗腿', '料腿']
照	['照', '按照', '依照', '关照', '照面', '映照', '耿照', '对照', '光照', '遵照', '拍照', '护照', '参照', '写照', '牌照', '执照', '李清照', '照准', '仿照', '驾照', '张照', '普照', '回光返照', '比照', '日照', '朱厚照', '肝胆相照', '阳光普照', '虞照', '夕照', '陈光照', '斜照', '司空照', '来照', '营业执照', '反照', '朱菁照', '裸照', '驾驶执照', '心照', '管照', '舒一照', '残照', '烛照', '剧照', '返照', '照发', '王照', '小照', '秦照', '知照', '打照面', '福星高照', '玉照', '云照', '快照', '田永照', '江中照', '晚照', '方照', '郭成照', '彩照', '王照云', '王照云', '辉照', '武照', '庞照', '朱君照', '吉星高照', '查照', '遗照', '强光照', '李照', '近照', '董照', '孙照', '鲍照', '关照关照', '关照关照', '关照关照', '关照关照', '远照', '赵照', '秦王照', '龚照', '萧圆照', '杨照', '对照表', '冷必照', '叶天照', '叶照', '何天照', '张常照', '尹天照', '钱昌照', '纪念照', '梅启照', '姚东照', '鸿运高照', '西风残照', '立此存照', '斜阳夕照', '凭照', '清冈正照', '吊销执照', '车照', '沈天照', '存照', '王统照', '曹普照', '林照', '陈高照', '华照', '果照', '伍盘照', '高照', '惠照', '朱照', '余照', '潘照', '辐照', '张合照', '戏照', '唐明照', '金光照', '东照', '苏明照', '拍拍照', '萧元照', '司马照', '明照', '照照面', '照照面', '照照面', '照照面', '李重照', '对日照', '南普照', '丘青照', '魏照', '司照', '中英对照', '对照对照', '对照对照', '对照对照', '对照对照', '方炳照', '黄锡照', '鹈殿长照', '华流照', '容光照']
谷	['谷', '山谷', '峡谷', '深谷', '秋谷', '河谷', '五谷', '幽谷', '上谷', '低谷', '溪谷', '温谷', '稻谷', '曼谷', '死谷', '硅谷', '阳谷', '关峥谷', '云谷', '章秋谷', '进退维谷', '包谷', '太谷', '丁谷', '大峡谷', '钱谷', '毒谷', '桃谷', '伍谷', '黄三谷', '春谷', '麻谷', '小谷', '秦枫谷', '虚怀若谷', '音谷', '裂谷', '姓谷', '晒谷', '谷清年', '班谷', '苞谷', '布谷', '谷价', '神谷', '鬼谷', '龙谷', '老谷', '莫声谷', '沟谷', '香谷', '平谷', '黄枫谷', '谷里', '波谷', '叶谷', '白谷', '刈谷', '崖谷', '府谷', '麦谷', '姜少谷', '玄冰谷', '声震山谷', '李若谷', '满坑满谷', '万丈深谷', '于谷', '深山穷谷', '张若谷', '安谷', '韩若谷', '薛秋谷', '李谷', '为谷', '铁谷', '明谷', '六谷', '打谷', '陶谷', '沙谷', '王谷', '黑谷', '甘谷', '史谷', '矶谷', '李孟谷', '深山幽谷', '万花谷', '易若谷', '吴若谷', '冰谷', '黑耀谷', '冯谷', '方青谷', '罗谷里', '东谷', '石谷', '谷王朱', '长谷', '骆谷', '游仙谷', '谷松', '藏剑谷', '向谷', '莫怀谷', '贺兰谷', '低谷期', '低谷期', '乐正谷', '嚼谷', '赵谷', '秦谷', '大谷', '修谷', '那谷', '汤谷', '高谷', '腾龙谷', '黄少谷', '花谷', '熊谷', '万青谷', '涉谷', '洪源谷', '与谷', '景谷', '和谷', '林小谷', '木谷', '林秋谷', '张谷', '奥谷', '韦方谷', '桑谷', '向谷清年', '向谷清年', '王陵谷', '雷谷', '宁戎谷', '隘谷', '柏团谷', '莫谷', '安杜谷', '李积谷', '郁次谷', '我谷', '奚少谷', '蒋松谷', '干谷', '秕谷', '徐谷', '于洪谷', '于洪谷', '黑石谷', '谷望', '柏谷', '谷雪丰', '深山野谷', '归谷', '全谷', '万灵谷', '陈谷', '土谷', '横谷', '天谷', '进退惟谷', '本谷', '高岸为谷', '秘谷', '郑君谷', '居谷', '林越谷', '纵谷', '李鸿谷', '程少谷', '中谷', '优谷', '丘谷', '云薇谷', '曹周谷', '见谷', '贵谷', '黄君谷', '彭沛谷', '枕山栖谷', '圆谷', '渠积谷', '白银谷', '苑崇谷', '张超谷', '主谷清年', '主谷清年', '朝谷', '颜谷', '金谷', '林谷', '钟谷', '龙行谷', '兰谷', '南谷', '五月粜新谷', '欧阳谷', '如临于谷', '如临于谷', '丘宽谷', '鼠谷', '进退唯谷', '王百谷']
钟	['分钟', '钟', '钟云', '刻钟', '宁钟', '秒钟', '时钟', '闹钟', '点钟', '警钟', '钟表', '洪钟', '情有独钟', '黄钟', '挂钟', '老态龙钟', '宗钟', '声如洪钟', '小钟', '钟元年', '钟元年', '丧钟', '钟摆', '生物钟', '龙钟', '自鸣钟', '座钟', '声若洪钟', '老钟', '岳钟麒', '岳钟麒', '林钟', '金钟', '金阳钟', '王钟', '姓钟', '编钟', '暮鼓晨钟', '秦钟', '皇钟', '陈钟', '晨钟', '石英钟', '钟竞年', '钟竞年', '闻钟', '钟松', '石钟', '刑钟', '钟斌', '段千钟', '钟皓', '汉钟离', '刘钟', '情之所钟', '情有所钟', '敲警钟', '乔钟葵', '壁钟', '慕容钟', '钟玉花', '钟玉花', '玄钟', '赵钟', '宋钟', '做一天和尚撞一天钟', '钟荷花', '钟荷花', '钟婕', '刘金钟', '当一天和尚撞一天钟', '傅钟', '耿万钟', '罗钟', '钟飞云', '钟飞云', '钟奶奶', '钟奶奶', '钟嵘', '第一分钟', '韦金钟', '钟仲游', '电钟', '欧阳钟', '况钟', '崔钟', '李鸣钟', '原子钟', '台钟', '铁钟', '周钟岳', '大钟', '周钟', '李仙钟', '钟才', '韦钟', '庄钟', '钟麒', '归钟', '钟望', '钟千里', '钟千里', '潜水钟', '倒挂金钟', '第五分钟', '第三十分钟', '于钟', '景云钟', '钟召云', '钟华局', '第二十五分钟', '莫钟', '蓝亲钟', '第十五分钟', '李钟岳', '第八分钟', '曾万钟', '第二十分钟', '第四十分钟', '第三分钟', '钟栗', '何双钟', '钟同志', '钟同志', '第七分钟', '天文钟', '钟副主席', '钟副主席', '钟大年', '钟岁', '钟志', '第二分钟', '钟鸣漏尽', '金钟云', '金钟云', '武钟', '掩耳盗钟', '陈宏钟', '秦自钟', '钟钟', '钟钟', '第二十三分钟', '钟庆云', '钟庆云', '敲丧钟', '钟玉松', '第十三分钟', '第9分钟', '第9分钟', '钟绍葵', '金泰钟', '金大钟', '司徒申钟', '宿钟', '申钟', '蔡步钟', '第十九分钟', '第27分钟', '第27分钟', '第六分钟', '塔钟', '管钟', '第十一分钟', '第十七分钟', '第七十分钟', '第25分钟', '第25分钟', '第八十分钟', '宋仁钟', '钟谷', '吕应钟', '第18分钟', '第18分钟', '第12分钟', '第12分钟', '第88分钟', '第88分钟', '第三十一分钟', '第三十三分钟', '第九分钟', '做一日和尚撞一日钟', '第六十分钟', '第二十七分钟', '信钟', '钟思捷', '钟郁', '司徒千钟', '第三十七分钟', '吴钟']
叶	['叶', '树叶', '叶天云', '红叶', '茶叶', '落叶', '枝叶', '石叶', '白叶', '叶欢', '小叶', '荷叶', '绿叶', '竹叶', '钱叶', '叶云', '枫叶', '千叶', '草叶', '中叶', '叶建斌', '老叶', '秋叶', '姓叶', '龙叶', '金枝玉叶', '三叶', '菜叶', '子叶', '金叶', '烟叶', '贝叶', '让叶', '叶帆', '朱丽叶', '柳叶', '叶斌', '燕红叶', '黄叶', '后叶', '后叶', '桑叶', '叶飞云', '叶飞云', '眼叶', '何苏叶', '肺叶', '秋风扫落叶', '粗枝大叶', '败叶', '言叶', '青叶', '枯枝败叶', '初叶', '兰叶', '末叶', '林秋叶', '李叶', '针叶', '叶安云', '百叶', '冷叶', '松叶', '孟叶', '傅立叶', '剑叶', '叶天征', '助叶', '徐红叶', '添枝加叶', '叶谷', '朝叶', '何叶', '萧红叶', '叶面', '叶松', '叶蓓', '罗叶', '如秋风扫落叶', '艾叶', '柳晓叶', '柳红叶', '林叶', '稻叶', '叶拉克', '叶拉克', '王柳叶', '赵叶', '落叶松', '秋风落叶', '杨叶', '苏红叶', '苏红叶', '朱利叶', '肖叶', '苏秋叶', '苏秋叶', '叶蓓蓓', '叶燕云', '铁叶', '晏红叶', '沈红叶', '沈红叶', '叶丰', '合叶', '青枝绿叶', '王都叶', '麻叶', '叶绮云', '叶绮云', '刘叶', '春叶', '叶奶奶', '叶奶奶', '万叶', '乔叶', '柳青叶', '柏叶', '玄叶', '洪叶', '吴叶', '李开叶', '叶适', '苏叶', '殷叶叶', '殷叶叶', '复叶', '李玄叶', '叶远志', '叶远志', '叶飞花', '叶飞花', '叶海花', '金尼叶', '相叶', '叶祖斌', '叶向', '远和叶', '楚叶', '马红叶', '叶天照', '叶照', '叶继欢', '叶婕', '程细叶', '苏叶叶', '苏叶叶', '叶祖范', '叶南当', '屠叶', '朱莉叶', '木叶', '草上露叶', '叶卡婕', '顶叶', '托叶', '地叶', '单叶', '扁舟一叶', '赤叶', '方叶', '铁蒲叶', '德莱叶', '蒲叶', '桂秋叶', '赫里叶', '赫里叶', '叶端', '古柯叶', '史叶云', '端木叶', '秦叶', '田润叶', '戴叶', '叶青云', '叶青云', '居维叶', '蒲红叶', '葛叶', '叶志', '封秋叶', '颞叶', '叶朝云', '华叶', '王叶', '叶小冬', '叶升', '残花败叶', '残花败叶', '庆宾叶', '詹木叶', '叶飞欢', '梅叶', '俞叶', '疾风扫落叶', '奕叶', '沙罗叶', '西风落叶', '有枝有叶', '叶捷', '叶青松', '叶青松', '叶叶', '叶叶', '叶文捷', '邝叶', '加枝添叶', '于叶', '叶望', '柯叶', '贺红叶', '凌叶', '赵家叶', '桂言叶', '厉叶', '叶尔马克', '红叶集团', '红叶集团', '朱叶', '叶天望', '哈米叶', '宛叶', '叶剑法', '叶剑法', '沙利叶', '傅里叶', '丘叶', '叶希圣', '叶副主席', '叶副主席', '大青叶', '叶翔云', '铁木叶', '宫叶', '朱果叶', '朱果叶', '叶恭花', '连胜叶', '王叶帆', '左叶', '果叶', '枕叶', '原镜叶', '叶姗', '叶同志', '叶同志', '叶文婕', '龙芝叶', '谢叶', '蕨叶', '程馥叶', '岛叶', '藕叶', '夏米叶', '薄莞叶']
逼	['逼', '逼迫', '被逼', '逼视', '进逼', '威逼', '硬逼', '强逼', '催逼', '追逼', '立逼', '胁逼', '诱逼', '煎逼', '年近岁逼', '年近岁逼', '年近岁逼']
布	['布', '宣布', '吕布', '发布', '公布', '分布', '遍布', '瀑布', '布局', '散布', '密布', '白布', '颁布', '摆布', '萧布', '纱布', '帆布', '麻布', '棉布', '粗布', '布匹', '破布', '英布', '抹布', '油布', '蓝布', '阿布', '罗布', '布托', '织布', '卢布', '桌布', '布莱克', '寇布', '乌云密布', '布鲁克', '尿布', '小布', '星罗棋布', '幕布', '哥伦布', '纳布', '布尔什维克', '绸布', '花布', '画布', '胶布', '塔齐布', '土布', '传布', '任人摆布', '遮羞布', '卡布', '绒布', '曾布', '塑料布', '松赞干布', '布布', '布布', '季布', '展布', '葛布', '老布', '马布里', '黑布', '篷布', '洋布', '奥布', '塔布', '栾布', '昆布', '江布', '台布', '吕小布', '布谷', '细布', '吴布云', '满布', '帘布', '托布', '拖布', '夏布', '雨布', '布面', '布拉克', '唐布', '巴布', '尼西布', '流布', '纳吉布', '彤云密布', '奥布里', '青布', '楚英布', '巴勒布', '雅布', '竹布', '伊布', '伊里布', '卡其布', '布兰克', '布库里', '布库里', '盖布', '张布', '墩布', '特拉布松', '蒲布', '达布', '太布', '铁布', '田布', '凯布', '听人摆布', '贾布', '贝鲁塞巴布', '正态分布', '勒布', '杭布', '让吕布', '兴布', '小吕布', '纳林布', '布雷克', '加布', '杜布', '雅格布', '甘布', '托布鲁克', '托布鲁克', '巴布扎布', '巴布扎布', '巴布扎布', '巴布扎布', '拉布', '布里', '布洛克', '怀塔布', '李布', '防水布', '巴林左布', '高布', '桑布扎', '桑布扎', '西布', '吉布', '德尔布吕克', '劳动布', '布良斯克', '张子布', '尔扎布', '萨布拉克', '松芒布', '桑布', '那里布', '那里布', '班布', '刊布', '加思布', '杰里布', '杰里布', '牛仔布', '纳齐布', '优布', '赛布', '安布', '布克', '乌兰察布', '彩布', '图萨布', '齐布', '漆布', '维斯布鲁克', '施瓦布', '胡布', '布吕克', '杰布', '麦齐布', '索布恰克', '索布恰克', '布阵法', '布阵法', '小白布', '萨布', '贝布', '王英布', '亚海布', '乌斯布', '斜纹布', '韦森布', '老布尔什维克', '防雨布', '赞布', '贝尔布', '伍什布', '盛格布', '塔木察格布拉克', '欧阳布', '穆布', '坯布', '那吕布', '莫布里', '孙布', '布卢克', '德布', '拉布里', '刘布', '伊斯布兰克', '布隆克', '海力布', '邱布', '王季布', '海布', '壶口瀑布', '勒登布', '李阿布', '那布', '衬布', '斯拉布', '花纱布', '里布', '扎布', '法尔布', '布尔塞维克', '殷特布', '纸尿布', '黎登布洛克', '奥朗布', '布罗克', '平布', '普雷斯布鲁克', '什布', '山田一布', '伊克坦布', '霍尔布鲁克', '比布', '阿纳布', '哈比布', '布莱克松', '布莱克松', '鲁杰布', '萨格勒布', '兰木扎布', '帕尔布', '贡布', '格鲁布', '韦布', '阿萨布', '库布斯里', '库布斯里', '赵布', '布拉戈维申斯克', '张满布', '比弗布鲁克', '赫布', '段布', '上海机器织布局', '加布里', '布鲁托', '贝尔施布', '杨布', '布玛', '卡勒布', '伽苏布', '小加布', '赛吕布', '阿布扎', '阿布扎', '那布里', '布于', '布丰', '仁布', '于布', '萨布里', '布里斯托', '马布', '盖尔布', '博布鲁伊斯克', '博布鲁伊斯克', '本布', '无纺布', '库布里克', '姚布', '科布', '布告板', '上海织布局', '博布', '米高布莱克', '永谢布', '格布', '塔尔布', '哈洛德罗布', '哈瓜布', '艾哈布', '阿尔布', '维纳布', '钦布', '塔洛布', '代布', '荆钗裙布', '法布里', '格列布', '洛布', '江苏布', '江苏布', '霍布', '针布', '黑布里', '黑布里', '马里布', '马里布', '棉纱布', '布舍', '赖慕布', '塞乌布', '法布', '柯布', '小布莱克', '那青布', '阿布诺斯克', '阿布诺斯克', '布劳瑙', '黎布', '娜布', '巴鲁布', '季宗布', '泰布', '克里布', '克里布', '因斯布鲁克', '哈扎布', '露布', '毛布', '阳布', '皮布鲁克', '布罗德里克', '布罗德里克', '砂布', '雷布', '官布', '布兰克斯托克', '布兰克斯托克', '纳苏格布', '吕布军团', '吕布军团', '柯克布', '雷赛布', '特劳布', '黄布', '拉尔布', '森林密布', '格卢布', '穆克登布', '穆克登布', '宗布', '马格里布', '阿尔布克尔克', '阿尔布克尔克', '布约克', '布约克', '帕布', '布苏里', '布苏里', '雅可布', '哈布里', '加里德布', '加里德布', '莱布', '孟格布', '沙希布', '拉斯科布', '克雷布', '阿布纳布', '阿布纳布', '阿布纳布', '阿布纳布', '坎布', '诺尔布', '邵穆布', '吉哈布', '撒布', '王布', '图朗赞布', '厄尔布', '杜瓦布', '装饰布', '格伦布考', '敦多布', '克布', '布木布', '布木布', '塔绍布', '索海布', '包布', '黄绫布', '布姆松', '泰布里', '格雷布', '任布', '那方白布', '纳奇布', '让阿布', '古尼因布', '库布', '林中布', '塔旺扎布', '温布', '卡斯布兰克', '谭布', '水洗布', '石布', '多布', '让英布', '纳西布', '科特布', '裴布', '维捷布斯克', '什卡伊布', '伊瓦布', '福森布', '布莱松', '巴尔布', '卡伦布', '泽布', '王尼布', '霍特布莱克', '纽柯布', '方布', '比哥伦布', '荆钦布', '石罗布', '杜巴布', '塔尔迪布拉克', '布莱布特里', '布莱布特里', '布莱布特里', '布莱布特里', '尤布', '搌布', '勒斯蒂布', '敖尔布', '库布坦克', '库布坦克']
端	['端', '极端', '一端', '顶端', '无端', '好端端', '好端端', '事端', '两端', '终端', '弊端', '尖端', '云端', '前端', '开端', '争端', '皇甫端', '末端', '上端', '诡计多端', '异端', '南端', '作恶多端', '多端', '北端', '战端', '祸端', '变化多端', '万端', '尾端', '不端', '一锅端', '西端', '武端', '东端', '台端', '发端', '首鼠两端', '感慨万端', '远端', '先端', '要端', '方端', '吕端', '笔端', '百端', '曲端', '行为不端', '凌端', '左端', '姚端', '张择端', '唐端', '端视', '水端', '高端', '连锅端', '报端', '钱端升', '大端', '徐端', '见诸报端', '借端', '全端', '眉端', '刘端', '李端', '陈品端', '平端', '倪端', '韦端', '杨端', '孔伯端', '王端', '端面', '谢端', '韩端', '纪容端', '孙端', '陈端', '慕容端', '高文端', '耸入云端', '厉木端', '履端', '曹端', '宋端', '谢文端', '张伯端', '宋子端', '郑端', '疑端', '龚端', '智能终端', '黄端', '川端', '叶端', '钱端', '苏端', '薛端', '夏候端', '潘朔端', '安端', '李清端', '经纬万端', '林端', '褚师端', '毕端', '吕端大事不糊涂', '吕端大事不糊涂', '司马尹端', '王刘端', '麻端', '思绪万端', '陈清端', '张端', '章王端', '夏侯端', '颜端', '徐厚端', '孟端', '许文端', '朱文端', '茎端', '首施两端', '文端', '尹端', '秦肇端', '陈其端', '李景端', '冯少端', '果端', '吴进端', '千条万端', '强端', '姬端', '攻乎异端', '乔端']
胡	['胡', '胡须', '老胡', '胡适', '胡扯', '胡涂', '二胡', '小胡', '东胡', '胡克', '姓胡', '络腮胡', '胡欢', '八字胡', '胡自皋', '林胡', '刘胡', '让胡', '那胡', '胡里胡涂', '胡里胡涂', '胡若花', '胡广', '胡里', '白胡', '落腮胡', '埃德加胡', '胡昆', '大胡', '胡松', '胡世云', '一塌胡涂', '胡才', '胡周', '胡佩', '胡志升', '胡柏松', '柴胡', '胡欢欢', '胡欢欢', '唐胡', '京胡', '胡皇后', '板胡', '阿胡', '霍胡', '胡得志', '胡得志', '胡志', '特胡', '胡天广', '胡天广', '小胡胡', '小胡胡', '胡连丰', '胡布', '胡行捷', '胡奶奶', '胡奶奶', '胡斌', '连胡', '胡承志', '胡德广', '胡昭广', '小黑胡', '丹胡', '胡崧', '司徒胡广', '胡建斌', '胡一帆', '刮胡须', '刮胡须', '李胡', '胡诌八扯', '扎胡克', '扎胡克', '伍胡里', '列那胡', '胡升', '胡翠花', '波斯胡', '胡胡', '胡胡', '撒胡椒面', '那里胡', '那里胡', '黑胡', '谢谢胡', '比胡', '胡青云', '胡青云', '胡奇才', '胡奇才', '模胡', '米胡', '姬胡', '胡汉升', '胡元范', '胡岳', '贾胡', '里胡', '里胡', '那波斯胡', '胡苏', '胡胡涂涂', '胡胡涂涂', '胡胡涂涂', '胡胡涂涂', '胡胡涂涂', '胡胡涂涂', '胡怀志', '胡珀', '胡炳云', '胡复', '多诺胡', '多谢胡', '胡果', '扈拉胡', '胡文才', '胡文才', '含胡', '西胡', '胡东升', '胡东升', '胡冲', '高胡', '戴胡', '巴胡', '可胡', '屠胡', '胡楚云', '汉胡', '胡凌云', '胡凌云', '胡慕松', '胡小志', '阿胡里', '胡余', '白马胡', '江胡', '胡蒙', '宁胡', '小柴胡', '派胡', '别胡', '胡福才', '莫胡', '因胡', '田胡', '胡诌乱扯', '于胡', '于胡']
松	['松', '轻松', '放松', '武松', '青松', '李松', '宽松', '尼克松', '轻轻松松', '轻轻松松', '张松', '谭晓松', '赤松', '古松', '蓬松', '苍松', '楚劲松', '杨松', '手松', '马拉松', '杨荣松', '稀松', '柳若松', '小松', '罗松', '雪松', '放松放松', '放松放松', '放松放松', '放松放松', '松松', '松松', '阿松', '杜松', '老松', '李如松', '松赞干布', '秦松', '疏松', '松花', '刘松', '赵松', '一棵松', '贝克松', '贝克松', '王松', '石明松', '皇甫松', '泰松', '西门松', '高松', '周松', '段云松', '朱秉松', '纪松年', '纪松年', '任天松', '陈碧松', '云松', '夏松', '郭松', '布烈松', '狄梦松', '包松', '葛松', '严松', '李学松', '松叶', '萧青松', '林松', '宿松', '项松', '金松', '关元松', '梁松', '罗青松', '肖小松', '田松', '门德尔松', '商柏松', '吴松', '纳拉松', '钟松', '姜松', '白松', '红松', '凌青松', '肉松', '左志松', '欧松', '程云松', '胡松', '佟青松', '许青松', '苏松', '张伯松', '唐默松', '陶奎松', '马松', '贝松', '叶松', '展英松', '南松', '唐松年', '唐松年', '黑松', '宣松', '奎松', '卡松', '陈达松', '高青松', '杨天松', '朱如松', '史天松', '特拉布松', '赵如松', '秦玉松', '白馨松', '万松', '程秋松', '俞山松', '油松', '邱林松', '盖雪松', '白如松', '潘松', '胡柏松', '陆小松', '阎松', '乔松年', '乔松年', '林如松', '李青松', '约翰松', '五棵松', '邓云松', '贺若松', '陈松', '落叶松', '肖劲松', '蒲松', '石松', '段松', '孙松', '鲁松', '蓬蓬松松', '蓬蓬松松', '乔松', '杨青松', '韩松', '巴松', '沈南松', '秦振松', '祖松', '祝万松', '鲁小松', '方少松', '夏楚松', '若松', '栾大松', '普松', '宋秉松', '戈松', '吉松', '骆松年', '骆松年', '江岩松', '高松年', '简松', '戈清松', '牛松', '王敬松', '仇松年', '孔松', '章松', '克勒斯松', '谭松', '王松年', '王松年', '白汉松', '严如松', '松芒布', '狄松', '杜小松', '程松', '井敏松', '俞秀松', '柏松', '赵铁松', '邱景松', '法尔松', '内紧外松', '晏青松', '岳鸣松', '德松', '司徒青松', '里松', '陈银松', '艾森松', '谭云松', '果巴松', '顾劲松', '王庆松', '昌松', '抚松', '上松', '松年', '陈青松', '葛劲松', '陈海松', '王青松', '那李松', '那日松', '马尾松', '宋松', '司徒寒松', '杜若松', '魏青松', '宇文松', '朱云松', '徐青松', '韦松', '谷松', '松闲', '贝桑松', '季松', '白皮松', '池正松', '耶松船厂', '耶松船厂', '酥松', '杨山松', '孟松', '柳擎松', '陈晓松', '谭希松', '邓大松', '蒋松', '杜德松', '文松', '蒲大松', '肖云松', '潘劲松', '舒松', '英松', '岳松', '塔松', '陶松', '张永松', '周常松', '乐松', '顾青松', '荣松', '陆为松', '岳凤松', '克里松', '克里松', '陆劲松', '宗松', '陆松年', '陆松年', '吕松', '克松', '水松', '苏瓦松', '明松', '张松年', '张松年', '阴松', '许松', '末松', '布莱克松', '布莱克松', '王培松', '古苍松', '高晓松', '膨松', '顾松', '蔡松', '孟有松', '放松法', '放松法', '聂长松', '蔡松年', '蔡松年', '陈劲松', '刘铁松', '钱白松', '龚天松', '侯景松', '郑松', '冯庆松', '商松', '吕克贝松', '寇松', '让李松', '霍如松', '皮尔松', '刘秀松', '龚松年', '龚松年', '卢贝松', '杨筠松', '袁山松', '庞松', '巫松', '金晓松', '冯梓松', '袁肇松', '古如松', '范松', '华松', '稀稀松松', '稀稀松松', '王瑞松', '德尔松', '王阿松', '徐劲松', '李劲松', '沈红松', '沈红松', '郝恩松', '丁松', '嘴松', '阮松', '甘松', '盖松', '左青松', '邵松', '桑松', '玄松', '那松', '周晓松', '让武松', '刘延松', '文素松', '尹松云', '卡尔松', '白岩松', '李松年', '李松年', '曾联松', '楼清松', '万劲松', '白寒松', '白凌松', '陈白松', '廖松', '见松', '翠柏苍松', '可的松', '杜子松', '狄青松', '韩白松', '周小松', '张劲松', '秦逵松', '许溪松', '鱼松', '蒋松谷', '松克', '威廉松', '刘峰松', '柏河松', '姚隽松', '樟子松', '支松', '朱松', '美人松', '莫松', '叶青松', '叶青松', '强的松', '周青松', '周青松', '司马松', '略松', '朴云松', '尚奕松', '蒋应松', '霍锦松', '沙劲松', '柳松', '黄青松', '罗松云', '蔡九松', '毛义松', '郎松', '林晓松', '郭岩松', '方荣松', '陈明松', '殷松', '靳松', '芒松', '虞松', '陈松年', '陈松年', '埃森松', '黄慕松', '邓万松', '荀赤松', '黄一松', '黄松', '皮埃尔松', '哈松', '拉松', '吴天松', '吴燕松', '科拉松', '刘大松', '万有松', '罗元松', '史慈松', '钟玉松', '郑祥松', '陈慕松', '尼松', '马俊松', '江苍松', '尼克松当', '尼克松当', '吴长松', '布姆松', '翠竹苍松', '陈茂松', '岳云松', '吕岩松', '西门古松', '胡慕松', '陆青松', '小黑松', '巴拉松', '肖松', '曹松', '方松', '刘丽松', '林甫松', '久松', '张友松', '岳风松', '耶松造船厂', '耶松造船厂', '朱克松', '沙松', '松坎', '瓦松', '郑小松', '何松', '郁松年', '郁松年', '樊成松', '瞿玉松', '段青松', '布莱松', '农劲松', '罗峻松', '布列松', '卢松', '蛋松', '翁松', '姬尔松', '陈远松', '郝思松', '汪云松', '华青松', '归松', '李柏松', '齐齐松', '张晓松', '徐万松']
表	['代表', '表', '表面', '发表', '外表', '手表', '刘表', '代表团', '仪表', '地表', '报表', '溢于言表', '体表', '钟表', '华云表', '一表人才', '图表', '怀表', '以表', '表里', '时间表', '党代表', '出人意表', '下表', '列表', '全权代表', '人大代表', '金表', '略表', '年表', '日程表', '表征', '虚有其表', '电表', '为人师表', '负债表', '老表', '电子表', '华表', '晴雨表', '方代表', '秒表', '申请表', '时刻表', '填表', '表表', '表表', '计划表', '课程表', '云表', '意表', '履历表', '调查表', '报名表', '姑表', '旌表', '徒有其表', '国代表', '赫连表', '互为表里', '张文表', '姨表', '一览表', '师表', '统计表', '价目表', '战表', '行程表', '字母表', '数据表', '损益表', '民意代表', '星表', '课表', '水表', '历表', '与会代表', '制表', '会计报表', '进度表', '志愿表', '志愿表', '气压表', '温度表', '由表及里', '高度表', '曾代表', '数表', '明细表', '寒暑表', '压力表', '石英表', '堂堂一表', '相为表里', '赵文表', '高出云表', '万世师表', '卫代表', '虚表', '平衡表', '墓表', '表里一致', '席代表', '席代表', '瞿式表', '张民表', '里程表', '夜光表', '对照表', '电子手表', '注册表', '闹表', '气表', '副代表', '翟式表', '全忠表', '节目表', '张代表', '上海手表厂', '上海手表厂', '商代表', '崇上表', '车仁表', '坤表', '堂堂仪表', '萧正表', '表示法', '权代表', '预算表', '王代表', '万用表', '王上表', '段表', '曹世表', '排名表', '发表发表', '发表发表', '发表发表', '发表发表', '温上表', '陈情表', '表达法', '收益表', '官代表', '转速表', '日表', '造表', '试表', '马蹄表', '山河表里', '词汇表', '表蒙', '跑表', '程代表', '张黄表', '圭表', '门代表', '统计图表', '宗上表', '种代表', '侯正表', '王澄表', '九九表', '查表', '林代表', '范上表', '范上表', '张玄表', '伍代表', '王奉表', '邓代表', '于代表', '于代表', '余代表', '余代表', '区代表', '裴上表', '师代表', '视力表', '丁代表', '基表', '沈胜表', '煤气表', '计价表', '页表', '钱代表', '龙代表', '黑代表', '姚崇表', '全代表', '功课表', '谱表', '链表', '支代表', '光被四表', '车代表', '金代表', '试算表', '地层表', '咪表', '宫代表', '郎代表', '张上表', '宗代表', '电压表', '电子数据表', '钱上表', '华代表', '表里为奸', '由里及表', '由里及表', '牛代表', '范复表', '黄代表', '窦静表']
假	['假', '请假', '放假', '真假', '虚假', '假期', '暑假', '度假', '休假', '寒假', '半真半假', '作假', '假发', '长假', '假面', '造假', '真真假假', '真真假假', '病假', '假托', '告假', '弄虚作假', '例假', '装假', '年假', '年假', '假证', '寒暑假', '掺假', '销假', '春假', '给假', '产假', '弄假', '事假', '探亲假', '准假', '婚假', '天不假年', '假作真时真亦假', '批假', '续假', '公假', '搀假', '假痴假呆', '假痴假呆', '丧假', '休假期', '休假期', '歇假', '补假', '天假之年', '识假', '天假其年', '度假期', '度假期']
炼	['修炼', '炼', '炼制', '锻炼', '提炼', '冶炼', '锤炼', '磨炼', '精炼', '千锤百炼', '熔炼', '锻炼锻炼', '锻炼锻炼', '锻炼锻炼', '锻炼锻炼', '修炼法', '炼油厂', '炼钢厂', '熬炼', '金炼', '洗炼', '真金不怕火炼', '沈炼', '欧炼', '修炼修炼', '修炼修炼', '修炼修炼', '修炼修炼', '石炼', '炼制法', '炼制法', '秘炼', '何炼', '王炼', '张炼', '谭炼', '锻炼法', '锻炼法', '杨炼', '孙炼', '磨炼磨炼', '磨炼磨炼', '磨炼磨炼', '磨炼磨炼', '玄炼', '邓炼', '果炼', '陶炼', '精神修炼法', '吴炼', '吹炼', '项炼', '铁炼', '修炼期', '修炼期', '光明炼钢厂', '强炼', '厉炼', '李炼', '锻炼期', '锻炼期', '锤炼锤炼', '锤炼锤炼', '锤炼锤炼', '锤炼锤炼']
准	['准', '标准', '不准', '准确', '对准', '瞄准', '批准', '水准', '认准', '一准', '照准', '恩准', '保准', '寇准', '获准', '基准', '允准', '靳准', '核准', '高标准', '请准', '特准', '包准', '生活水准', '校准', '作准', '吃准', '李准', '刘准', '准考证', '王准', '郭准', '放之四海而皆准', '准假', '隆准', '陈准', '标标准准', '标标准准', '标标准准', '标标准准', '音准', '文化水准', '准备期', '赫准', '平准', '秦准', '合标准', '低标准', '苏准', '樊准', '莫准', '顾准', '钦准', '廖准', '窦准', '艺术标准', '孟准', '以此为准', '凌准', '张准', '玄准', '告准', '准格尔旗', '魏准', '放诸四海而皆准', '朴准', '取舍标准', '取舍标准', '肖准', '准考', '何准', '律准', '呈准', '课程标准', '吉准', '杨准', '齐准', '标准制', '瞄准法', '瞄准法', '傅准', '准期', '袁准', '金准', '白准', '标准法', '标准法', '宫准']
证	['保证', '证', '验证', '见证', '印证', '作证', '身份证', '论证', '考证', '求证', '人证', '凭证', '查证', '通行证', '罪证', '签证', '物证', '例证', '认证', '公证', '许可证', '实证', '辩证', '明证', '辩证法', '佐证', '死无对证', '取证', '工作证', '铁证', '确证', '对证', '权证', '引证', '学生证', '信用证', '旁证', '驾驶证', '力证', '伪证', '反证', '记者证', '假证', '辨证', '鉴证', '暂住证', '办证', '做保证', '准考证', '质量保证', '票证', '作伪证', '唯物辩证法', '出口许可证', '借书证', '离婚证', '搜查证', '身分证', '合格证', '证券法', '证圣', '土地证', '原始凭证', '印证印证', '印证印证', '印证印证', '印证印证', '书证', '党证', '三媒六证', '质证', '认股权证', '血证', '赃证', '行驶证', '报到证', '循环论证', '识别证', '辨证法', '反证法', '健康证', '案证', '通行证法', '通行证法', '验证验证', '验证验证', '验证验证', '验证验证', '票据保证', '复员证', '取证法', '取证法', '退伍证', '保证法', '保证法', '保证期', '飞行证']
卷	['卷', '席卷', '第二卷', '第一卷', '第三卷', '试卷', '第四卷', '画卷', '书卷', '第五卷', '卷发', '风卷残云', '龙卷', '卷曲', '翻卷', '第六卷', '胶卷', '上卷', '第七卷', '烟卷', '第八卷', '案卷', '考卷', '下卷', '经卷', '第十卷', '交卷', '第九卷', '文卷', '答卷', '问卷', '阅卷', '第1卷', '第1卷', '手卷', '卷帘', '第十一卷', '漫卷', '第2卷', '第2卷', '宝卷', '舒卷', '图卷', '铺盖卷', '萧宝卷', '卷卷', '卷卷', '掩卷', '第十二卷', '开卷', '花卷', '行李卷', '第4卷', '第4卷', '手不释卷', '第04卷', '第04卷', '第01卷', '第01卷', '一卷卷', '一卷卷', '一卷卷', '一卷卷', '白卷', '发卷', '春卷', '第3卷', '第3卷', '第十三卷', '第十七卷', '第二十卷', '第十五卷', '第二十一卷', '第十八卷', '第十六卷', '交白卷', '第十九卷', '第十四卷', '第06卷', '第06卷', '卷须', '第14卷', '第14卷', '卷面', '第6卷', '第6卷', '第二十五卷', '第二十二卷', '墨卷', '苏万卷', '苏万卷', '第二十四卷', '第二十三卷', '水龙卷', '第5卷', '第5卷', '自卷', '展卷', '内卷', '石卷', '青灯黄卷', '卷绕', '字卷', '第7卷', '第7卷', '卷帙', '柳一卷', '读书破万卷', '第２卷', '第２卷', '第15卷', '第15卷', '第二十七卷', '第16卷', '第16卷', '飘卷', '释卷', '彭不卷', '第二十六卷', '第三十二卷', '第9卷', '第9卷', '第三十一卷', '第二十八卷', '第8卷', '第8卷', '第12卷', '第12卷', '第三十卷', '第二十九卷', '第三十五卷', '查卷', '第17卷', '第17卷', '火龙卷', '第４卷', '第４卷', '第10卷', '第10卷', '第三十四卷', '第11卷', '第11卷', '第三十六卷', '第13卷', '第13卷', '卷柜', '第１卷', '第１卷', '第20卷', '第20卷', '第三十三卷', '第四十四卷', '第五十一卷', '第五十三卷', '第五十二卷', '第四十八卷', '海龙卷', '第３卷', '第３卷', '第23卷', '第23卷', '第四十五卷', '第四十六卷', '第五十四卷', '第四十七卷', '第四十九卷', '第33卷', '第33卷', '第26卷', '第26卷', '第24卷', '第24卷', '第三十九卷', '第五十卷', '第21卷', '第21卷', '披卷', '第19卷', '第19卷', '第28卷', '第28卷', '第三十七卷', '第22卷', '第22卷', '第25卷', '第25卷', '朝飞暮卷', '第五十五卷', '第五十六卷', '第四十三卷', '问卷法', '问卷法', '第四十卷', '第三十八卷', '棉卷', '第五十七卷', '第18卷', '第18卷', '第29卷', '第29卷', '第四十一卷', '第四十二卷', '代金卷', '缴白卷', '第31卷', '第31卷', '第一七卷', '罗万卷', '第55卷', '第55卷', '纪一卷', '第27卷', '第27卷', '第43卷', '第43卷', '第30卷', '第30卷', '第五十八卷', '第六十一卷', '课卷', '第六十二卷', '第32卷', '第32卷']
局	['局', '局面', '结局', '大局', '镖局', '战局', '公安局', '布局', '当局', '格局', '警察局', '全局', '政治局', '时局', '僵局', '分局', '政局', '国安局', '定局', '骗局', '棋局', '管理局', '总局', '邮局', '教育局', '出局', '败局', '联邦调查局', '财政局', '饭局', '危局', '开局', '中情局', '收拾残局', '中央情报局', '邮电局', '招商局', '工商局', '国家安全局', '顾全大局', '残局', '军情局', '平局', '调查局', '林业局', '董事局', '书局', '卫生局', '税务局', '民政局', '中共中央政治局', '设局', '对局', '牌局', '中华书局', '东北局', '中央局', '和局', '死局', '第一局', '电信局', '变局', '旅游局', '新局面', '第二局', '镇远镖局', '电业局', '无关大局', '审计局', '水利局', '邮政局', '矿务局', '第三局', '移民局', '福威镖局', '江南制造局', '支局', '威远镖局', '华东局', '航天局', '宇航局', '铁路局', '国税局', '终局', '西北局', '地方当局', '天津机器局', '双龙镖局', '华中局', '北方局', '海城市公安局', '武威镖局', '美国联邦调查局', '气象局', '三江镖局', '市警局', '龙威镖局', '地税局', '立法局', '双木镖局', '南方局', '长江镖局', '世局', '时局动荡', '龙门镖局', '港英当局', '天马镖局', '第五局', '新闻局', '银海市公安局', '宝通镖局', '盛京制造局', '外贸局', '咨议局', '清远镖局', '飞马镖局', '金陵镖局', '公路局', '中局', '成局', '路局', '北京市电信公司营业局', '第四局', '商务局', '上海市公安局', '北京市公安局', '腾龙情报局', '中统局', '华北局', '邮政总局', '金龙镖局', '房管局', '江南制造总局', '九江镖局', '第六局', '民航局', '燕威镖局', '事关全局', '西北镖局', '虎风镖局', '中央分局', '南区分局', '永昌镖局', '松江铁路分局', '吉林制造局', '联想局', '万胜镖局', '武扬镖局', '辽东铁路局', '长江局', '宝泉局', '高孟局', '药监局', '天南镖局', '市政局', '查泰局', '协远镖局', '远东局', '万泉镖局', '国家税务总局', '华南分局', '仪阳市农业局', '顺源镖局', '飞虎镖局', '周庄镇公安分局', '社会局', '港务局', '联邦安全局', '美国情报局', '中央信托局', '双英镖局', '第九局', '威海镖局', '万通镖局', '尚仪局', '辽东镖局', '京华镖局', '双义镖局', '永胜镖局', '金鹰镖局', '英国情报局', '行政局', '九龙镖局', '松江铁路局', '横山分局', '时光局', '安全总局', '宝源局', '长安镖局', '孙氏镖局', '第八局', '中共中央东北局', '燕京镖局', '隆武镖局', '飞云镖局', '飞云镖局', '金狮镖局', '朝阳分局', '天胜镖局', '北市公安局', '双雄镖局', '明湖镖局', '汇接局', '安华市电信局', '天长镖局', '上海制造局', '城区分局', '国家税务局', '惠民药局', '惠民药局', '江口县公安局', '天虹镖局', '上海公安局', '四方镖局', '第二总局', '东北商业局', '南宫局', '杭州镖局', '海州市劳动局', '古城公安局', '临安镖局', '神州镖局', '特安局', '永安镖局', '联邦航空局', '山东分局', '南京镖局', '青云镖局', '青云镖局', '北新书局', '宣威镖局', '美国航空航天局', '长胜镖局', '定远镖局', '美国专利局', '主管当局', '永发镖局', '永发镖局', '武通镖局', '保良局', '上海机器织布局', '自成格局', '西城分局', '林县公安局', '识大体顾大局', '二轻局', '万宁市公安局', '第七局', '开平矿务局', '大冶矿务局', '中共中央华东局', '朝阳区分局', '电信总局', '米里设计局', '米里设计局', '国家地震局', '上海江南制造局', '国家外汇管理局', '惠民局', '共产国际远东局', '天阳市公安局', '译书局', '天虎镖局', '鸿安镖局', '中共中央北方局', '广源镖局', '钟华局', '西北保卫局', '晋绥分局', '大雄镖局', '国家质检总局', '关洛镖局', '上海织布局', '国安总局', '双泰镖局', '时光发展局', '矿务总局', '华夏镖局', '金古情报局', '东南局', '地方税务局', '安隆镖局', '永顺镖局', '望江公安局', '开封分局', '玄武区分局', '密勤局', '上海局', '中共北方局', '明祥镖局', '米高扬设计局', '伯尔尼专利局', '中央安全局', '法国情报局', '荷兰安全局', '浩州市公安局', '江南局', '海州市财政局', '中共中央西北局', '松江市公安局', '托马斯邮局', '武汉军械制造局', '闽南市公安局', '海江市公安局', '飞凤镖局', '金鼎镖局', '藏库局', '燕京市局', '扬州分局', '中国局', '海州市供电局', '西区国土局', '俄罗斯联邦安全局', '沙州公安局', '上海市局', '江城县公安局', '广州市公安局', '同顺镖局', '江夏市公安局', '安通镖局', '江南机器制造总局', '江南总局', '苏霍伊设计局', '国民会议事务局', '浦西分局', '徐州分局', '通达镖局', '海州市公安局', '滨海市公安局', '白龙镖局', '万顺镖局', '隆泰镖局', '西局', '中共中央上海局', '粤海县公安局', '淮阳镖局', '徐恩曾局', '北区分局', '贸发局', '惠济公局', '金陵制造局', '联邦毒品局', '明山公安局', '泰安镖局', '雨城市公安局', '农牧局', '经义局', '第一镖局', '华中分局', '北益镖局', '天津制造局', '天津军械局', '以色列情报局', '罗氏书局', '江北分局', '虹风镖局', '平通镖局', '上海电报局', '美国地震局', '群英镖局', '大东书局', '大宁市公安局', '国防部情报局', '古城市公安局', '远声镖局', '和县公安局', '海城市局', '长沙分局', '总参情报局', '交换局', '第十局', '凌云镖局', '凌云镖局', '长安局', '南疆公安局', '宝州市公安局', '江夏市局', '龙翔镖局', '中共南方局', '总参谋部情报局', '新安县公安局', '电业局局', '电业局局', '电业局局', '电业局局', '西满分局', '建康镖局', '东征局', '东征局', '平岭市公安局', '国防军军事情报局', '陆军情报局', '静安分局', '长山市公安局', '中国共产党中央局', '短局', '纽约分局', '训练局', '共产国际情报局', '奕一局', '郊区分局', '金陵书局', '和县局', '灌云县公安局', '皇家调查局', '中共中央局', '中心局', '联想董事局', '俄联邦安全局', '中共中央南方局', '超能事务管理局', '五华镖局', '宣武分局', '国安分局', '安县公安局', '光华书局', '西区分局', '南胜镖局', '中央保安局', '怀安镖局', '滑县公安局', '宏达镖局', '东城分局', '陆军军事情报局', '临潼县公安局', '左雷局', '江南机器局', '永升镖局', '永升镖局', '北京市工商局', '柏明市公安局', '南开镖局', '美国邮政局', '俄国共产党华员局', '第十一局', '吴海县公安局', '明金局', '香港贸易发展局', '燕云镖局', '燕云镖局', '司苑局', '武汉造船局', '文统局', '鄂西中央分局', '蜀山市邮政局', '长宁分局', '大安分局', '袁老局', '天津机器制造局', '波西亚分局', '华南市公安局', '庆隆镖局', '清湖分局', '海南省邮电局', '上海市文化局', '延安市公安局', '西安市公安局', '深圳市公安局', '创新局', '浙江海运局', '海州市交通局', '钱一局', '金鸡镖局', '雄远镖局', '南方情报局', '中央调查局', '四通镖局', '中共长江局', '广州公安局', '向贵局', '向贵局', '城区公安分局', '美国国防局', '中共上海局', '红山分局', '晋察冀分局', '龙武镖局', '警察局局', '警察局局', '警察局局', '警察局局', '泰山镖局', '仪阳市商业局', '战一局', '德国中央保安局', '上海铁路局', '武汉市公安局', '清江分局', '中国专利局', '江城市公安局', '国安局上海分局', '国安局上海分局', '国安局上海分局', '国安局上海分局', '北京公安局', '华县公安局', '海城公安局', '滨海分局', '内政部调查局', '大宁市局', '南城区公安分局', '秀城区公安分局', '雷隆多情报局', '吉林机器局', '金陵机器局', '江宁县公安局']
呼	['呼', '招呼', '称呼', '惊呼', '欢呼', '呼呼', '呼呼', '打招呼', '高呼', '气呼呼', '气呼呼', '呼吁', '狂呼', '一命呜呼', '呜呼', '一阵欢呼', '传呼', '大声疾呼', '咋呼', '疾呼', '振臂一呼', '登高一呼', '山呼万岁', '山呼万岁', '哀呼', '热呼呼', '热呼呼', '打打招呼', '号呼', '寻呼', '暖呼呼', '暖呼呼', '寻呼台', '喧呼', '招呼招呼', '招呼招呼', '招呼招呼', '招呼招呼', '瞎咋呼', '呼玛', '乌呼', '叱呼', '吹呼', '呼征', '吆呼', '啸呼', '姓呼', '唐峰呼', '称呼法', '称呼法', '小呼', '老呼', '呼拉法', '栾提呼', '侯为呼', '火呼呼', '火呼呼', '潮呼呼', '潮呼呼', '奋臂大呼', '渠蒲呼', '攘臂高呼', '呼隆呼', '呼隆呼', '沙德呼', '东降呼', '章嘉呼', '王弟呼']
愿	['不愿', '愿', '愿望', '宁愿', '情愿', '心愿', '但愿', '自愿', '意愿', '心甘情愿', '甘愿', '如愿', '志愿', '一厢情愿', '许愿', '请愿', '祝愿', '遗愿', '夙愿', '宏愿', '还愿', '甘心情愿', '本愿', '誓愿', '祈愿', '宿愿', '一相情愿', '发愿', '天从人愿', '了愿', '了愿', '自觉自愿', '遂人愿', '两厢情愿', '封官许愿', '遂愿', '乡愿', '两相情愿', '志愿表', '志愿表', '烧香还愿', '称愿', '素愿', '私愿', '相愿', '烧香许愿', '尉相愿', '天随人愿', '何心愿', '诉愿', '谨愿', '志愿兵制', '偿愿', '趁愿', '向平之愿']
累	['累', '积累', '连累', '劳累', '累累', '累累', '拖累', '疲累', '受累', '牵累', '日积月累', '走累', '负累', '原始积累', '累年', '家累', '负债累累', '负债累累', '带累', '资本积累', '硕果累累', '硕果累累', '乏累', '很累很累', '很累很累', '很累很累', '很累很累', '血债累累', '血债累累', '马累', '赔累', '系累', '吃累', '困累', '太累太累', '太累太累', '太累太累', '太累太累', '亏累', '负俗之累', '铢积寸累']
匹	['匹', '马匹', '布匹', '奥林匹克', '一匹匹', '一匹匹', '一匹匹', '一匹匹', '举世无匹', '第一匹', '第二匹', '第三匹', '匹马单枪', '匹匹', '匹匹', '绝世无匹', '第四匹', '旷世无匹', '第五匹']
尸	['尸', '僵尸', '死尸', '收尸', '干尸', '女尸', '验尸', '陈尸', '五马分尸', '浮尸', '马革裹尸', '鞭尸', '挺尸', '古尸', '剖尸', '走肉行尸', '掘墓鞭尸']
克	['克', '坦克', '克制', '杰克', '伊拉克', '攻克', '马克', '瑞克', '段克', '迈克', '克拉克', '克拉克', '麦克', '不克', '尼克松', '舒克', '斯托克', '李克', '扑克', '洛克', '弗兰克', '巴克', '力克', '贝克', '艾克', '尼克', '卢克', '克里', '哥萨克', '艾萨克', '夹克', '捷克', '相克', '傅克', '欧阳克', '史派克', '约克', '哈萨克', '阿克', '派克', '雅克', '克扣', '哈耶克', '胡克', '休克', '法兰克', '林克', '帕特里克', '福克', '库克', '霍克', '维克', '里克', '多维克', '汉克', '布莱克', '迪克', '庞克', '克复', '斯达克', '布鲁克', '帕克', '斯克', '杜克', '奥林匹克', '史帕克', '捷克斯洛伐克', '捷克斯洛伐克', '别克', '泰坦尼克', '布尔什维克', '罗克', '鹿克', '寇克', '柯克', '相生相克', '比克', '埃克', '攻无不克', '萨克', '王克', '沃克', '米尔克', '巴尔扎克', '明斯克', '西普克', '爱斯克', '科克', '纳斯达克', '杨克', '伯克', '楚克', '塔克', '埃里克', '德克', '凯迪拉克', '夸克', '区柯克', '勃拉克', '赖克', '乌夫库克', '雷克', '马赛克', '巴斯克', '达克', '鲁克', '扎克', '老杰克', '伯班克', '千克', '皮夹克', '苏克', '哈克', '洛克特克财团', '洛克特克财团', '洛克特克财团', '洛克特克财团', '洛克特克财团', '洛克特克财团', '波克', '塞尔瓦达克', '阿兹特克', '魁北克', '拉克', '洛克特克电视台', '洛克特克电视台', '洛克特克电视台', '洛克特克电视台', '洛克特克电视台', '洛克特克电视台', '博克', '库尔斯克', '默多克', '海尔克', '克里克', '克里克', '恰克', '德雷克', '罗曼蒂克', '德文克', '普朗克', '艾瑞克', '肖克', '德西克', '米克', '白克', '马里克', '威斯克', '五行生克', '狄克', '何克', '王人克', '盖拉克', '弗雷德里克', '青克', '徐克', '萨伍克', '斯塔克', '蒂伦马克', '德瑞克', '雅特里克', '雅特里克', '查克', '苏鲁克', '贝克松', '贝克松', '巴拉克', '卡米尔克', '斯巴达米克', '卡迪拉克', '张克', '敦刻尔克', '维克托', '路克', '伊扎克', '哈莱克', '阿克苏', '汉考克', '佐里克', '符拉迪沃斯托克', '德里克', '胥百克', '克罗克', '克罗克', '严克', '老查克', '夏洛克', '老克腊', '唐克', '泰克', '巴尔萨克', '莱克', '班烈克', '莫克', '罗菲克', '卡里克', '爱伯斯塔克', '派瑞克', '德鲁克', '阿克玛', '阿克玛', '柏克', '卓克', '海因克', '布拉克', '吕贝克', '锡克', '亚历克', '赫维斯克', '艾撒克', '西德克', '弗朗克', '艾杰克', '塔克拉玛干', '克期', '克朗代克', '容克', '默克', '诺福克', '普鲁塔克', '萧克', '老扎克', '罗迪克', '伊萨克', '蒙克', '丘鲁克', '玛克', '恩里克', '克拉苏', '西哈努克', '小德克', '斯洛伐克', '姚克', '尼奇雅克', '摩尔曼斯克', '皮克', '阿列克', '孟斯克', '敦克', '茄克', '阿兹克', '加拉克', '纳尔维克', '欧佩克', '孙克', '弗里克', '拉达克', '博尔德克', '姬克', '桑巴克', '希拉克', '黑杰克', '斯诺克', '狄拉克', '姆拉克', '乌克台', '波拉克', '赫克', '班尼迪克', '高尔察克', '波多利斯克', '范朋克', '奎斯克', '加瑞克', '华克', '龙克', '利默里克', '伦达克', '亚克', '布兰克', '逊克', '邦克', '老马克', '斯巴达克', '乌兹别克', '艾拉克', '恩克', '斯洛克', '德勒克', '科克托', '坦克里', '坦克里', '马木留克', '刘克', '阿卡托克', '欧提克', '小杰克', '克莱蒙', '阿鲁克', '法克', '兰克', '吴克', '比亚韦斯托克', '图克', '帕特利克', '佐狄亚克', '道尔斯克', '伊尔库茨克', '亨利克', '夏克', '肖申克', '巴鲁克', '吕克', '奇克', '西克', '洛克特克', '洛克特克', '洛克特克', '洛克特克', '斯克里', '卡扎克', '留涅布尔克', '伊诺克', '多米尼克', '班库尔克', '雷斯克', '托克', '马尔克', '迪马克', '菲尔霍克', '佐克', '温克', '戴克', '隆克', '索罗克', '墨克', '捷克军团', '捷克军团', '巴尔克', '洛特雷克', '巴特里克', '巴特里克', '洛里克', '叶拉克', '叶拉克', '王克勤', '辛克', '德克勒克', '德克勒克', '多里克', '格莱克', '班奈克', '法鲁克', '宋克', '米洛克', '尔斯克', '梅克', '布雷克', '班克', '凯奇洛克', '斯特克', '努克', '海克', '图克里莫克', '图克里莫克', '图克里莫克', '图克里莫克', '图克里莫克', '图克里莫克', '马利克', '赵克', '托卜鲁克', '巴塔克', '韦克', '陈克', '蒙洛克', '蒙洛克', '杜拉克', '尼勒克', '小亨利克', '托木斯克', '鲁德贝克', '小约克', '马木鲁克', '托布鲁克', '托布鲁克', '马利涅斯克', '洛辛克', '卢德维克', '费拉克', '贝瑞克', '庞巴维克', '门沙克', '莫桑比克', '让瑞克', '艾利克', '扎罗克', '福尔贝克', '孙思克', '葛列克', '阿特马克', '霍伊克', '鄂温克', '罗克勤', '帅克', '卡纳克', '尼姆克', '孟什维克', '肯德里克', '布洛克', '沃里克', '哈巴罗夫斯克', '奥克', '奥姆克', '奥金莱克', '崔凡克', '萨卡克', '科夫拉维克', '雷撒克', '姆岑斯克', '史诺威克', '佐明斯克', '莫洛克', '费兰克', '巴摩克', '洛克特克电视集团', '洛克特克电视集团', '洛克特克电视集团', '洛克特克电视集团', '洛克特克电视集团', '洛克特克电视集团', '洛克特克电视集团', '洛克特克电视集团', '巴克里', '贾克', '战无不克', '德尔布吕克', '赫维克', '萨克拉门托', '狄克勤', '图坦斯克', '布良斯克', '葛克', '兰斯贝尔克', '沙克', '卡隆特斯克', '昂纳克', '萨布拉克', '格雷斯托克', '洛巴克', '老尼克', '特鲁克', '史莱克', '翁方克', '卡兰斯克', '撒利克法', '马雷克', '玛斯克', '史塔克', '田克', '凯瑟克', '赫里克', '赫里克', '斯图克', '麦尔瓦德克', '扎纽克', '阿道克', '道克', '让伊拉克', '车克', '芬克', '让艾克', '勒克', '莱吉克', '扎瓦克里', '巴沙克', '让斯托克', '门涅利克', '杜塔克', '扎克里', '扎克里', '梅利尼克', '毫克', '皮欧拉里克', '雷克雅未克', '雷克雅未克', '蒂克', '老约克', '布克', '托克托', '藏非克', '艾比克', '阿扎克', '罗拉克', '萨姆诺什克', '斯泰帕克', '弗拉芒克', '德戴雷克', '诺克', '格鲁克', '雅尔穆克', '维斯布鲁克', '拉斯克', '佩克', '何以克当', '罗斯托克', '德克拉克', '德克拉克', '加尔普克', '赫达切克', '奥尔伐尼克', '巴洛克', '赫克托', '塞利克', '魏泽克', '奥梅克', '希克', '拉马克', '布吕克', '斯普特尼克', '多米妮克', '巴罗克', '索布恰克', '索布恰克', '库利克', '库比席克', '赛克', '莱希克', '老洛克', '小坦克', '斯派克', '莫拉德克', '维尔托克', '维尔托克', '杨特克', '雪克', '乌扎克', '斯得克', '老亨利克', '法拉克', '法拉克', '查德威克', '埃瓦克', '麦克尼里', '麦克尼里', '沃勒菲克', '达特斯克', '泰文克', '柯察克', '郑克', '特米里克', '穆巴拉克', '克伦克', '克伦克', '克伦克', '克伦克', '阿克托', '阿克托', '童克', '斯洛维克', '卓礼克', '马提尼克', '强克捷', '托里克', '托里克', '埃博诺克', '康麦克', '孟尼利克', '惠特克', '乌苏里斯克', '米克迈克', '米克迈克', '米克迈克', '米克迈克', '伊萨伯克', '艾尼克', '瓦利德坦克', '劳克', '黄克', '老布尔什维克', '特拉斯克', '连克', '贝尔利亚克', '塞克', '艾立克', '阿克蒙', '阿克蒙', '塔吉克', '芒克', '多布里亚克', '富兰克', '施奈克', '麦克林托克', '麦克林托克', '麦克林托克', '麦克林托克', '卡拉克', '塔木察格布拉克', '马克里', '穆克', '撒克', '布拉里克', '塔里克', '斯帕克', '马德克', '伊拉克南方军团', '伊拉克南方军团', '老别克', '葛洛克', '高克', '维特克', '戈多克', '布卢克', '弗莱克', '昆克', '雷马克', '维多克', '伍德杰克', '雷萨克', '科纳克里', '瓦洛克', '伊斯布兰克', '洛克财团', '洛克财团', '布隆克', '斯特里克', '斯特里克', '弗鲁克', '托尔特克', '卡尔纳蒂克', '崔凯克', '马尔蒂瓦克', '伊克', '阿里克', '阿里克', '拉瑟莱克', '普利斯克', '王塔克', '迪洛克', '斯特拉克', '赛门铁克', '沃尔贝克', '克夫里克', '司克', '敦拉扎克', '俞克', '沙洛克', '埃德里克', '希丁克', '卡尔梅克', '西门克', '席克', '西兰斯克', '瑞迪克', '克卢克', '克卢克', '阿思克', '帕尔那托克', '哈勃克', '巴迪克', '布尔塞维克', '辛迪克', '波尔克', '哈里克', '哈里克', '伊朗坦克', '史克', '马立克', '特克', '雅尼克', '黎登布洛克', '雅库茨克', '库普切克', '索斯盖克', '谢克', '莱伊克', '纽瓦克', '祁克果', '施里克', '帕查卡马克', '瓦克', '丰克', '克里松', '克里松', '费克', '布罗克', '菲罗克', '多米克', '普雷斯布鲁克', '蒙达尔克', '德吕克', '哈德克', '阿尔克', '瓦尔克', '克松', '老弗兰克', '曾克', '布拉得里克', '施耐克', '蔡克', '奥克派克', '奥克派克', '奥克派克', '奥克派克', '伊克坦布', '乌克', '扎胡克', '扎胡克', '鄂春克', '罗德利克', '鄂莫克', '戴瑞克', '杜鲁克', '皮科克', '霍尔布鲁克', '邱尔克', '鲍尔沙克', '卢茨克', '利克', '沃兹尼克', '斯诺尔尼克', '沃尔克', '萨尔贡坦克', '蒙立克', '蒙立克', '水陆坦克', '阿巴克', '鲁鲁克', '杜德克', '司铎克', '齐克', '布莱克松', '布莱克松', '斯特鲁德维克', '艾多克', '安格马克', '森克', '彼克', '西瑞克', '白勒克', '普洛克托', '普洛克托', '汉约克', '伦克', '福兰克', '桑代克', '米特尼克', '舍克', '瓦多克', '拉比克', '诺尔里斯克', '普迪托克', '斯雷克', '洛西克', '奎克', '巴菲克', '里杰威克', '艾里克', '格雷克', '老迪克', '阿道夫楚克', '弗朗切克', '克捷', '乌孜别克', '林司克', '南克', '孟克', '郝克', '米罗克', '穆里克', '耶舒恩内克', '波波克', '梅卡瓦坦克', '普卢塔克', '施瑞克', '威克乌阿拉克', '威克乌阿拉克', '威克乌阿拉克', '威克乌阿拉克', '辛特克', '乔里克', '汗克', '朱克', '特里克', '特里克', '让杰克', '赫尔托克', '威克', '朗格多克', '康泰克', '克里希克', '布拉戈维申斯克', '小巴克', '那赛克', '多马克', '奥尔梅克', '谢尔曼坦克', '可克', '奥兹图尔克', '克鲁苏', '纳迪克', '莫里亚克', '迪亚克', '塔雷斯克', '贝鲁克', '比弗布鲁克', '叶尼塞斯克', '斯特雷克', '奥拉克', '哈勒克', '克洛克', '克洛克', '小扎克', '章克', '斯皮克', '克拉斯诺亚尔斯克', '克拉斯诺亚尔斯克', '巴斯里斯克', '老贝克', '克鲁克', '克鲁克', '勃朗克', '瑟麦克', '宾斯克', '莫拉德契克', '索拉克', '王李克', '毕胜克', '达亚克', '莫尼克', '包克', '特克诺法', '特克诺法', '凯撒克', '老维克托', '阿蕾克', '明思克', '薛尔克', '比克瑙', '比克瑙', '扎萨克', '夸雷谢克', '勃瑞萨克', '格洛克', '多斯拉克', '德沃夏克', '卢迪克', '倪克', '琴克', '失血性休克', '布伦瑞克', '西奇威克', '沙扎克', '普拉克', '赛里克', '琳克', '斯科克', '尤克', '克里奥托', '克里奥托', '克什克腾旗', '克什克腾旗', '佩里克', '佩里克', '罗斯塔克', '卜洛克', '博布鲁伊斯克', '博布鲁伊斯克', '艾米克', '卢德克', '伊拉克坦克', '伊拉克坦克', '伊拉克坦克', '伊拉克坦克', '本克', '图雷克', '雅多克', '龙泰德斯克', '库布里克', '斯泽比亚克', '波尔莱克', '老克里蒙', '穆拉克', '卡马克', '德拉克', '斯库克', '海纳克', '史托克', '瑟米克', '基尔库克', '阿帕克', '斯特佐夫克', '崔珠克', '柯兰克', '克罗西克', '费斯克', '米高布莱克', '舒梅克', '帕德里克', '霍克蒙', '霍克蒙', '埃尼威托克', '克里斯托', '尔克', '拉扎克', '敦克尔克', '敦克尔克', '瑞克里', '卡克', '克里蒙', '基克', '戴马克', '马塞克', '程克', '弗伦克', '司徒雷克', '普伦狄克', '努哈克', '潘克', '冯克', '雷巴克', '梅里雅达克', '梅里雅达克', '帕佩克', '奥特兰克', '鲁兹克', '克威克', '克威克', '洛迪克', '威利克', '赫拉迪克', '费里德里克', '费里德里克', '哈尼克', '迪莫克', '乌科巴克', '若尔克', '斯韦尔德洛夫斯克', '连斯托克', '西泽克', '维莫克化工厂', '维莫克化工厂', '斯宾克', '布琼诺夫斯克', '沙巴克', '丘里克', '伊热夫斯克', '库里克', '库里克', '克隆尼克', '奥马克', '沃克尼安法', '克洛普斯托克', '丁克', '巴尔托克', '巴尔托克', '沙菲克', '耶多克', '撒哈克', '维斯克', '伊拉克考察团', '伊拉克考察团', '乌贝尼维克', '罗萨拉克', '比阿克', '温马克', '卡兹克', '布雷多克', '玛瑞克', '玛瑞克', '理斯克', '阿雅肖克', '伊加克', '勒克瑙', '容克财团', '容克财团', '张克帆', '泽克', '哈谢克', '卡纳蒂克', '苏尔克', '小洛克', '比诺克', '坦桑莫克', '马托克', '布素鲁克', '阿利斯塔克', '科普克', '许克', '魏克', '帕伦克', '普赛克', '艾伦克', '萨福克', '玛杜克', '里尔克', '加尔洛克', '麦吉克', '奈克罗曼克', '贝里克', '贝里克', '铁达尼克', '洛法克集团', '洛法克集团', '什维尔尼克', '马尔杜克', '苏比克', '麦瑞克', '小布莱克', '卡帕克', '庞克军团', '庞克军团', '涂克', '图鲁汉斯克', '袁克', '阿布诺斯克', '阿布诺斯克', '达尔维克', '盖特威克', '塞尔柯克', '格伦威克', '李克勤', '温尼克', '那青克', '奥德克', '莫扎伊斯克', '莫扎伊斯克', '让史派克', '托坦林克', '奥得彼克', '小卢克', '尚克', '斯瑞克', '克纳佩', '多拉克', '帕拉契克', '电休克', '克里布', '克里布', '让麦克', '克拉尔克', '休斯克', '塔克西里', '塔克西里', '因斯布鲁克', '崔克', '昂克', '松克', '福尔科克', '斯迪克', '沙鲁克', '皮布鲁克', '彼得罗扎沃茨克', '彼得罗扎沃茨克', '安谋克', '里肯巴克', '纳德米克', '昂那克', '圣克', '布罗德里克', '布罗德里克', '薛克', '冯博克', '巴迪拉克', '王维克', '石克', '加萨克', '老巴克', '哥尼克', '菲克', '拉狄克', '战克捷', '尤尼克', '里夫克', '杜博谢克', '让克里', '小伦克', '布兰克斯托克', '布兰克斯托克', '布兰克斯托克', '布兰克斯托克', '温斯洛克', '内克', '樊毅克', '曼克', '法斯克', '伊沙克', '拜罗克', '老坦克', '柯克布', '昂纳多克', '萨瓦克', '西沙里克', '曼林克', '洛克斯里', '洛克斯里', '艾沙克', '捷涅克', '那斯达克', '雅库次克', '小迪克', '海德克', '富朗克', '华克勤', '克腊', '龚克', '洛夫斯克', '拉斯蒂涅克', '沙迪亚克', '平克', '盖吉克', '李特斯奈克', '塞米巴拉金斯克', '伍德科克', '费力克', '艾扎克', '斯尔尼塞克', '穆克登布', '穆克登布', '杜维克', '安古莫克', '辛巴克', '米霍克', '保特哈米克', '刘克勤', '勒普克', '克列里', '乔克', '彼得罗克', '特勒热克', '让艾萨克', '庞巴威克', '伊瓦克', '蔡加尼克', '阿尔布克尔克', '阿尔布克尔克', '阿尔布克尔克', '阿尔布克尔克', '赫尔米克', '阿纳克', '布约克', '布约克', '凯尔奈克', '达蒂穆克', '德克里', '德克里', '小帕克', '托鲁克', '克米斯克', '克米斯克', '克米斯克', '克米斯克', '罗迈克', '麦考密克', '拉巴克', '小迈克', '麦卡洛克', '康斯托克', '沙德克', '汉卡克', '叶尔马克', '阿历克', '莫塔斯克', '彭加纳克', '亚里士达克', '哈沙克', '坦克兵团', '坦克兵团', '瓦卡克', '福尔克', '希洛克', '魏茨泽克', '杰依克', '魏扎克', '布罗尼克', '萨迪克', '捷尔斯克', '捷尔斯克', '克雷布', '梅斯吉拉克', '老伊萨克', '派克财团', '派克财团', '埃利克', '十全必克', '因特拉克', '柯里克', '方坦克', '巴特克', '奥德巴斯克', '石克发', '奥托克里克', '奥托克里克', '奥托克里克', '奥托克里克', '西利亚克', '郝克勤', '侯达克', '涅克', '麦尔克', '阿拉克', '李洛克', '欧克', '瑞吉威克', '斯芬克', '盖尔巴特克', '沙尔克', '诺瓦克', '弗列克', '弗林克', '谢尔德里克', '谢尔德里克', '泽巴克', '斯巴克', '普兰克', '克波特里', '克波特里', '方克', '克布', '比亚威斯托克', '尤尼莫克', '维洛克', '朗雷扎克', '波萨克', '温迪班克', '王既克', '尤尼瓦克', '威马克', '斯波克', '果可克', '尼克松当', '尼克松当', '罗塞尼克', '科尼塞克', '史瑞克', '庇尔克', '小别克', '奥克托', '奥克托', '德马克', '巴莱克', '布拉泽克', '德穆楚克', '艾鲁克', '加洛克', '伯尔克', '帕斯捷尔纳克', '休南克', '贝加尔斯克', '老德米克', '雷克雅维克', '费尔萨克', '柯尔克', '吉瓦克', '比什凯克', '第一克', '李约克', '海斯克', '安迪梅什克', '麦科马克', '罗培克', '杰斐克', '沃罗科拉姆斯克', '梅索克', '伯恩克', '斯特洛克', '汗比克', '塔古克', '那克', '让海尔克', '小图克', '曼斯克', '格但斯克', '夸洛佩克', '孟克孜', '阿雅克', '吴克勤', '依斯哈克', '杜勒克', '马利博斯克', '福里克', '希科克', '波伊特克', '梅特林克', '富西克', '谢夫斯克', '根斯巴克', '艾森克', '张克勤', '哥特塔克', '施韦克', '老图克', '贝尼克', '高文克', '麦克里里', '麦克里里', '麦克里里', '卡斯布兰克', '贝克瓦克', '贝克瓦克', '贝克瓦克', '贝克瓦克', '科日诺维克', '威兹萨克', '莫什尤克', '肯亚克', '多克', '沃洛克拉姆斯克', '沃洛克拉姆斯克', '沃洛克拉姆斯克', '沃洛克拉姆斯克', '泽尼切克', '格拉克', '厄普代克', '尼玛克', '尼玛克', '丘克', '特里亚克', '菲济克', '古尔克', '纳贝斯克', '克莱克', '克莱克', '维希尼亚克', '罗德里克', '波伊克', '哈尔克', '克里木克', '斯克雷普尼克', '敦科尔克', '麦克马克', '麦克马克', '麦克马克', '麦克马克', '卡丝雷克', '皮莱克', '史达克', '朱克松', '阿韦克', '马萨里克', '卡巴拉克', '格里克', '格里克', '威瓦克', '汉库克', '克里奈克', '克里奈克', '克里奈克', '克里奈克', '赛马克', '霍尔克', '万克', '戈洛姆伯克', '亚考罗克', '亚考罗克', '维捷布斯克', '李迪克', '安加尔斯克', '埃米斯克', '法罗克', '阿道夫克', '格伦威克厂', '格伦威克厂', '马鲁克', '瑞贝克', '梅考克', '老麦克', '阿奇木伯克', '西里克', '萧和克', '西尔伯克', '乌鲁克', '瑟里耶克', '瑟里耶克', '恩克鲁玛', '祖尔法拉克', '祖尔法拉克', '李伯克兵工厂', '李伯克兵工厂', '马穆鲁克', '科尔克', '雷姆克', '阿克托别', '阿克托别', '沙克玛', '毕克', '老维克剧团', '老维克剧团', '霍特布莱克', '瓦里克', '沙拉克', '廷克', '让约克', '斯坦贝克', '爱克', '惠洛克', '艾舒克', '阿克里', '阿克里', '布鲁贝克', '奥特斯兰克', '斯坦克', '圣艾克', '莫霍克', '哈塔克', '皮什佩克', '让派克', '普迪克', '埃格利萨克', '迪克西使团', '迪克西使团', '克制克制', '克制克制', '克制克制', '克制克制', '凯鲁亚克', '柯尔克孜', '麦克库克', '麦克库克', '麦克库克', '麦克库克', '朗佳克', '西季威克', '马力克', '苏梅克', '卡鲁鲁克', '盖克', '多默克', '亚伯克', '塔尔迪布拉克', '维姆萨拉克', '罗肯巴克', '弗克', '马斯垂克', '平斯克', '连艾克', '阿尔汉格尔斯克', '波多里斯克', '雷迪克', '舍尔兹内克', '库布坦克', '库布坦克']
喂	['喂', '饲喂', '哺喂', '哺喂']
历	['经历', '来历', '历', '万历', '阅历', '资历', '游历', '学历', '简历', '历尽', '亲身经历', '历法', '农历', '历年', '病历', '履历', '历历', '历历', '日历', '亲历', '阴历', '历史系', '弘历', '永历', '大历', '阳历', '天历', '黄历', '亚历', '历史记录', '旧历', '公历', '遍历', '挂历', '庆历', '新历', '西历', '身历', '年历', '宝历', '亚历克', '履历表', '台历', '皇历', '久历', '律历', '星历', '圣历', '凌历', '农历新年', '农历新年', '古历', '朱历', '夏历', '蔡景历', '威士历', '历表', '老皇历', '国历', '万年历', '月历', '太阳历', '秦历', '罗历', '熊罗历', '涉历', '李历', '旧历年', '许历', '农历年', '殷历', '藏历', '吴历', '回历', '律历志', '同等学历', '颜历', '景初历', '应历', '校历', '司历', '唐历', '万历年', '万历年', '宣明历', '玄历', '旧历法', '龙历', '阴阳历', '周历', '让万历', '夏兰历', '高学历', '太阴历', '阿尔法历', '阿尔法历', '苏历', '张宾历', '尤历', '诺历', '王历', '皇极历', '儒略历', '明代万历', '汉历', '季历', '明永历', '魏历', '经历经历', '经历经历', '经历经历', '经历经历', '南明永历', '鲁历', '阿历克', '明王历', '栗历', '崇玄历', '景历', '东元历', '卓金历', '宋庆历', '兴光历', '阿历', '钦天历', '永昌历', '王历冲', '王历冲', '那万历', '多历', '德历', '明万历', '宋历', '于万历', '于万历']
旗	['旗', '红旗', '八旗', '军旗', '白旗', '国旗', '旌旗', '旗杆', '令旗', '旗鼓相当', '花旗', '彩旗', '战旗', '锦旗', '皇旗', '义旗', '黑旗', '正黄旗', '刘瑞旗', '镶黄旗', '五星红旗', '升旗', '正蓝旗', '正红旗', '星条旗', '洪旗', '信号旗', '护旗', '队旗', '党旗', '龙旗', '黄旗', '降旗', '帅旗', '扬旗', '号旗', '海军旗', '蓝旗', '会旗', '授旗', '刘总旗', '白连旗', '下半旗', '蔡大旗', '旗枪', '拉大旗', '三面红旗', '校旗', '金旗', '敖汉旗', '陈小旗', '铁旗', '禹金旗', '降半旗', '斩将搴旗', '单旗', '黄天旗', '古旗', '区旗', '楚云旗', '王旗', '铁大旗', '青旗', '手旗', '信旗', '赵聚旗', '额济纳旗', '奖旗', '韩小旗', '献旗', '准格尔旗', '云旗', '王小旗', '宋战旗', '克什克腾旗', '顺风扯旗', '卫所旗', '贺旗', '达拉特旗', '黑旗坛', '黑旗坛', '金龙旗', '巴林左旗', '杭锦旗', '王大旗', '科尔沁左翼中旗', '高旗', '巴林右旗', '红旗报捷', '吴旗', '丁旗', '汪旗', '阿拉善左旗', '社旗', '光旗', '科尔沁左翼后旗', '徐旗', '伊金霍洛旗', '苏尼特右旗', '斯前旗', '国旗法', '扯顺风旗', '海旗', '四子王旗', '张旗', '阿拉善右旗', '董大旗', '李总旗']
绕	['绕', '围绕', '环绕', '缠绕', '缭绕', '萦绕', '盘绕', '云雾缭绕', '魂牵梦绕', '回绕', '旋绕', '余音缭绕', '珠围翠绕', '烟云缭绕', '卷绕', '反绕', '云烟缭绕', '竹林环绕', '攀绕', '云缠雾绕']
苏	['苏', '苏云', '扶苏', '江苏', '苏苏', '苏苏', '流苏', '复苏', '姑苏', '梅长苏', '苏哈托', '苏帆', '小苏', '苏冰云', '老苏', '苏门答腊', '紫苏', '姓苏', '马苏阿里', '马苏阿里', '苏郁', '美苏', '阿苏', '陈子苏', '苏克', '让苏', '苏玛', '乌苏', '何苏叶', '程达苏', '苏婕', '噜苏', '伊苏', '楚云苏', '苏鲁克', '乌里雅苏', '阿克苏', '尔苏', '白苏', '密苏里', '万物复苏', '叶子苏', '经济复苏', '克拉苏', '黄苏', '苏松', '那苏', '小苏苏', '小苏苏', '留苏', '米苏', '姬苏', '西苏', '豫皖苏', '苏红叶', '苏红叶', '苏姗', '苏秋叶', '苏秋叶', '苏倩云', '德苏', '鄂卜苏', '侯苏', '苏万卷', '苏万卷', '裴月苏', '云苏', '苏兆征', '哈苏', '玛丽苏', '苏准', '苏蒙', '马苏里', '马苏里', '苏叶', '屠苏', '海拉苏', '苏志', '苏思云', '苏朴', '李苏苏', '李苏苏', '官苏', '苏奶奶', '苏奶奶', '乌苏里斯克', '康德苏', '刘月苏', '汪慕苏', '刘苏', '范苏', '鲁苏', '连苏', '苏里', '苏里', '苏叶叶', '苏浅云', '陈苏', '苏曼云', '雷苏', '哈伊苏', '苏游', '苏瓦松', '罗苏', '维丹塔苏', '廖子苏', '耶苏', '全苏', '杨苏苏', '杨苏苏', '捷苏', '周念苏', '可苏', '乌库苏', '苏复', '赵苏', '苏格玛', '阿彻苏', '比苏', '克鲁苏', '贝尔苏', '死而复苏', '李苏', '伽苏布', '苏端', '郝苏', '菲图苏', '里雅苏', '苏逸才', '苏逸才', '苏弥', '南苏', '谢谢苏', '西苏里', '苏历', '苏小云', '让苏苏', '让苏苏', '尚书苏', '拉哈苏', '秦苏', '多谢苏', '江苏布', '江苏布', '华苏', '胡苏', '罗觉苏', '纳尔苏', '苏比克', '英苏', '苏绍录', '于苏', '于苏', '昭苏', '苏明照', '纳苏格布', '马苏', '余王苏', '瓦苏', '大苏', '小江苏', '武功苏', '布苏里', '布苏里', '苏捷', '王苏', '苏三欢', '哈拉苏', '康苏', '苏万年', '苏万年', '冒勃苏', '梅苏', '贝达苏', '乌苏里', '苏合台', '董苏', '李苏云', '徐佛苏', '洛西苏', '栾提苏', '秦扶苏', '郑苏苏', '郑苏苏', '苏适', '那尔苏', '苏尼特右旗', '温苏', '苏代苏', '苏代苏', '苏名望', '苏名望', '达哈苏', '苏婕妤', '苏婕妤', '肖苏', '宋和苏', '张东苏', '若苏', '保苏', '苏皇后', '苏皇后', '苏梅克']
托	['托', '拜托', '委托', '寄托', '衬托', '依托', '摩托', '推托', '斯托克', '嘱托', '古托', '重托', '枪托', '布托', '受人之托', '信托', '苏哈托', '请托', '烘托', '相托', '假托', '付托', '奥托', '贝尼托', '受托', '铁托', '卡托', '盘托', '维克托', '转托', '全权委托', '符拉迪沃斯托克', '乌兰巴托', '安托', '托里', '托布', '金融信托', '下托', '内鲁托', '娜娃托', '平托', '帕托', '承托', '拜托拜托', '拜托拜托', '拜托拜托', '拜托拜托', '霍卜托', '托托', '托托', '全托', '汗巴乌托', '科克托', '阿卡托克', '比亚韦斯托克', '罗尔托', '维托', '托克', '巴雷托', '伪托', '伯托', '瓦托', '涅斯托', '托卜鲁克', '托木斯克', '纳托', '托布鲁克', '托布鲁克', '坎贝托', '奥博托', '塔兰托', '日托', '毛托', '史巴托', '阿姆托', '入托', '萨克拉门托', '格雷斯托克', '巴托', '罗平托', '蒙托', '达马托', '让斯托克', '马托', '蒙索托', '茶托', '托克托', '托克托', '花托', '恳托', '罗斯托克', '赫克托', '西托', '巴依托', '亚托', '维尔托克', '维尔托克', '海波里托', '阿克托', '阿克托', '索韦托', '中央信托局', '托里克', '托里克', '巴斯托', '倚托', '阿邦托', '迪内托', '贝贝托', '舒尔托', '捧托', '麦克林托克', '麦克林托克', '阿尔托', '乌洛兰托', '蒙博托', '李托', '本托', '特兰托', '帕尔那托克', '乔托', '托于', '斯托里', '斯托里', '奥伯托', '斯托', '市价委托', '市价委托', '托叶', '小摩托', '霍托', '珠托', '雷恩斯托', '老托', '罗伯托', '泽罗伯托', '维斯托', '普洛克托', '普洛克托', '贝斯托', '资金信托', '普迪托克', '赫尔托克', '普拉托', '桑托', '布鲁托', '拉托', '乔莉良托', '老维克托', '阿马托', '布里斯托', '克里奥托', '克里奥托', '穆托', '史托克', '医托', '曼托', '莱索托', '埃尼威托克', '布拉托', '克里斯托', '托杯', '连斯托克', '博尔格托', '潘托', '克洛普斯托克', '巴尔托克', '巴尔托克', '谬托', '洛纳托', '亚里奥托', '亚里奥托', '哈雷摩托', '哈托', '英德利凯托', '马托克', '雷纳托', '贝博托', '加斯托', '罗斯托', '映托', '小托', '托坦林克', '阿尔贝托', '卡斯托', '贝尔托', '庇里托', '贝托', '索托', '罗韦雷托', '支托', '埃托', '布兰克斯托克', '布兰克斯托克', '奥兰托', '克拉托玛', '努尔哈托', '盖托', '托里切里', '托里切里', '托鲁克', '限价委托', '限价委托', '康斯托克', '靠托', '康托', '奥托克里克', '奥托克里克', '卡尔托', '萨贡托', '佩索托', '塔夫托', '帕洛阿尔托', '罗托', '比亚威斯托克', '里斯托', '维内托', '安帕托', '卡沃托', '奥克托', '奥克托', '萨托', '阿尼齐勒夏托', '塔利亚曼托', '思托', '迪西亚托', '维兰托', '马斯托', '菲奥里托', '菲奥里托', '恩泽托', '乌托', '阿尔伯托', '阿格里琴托', '阿格里琴托', '阿克托别', '阿克托别', '涅托', '科托', '勒托', '麦托', '居里门托', '居里门托', '乌兰托', '依托于', '依托于']
朱	['朱', '尔朱', '阿朱', '朱斌', '小朱', '老朱', '姓朱', '朱云', '朱延年', '朱厚照', '朱一帆', '朱丽叶', '朱仝', '朱菁照', '让朱', '朱由斌', '朱秉松', '王朱', '朱秀云', '那朱', '朱向', '可朱', '朱千里', '朱千里', '朱学勤', '朱耀志', '燕王朱', '朱皓', '朱升', '朱朱', '朱朱', '朱冲', '朱君照', '朱如松', '朱昆', '朱皇后', '朱福年', '白凤朱', '龙朱', '朱历', '朱镇岳', '朱复', '朱丰', '国公朱', '朱果', '朱洪志', '宁王朱', '朱湘云', '朱湘云', '朱利叶', '朱广', '丹朱', '朱朴', '佟韩朱', '尚书朱', '朱里', '陆韩朱', '朱彩云', '朱彩云', '秦王朱', '周王朱', '朱仙果', '朱仙果', '朱丹周', '谷王朱', '晋王朱', '朱云松', '朱慈焱', '朱承志', '朱成斌', '荣王朱', '朱志', '鲁王朱', '朱长发', '朱长发', '朱蒙', '朱莉叶', '连朱', '朱姑奶奶', '朱姑奶奶', '唐王朱', '朱青云', '朱青云', '朱锦年', '朱载志', '比朱', '朱加施维里', '朱加施维里', '阳朱果', '朱克', '朱浩才', '朱佩', '邓朱', '于尔朱', '侯朱', '朱先云', '朱翠花', '赵王朱', '金吾朱', '朱学范', '谢谢朱', '朱照', '李继朱', '司农朱', '朱显升', '楚王朱', '齐王朱', '朱欢', '虞候朱', '代王朱', '多谢朱', '罗王朱', '朱万里', '朱万里', '桂王朱', '小尔朱', '宛人朱', '居士朱', '朱天云', '朱松', '朱舍里', '朱舍里', '朱麒', '朱景云', '朱建丰', '银朱', '萧红朱', '朱继圣', '朱国志', '吴人朱', '朱武当', '朱武当', '朱塞佩', '朱叶', '朱别', '雷手朱', '朱兴志', '因朱', '佟文朱', '惠王朱', '王和朱', '傅粉施朱', '施朱', '德王朱', '王尔朱', '万一朱', '朱果叶', '朱果叶', '张开朱', '朱郁', '朱克松', '管家朱', '朱于', '朱丰年', '朱丰年', '朱良才', '朱良才', '小阿朱', '祝赛朱', '朱邦复', '宛如朱', '武英侯朱', '周程朱', '傅朱', '明王朱', '屠龙朱', '朱奶奶', '朱奶奶', '小朱当']
期	['期', '时期', '长期', '星期', '期望', '后期', '初期', '中期', '日期', '预期', '短期', '早期', '前期', '假期', '学期', '近期', '定期', '周期', '基期', '后会有期', '为期', '先期', '如期', '到期', '末期', '限期', '青春期', '任期', '合体期', '分神期', '大乘期', '晚期', '金丹期', '同期', '过期', '第一期', '婚期', '每星期', '延期', '期刊', '全盛时期', '高峰期', '遥遥无期', '无期', '会期', '无限期', '约期', '更年期', '档期', '中后期', '危险期', '按期', '分期', '暑期', '第二期', '下学期', '工期', '试用期', '刑期', '大成期', '新时期', '远期', '成熟期', '本期', '归期', '逾期', '第1期', '第1期', '过渡时期', '行期', '有效期', '佳期', '焦镇期', '第三期', '心动期', '改期', '蜜月期', '成长期', '首期', '第4期', '第4期', '看涨期', '花期', '第3期', '第3期', '中长期', '第2期', '第2期', '汛期', '潜伏期', '第5期', '第5期', '预产期', '孕期', '发情期', '看跌期', '第四期', '吉期', '转轨期', '先天期', '保质期', '融合期', '离合期', '过渡期', '活期', '安全期', '经期', '巅峰期', '克期', '第6期', '第6期', '开光期', '缓期', '务期', '转型期', '幼年期', '后会无期', '上升期', '磨合期', '第12期', '第12期', '发展期', '股票期', '第9期', '第9期', '第11期', '第11期', '满期', '届期', '叛逆期', '恢复期', '生长期', '展期', '第8期', '第8期', '发育期', '优惠期', '幼儿期', '第10期', '第10期', '适应期', '第五期', '第7期', '第7期', '成年期', '生理期', '瓶颈期', '冰河期', '愆期', '实习期', '婴儿期', '枯水期', '低潮期', '衰退期', '缓冲期', '第六期', '冰期', '刻期', '交货期', '哺乳期', '第14期', '第14期', '儿童期', '临期', '考期', '服役期', '持有期', '虚弱期', '第15期', '第15期', '误期', '第13期', '第13期', '第16期', '第16期', '童年期', '学期期', '学期期', '学期期', '学期期', '准备期', '兴奋期', '排卵期', '第18期', '第18期', '青年期', '稳定期', '中短期', '观察期', '船期', '少年期', '变声期', '第17期', '第17期', '真空期', '鼎盛期', '生成期', '第九期', '全盛期', '择期', '养神期', '同一期', '关键期', '第19期', '第19期', '飞升期', '飞升期', '盛期', '第七期', '第96期', '第96期', '期考', '考察期', '调整期', '第93期', '第93期', '休整期', '妊娠期', '较长期', '长周期', '休眠期', '喜期', '第100期', '第100期', '第97期', '第97期', '第98期', '第98期', '老年期', '头期', '第八期', '半衰期', '第95期', '第95期', '月经期', '使用期', '黄金期', '第94期', '第94期', '转会期', '蓝舍期', '合同期', '保护期', '超期', '第91期', '第91期', '第99期', '第99期', '繁荣期', '养气期', '才期期', '才期期', '才期期', '才期期', '保修期', '空白期', '现期', '预备期', '天仙期', '期汇', '赛期', '回收期', '花子期', '第92期', '第92期', '就是期', '在分神期', '过了期', '过了期', '高潮期', '爆发期', '爆发期', '收获期', '班期', '第23期', '第23期', '敏感期', '低谷期', '低谷期', '热恋期', '活动期', '第122期', '第122期', '货期', '第24期', '第24期', '阵痛期', '见习期', '第十期', '不应期', '承包期', '求学时期', '高发期', '生命期', '第155期', '第155期', '训练期', '平静期', '冬眠期', '破空期', '地质时期', '和平期', '第135期', '第135期', '第35期', '第35期', '第27期', '第27期', '免税期', '第102期', '第102期', '保鲜期', '冰川期', '第134期', '第134期', '尾期', '第25期', '第25期', '魔王期', '第31期', '第31期', '间期', '穷期', '第09期', '第09期', '第152期', '第152期', '任职期', '守孝期', '第127期', '第127期', '到了期', '到了期', '第144期', '第144期', '活跃期', '第156期', '第156期', '培训期', '萌芽期', '第128期', '第128期', '新书期', '第159期', '第159期', '怀孕期', '壮年期', '壮年期', '第34期', '第34期', '第165期', '第165期', '不及期', '萧条期', '第140期', '第140期', '导入期', '收缩期', '第52期', '第52期', '在成长期', '间歇期', '第05期', '第05期', '信用期', '第06期', '第06期', '第32期', '第32期', '蛰伏期', '第08期', '第08期', '第30期', '第30期', '第十二期', '第90期', '第90期', '第42期', '第42期', '第71期', '第71期', '第39期', '第39期', '第123期', '第123期', '第84期', '第84期', '第21期', '第21期', '第149期', '第149期', '第110期', '第110期', '创业期', '第十一期', '购买期', '第33期', '第33期', '执行期', '第131期', '第131期', '第103期', '第103期', '第68期', '第68期', '第22期', '第22期', '第120期', '第120期', '学徒期', '临近期', '第76期', '第76期', '第56期', '第56期', '第29期', '第29期', '第78期', '第78期', '播种期', '第３期', '第３期', '第66期', '第66期', '第77期', '第77期', '第117期', '第117期', '租借期', '胎儿期', '参加期', '第37期', '第37期', '第85期', '第85期', '第137期', '第137期', '休假期', '休假期', '第126期', '第126期', '玉液期', '第65期', '第65期', '第113期', '第113期', '第145期', '第145期', '第105期', '第105期', '第49期', '第49期', '第１期', '第１期', '炼丹期', '回报期', '第139期', '第139期', '第170期', '第170期', '保存期', '第36期', '第36期', '旺盛期', '第133期', '第133期', '第106期', '第106期', '第147期', '第147期', '第81期', '第81期', '第47期', '第47期', '存活期', '第40期', '第40期', '偿还期', '投入期', '疲劳期', '生存期', '左右期', '第172期', '第172期', '第168期', '第168期', '交割期', '宣传期', '凝神期', '第01期', '第01期', '第74期', '第74期', '休战期', '第69期', '第69期', '服务期', '第63期', '第63期', '第108期', '第108期', '第67期', '第67期', '长短期', '第26期', '第26期', '第104期', '第104期', '第188期', '第188期', '考核期', '考核期', '建设期', '第38期', '第38期', '混沌期', '混沌期', '第50期', '第50期', '决可期', '第72期', '第72期', '第45期', '第45期', '第169期', '第169期', '衰落期', '第182期', '第182期', '平稳期', '晶核期', '晶核期', '胚胎期', '没有分神期', '第111期', '第111期', '第138期', '第138期', '第101期', '第101期', '临产期', '未有期', '第157期', '第157期', '封闭期', '第48期', '第48期', '第41期', '第41期', '第112期', '第112期', '第03期', '第03期', '服丧期', '第88期', '第88期', '第116期', '第116期', '第136期', '第136期', '发作期', '考验期', '第124期', '第124期', '第166期', '第166期', '第162期', '第162期', '转折期', '第119期', '第119期', '第51期', '第51期', '绝经期', '在此期', '第58期', '第58期', '第07期', '第07期', '第57期', '第57期', '黑暗期', '黑暗期', '投资期', '第151期', '第151期', '付款期', '等死期', '第118期', '第118期', '繁殖期', '第89期', '第89期', '龄期', '第86期', '第86期', '第107期', '第107期', '第２期', '第２期', '扩张期', '孵化期', '转换期', '第158期', '第158期', '第141期', '第141期', '第181期', '第181期', '第02期', '第02期', '无霜期', '第189期', '第189期', '第83期', '第83期', '第62期', '第62期', '第53期', '第53期', '第154期', '第154期', '出售期', '计划期', '计划期', '第164期', '第164期', '第75期', '第75期', '第143期', '第143期', '第186期', '第186期', '第59期', '第59期', '顶峰期', '卖出期', '第132期', '第132期', '第142期', '第142期', '第87期', '第87期', '回归期', '租赁期', '困难期', '第43期', '第43期', '衰老期', '第180期', '第180期', '期货期', '第196期', '第196期', '第187期', '第187期', '第109期', '第109期', '产卵期', '学习期', '择偶期', '试验期', '第115期', '第115期', '停滞期', '第121期', '第121期', '第46期', '第46期', '第125期', '第125期', '初创期', '第171期', '第171期', '第153期', '第153期', '交配期', '第146期', '第146期', '第79期', '第79期', '未及期', '生效日期', '报告期', '第167期', '第167期', '第61期', '第61期', '康复期', '康复期', '萌动期', '截止期', '第129期', '第129期', '问鼎期', '第73期', '第73期', '在哺乳期', '族长期', '第184期', '第184期', '衰弱期', '第194期', '第194期', '在同一期', '第183期', '第183期', '死亡期', '初生期', '黄发期', '第174期', '第174期', '发动期', '反抗期', '睡眠期', '第178期', '第178期', '青少年期', '青少年期', '缓和期', '休息期', '杖期', '蜕变期', '冰封期', '机遇期', '神人期', '第150期', '第150期', '第20期', '第20期', '第64期', '第64期', '封冻期', '执政期', '冰冻期', '第176期', '第176期', '第５期', '第５期', '第175期', '第175期', '幼虫期', '连分神期', '测试期', '形成期', '第193期', '第193期', '第54期', '第54期', '小冰河期', '第190期', '第190期', '保险期', '间隔期', '等待期', '结冰期', '第82期', '第82期', '生产期', '恒星期', '第160期', '第160期', '洪水期', '清偿期', '冷战期', '国丧期', '认购期', '第130期', '第130期', '周转期', '生育期', '启蒙期', '启蒙期', '斋戒期', '分娩期', '第４期', '第４期', '增长期', '第114期', '第114期', '仙人期', '马上要期', '第179期', '第179期', '开花期', '后会难期', '绿舍期', '冷却期', '动荡期', '动荡期', '第185期', '第185期', '第44期', '第44期', '第173期', '第173期', '离婚期', '统治期', '滞后期', '滞后期', '王子期', '恋爱期', '现在期', '存续期', '师长期', '麻痹期', '经营期', '第192期', '第192期', '进化期', '支付期', '在服丧期', '自己期', '已失期', '临界期', '第161期', '第161期', '在实习期', '操作期', '虚渡期', '采摘期', '成人期', '少女期', '神武应期', '绵绵无期', '绵绵无期', '辅导期', '指数期', '极盛期', '筹备期', '寿命期', '泛滥期', '远期外汇', '远期外汇', '父母期', '公测期', '季风期', '任期制', '准期', '空头期', '传染期', '经济衰退期', '学前期', '完全期', '在上升期', '断乳期', '宽限期', '推荐期', '不出期', '收割期', '抛售期', '星云期', '星云期', '没有期', '买进期', '公告期', '在当期', '合作期', '缓战期', '成功可期', '种子期', '中断期', '饱和期', '孩童期', '低落期', '第199期', '第199期', '加速期', '流放期', '过度期', '样本期', '亢奋期', '朦胧期', '朦胧期', '第十七期', '第十四期', '公测时期', '高增长期', '疲惫期', '性成熟期', '居丧期', '梅雨期', '修炼期', '修炼期', '创建期', '躁动期', '专利期', '工作期', '学龄期', '起步期', '文化期', '高速增长期', '第200期', '第200期', '草创期', '兴盛期', '哺育期', '上诉期', '脱期', '施工期', '进入期', '推广期', '推广期', '就分神期', '闭关期', '富贵可期', '生存周期', '沉睡期', '折旧期', '距离期', '距离期', '幼稚期', '修业期', '还有期', '空档期', '第191期', '第191期', '股指期', '收益期', '销售期', '寒冬期', '寒冬期', '不失期', '经前期', '服刑期', '美式期', '下降期', '在发行期', '在观察期', '失效期', '在于期', '在于期', '开拓期', '涨水期', '更新期', '内核期', '内核期', '在下期', '魔君期', '除息期', '第四十九期', '一期期', '一期期', '一期期', '一期期', '孕育期', '迷茫期', '屠宰期', '泡沫期', '光明期', '应付期', '摸索期', '高涨期', '新兵期', '循环期', '第197期', '第197期', '红丹期', '第198期', '第198期', '第60期', '第60期', '崩溃期', '楼船期', '发行期', '不定期', '天子期', '中远期', '发病期', '时效期', '隔离期', '隔离期', '什么期', '行使期', '休养期', '游艺期', '婴孩期', '许多期', '追诉期', '流星期', '舒张期', '在上期', '对金丹期', '外汇期', '外汇期', '发达期', '紧张期', '骑射者期', '培育期', '度假期', '度假期', '冷冻期', '第04期', '第04期', '锻炼期', '锻炼期', '停战期', '婴幼期', '大觉期', '封山期', '第70期', '第70期', '第９期', '第９期', '蛹期', '对分神期', '公示期', '保证期', '后期期', '后期期', '后期期', '后期期', '婚姻期', '反应期', '快速成长期', '整合期', '定有期', '忙期', '混乱期']
游	['游', '秦少游', '旅游', '周游', '游玩', '上游', '李游', '下游', '游荡', '游历', '导游', '游离', '出游', '游刃有余', '神游', '梦游', '交游', '游斗', '浮游', '遨游', '云游', '漫游', '尤游', '中游', '游手好闲', '畅游', '巡游', '郊游', '夜游', '陆游', '远游', '龙游', '四处游荡', '逍遥游', '环游', '闲游', '优游', '贾少游', '旅游局', '悠游', '仙游', '春游', '中下游', '旧地重游', '韩游', '夏少游', '故地重游', '旅游团', '潜游', '陈少游', '旧游', '甄少游', '战游', '冷少游', '信天游', '飘游', '一日游', '回游', '游幸', '铁异游', '力争上游', '秋游', '小游', '龙天游', '嬉游', '萧游云', '裴竹游', '浪游', '梦游症', '漂游', '戚少游', '野游', '东游西荡', '转游', '游云', '姓游', '老游', '麟游', '倦游', '龙三游', '吕游', '壮游', '钟仲游', '秉烛夜游', '陆天游', '魏少游', '优游卒岁', '苏游', '尚游', '洄游', '欧游', '泅游', '左少游', '董进游', '张游', '携手同游', '唐少游', '孙如游', '南游', '杨游岳', '游向', '游向', '豪华游', '秦游', '佚游', '周游才', '周游才', '张天游', '孙游岳', '昼伏夜游', '游良朴', '游于', '莫罗游', '游余', '冬游', '江游', '查继游', '蒋少游', '游游', '游游', '乐逸游', '金剑游', '孟游', '赵游', '孙从游']
扯	['扯', '牵扯', '拉扯', '胡扯', '撕扯', '瞎扯', '闲扯', '拉拉扯扯', '拉拉扯扯', '东拉西扯', '扯扯', '扯扯', '扯后腿', '掰扯', '攀扯', '生拉硬扯', '扭扯', '胡诌八扯', '勾扯', '纠扯', '顺风扯旗', '扯腿', '神扯', '生拉活扯', '七拉八扯', '拉扯拉扯', '拉扯拉扯', '拉扯拉扯', '拉扯拉扯', '扯顺风旗', '胡诌乱扯']
御	['防御', '御', '抵御', '守御', '御驾亲征', '统御', '驾御', '抗御', '御制', '防御法', '防御法', '制御', '捍御', '不畏强御', '御坂', '不避强御', '弹道导弹防御']
蒙	['蒙', '蒙面', '卡拉蒙', '蒙蒙', '蒙蒙', '迷蒙', '吕蒙', '承蒙', '灰蒙蒙', '灰蒙蒙', '启蒙', '蒙在鼓里', '西蒙', '比蒙', '达蒙', '荷尔蒙', '雷蒙', '内蒙', '乌蒙', '肖蒙', '蒙汗药', '派拉蒙', '发蒙', '罗蒙', '李蒙', '王小蒙', '古蒙', '白蒙蒙', '白蒙蒙', '蒙勤勤', '满蒙', '王蒙', '多蒙', '佩蒙', '迷蒙蒙', '迷蒙蒙', '洛蒙', '阿尔塔蒙', '蒙冲', '沂蒙', '空蒙', '林蒙', '小蒙', '欺蒙', '邹蒙', '开蒙', '庄蒙', '阿蒙', '欧蒙', '蒙克', '萨蒙', '蒙少帆', '埃德蒙', '黑蒙蒙', '黑蒙蒙', '褚蒙', '老雷蒙', '金蒙', '牛蒙', '计蒙', '黄蒙', '周蒙', '艾德蒙', '白蒙', '克莱蒙', '德斯蒙', '童蒙', '张天蒙', '李亚蒙', '唐蒙', '云蒙', '宋蒙', '姓蒙', '田蒙', '拉蒙', '沙蒙', '卓蒙', '图坦卡蒙', '奈巴蒙', '愚蒙', '基蒙', '戴蒙', '蒙洛克', '蒙洛克', '卡洛蒙', '昏蒙', '侯蒙', '小雷蒙', '让蒙', '老蒙', '多特蒙', '爱尔蒙', '邬蒙', '岳蒙', '蒙药', '亚蒙', '马尔蒙', '蒙托', '王阿蒙', '苏蒙', '贝拉蒙', '蒙索托', '高蒙', '贺蒙', '秦蒙', '萨尔蒙', '图蒙', '蒙头转向', '戴德蒙', '汉蒙', '吴蒙', '安蒙', '雷德蒙', '哈蒙', '蒙得志', '蒙得志', '萧鸿蒙', '爱德蒙', '费尔蒙', '蒙塔里', '蒙塔里', '孔蒙', '马蒙', '图特卡蒙', '蒙舍', '柴蒙', '那蒙', '里修蒙', '里修蒙', '维尔蒙', '刘蒙', '阿克蒙', '阿克蒙', '若蒙', '蒙斌', '石希蒙', '东蒙', '蒙博托', '塔蒙', '法蒙', '朱蒙', '伦蒙', '蒙哄', '莱蒙', '杜达蒙', '冥蒙', '让卡拉蒙', '德博蒙', '赛蒙', '张方蒙', '达达蒙', '蒙立克', '蒙立克', '费洛蒙', '德蒙', '巴亚蒙', '卫蒙', '达蒙果', '达蒙果', '吕天蒙', '菲尔蒙', '蒙皇太后', '蒙皇太后', '萨洛蒙', '荷蒙', '夏蒙', '杜蒙', '涂蒙', '埃蒙', '于鸿蒙', '于鸿蒙', '韦蒙', '贺兰蒙', '细蒙蒙', '细蒙蒙', '舒蒙', '老西蒙', '圣西蒙', '蔡守蒙', '卢小蒙', '里奇蒙', '明蒙', '老克里蒙', '表蒙', '卫汝蒙', '甘蒙', '郭蒙', '韩蒙', '霍克蒙', '霍克蒙', '蒙扎', '克里蒙', '蒙泽塔里', '蒙泽塔里', '阿蒂蒙', '伊蒙', '卡蒙', '溟蒙', '乌蒙军团', '乌蒙军团', '张蒙', '弥蒙', '戴尔蒙', '鲍蒙', '瓦尔利蒙', '格蒙', '蒙塔泽里', '内蒙军团', '内蒙军团', '蒙幸', '陈鸿蒙', '施蒙', '赫蒙', '启蒙期', '启蒙期', '姚小蒙', '于蒙', '于蒙', '蒙复', '格拉蒙', '贺尔蒙', '英蒙', '头脑发蒙', '云雾蒙蒙', '云雾蒙蒙', '云雾蒙蒙', '云雾蒙蒙', '小白蒙', '博蒙', '张养蒙', '卡索兰蒙', '梁蒙', '蒙里', '可蒙', '蒙白发', '蒙白发', '洛特雷阿蒙', '阿亚图拉蒙泽塔里', '阿亚图拉蒙泽塔里', '连蒙', '蒙皇后', '归鸿蒙', '费西蒙', '贝尔巴蒙', '全蒙', '暮色迷蒙', '杰蒙', '胡蒙', '莫蒙', '让罗蒙', '迪蒙', '比蒙军团', '比蒙军团', '派蒙', '因蒙']
余	['其余', '之余', '剩余', '有余', '残余', '绰绰有余', '业余', '游刃有余', '盈余', '一览无余', '空余', '无余', '小余', '下余', '余年', '茶余饭后', '扶余', '大余', '富余', '丁小余', '陈余', '课余', '败事有余', '姓余', '老余', '余音袅袅', '张庆余', '余孟勤', '节余', '结余', '刘兴余', '足足有余', '余发', '余风云', '余风云', '劫余', '樊余', '展余', '所余无几', '所余无几', '余秋里', '冗余', '赢余', '新余', '宽余', '余兴未尽', '余婕', '余闲', '常式余', '余音缭绕', '余希斌', '沙余', '富富有余', '工余', '郭行余', '比上不足比下有余', '公余', '鲍庆余', '徐念余', '茶余酒后', '莫余', '余金花', '余金花', '于余', '积余', '史有余', '顾孟余', '柴余', '余干', '余皇后', '余皇后', '余望', '饭后茶余', '饭后茶余', '马有余', '许余', '吴生余', '谢余才', '不及其余', '王扶余', '沈庆余', '张天余', '诗余', '盖余', '黄有余', '编余', '郭心余', '丰余', '比下有余', '伊余', '吴王余', '烬余', '姚余', '卓有余', '余照', '蒋先余', '余光里', '张关余', '余欢', '姜有余', '姜有余', '坏事有余', '余志', '牛有余', '余宗岳', '余代表', '余代表', '智有余', '索善余', '柳余', '唐庆余', '张余', '尚余', '余于', '游余', '刀锯之余', '周小余', '柯慕余', '王刘余', '绰然有余', '余复', '贾其余', '方余', '余德才', '余德才', '曹应余', '色余', '扫地无余', '胡余', '苟余', '余小斗', '刁余', '关余', '余奶奶', '余奶奶', '蒋心余', '净余']
凶	['凶', '行凶', '吉凶', '帮凶', '元凶', '逞凶', '主凶', '趋吉避凶', '正凶', '凶年', '奸凶', '顶凶', '很凶很凶', '很凶很凶', '很凶很凶', '很凶很凶', '动凶', '凶年饥岁']
升	['升', '提升', '上升', '飞升', '晋升', '高升', '攀升', '擢升', '卢象升', '爬升', '回升', '荣升', '吴升', '谭升', '东升', '朴日升', '拉升', '丰升', '升旗', '吴俊升', '步步高升', '楚升', '李升', '旭日东升', '秦升', '王升', '公升', '急剧上升', '卫文升', '旭日初升', '刘景升', '高冉升', '飚升', '飚升', '抬升', '刘玉升', '郑东升', '袅袅上升', '袅袅上升', '升降台', '黄景升', '王福升', '上升期', '超升', '赵升', '刘远升', '陈升', '朱升', '钱端升', '刘升', '萧升', '王彦升', '黄升', '邱日升', '赵洪升', '胡志升', '周升', '范升', '张升', '气升', '赵振升', '张小升', '林升', '黄翼升', '周玉升', '段升', '戚无升', '立升', '半升', '猛升', '徐升', '马文升', '洪升', '周立升', '周立升', '李伯升', '张晓升', '陈定升', '李东升', '谢东升', '递升', '陶升', '甄旭升', '魏升', '谢升', '褚升', '崔文升', '韩秀升', '毕升', '飞升期', '飞升期', '毫升', '罗青升', '远升', '王仲升', '刘蠡升', '景升', '稳中有升', '李浩升', '傅升', '温子升', '张升云', '罗兆升', '升发', '刘伯升', '乔允升', '林永升', '陈连升', '文升', '潘升', '曹升', '柳升', '薛允升', '王东升', '常升', '唐建升', '莫剑升', '方升', '吕亚升', '黄汉升', '王连升', '宋升', '激升', '钱士升', '徐连升', '张三升', '海升', '赵景升', '武白升', '冯升', '常东升', '金宜升', '金大升', '孙升', '胡升', '江志升', '樊翼升', '赵连升', '邓升', '张鹏升', '欧阳升', '项洪升', '吴月升', '初升', '窦升', '黄久升', '仲升', '张见升', '宗升', '古联升', '孟升', '杜孝升', '曹日升', '胡汉升', '指日高升', '秦汉升', '官升', '东升集团', '东升集团', '洪井升', '万升', '徐焕升', '卢日升', '吉升', '田龙升', '崔弘升', '茅以升', '徐景升', '朱显升', '如日东升', '晋升法', '晋升法', '石升', '李应升', '叶升', '邹立升', '如日之升', '张连升', '牛宏升', '马连升', '曹连升', '挺升', '钱升', '拔宅飞升', '刘尔升', '薛见升', '纪升', '杨升', '项达升', '韩升', '赵华升', '禹日升', '韩伯升', '盖升', '江日升', '潮升', '提升提升', '提升提升', '提升提升', '提升提升', '高连升', '袁升', '楚汉升', '马升', '徐东升', '胡东升', '胡东升', '尹升', '杜升', '在上升期', '聂升', '冉升', '王可升', '夏升', '丘升', '卢益升', '贝贤升', '乌日升', '邓翼升', '刘德升', '邓自升', '张功升', '符升', '李嗣升', '温升', '永升镖局', '永升镖局', '凌升', '郝东升', '王文升', '毕景升', '陈东升', '帅张升', '龚孝升', '德升', '顾景升', '陈焕升', '鲁汇升', '罗升', '蒋升', '李宏升']
扎	['挣扎', '扎', '驻扎', '包扎', '垂死挣扎', '巴尔扎克', '捆扎', '马扎', '扎克', '结扎', '马力扎', '伊扎克', '绑扎', '老扎克', '裹扎', '硬扎', '克莱门扎', '巴扎', '巴尔扎', '稳打稳扎', '小马扎', '死命挣扎', '阿里扎', '阿里扎', '扎枪', '卡扎克', '巴布扎布', '巴布扎布', '科雷扎', '阿帕扎', '尖扎', '桑布扎', '桑布扎', '穆罕扎', '尔扎布', '扎纽克', '扎克里', '扎克里', '阿扎克', '麻扎', '巴姆扎', '乌扎克', '因扎', '扎布', '敦拉扎克', '扎扎', '扎扎', '扎昆', '那里扎', '那里扎', '多杰扎', '一扎扎', '一扎扎', '扎胡克', '扎胡克', '兰木扎布', '卡扎', '编扎', '小扎克', '老可扎', '阿布扎', '阿布扎', '默利扎', '扎萨克', '包扎包扎', '包扎包扎', '包扎包扎', '包扎包扎', '沙扎克', '里扎', '里扎', '扎格拉玛', '扎格拉玛', '诺萨拉扎', '拉扎克', '蒙扎', '可扎', '莫扎', '莫扎伊斯克', '莫扎伊斯克', '车和扎', '阿尔扎', '哈扎布', '门扎', '彼得罗扎沃茨克', '彼得罗扎沃茨克', '斯福尔扎', '阿扎', '艾扎克', '扎合玛', '车河扎', '魏扎克', '扎于', '博南扎', '纳扎里', '朗雷扎克', '包扎法', '特里扎', '特里扎', '郁木扎', '黑扎', '班扎', '塔旺扎布', '斯福扎', '伊扎', '安吉扎', '马拉扎']
幕	['幕', '屏幕', '幕后', '夜幕', '内幕', '序幕', '帐幕', '天幕', '帷幕', '一幕幕', '一幕幕', '银幕', '开幕', '荧幕', '黑幕', '落幕', '帘幕', '烟幕', '幕布', '铁幕', '字幕', '闭幕', '谢幕', '揭幕', '落下帷幕', '第一幕', '第二幕', '第三幕', '报幕', '战幕', '荧光幕', '第四幕', '大银幕', '宽银幕', '放烟幕', '第五幕', '玻璃幕', '玻璃幕', '独幕', '第1幕', '第1幕', '第2幕', '第2幕', '第3幕', '第3幕', '第六幕', '穹幕']
折	['折', '奏折', '挫折', '曲折', '骨折', '转折', '不折不扣', '折回', '折扣', '打折扣', '波折', '周折', '夭折', '存折', '断折', '曲曲折折', '曲曲折折', '对折', '折价', '一波三折', '摧折', '磨折', '迂回曲折', '大费周折', '皱折', '百折不回', '攀折', '艰难曲折', '屈折', '扭折', '七折八扣', '盘折', '第二折', '风折', '第一折', '开折', '千回百折', '折叠伞', '第三折', '受尽磨折', '受尽磨折', '第四折', '转折期', '百折千回', '折冲万里', '折冲万里', '隐晦曲折', '末大必折', '卫折冲', '膝折']
困	['困', '围困', '贫困', '穷困', '窘困', '困兽犹斗', '犯困', '内外交困', '疲困', '艰困', '发困', '扶危济困', '囚困', '困迫', '特困', '春困', '交困', '乏困', '困累', '劳困', '作困兽斗', '扶贫济困', '困龙法', '急人之困', '扶危救困']
志	['同志', '志', '意志', '杂志', '标志', '斗志', '明志', '韩尚志', '志向', '神志', '袁承志', '心志', '凌壮志', '志愿', '德意志', '立志', '得志', '杨志', '专心致志', '大志', '有志', '柳传志', '雄心壮志', '踌躇满志', '老同志', '壮志', '日志', '人各有志', '陈志', '王志', '三国志', '罗志', '达志', '杨得志', '异志', '遗志', '凌云志', '李志', '小人得志', '张志', '刘同志', '矢志', '凌志', '江成志', '洪承志', '胸怀大志', '刘志', '励志', '胸无大志', '郁郁不得志', '郁郁不得志', '县志', '报纸杂志', '少年得志', '远志', '豪情壮志', '屠远志', '何怀志', '刘刚志', '卜天志', '玩物丧志', '张有志', '高志', '杨广志', '章守志', '周远志', '周远志', '徐志', '巩志', '小平同志', '永志', '张明志', '卢志', '张忠志', '龙志', '张承志', '廖承志', '赵尚志', '言志', '安同志', '程远志', '方志', '李尚志', '陈继志', '安志', '地方志', '王同志', '古大志', '何志', '专心一志', '朱耀志', '远野志', '邓承志', '于成志', '于成志', '丧志', '左志松', '杨成志', '方维志', '战志', '华同志', '杨宏志', '墓志', '穆志', '石志云', '汪剑志', '尚志', '解有志', '壮志凌云', '李远志', '素志', '崔志', '王传志', '心怀异志', '曾志', '鸿鹄之志', '徐宏志', '胡志升', '王业志', '焦守志', '赵志', '宋承志', '孔熙志', '梁有志', '严志发', '朱洪志', '林同志', '薛志', '韩宏志', '诸同志', '林大志', '周大志', '周大志', '萧飞志', '范志', '林志', '满志', '李凤志', '宗一志', '吕承志', '范承志', '宋长志', '晋有志', '李同志', '文同志', '薛志勤', '志愿表', '志愿表', '陆红志', '于承志', '曹志', '徐继志', '毛同志', '周志', '尚守志', '段志', '蒋顺志', '石达志', '凌云壮志', '潘一志', '石矢志', '樊志涌', '史志', '郑志', '马同志', '茹志', '蒋志', '廖宏志', '王晓志', '妇女杂志', '孙志', '山志', '笃志', '黄胜志', '常赫志', '桑志', '杨同志', '邢云志', '赵志皋', '朴同志', '朴同志', '归志', '志在千里', '邵国志', '尹志', '燕雀安知鸿鹄之志', '号志', '胡得志', '胡得志', '裘世志', '代志', '罗家志', '强同志', '国志', '郭志', '未竟之志', '胡志', '陈弘志', '于志', '常伯志', '霍志云', '初志', '黄同志', '董志', '平生之志', '黄志', '屈志', '侯志', '崔天志', '荣同志', '乐志', '张同志', '王有志', '明同志', '李常志', '德志', '苏志', '蒙得志', '蒙得志', '伍庆志', '叶远志', '叶远志', '匹夫不可夺志', '薄壮志', '钱学志', '魏承志', '焦志', '丁成志', '方浩志', '胡承志', '继志', '盛同志', '谢志', '孟承志', '徐恒志', '岳志', '凌云之志', '易志', '包怀志', '许其志', '朱承志', '灰心丧志', '夺志', '桑弘志', '黎志', '王达志', '安大志', '王玄志', '孙大志', '梁鸿志', '肖贵志', '吴志葵', '郭恩志', '律历志', '隆志', '朱志', '刘远志', '庞绍志', '青云之志', '青云之志', '云志', '达同志', '石志', '唐志', '吴大志', '白同志', '魏志', '南同志', '梁志', '孙宇志', '赵诚志', '碑志', '英同志', '蔡有志', '王志昆', '平同志', '黎同志', '郑志斌', '党同志', '葛尊志', '詹远志', '吴鸿志', '新闻杂志', '锐志', '吴志', '尚东志', '金同志', '陈大志', '官志', '国同志', '林明志', '高君志', '鲁志', '冯大志', '玄志', '小山秀志', '彭公志', '柳志', '周乔志', '归之志', '张志斌', '李洪志', '刘振志', '袁得志', '徐有志', '李向志', '赵同志', '朱载志', '程同志', '孔德志', '王志圣', '戈志', '韦宏志', '终焉之志', '江志升', '秦志', '四方之志', '朴一志', '仲志', '各行其志', '兰维志', '淡泊明志', '尹同志', '马尚志', '方得志', '阎志', '国之志', '厉志', '云同志', '云同志', '路同志', '海志', '刘可志', '兰格志', '孙有志', '王怀志', '夏修志', '陆承志', '马志', '谢远志', '阳同志', '东同志', '全同志', '丁奎志', '章同志', '裴玄志', '轩辕志', '周同志', '周同志', '杨有志', '周国志', '包志复', '武志', '寇志', '路高志', '楚志', '王得志', '齐志', '刘立志', '田志', '明本志', '张少志', '王承志', '马柏志', '冯志', '张言志', '朴志', '李存志', '先意承志', '邹同志', '林成志', '任同志', '杨天志', '翟志', '叶志', '何承志', '张志才', '唐同志', '文志', '伍志', '尹南志', '欧阳志', '志愿兵制', '柳承志', '师志', '蒋同志', '博闻强志', '方同志', '夏同志', '姜同志', '姜同志', '吕志', '马崇志', '康志', '陈同志', '唐继志', '关志', '祖志', '胡怀志', '柳大志', '韩志', '邬同志', '赖盈志', '郭达志', '于守志', '许志', '洪志', '张远志', '余志', '詹宏志', '钟同志', '钟同志', '诗以言志', '梁成志', '刑志', '殷奇志', '申其志', '袁志冲', '崔承志', '陶同志', '娄志', '谢同志', '吴逸志', '藤堂明志', '钱志云', '范鸿志', '范鸿志', '宿志', '赵秉志', '汪志', '车志', '郝伟志', '刘承志', '范有志', '范有志', '宁志', '邱志', '封志', '福井喜代志', '钟志', '严同志', '陈德志', '植物志', '江同志', '汤立志', '赵有志', '俞志', '寇之志', '吕远志', '彭怀志', '兵要地志', '李得志', '吴同志', '崔得志', '樊志', '徐同志', '陆海志', '林志斌', '王德志', '孔同志', '朱国志', '王守志', '段德志', '牛李志', '李德志', '陈明志', '官同志', '张标志', '易其志', '谢靖志', '宗之志', '金正志', '项立志', '楚同志', '何志云', '董建志', '杜公志', '王志向', '英志', '洪同志', '王永志', '葛尚志', '梅志', '聂荣志', '燕之志', '朱兴志', '支志', '张达志', '李奇志', '梅同志', '阮和志', '徐公志', '陆志', '杨志云', '纪念志', '李啸志', '陈一志', '颜顺志', '王之志', '陈洪志', '胡小志', '毕志', '孙尚志', '宋志', '藤岛启志', '卫志', '孙志云', '王展志', '梁人志', '修志', '帅同志', '鲍逸志', '王大志', '强志', '冯远志', '骆尚志', '武胜志', '苟志', '李廷志', '萧同志', '谢从志', '黄志发', '石汉志', '郝志', '斯志', '续志', '徐胜志', '沈立志', '沈立志', '武同志', '全志', '邱传志', '费同志', '姚立志', '虞喜志', '李无志', '徐太志', '叶同志', '叶同志', '裘志', '李相志', '裴志', '齐同志', '高同志', '廖得志', '姚志', '崔同志', '司马同志', '王老志', '刘维志', '扬同志', '轻世肆志', '边志', '鲍志云', '智同志', '石烈志', '战之志', '陶志', '庆志', '张怀志', '潘志', '温志', '兰同志', '罗同志']
广	['广', '推广', '杨广', '湖广', '宽广', '见多识广', '两广', '李广', '解徐广', '吴广', '敖广', '陈兆广', '广播电台', '赵广', '杨文广', '深广', '兵多将广', '徐广', '杨广志', '老广', '孙广才', '流传甚广', '景延广', '晋王广', '项广', '胡广', '马希广', '韩广', '沙天广', '廖永广', '王广', '郑广', '铁广', '京广', '陶广', '陈广', '中央人民广播电台', '林立广', '李业广', '伍家广', '杨得广', '吴智广', '罗广才', '朱广', '经多见广', '崔广', '智广', '周广', '乐广', '陆广', '萧广', '查广云', '侯广', '刘广', '邢广云', '孙德广', '郭广', '胡天广', '胡天广', '张广', '殷天广', '陆文广', '徐广云', '胡德广', '姜日广', '胡昭广', '司徒胡广', '广袤千里', '田广', '于广', '曾广', '齐王广', '高广征', '寇维广', '翟广', '罗永广', '赵德广', '韩柏广', '广丰', '任广', '毛利纲广', '石广', '王赵广', '律德广', '李道广', '廉广', '侯居广', '齐广', '王田广', '中央广播电台', '温思广', '娄广', '广告法', '东广', '人民广播电台', '文广', '吴文广', '张广年', '蔡广', '张文广', '严广才', '卫广', '云路广', '广州市公安局', '燕广', '尚广', '白广', '高广', '新华广播电台', '薛广', '上海人民广播电台', '姚广', '林广', '孟恩广', '王本广', '饶武广', '赖文广', '傅闻广', '项福广', '广罗人才', '海广', '任广发', '丰颐广', '孙广斌', '段广', '陆德广', '庄周广', '庄周广', '才疏意广', '杨传广', '广道法', '推广期', '推广期', '田茂广', '延广', '丁广', '东京广播电台', '关口氏广', '延安广播电台', '莫斯科广播电台', '栾广', '侯延广', '推广推广', '推广推广', '推广推广', '推广推广', '吕威广', '闻广', '尹乐广', '张德广']
视	['视', '注视', '电视', '重视', '监视', '凝视', '对视', '轻视', '鄙视', '无视', '扫视', '巡视', '相视', '电视台', '忽视', '直视', '环视', '审视', '虎视眈眈', '俯视', '窥视', '坐视', '蔑视', '怒视', '正视', '歧视', '逼视', '探视', '影视', '藐视', '目视', '瞪视', '仇视', '敌视', '小视', '仰视', '透视', '怒目而视', '检视', '漠视', '傲视', '盯视', '目不斜视', '央视', '虎视', '中央电视台', '自视', '视听', '斜视', '平视', '珍视', '近视', '不可忽视', '不容忽视', '卫视', '种族歧视', '短视', '上电视', '不敢仰视', '洛克特克电视台', '洛克特克电视台', '洛克特克电视台', '收视', '迫视', '睨视', '瞥视', '侧目而视', '诊视', '混淆视听', '有线电视', '中视', '彩色电视', '雄视', '卑视', '闭路电视', '远视', '省视', '临视', '无线电视', '端视', '谛视', '狞视', '电视柜', '湖南卫视', '幻视', '黑白电视', '北京电视台', '侧视', '以正视听', '嫉视', '目不旁视', '莫敢仰视', '屏息凝视', '贱视', '一瞑不视', '洛克特克电视集团', '洛克特克电视集团', '洛克特克电视集团', '洛克特克电视集团', '觑视', '日本电视台', '上海电视台', '掠视', '东方电视台', '收看电视', '惟力是视', '长生久视', '湖北卫视', '守视', '不予重视', '东京电视台', '透视法', '透视法', '卫视中文台', '卫视中文台', '松江电视台', '江南卫视', '东南卫视', '弱视', '阳光卫视', '十目所视', '瞠视', '湖南电视台', '福克斯电视台', '上海东方电视台', '唯利是视', '香港电视台', '有线电视台', '有线电视台', '眈眈虎视', '眈眈虎视', '剖视', '东方卫视', '亚洲电视台', '投影电视', '东南电视台', '美国电视台', '天南电视台', '中海电视台', '香港卫视', '华南电视台', '山河电视机厂', '东海卫视', '预视', '目不忍视', '老视', '北市电视台', '洞视', '富士电视台', '北方卫视', '广东电视台', '访视', '监视法', '监视法', '愕视', '江南电视台', '视力表', '深圳电视台', '四川电视台', '望海市电视台', '海城市电视台', '美国有线电视台', '美国有线电视台', '联邦卫视', '法国电视台', '鹰扬虎视', '亚洲卫视', '古城电视台', '河北电视台', '飞宇影视集团', '飞宇影视集团', '安东电视台', '新世纪电视台', '湖北电视台', '杭州电视台', '望海电视台', '窥视法', '窥视法', '英国电视台', '天南省电视台', '南京电视台', '龙骧虎视', '探视探视', '探视探视', '探视探视', '探视探视', '德国电视台', '滨海电视台', '广西电视台', '淆惑视听', '成都电视台', '上海卫视', '中海卫视', '三江电视台', '齐南电视台', '南平电视台']
厂	['厂', '工厂', '兵工厂', '船厂', '药厂', '造船厂', '加工厂', '水泥厂', '西厂', '制造厂', '纺织厂', '酒厂', '建厂', '电厂', '化工厂', '机械厂', '铁厂', '分厂', '印刷厂', '出厂', '砖厂', '办厂', '造纸厂', '纱厂', '制药厂', '发电厂', '军工厂', '钢厂', '炼油厂', '修理厂', '服装厂', '琉璃厂', '新厂', '制片厂', '大厂', '水厂', '厂址', '总厂', '设厂', '肉联厂', '车厂', '汉阳钢铁厂', '罐头厂', '炼钢厂', '木厂', '砖瓦厂', '老厂', '糖厂', '晶圆厂', '化肥厂', '化纤厂', '新光造纸厂', '红星厂', '汉阳兵工厂', '鞋厂', '出厂价', '江南造船厂', '汉阳铁厂', '长江厂', '自来水厂', '江南啤酒厂', '护厂', '被服厂', '利国铁厂', '施奈德造船厂', '电器厂', '中药厂', '棉纺厂', '火力发电厂', '江南厂', '龙泉酒厂', '毛纺厂', '制衣厂', '铝厂', '设备厂', '制品厂', '北影厂', '欧洲分厂', '修配厂', '龙江船厂', '铸造厂', '华丰机械厂', '华丰机械厂', '配件厂', '煤厂', '工厂法', '工厂法', '下厂', '酿酒厂', '缫丝厂', '红星钢铁厂', '校办工厂', '第一制药厂', '材料厂', '热电厂', '南山机床厂', '仪器厂', '江南船厂', '发动机厂', '火电厂', '化学工厂', '让东厂', '梅山酒厂', '老陈厂', '耶松船厂', '耶松船厂', '曙光汽车厂', '松江客车厂', '丽丰印染厂', '丽丰印染厂', '金山工厂', '上影厂', '延安兵工厂', '合力汽修厂', '上海手表厂', '上海手表厂', '腾飞厂', '锦江厂', '大生纱厂', '中阳纺织厂', '浦东新区印刷厂', '秦池酒厂', '丝织厂', '驻厂', '乐可生产厂', '同厂', '汉阳厂', '安庆纱厂', '沈阳兵工厂', '北市矿山设备厂', '大生纺织厂', '戚墅堰机器厂', '装配工厂', '连东厂', '成都兵工厂', '上海电影制片厂', '江南毛纺厂', '巩县兵工厂', '鲁日工厂', '腾飞机械厂', '包装厂', '五寨堡毛纺厂', '华南机械厂', '天琴文具厂', '器材厂', '上海工厂', '威塞尔造船厂', '斯普林菲尔德兵工厂', '新光厂', '磐石市玻璃厂', '秀云药厂', '秀云药厂', '皇家兵工厂', '百利化工厂', '艾丽丝汽车厂', '福特工厂', '声达电子厂', '向梦工厂', '向梦工厂', '五寨堡水泥厂', '鲍恩工厂', '英国工厂', '松江第一汽车制造厂', '红星机械厂', '铜厂', '美国工厂', '青云山化工厂', '治厂', '奉天兵工厂', '基洛夫工厂', '上海汽车齿轮总厂', '佛山厂', '马鞍山钢铁厂', '茂东烟厂', '修造厂', '北京电影制片厂', '怀柔铁厂', '斯大林汽车厂', '第一兵工厂', '北京开关厂', '双桥砖厂', '西江机械厂', '西厂厂', '西厂厂', '西厂厂', '西厂厂', '卡特拉药厂', '金陵兵工厂', '山河电视机厂', '腾飞机械制造厂', '中国工厂', '水电厂', '德国工厂', '石城钢厂', '健力宝厂', '赛罗造船厂', '南方汽轮机厂', '国华厂', '向东厂', '香雪海电冰箱厂', '大石乡水泥厂', '日本工厂', '维莫克化工厂', '维莫克化工厂', '飞鹰厂', '锁厂', '太原兵工厂', '马尾船厂', '哥尼斯堡船厂', '凡尔登水泥厂', '巴尔森工厂', '从化工厂', '白云山中药厂', '裕民厂', '太原钢厂', '德生厂', '特立尼达钢铁厂', '汉中纺织厂', '选矿厂', '艾莉维修厂', '留厂', '染料厂', '曙光厂', '塞马沃厂', '大明东厂', '塞马沃机车厂', '纽波特纽斯超级船厂', '珍珠港造船厂', '皇家制铁厂', '皇家制铁厂', '长春电影制片厂', '机修厂', '原华机厂', '迪斯尼制片厂', '中国电影制片厂', '华盛纺织总厂', '上海造船厂', '东山造船厂', '上海兵工厂', '花厂', '龙华厂', '飞鹰电池厂', '爱森纳赫厂', '飞跃化工厂', '青岛造船厂', '济南钢铁厂', '保春制药厂', '武昌船厂', '福特汽车厂', '许多工厂', '台基厂', '江南兵工厂', '马尾造船厂', '毛瑟兵工厂', '同辉制药厂', '巴士拉航空制造厂', '大宁电厂', '黄崖洞兵工厂', '比东厂', '大连造船厂', '上海电讯器材厂', '宇威厂', '民生机器厂', '平阳轧钢厂', '阿姆斯特朗船厂', '日本纱厂', '皇家造船厂', '天津自行车厂', '巴士拉飞机制造厂', '上东厂', '费城造船厂', '晶圆工厂', '锦江造纸厂', '基洛夫兵工厂', '长丰机械厂', '长丰机械厂', '拆车厂', '高尔基汽车厂', '黑厂', '保定兵工厂', '毛纺织厂', '东方制药厂', '五峰酒厂', '胜龙动力机械厂', '惠平电厂', '斯科达兵工厂', '顾强厂', '五寨堡军工厂', '上海江南造船厂', '通乐编织厂', '电力厂', '伏尔甘船厂', '威尼斯兵工厂', '安湖电器厂', '百祥服装厂', '英国造船厂', '东山钢铁厂', '元中制药厂', '宾州制药厂', '老东厂', '第一纺织厂', '本溪兵工厂', '贝丁军械厂', '东方药厂', '丽华服装厂', '芜湖兵工厂', '华州啤酒厂', '南山厂', '华光厂', '上海飞机制造厂', '青岛玻璃厂', '曙光汽车制造厂', '高尔兹普林工厂', '龙华水泥厂', '陶厂', '顺爽厂', '丽丰厂', '第三造纸厂', '恒鑫家具厂', '试验厂', '德国船厂', '斯大林格勒拖拉机厂', '上海飞机厂', '塔拉韦拉兵工厂', '古城服装厂', '福州船厂', '华申水泥厂', '同东厂', '南关柴油机厂', '东方钢铁厂', '太原钢铁厂', '永安纱厂', '浏阳厂', '浏阳飞机厂', '特纳铁制品厂', '光明炼钢厂', '巴伦西亚造船厂', '耶松造船厂', '耶松造船厂', '华丰面粉厂', '华丰面粉厂', '唐山钢厂', '安德雷西兵工厂', '第五厂', '红太阳机械厂', '发昌机器厂', '新奥尔良船厂', '德州兵工厂', '华鑫厂', '费城船厂', '格伦威克厂', '格伦威克厂', '德国造船厂', '第一厂', '保定机器厂', '福斯造船厂', '连梦工厂', '李伯克兵工厂', '李伯克兵工厂', '匹兹堡兵工厂', '御舞印刷厂', '大兴纱厂', '青城飞机制造厂', '香港分厂', '巴伦西亚船厂', '八路军兵工厂', '周口味精厂', '东风机械厂', '成都飞机制造厂', '新墨西哥造船厂', '莲花味精厂', '莲花味精厂', '鞍山钢铁厂', '王家村水泥厂', '大隆机器厂', '切斯特厂', '施奈德船厂', '东三省兵工厂', '德生电子厂', '四川兵工厂', '得东厂', '白雨厂']
考	['思考', '考', '参考', '考核', '高考', '考证', '报考', '中考', '考察团', '监考', '考卷', '考考', '考考', '主考', '赶考', '大考', '会考', '补考', '查考', '应考', '备考', '科考', '月考', '祖考', '考勤', '汉考克', '招考', '投考', '考古系', '准考证', '先考', '参考参考', '参考参考', '参考参考', '参考参考', '刘遵考', '小考', '寿考', '副主考', '统考', '通考', '文考', '兰考', '考期', '那里思考', '那里思考', '待考', '期考', '考察期', '模拟考', '思考思考', '思考思考', '思考思考', '思考思考', '参考系', '陪考', '因特考', '麦考', '巡考', '思考法', '思考法', '杨金考', '薛继考', '模考', '考核期', '考核期', '斯坦福考察团', '司考', '准考', '伊拉克考察团', '伊拉克考察团', '可考', '里考', '里思考', '里思考', '无可稽考', '富贵寿考', '西北投资考察团', '麦考密克', '抽考', '老考', '机考', '格伦布考', '尚书考', '古史考', '预考', '思考关于', '思考关于', '那思考', '晁崇考', '特考', '公孙崇考', '以资参考', '亚考罗克', '亚考罗克', '梅考克', '高考考', '高考考', '高考考', '高考考', '多考', '大参考']
扣	['扣', '不折不扣', '折扣', '打折扣', '纽扣', '钮扣', '克扣', '回扣', '上扣', '衣扣', '倒扣', '丝丝入扣', '搭扣', '活扣', '风纪扣', '扣发', '解扣', '吃回扣', '领扣', '查扣', '七折八扣', '网扣', '按扣', '吊扣', '错扣']
沈	['沈', '沈从云', '沈欢', '沈子丰', '小沈', '姓沈', '老沈', '沈云', '沈婕', '辽沈', '沈勤勤', '沈斌', '沈皇后', '沈皇后', '沈桂花', '沈桂花', '沈周', '沈炼', '沈南松', '沈红叶', '沈红叶', '沈天岳', '沈蔷', '沈法', '沈美云', '沈正斌', '沈之岳', '沈弥', '沈捷', '沈杏花', '沈杏花', '沈维干', '沈望', '沈天照', '沈郁', '沈国云', '沈勤', '沈于', '沈雪冲', '沈冲', '沈红松', '沈红松', '沈崧', '沈喜云', '沈兴法', '沈翠花', '沈婕妤', '沈婕妤', '沈峰发', '沈胜表', '沈适', '沈复', '沈立志', '沈立志', '沈长丰', '沈长丰', '沈才']
闲	['闲', '悠闲', '休闲', '空闲', '清闲', '等闲', '气定神闲', '有闲', '游手好闲', '闲扯', '闲适', '闲情逸致', '安闲', '赋闲', '农闲', '忙里偷闲', '轻闲', '闲游', '帮闲', '消闲', '偷闲', '神定气闲', '闲荡', '幽闲', '余闲', '任有闲', '小闲', '冬闲', '忙中偷闲', '闲玩', '野鹤闲云', '松闲', '抽闲', '仪静体闲', '野草闲花', '荡检逾闲']
致	['致', '导致', '一致', '以致', '大致', '精致', '兴致', '不致', '细致', '极致', '所致', '雅致', '招致', '淋漓尽致', '景致', '别致', '致力于', '标致', '专心致志', '饶有兴致', '闲情逸致', '错落有致', '罗致', '毫无二致', '情致', '风致', '韵致', '步调一致', '别无二致', '获致', '此致', '专心一致', '言行一致', '深入细致', '耐心细致', '格致', '诱致', '趋于一致', '趋于一致', '谨致', '疏密有致', '雅量高致', '玲珑精致', '逸致', '表里一致', '密致', '精巧雅致', '工致', '杀敌致果', '幽雅别致', '雅人深致', '做张做致', '楚楚有致', '归于一致', '归于一致']
注	['注视', '注', '关注', '专注', '全神贯注', '赌注', '凝注', '投注', '灌注', '下注', '贯注', '倾注', '标注', '转注', '血流如注', '译注', '批注', '加注', '备注', '流注', '附注', '原注', '集注', '大雨如注', '浇注', '脚注', '小注', '评注', '校注', '心神专注', '笺注', '签注', '正注', '注册表', '肌注', '夹注', '眷注', '四书集注', '第一注', '诠注', '汇注', '奔注', '注射法']
毁	['毁', '摧毁', '烧毁', '炸毁', '击毁', '销毁', '诋毁', '焚毁', '损毁', '自毁', '捣毁', '撕毁', '坠毁', '拆毁', '撞毁', '砸毁', '崩毁', '残毁', '破毁', '禁毁', '平毁', '求全之毁']
粗	['粗', '粗布', '财大气粗', '粗粗', '粗粗', '五大三粗', '脸红脖子粗', '动粗', '大老粗', '老粗', '粗枝大叶', '气粗', '短粗', '粗制', '傻大黑粗', '粗朴', '心浮气粗', '腰圆膀粗', '五短三粗', '抱粗腿']
征	['征', '特征', '象征', '出征', '远征', '葛征', '长征', '魏征', '征发', '亲征', '戚长征', '戚长征', '南征', '东征', '御驾亲征', '应征', '从征', '阮征', '表征', '强征', '吴征', '免征', '万里长征', '体征', '仪征', '冯征', '关麟征', '马征', '魏元征', '周远征', '周远征', '王征', '叶天征', '综合征', '惠征', '岳征', '开征', '周南征', '周南征', '张远征', '二万五千里长征', '李征', '莫征', '何长征', '马雪征', '许长征', '林远征', '史远征', '性征', '倪征', '禹长征', '征兵制', '龙征', '颜征', '罗征', '挂帅出征', '病征', '苏兆征', '张征', '许北征', '预征', '刘征', '呼征', '李长征', '谢可征', '侯远征', '陈征', '秦征', '熊征', '常征', '徐长征', '征帆', '刘庆征', '高广征', '裴征', '曹远征', '陆征', '刘远征', '信而有征', '于征', '孙征', '缓征', '代征', '窦梦征', '吴麟征', '彭远征', '唐远征', '斯征', '王西征', '罗大征', '秦远征', '王远征', '宋远征', '江启征', '郁为征', '徐征', '东征局', '东征局', '何可征', '孙长征', '缪征', '李元征', '臧征', '钱嘉征', '稽征', '祖孝征', '渠为征', '傅南征', '卜征', '赵征', '穆公征', '楚征', '征兵法', '何征', '李为征', '袁征', '蔡征', '秋征', '宋征']
愈	['愈', '愈发', '愈来愈', '愈来愈', '痊愈', '治愈', '韩愈', '病愈', '不药而愈', '霍然而愈', '久治不愈', '韩文愈', '不治自愈', '任继愈', '马士愈', '韩学愈', '卜代愈', '强则愈']
适	['合适', '适才', '适当', '舒适', '适', '不适', '胡适', '适于', '何适', '闲适', '李适', '安适', '高适', '恬适', '适应期', '汤适', '张舒适', '叶适', '唐适', '快适', '顺适', '适应症', '梁公适', '刘适', '洪适', '张适', '王适', '庄适', '畅适', '崔适', '酣适', '荀适', '爽适', '甜适', '温适', '妥适', '沈适', '舒舒适', '武廷适', '苏适', '蒯适']
涌	['涌', '汹涌', '翻涌', '奔涌', '波涛汹涌', '喷涌', '风起云涌', '潮涌', '汹涌澎湃', '泪如泉涌', '云涌', '激涌', '暴涌', '管涌', '腾涌', '波翻浪涌', '王涌', '南涌', '中狂涌', '樊志涌', '迸涌', '怒涛汹涌', '沸涌', '思如泉涌', '人潮如涌', '杨涌', '泪若泉涌', '顾涌', '郑涌', '崔涌', '薛涌', '全涌']
获	['获', '收获', '缴获', '俘获', '一无所获', '抓获', '擒获', '捕获', '截获', '破获', '获准', '接获', '荣获', '不劳而获', '查获', '虏获', '猎获', '拿获', '获致', '人赃俱获', '夺获', '缉获', '七擒孟获', '起获', '稳获', '收获期', '劳而无获', '抄获', '侦获']
舍	['舍', '宿舍', '邓舍', '房舍', '依依不舍', '恋恋不舍', '施舍', '老舍', '茅舍', '取舍', '割舍', '紧追不舍', '穷追不舍', '寒舍', '农舍', '校舍', '魂不守舍', '锲而不舍', '退避三舍', '精舍', '打家劫舍', '屋舍', '左邻右舍', '神不守舍', '旅舍', '村舍', '庐舍', '客舍', '馆舍', '津舍', '官舍', '邻舍', '难分难舍', '田舍', '瓦舍', '鸡舍', '亚舍', '僧舍', '家舍', '赫舍', '驿舍', '猪舍', '竹篱茅舍', '依依难舍', '青舍', '赫舍里', '难舍难离', '营舍', '宅舍', '念念不舍', '守舍', '费舍', '求田问舍', '抛舍', '蓝舍期', '阿舍', '齐舍', '圈舍', '蒙舍', '工舍', '弃舍', '吕舍', '邸舍', '青堂瓦舍', '内史舍', '尾追不舍', '波尔舍', '马舍', '舍克', '小农舍', '刘舍', '宾舍', '难割难舍', '四邻八舍', '农舍里', '农舍里', '罗精舍', '取舍标准', '取舍标准', '牛舍', '狄舍', '雅舍', '布舍', '舍里', '那茅舍', '菲舍', '内舍', '恋恋难舍', '朱舍里', '朱舍里', '比舍', '舍身求法', '绿舍期', '根舍', '若舍', '温舍', '寓舍', '舍于', '津舍里', '爱丽舍', '林精舍', '别舍', '左舍', '三瓦两舍', '夏舍', '东邻西舍', '热舍']
筑	['建筑', '筑', '修筑', '构筑', '上层建筑', '击筑', '筑坝', '债台高筑', '违章建筑', '浇筑', '林小筑', '砌筑', '构筑法', '构筑法', '小筑', '建筑法', '建筑法', '搭筑', '韩国现代建筑集团', '韩国现代建筑集团', '张华筑', '填筑', '云小筑', '公孙敖筑']
曲	['曲', '扭曲', '一曲', '歌曲', '曲折', '弯曲', '乐曲', '插曲', '委曲', '小曲', '弯弯曲曲', '弯弯曲曲', '歪曲', '卷曲', '舞曲', '戏曲', '蜷曲', '进行曲', '曲曲折折', '曲曲折折', '作曲', '流行歌曲', '交响曲', '三部曲', '词曲', '河曲', '昆曲', '序曲', '名曲', '主题曲', '奏鸣曲', '那曲', '催眠曲', '神曲', '心曲', '屈曲', '迂回曲折', '协奏曲', '大曲', '谱曲', '老曲', '练习曲', '盘曲', '曲曲', '曲曲', '曲端', '阳曲', '甘曲', '曲面', '圆舞曲', '衷曲', '元曲', '酒曲', '安魂曲', '小夜曲', '摇篮曲', '乡曲', '南曲', '垣曲', '夜曲', '狂想曲', '前奏曲', '姓曲', '曲周', '散曲', '艰难曲折', '马赛曲', '单曲', '俚曲', '头曲', '一曲曲', '一曲曲', '申曲', '曲仁里', '选曲', '当曲', '腰曲', '组曲', '配曲', '曲同丰', '汪曲', '迂曲', '通俗歌曲', '套曲', '淫词艳曲', '宁曲', '小步舞曲', '曲拐', '蟠曲', '俗曲', '曲果', '金曲', '婉曲', '武曲', '杜曲', '清曲', '玛曲', '回旋曲', '戴曲', '场曲', '泸州大曲', '武断乡曲', '文曲', '曲里', '曲魏云', '二部曲', '支曲', '酸曲', '红曲', '随想曲', '间奏曲', '同工异曲', '隐晦曲折', '林曲', '卡日曲', '曲艺团']
价	['代价', '价', '评价', '股价', '讨价还价', '讨价还价', '高价', '身价', '廉价', '物价', '定价', '报价', '出价', '低价', '售价', '造价', '市价', '房价', '开价', '估价', '降价', '涨价', '竞价', '加价', '要价', '地价', '标价', '粮价', '差价', '底价', '震天价', '等价', '还价', '票价', '漫天要价', '平价', '折价', '起价', '溢价', '原价', '收盘价', '市场价', '压价', '减价', '作价', '砍价', '比价', '掉价', '成本价', '最低价', '半价', '讲价', '提价', '单价', '不计代价', '杀价', '成交价', '卖价', '收购价', '抬价', '明码标价', '批发价', '谷价', '贱价', '楼价', '议价', '特价', '削价', '总价', '官价', '开盘价', '跌价', '工价', '整日价', '讨价', '货价', '时价', '索价', '限价', '菜价', '待价', '重价', '优惠价', '牌价', '买价', '出厂价', '价目表', '发行价', '不二价', '订价', '论价', '实价', '平均价', '运价', '汇价', '值价', '成天价', '整天价', '调价', '定价法', '定价法', '买入价', '平抑物价', '抬高身价', '明码实价', '租价', '变价', '卖出价', '不等价', '漫天讨价', '让价', '电价', '价签', '高代价', '黑市价', '市价委托', '市价委托', '划价', '抬高物价', '优价', '估估价', '保护价', '压压价', '情义无价', '净价', '原子价', '落价', '指导价', '包价', '优质优价', '讲讲价', '共价', '计价表', '限价委托', '限价委托', '乱涨价', '评价评价', '评价评价', '评价评价', '评价评价', '低代价', '还还价', '价格法', '自由价', '抬抬价', '涨涨价', '订价法', '订价法']
铺	['铺', '店铺', '床铺', '上铺', '当铺', '药铺', '铺面', '下铺', '地铺', '杂货铺', '饭铺', '卧铺', '平铺', '通铺', '肉铺', '铺盖卷', '打地铺', '铺板', '书铺', '被铺', '窝铺', '统铺', '摊铺', '睡铺', '修车铺', '车铺', '查铺', '铺摆', '铺摆', '典铺', '广源当铺', '利民当铺', '吊铺', '宝利当铺', '恒大当铺', '质铺', '同仁当铺', '刘氏当铺']
废	['废', '残废', '颓废', '荒废', '报废', '半途而废', '作废', '窝囊废', '偏废', '不可偏废', '中途而废', '不预则废', '旷废', '寝食俱废', '弛废', '三废', '二者不可偏废', '残而不废', '中道而废']
采	['采', '风采', '神采', '开采', '无精打采', '文采', '尼采', '没精打采', '丰采', '金采', '博采', '林采', '神采焕发', '张采', '李莲采', '津采', '范文采', '官采', '慕红采', '王采', '萧采', '采录', '蒋秉采', '里采', '里采', '多采', '陈其采', '回采', '采制', '那采', '纳采', '华采', '刘采云', '赵采', '徐采', '泰采', '陆阿采', '宁采', '蓝采', '梁采', '蒋采', '采采', '采采', '可采', '袁采', '白守采', '柯静采', '吕采', '采椽不斫', '林中采', '因采', '想望风采', '陈采采', '陈采采', '露天开采', '程采', '那里采', '那里采', '娜采采', '娜采采', '斯武比采', '采摘期', '裴采', '粱采', '刘文采', '范采', '白采', '东海采', '果采', '伦采', '江南可采']
柜	['掌柜', '柜', '柜台', '衣柜', '保险柜', '床头柜', '书柜', '橱柜', '货柜', '翻箱倒柜', '冰柜', '专柜', '立柜', '钱柜', '铁柜', '壁柜', '碗柜', '展柜', '金柜', '电视柜', '水柜', '机柜', '站柜台', '冷柜', '银柜', '内掌柜', '组合柜', '躺柜', '雪柜', '坐柜', '炕柜', '卷柜', '开关柜']
丑	['丑', '小丑', '辛丑', '乙丑', '出丑', '丁丑', '癸丑', '己丑', '献丑', '跳梁小丑', '很丑', '美丑', '家丑', '不丑', '长得丑', '丢丑', '现丑', '好丑', '当场出丑', '王文丑', '当众出丑', '出乖露丑', '遮丑', '真丑', '生得丑', '露丑', '杨伯丑', '南富丑', '出出丑', '幺魔小丑', '武丑', '儿不嫌母丑', '张奇丑', '生旦净末丑', '生旦净丑', '幺麽小丑', '郑五丑']
璃	['玻璃', '琉璃', '璃', '玻璃杯', '挡风玻璃', '琉璃厂', '钢化玻璃', '玻璃板', '有机玻璃', '毛玻璃', '玻璃幕', '玻璃幕', '磐石市玻璃厂', '蓝玻璃', '水玻璃', '铅玻璃', '青岛玻璃厂']
沾	['沾', '沾沾', '沾沾', '沾沾', '沾沾', '利益均沾', '均沾']
仆	['仆', '奴仆', '主仆', '女仆', '太仆', '风尘仆仆', '风尘仆仆', '公仆', '僮仆', '童仆', '僵仆']
奶	['奶奶', '奶奶', '奶', '牛奶', '姑奶奶', '姑奶奶', '少奶奶', '少奶奶', '吃奶', '老奶奶', '老奶奶', '姨奶奶', '姨奶奶', '酸奶', '马奶', '羊奶', '断奶', '祖奶奶', '祖奶奶', '童奶奶', '童奶奶', '鲜奶', '挤奶', '孙奶奶', '孙奶奶', '王奶奶', '王奶奶', '求爷爷告奶奶', '求爷爷告奶奶', '金奶奶', '金奶奶', '豆奶', '李奶奶', '李奶奶', '人奶', '伍奶奶', '伍奶奶', '阿奶', '韩奶奶', '韩奶奶', '武奶奶', '武奶奶', '叶奶奶', '叶奶奶', '叶奶奶', '叶奶奶', '张奶奶', '张奶奶', '柴老奶奶', '柴老奶奶', '高奶奶', '高奶奶', '刘奶奶', '刘奶奶', '吴奶奶', '吴奶奶', '林奶奶', '林奶奶', '许奶奶', '许奶奶', '钟奶奶', '钟奶奶', '钟奶奶', '钟奶奶', '胡奶奶', '胡奶奶', '胡奶奶', '胡奶奶', '卜姑奶奶', '卜姑奶奶', '熊奶奶', '熊奶奶', '赵奶奶', '赵奶奶', '苏奶奶', '苏奶奶', '苏奶奶', '苏奶奶', '酸牛奶', '富奶奶', '富奶奶', '罗奶奶', '罗奶奶', '陈奶奶', '陈奶奶', '葛奶奶', '葛奶奶', '朱姑奶奶', '朱姑奶奶', '朱姑奶奶', '朱姑奶奶', '皇奶奶', '皇奶奶', '冯奶奶', '冯奶奶', '兰姑奶奶', '兰姑奶奶', '周奶奶', '周奶奶', '周奶奶', '周奶奶', '杨奶奶', '杨奶奶', '梁奶奶', '梁奶奶', '催奶', '田奶奶', '田奶奶', '梅姑奶奶', '梅姑奶奶', '邓奶奶', '邓奶奶', '曾奶奶', '曾奶奶', '江奶奶', '江奶奶', '秦奶奶', '秦奶奶', '狄奶奶', '狄奶奶', '汪奶奶', '汪奶奶', '徐奶奶', '徐奶奶', '方奶奶', '方奶奶', '白奶奶', '白奶奶', '文奶奶', '文奶奶', '严奶奶', '严奶奶', '牛奶奶', '牛奶奶', '肖奶奶', '肖奶奶', '梁老奶奶', '梁老奶奶', '温奶奶', '温奶奶', '龙奶奶', '龙奶奶', '程姑奶奶', '程姑奶奶', '陈老奶奶', '陈老奶奶', '莫奶奶', '莫奶奶', '黄奶奶', '黄奶奶', '姬奶奶', '姬奶奶', '谢奶奶', '谢奶奶', '惠奶奶', '惠奶奶', '蓝奶奶', '蓝奶奶', '覃奶奶', '覃奶奶', '何奶奶', '何奶奶', '阮奶奶', '阮奶奶', '颜奶奶', '颜奶奶', '姚奶奶', '姚奶奶', '鲁奶奶', '鲁奶奶', '祖姑奶奶', '祖姑奶奶', '袁奶奶', '袁奶奶', '余奶奶', '余奶奶', '余奶奶', '余奶奶', '朱奶奶', '朱奶奶', '朱奶奶', '朱奶奶', '师奶奶', '师奶奶']
幸	['不幸', '幸', '侥幸', '庆幸', '荣幸', '有幸', '所幸', '钱幸', '万幸', '宠幸', '大幸', '三生有幸', '临幸', '天幸', '尚幸', '薄幸', '郝幸', '何幸', '游幸', '欣幸', '卫京幸', '万无幸', '佞幸', '平田幸', '真田昌幸', '权幸', '饶幸', '行险侥幸', '南幸', '青楼薄幸', '何其幸', '太幸', '方幸', '宗幸', '李幸', '辛幸', '有幸有不幸', '有幸有不幸', '有幸有不幸', '有幸有不幸', '东幸', '容幸', '陶建幸', '王幸', '宗行幸', '信幸', '索幸', '尤幸', '玄宗幸', '霍幸', '真田信幸', '冀幸', '果非幸', '蒙幸', '德宗幸', '方贵幸', '国之幸', '庞幸', '江幸', '秘幸', '明之幸', '织本美幸', '腾幸', '曾幸', '闻上幸', '常幸', '门之幸', '铁木幸', '张尤幸', '尤亲幸', '万一幸', '祖幸', '唐之幸', '尤贵幸', '倪幸', '文幸', '吴幸', '魏公幸', '葛目直幸', '初幸', '诸位幸']
席	['席', '主席', '出席', '毛主席', '首席', '席卷', '酒席', '宴席', '主席台', '副主席', '筵席', '入席', '观众席', '联席', '缺席', '列席', '草席', '国家主席', '省主席', '周副主席', '座无虚席', '坐席', '席面', '主席团', '即席', '散席', '枕席', '退席', '凉席', '被告席', '满汉全席', '芦席', '旁听席', '议席', '苇席', '炕席', '林副主席', '避席', '政协主席', '就席', '客席', '末席', '残席', '正席', '素席', '执行主席', '终席', '赴席', '软席', '撤席', '江主席', '寝不安席', '主宾席', '讲席', '第二席', '曹副主席', '第一席', '天下无不散的筵席', '张副主席', '第三席', '来宾席', '坐不安席', '库比席克', '席代表', '席代表', '全国政协副主席', '戈雷席', '李副主席', '吃席', '姓席', '席丰', '翅席', '阮副主席', '席克', '范副主席', '老席', '择席', '廖副主席', '专席', '席里', '任副主席', '王副主席', '第五席', '席于', '班主席', '席斌', '郑副主席', '第四席', '卧不安席', '席永丰', '席永丰', '席格玛', '何副主席', '钟副主席', '钟副主席', '越席', '赵副主席', '高副主席', '邓副主席', '宁副主席', '吴副主席', '杨副主席', '刘副主席', '小席', '苫席', '叶副主席', '叶副主席', '宋副主席', '司录席', '齐副主席', '门阶户席', '孙副主席']
眯	['眯', '笑眯眯', '笑眯眯']
坛	['坛', '论坛', '祭坛', '政坛', '花坛', '文坛', '神坛', '讲坛', '天坛', '法坛', '法坛', '足坛', '歌坛', '影坛', '乐坛', '拳坛', '金坛', '龙坛', '诗坛', '教坛', '体坛', '地坛', '棋坛', '篮坛', '先农坛', '画坛', '戒坛', '一坛坛', '一坛坛', '一坛坛', '一坛坛', '菜坛', '武坛', '艺坛', '词坛', '日坛', '月坛', '剧坛', '网坛', '举坛', '田坛', '第二坛', '第三坛', '书坛', '黑旗坛', '黑旗坛', '泳坛', '黑玄坛', '乒坛', '茶坛', '第一坛', '冰坛', '宫总坛', '史坛', '赵玄坛', '杨总坛', '司总坛', '舞坛', '史王坛', '斋坛', '第四坛']
录	['记录', '录', '纪录', '目录', '笔录', '回忆录', '实录', '录制', '语录', '收录', '登录', '抄录', '备忘录', '附录', '摘录', '世界纪录', '会议记录', '名录', '图录', '通讯录', '历史记录', '著录', '辑录', '创纪录', '破纪录', '新纪录', '答录', '节录', '转录', '誊录', '同学录', '名人录', '破记录', '选录', '访谈录', '创记录', '书录', '新记录', '分录', '集录', '检录', '原始记录', '谭宾录', '翻录', '采录', '编录', '簿录', '取录', '子目录', '东华录', '财产目录', '谈艺录', '首开纪录', '题名录', '黄培录', '闻奇录', '言行录', '左文录', '曹尚录', '数字记录', '张符录', '人名录', '苏绍录', '有闻必录', '根目录', '华宝录', '高肇录', '钱运录', '司录席', '武功录', '玄宝录', '万符录', '祖训录', '谈宾录']
荡	['荡', '回荡', '激荡', '空荡荡', '空荡荡', '震荡', '飘荡', '浩浩荡荡', '浩浩荡荡', '扫荡', '动荡', '淫荡', '游荡', '闯荡', '晃荡', '浩荡', '放荡', '空空荡荡', '空空荡荡', '坦荡', '浪荡', '空荡', '鼓荡', '振荡', '摇荡', '脑震荡', '芦苇荡', '四处游荡', '随风飘荡', '涤荡', '坦坦荡荡', '坦坦荡荡', '跳荡', '流荡', '冲荡', '逛荡', '荡尽', '荡尽', '浮荡', '摆荡', '闲荡', '湖荡', '芦荡', '大动荡', '悠悠荡荡', '悠悠荡荡', '滚荡', '反扫荡', '神魂飘荡', '时局动荡', '东飘西荡', '悠荡', '东游西荡', '吹荡', '水荡', '心潮激荡', '闯荡闯荡', '闯荡闯荡', '闯荡闯荡', '闯荡闯荡', '风雷激荡', '洗荡', '苇荡', '散荡', '骀荡', '晃荡晃荡', '晃荡晃荡', '晃荡晃荡', '晃荡晃荡', '中原板荡', '拂荡', '播荡', '垂荡', '横荡', '簸荡', '巍巍荡荡', '巍巍荡荡', '石湖荡', '相激相荡', '动荡期', '动荡期', '荡检逾闲', '神魂摇荡']
姜	['姜', '姜斌', '老姜', '生姜', '姓姜', '小姜', '姜冲', '姜松', '姜少谷', '姜才', '姜皇后', '姜皇后', '姜煊', '姜昆', '姜岳', '姜日广', '姜斗', '姜斯年', '紫姜', '姜帆', '姜大年', '姜望', '姜逸云', '姜红花', '姜红花', '姜同志', '姜同志', '姜有余', '姜有余', '李妙姜', '姜华丰', '姜华丰', '洋姜', '黄姜', '郑武姜', '姜丰', '姜蔷', '姜王后', '姜王后', '姜麒', '霍秀姜', '姜维朴', '魏人姜']
构	['机构', '结构', '构', '构筑', '虚构', '赵构', '架构', '建构', '慈善机构', '木结构', '重构', '专门机构', '原子结构', '钢结构', '体系结构', '数据结构', '网络结构', '网状结构', '组构', '巨构', '构筑法', '构筑法', '子结构', '微结构', '层次结构', '异构', '大结构', '向壁虚构', '控制结构', '分层结构', '构词法']
迫	['迫', '被迫', '强迫', '压迫', '逼迫', '紧迫', '窘迫', '胁迫', '急迫', '从容不迫', '所迫', '饥寒交迫', '被压迫', '进迫', '威迫', '迫视', '催迫', '交迫', '煎迫', '驱迫', '困迫', '诱迫', '贫病交迫', '促迫', '督迫', '大势所迫', '大迫']
冬	['冬', '寒冬', '冉冬', '过冬', '霍冬', '严冬', '初冬', '隆冬', '入冬', '春夏秋冬', '杨晓冬', '韩冬', '忍冬', '藏冬', '三冬', '丁冬', '孙冬', '颜冬', '顾意冬', '刘冬', '夏冬', '深冬', '莫尔冬', '梁冬', '郝冬', '叶素冬', '立冬', '越冬', '残冬', '谢耐冬', '魏冬', '仲冬', '徐以冬', '孟小冬', '杨冬', '李冬', '孟冬', '麦冬', '乌冬', '郑亚冬', '支古冬', '冬闲', '闵冬', '于冬', '徐冬', '龙杭冬', '赫冬', '赖冬', '陈冬', '明冬', '崔冬', '冬花', '何瑞冬', '赵冬', '冬眠期', '张学冬', '鲁冬云', '郭怀冬', '天门冬', '唐正冬', '梅问冬', '颜回冬', '颜回冬', '丁丁冬冬', '丁丁冬冬', '李运冬', '周冬', '吴冬', '叶小冬', '赵晓冬', '方星冬', '张小冬', '谭冬', '夏晓冬', '满冬', '舒冬', '杨维冬', '丁冬丁冬', '丁冬丁冬', '丁冬丁冬', '丁冬丁冬', '郑冬', '宋理冬', '冬游', '张申冬', '刘玉冬', '李辰冬', '孙星冬', '寒冬期', '寒冬期', '扑冬', '李又冬', '冬葵', '岳冬', '毕冬冬', '毕冬冬']
雕	['雕', '神雕', '雕花', '石雕', '浮雕', '冰雕', '木雕', '玉雕', '一箭双雕', '花雕', '漆雕', '泥塑木雕', '雪雕', '根雕', '朽木不可雕', '所雕', '砖雕', '微雕', '坐山雕', '牙雕', '骨雕', '透雕', '铜雕', '竹雕', '雕板', '圆雕', '群雕', '贝雕', '斫雕为朴', '彩雕', '城雕']
糊	['糊涂', '模糊', '糊', '迷糊', '迷迷糊糊', '迷迷糊糊', '含糊', '一塌糊涂', '血肉模糊', '糊里糊涂', '糊里糊涂', '装糊涂', '模模糊糊', '模模糊糊', '稀里糊涂', '不含糊', '老糊涂', '含含糊糊', '含含糊糊', '浆糊', '糊糊', '糊糊', '黑糊糊', '黑糊糊', '糨糊', '黏糊糊', '黏糊糊', '粘糊糊', '粘糊糊', '糊糊涂涂', '糊糊涂涂', '血糊糊', '血糊糊', '黏糊', '裱糊', '面糊', '晕晕糊糊', '晕晕糊糊', '晕糊', '大事不糊涂', '烂糊', '白糊糊', '白糊糊', '灰糊糊', '灰糊糊', '稠糊', '吕端大事不糊涂', '吕端大事不糊涂', '焦糊糊', '焦糊糊', '昏愦糊涂']
涂	['糊涂', '涂', '一塌糊涂', '糊里糊涂', '装糊涂', '稀里糊涂', '胡涂', '老糊涂', '滩涂', '当涂', '糊糊涂涂', '糊糊涂涂', '胡里胡涂', '涂青婵', '喷涂', '一塌胡涂', '大事不糊涂', '姓涂', '老涂', '海涂', '小涂', '涂蒙', '胡胡涂涂', '胡胡涂涂', '胡胡涂涂', '胡胡涂涂', '胡胡涂涂', '胡胡涂涂', '吕端大事不糊涂', '吕端大事不糊涂', '涂克', '涂尔干', '昏愦糊涂']
慨	['感慨', '慷慨', '愤慨', '慨', '感慨万端', '慷他人之慨', '激昂慷慨', '悲歌慷慨', '慨当以慷', '康慨']
拐	['拐', '一瘸一拐', '诱拐', '七弯八拐', '胳膊肘往外拐', '李铁拐', '胳膊肘向外拐', '曲拐', '胳膊肘朝外拐']
岳	['岳', '五岳', '山岳', '徐中岳', '关中岳', '薛岳', '宗岳', '东岳', '西岳', '金超岳', '中岳', '南岳', '三山五岳', '太岳', '岳云', '赵岳', '蓝岳', '姓岳', '北岳', '雷震岳', '石岳', '李惟岳', '潘岳', '岳凤姗', '岳钟麒', '岳钟麒', '凌岳', '高岳', '高岳云', '华岳', '杨文岳', '轩辕岳', '小岳', '河岳', '鲁东岳', '吕岳', '屠维岳', '王岳', '金岳', '岳姗', '慕容景岳', '鄂岳', '董岳', '杨崇岳', '程百岳', '刘振岳', '岳征', '乔维岳', '赵如岳', '金龙岳', '李岳', '老岳', '高文岳', '杨岳斌', '张岳', '邓岳', '岳秋云', '朱镇岳', '景岳', '王齐岳', '卓中岳', '司徒岳', '周中岳', '周中岳', '徐岳', '王子岳', '华百岳', '蒋东岳', '陶峙岳', '邱岳', '伍维岳', '沈天岳', '岳仲麒', '白东岳', '秦岳', '岳蒙', '戴岳', '李星岳', '聂成岳', '齐岳', '颜宗岳', '孙岳', '韩慕岳', '白子岳', '于岳', '岱岳', '乌岳', '岳鸣松', '白岳', '周岳', '刘岳', '泰岳', '宋子岳', '云中岳', '路岳', '海岳', '姜岳', '岳焱', '熊岳', '柳岳', '沙青岳', '秦东岳', '竺仲岳', '岳志', '刘仰岳', '陈岳', '齐百岳', '沈之岳', '龙千岳', '岳松', '张申岳', '封岳', '宋山岳', '周钟岳', '吕鸣岳', '麦文岳', '岳慕云', '岳凤松', '申子岳', '岳飞岳', '韩岳', '司马岳', '安岳', '岳才', '李定岳', '丘岳', '段岳', '郭崇岳', '居镇岳', '范震岳', '徐如岳', '傅力岳', '岳灵姗', '姚岳', '岳风姗', '岳蔷', '岳一帆', '施中岳', '岳斌', '尉岳', '岳万年', '岳万年', '展镇岳', '刘希岳', '王高岳', '潘东岳', '李千岳', '岳冲', '方岳', '周维岳', '华山岳', '孙震岳', '陶岳', '岳霁云', '岳尚岳', '岳尚岳', '胡岳', '何岳', '薛岳兵团', '薛岳兵团', '葛山岳', '岳向', '阮岳', '见岳', '杨游岳', '谢宗岳', '罗定岳', '李钟岳', '高维岳', '张震岳', '倪岳', '陈岳麒', '陈岳麒', '岳万里', '岳万里', '黄中岳', '高秋岳', '武岳', '杨仲岳', '方震岳', '姚望岳', '姚望岳', '云大岳', '云大岳', '宇文岳', '黄岳', '萧经岳', '唐崇岳', '罗岳', '俞望岳', '俞望岳', '居方岳', '乔慕岳', '潘建岳', '余宗岳', '杨岳', '岳婕妤', '岳婕妤', '孙游岳', '岳绿岳', '岳绿岳', '齐中岳', '范辉岳', '岳晓果', '孙宗岳', '陶震岳', '岳小云', '郑怀岳', '莫举岳', '王李岳', '王刘岳', '魏岳', '方均岳', '岳云松', '张文岳', '鲍文岳', '万星岳', '石剑岳', '任岳', '岳风松', '林建岳', '师岳', '岳于', '钱岳', '岳冬', '袁岳', '黄秋岳']
搜	['搜', '搜刮', '搜查证']
脏	['心脏', '脏', '肮脏', '内脏', '五脏', '弄脏', '肝脏', '肾脏', '很脏', '太脏', '不脏', '脾脏', '脏脏', '脏脏', '肺脏', '腑脏', '搞脏', '胰脏', '胃脏', '肮肮脏脏', '肮肮脏脏']
挽	['挽', '挽回', '无可挽回', '力挽']
吊	['吊', '上吊', '吊儿郎当', '凭吊', '悬吊', '形影相吊', '塔吊', '开吊', '起吊', '吊杆', '昊天不吊', '龙门吊', '空吊', '吊销执照', '哀吊', '门吊', '吊扣', '吊铺']
鲜	['朝鲜', '新鲜', '鲜花', '鲜', '鲜于', '海鲜', '鲜血淋漓', '光鲜', '南朝鲜', '屡见不鲜', '鲜果', '保鲜', '三鲜', '鲜奶', '时鲜', '鲜于冲', '鲜于冲', '尝鲜', '生猛海鲜', '鱼鲜', '如烹小鲜', '清鲜', '河鲜', '德薄能鲜', '干鲜', '浅鲜', '若烹小鲜', '活鲜鲜', '活鲜鲜', '保鲜期', '数见不鲜', '徐慎鲜', '朝鲜使团', '朝鲜使团', '史郑鲜']
杆	['杆', '栏杆', '旗杆', '桅杆', '铁杆', '腰杆', '枪杆', '杠杆', '电线杆', '箭杆', '操纵杆', '麻杆', '标杆', '笔杆', '电杆', '拉杆', '光杆', '秤杆', '摇杆', '一杆杆', '一杆杆', '一杆杆', '一杆杆', '撑杆', '连杆', '推杆', '套马杆', '烟袋杆', '吊杆', '钻杆', '保险杆', '螺杆', '抬杆', '脚杆', '第一杆', '支杆', '第二杆', '撞杆', '篙杆', '第三杆', '耍笔杆', '游戏杆', '摆杆', '蜗杆']
嘻	['笑嘻嘻', '笑嘻嘻', '嘻嘻', '嘻嘻', '嘻', '嘻嘻嘻', '嘻嘻嘻', '嘻嘻嘻', '嘻嘻嘻', '嘻嘻嘻', '嘻嘻嘻']
刮	['刮', '搜刮', '刮胡须', '刮胡须', '顶刮刮', '顶刮刮']
丰	['丰', '田丰', '咸丰', '张三丰', '林海丰', '颇丰', '沈子丰', '丰台', '张泰丰', '林泽丰', '安丰', '元丰', '新丰', '李丰', '永丰', '丰升', '丰采', '丰年', '海丰', '袁丰', '钱丰', '陆丰', '穆学丰', '山名持丰', '左丰', '林子丰', '江丰', '欧阳丰', '邱元丰', '萧胤丰', '管丰', '羽翼未丰', '王丰', '瑞丰', '民丰', '尤丰', '宜丰', '赵尔丰', '庆丰', '刘丰', '大丰', '廖天丰', '南丰', '甄丰', '华丰', '樊丰', '贾玉丰', '凯丰', '云乾丰', '宝丰', '郭丰台', '梅三丰', '西丰', '瑞雪兆丰年', '秦日丰', '彭丰', '小丰', '德丰', '萧建丰', '楚大丰', '朱丰', '张丰', '田立丰', '朔丰', '车鼎丰', '泰丰', '赵元丰', '让丰', '颜京丰', '诺达丰', '羽翼渐丰', '信丰', '羽毛未丰', '耿永丰', '卜乃丰', '叶丰', '顾长丰', '齐丰', '段丰', '范西丰', '范西丰', '羽翼已丰', '高丰', '汇丰集团', '汇丰集团', '华丰机械厂', '华丰机械厂', '尚丰', '长丰', '清丰', '杜丰', '新丰集团', '新丰集团', '秦丰', '麦丰', '赵沛丰', '胡连丰', '张丰帆', '诸葛丰', '赵丰', '金丰', '安兆丰', '连田丰', '华子丰', '张习丰', '贺永丰', '裘三丰', '山内一丰', '谢丰', '席丰', '袁建丰', '马元丰', '曲同丰', '那丰', '丽丰印染厂', '丽丰印染厂', '于丰', '徐荣丰', '恩丰', '物阜民丰', '靳海丰', '凌丰', '老丰', '孔庆丰', '丰克', '武万丰', '张焕丰', '马丰', '严庆丰', '柏勒洛丰', '莫长丰', '禄丰', '丰余', '广丰', '贞丰', '惠丰', '延丰', '陈明丰', '查九丰', '姓丰', '时和年丰', '东丰', '杨沂丰', '布丰', '丰凯云', '隆丰', '赵丰年', '泽丰', '门左丰', '葛丰年', '刘南丰', '柯水丰', '李再丰', '魏丰', '沃达丰', '古丰', '蒋丰', '汪丰', '周丰', '米丰', '芦丰', '孙丰', '刘沛丰', '席永丰', '席永丰', '姜华丰', '姜华丰', '司空丰', '王安丰', '石丰', '昌丰', '时和岁丰', '孔令丰', '农丰', '朱建丰', '保丰', '谷雪丰', '王兆丰', '罗丰', '丰岁', '宋元丰', '马华丰', '冀永丰', '文丰', '丰丰', '丰丰', '国富民丰', '丰于', '姜丰', '高云丰', '高云丰', '秦兆丰', '长丰机械厂', '长丰机械厂', '黑丰财团', '黑丰财团', '王尚丰', '孟华丰', '王少丰', '廖多丰', '孟丰', '崔丰', '蒋兆丰', '杨子丰', '梁兆丰', '著述颇丰', '让林泽丰', '陈羽丰', '丽丰厂', '张泰丰望', '小丰丰', '小丰丰', '毕丰', '董献丰', '王孝丰', '王履丰', '华丰面粉厂', '华丰面粉厂', '丰法', '丰峥', '路百丰', '宁世丰', '朱丰年', '朱丰年', '种元丰', '沈长丰', '沈长丰', '安丰使团', '安丰使团', '王子丰', '陈丰', '程小丰', '丰里', '王文丰', '人寿年丰', '丰才']
范	['范', '防范', '风范', '规范', '就范', '示范', '模范', '典范', '师范', '张弘范', '赵范', '老范', '范范', '范范', '王锡范', '小范', '大家风范', '吕范', '姓范', '冯锡范', '疏于防范', '垂范', '范云', '范桃花', '范桃花', '李天范', '韩范', '洪范', '范玉云', '孔范', '王鸿范', '马希范', '范时捷', '范朋克', '萧范', '区希范', '公孙范', '韦贻范', '范青云', '范青云', '范升', '李范', '景范', '陈行范', '范志', '郑之范', '陈洪范', '范承志', '张范', '王萧范', '全范', '范永斗', '张子范', '范希圣', '范西丰', '范西丰', '张承范', '王马希范', '范柏年', '王洪范', '王学范', '廉范', '张廷范', '王李范', '贾范', '范复', '范斌', '范苏', '范于', '叶祖范', '刘范', '尚书范', '陈匡范', '王范', '铁范', '范震岳', '柳范', '韦彦范', '范冲', '王彦范', '管家范', '刘景范', '范小云', '林范', '范松', '袁从范', '胡元范', '朱学范', '惠范', '吴范', '陈世范', '阳正范', '金基范', '尹延范', '严忠范', '康范', '王宗范', '范上表', '范上表', '范昆', '范鸿志', '范鸿志', '范才', '范有志', '范有志', '宋成范', '艾黛范', '遗范', '范莱里', '范莱里', '萧子范', '范辉岳', '马文范', '史袁范', '闵涵范', '祖范', '陈君范', '佟范', '鲁范', '范向', '范十里', '范十里', '范采', '李义范', '冒范', '范金发', '范金发', '臧延范', '韦范', '张宏范', '范佛里', '武田范', '谭允范', '肖恩范', '林书范', '规范法', '规范法', '示范示范', '示范示范', '示范示范', '示范示范', '范复表', '陈祖范', '王得范']
签	['签', '标签', '抽签', '签证', '签发', '牙签', '上签', '竹签', '书签', '求签', '会签', '草签', '续签', '下签', '中签', '题签', '签注', '价签', '抽签法', '抽签法']
咽	['咽', '哽咽', '呜咽', '狼吞虎咽', '吞咽', '下咽', '呜呜咽咽', '呜呜咽咽', '细嚼慢咽', '抽咽', '干咽', '食不下咽', '幽咽', '口咽', '凄咽', '狼餐虎咽']
帆	['杨帆', '帆', '江玉帆', '帆布', '扬帆', '风帆', '奚玉帆', '白帆', '展千帆', '柳春帆', '船帆', '苏帆', '朱一帆', '李梦帆', '靳君帆', '叶帆', '尹小帆', '张帆', '江帆', '白春帆', '海一帆', '汪帆', '王帆', '狄一帆', '徐帆', '太阳帆', '蒙少帆', '江暮帆', '汤正帆', '于一帆', '于一帆', '陈帆', '归梦帆', '杨一帆', '纪小帆', '许帆', '冯云帆', '帅天帆', '李晓帆', '麻帆', '杨帆才', '杨帆才', '杨海帆', '白立帆', '俞扬帆', '杨少帆', '江王帆', '江秋帆', '冯帆', '徐一帆', '展一帆', '张丰帆', '归远帆', '李正帆', '明帆', '古沛帆', '帆板', '李帆', '高帆', '胡一帆', '李一帆', '辛石帆', '征帆', '铁帆', '祝秋帆', '姜帆', '岳一帆', '严徐帆', '齐帆', '满帆', '任帆', '李雅帆', '凌宇帆', '黄帆', '纪春帆', '包起帆', '张满帆', '见风使帆', '顾飞帆', '喻帆', '江上帆', '华一帆', '秦力帆', '邢海帆', '张克帆', '费帆', '黑帆', '吴帆', '宋道帆', '赵扬帆', '孤帆远影碧空尽', '孤帆远影碧空尽', '张铁帆', '罗代帆', '吴楚帆', '张白帆', '力帆集团', '力帆集团', '袁帆', '王叶帆', '顺风使帆', '凌帆', '龚起帆', '费云帆', '程千帆', '修罗帆']
勤	['勤', '后勤', '殷勤', '辛勤', '献殷勤', '执勤', '值勤', '外勤', '地勤', '蒙勤勤', '蒙勤勤', '内勤', '出勤', '考勤', '余孟勤', '顾勤', '李勤', '陈以勤', '田大勤', '沈勤勤', '沈勤勤', '张亚勤', '朱学勤', '全勤', '韩德勤', '通勤', '江雪勤', '缺勤', '符晓勤', '王克勤', '张勤云', '四体不勤', '潘慧勤', '薛志勤', '罗克勤', '夜勤', '张勤', '狄克勤', '秦勤', '徐勤', '服勤', '邹勤', '宋至勤', '董勤', '段勤', '尉迟勤', '徐惠勤', '张唯勤', '贺勤', '阎书勤', '手勤', '业精于勤', '查勤', '梁建勤', '民勤', '冯勤', '刘勤', '郑勤', '战勤', '四肢不勤', '商学勤', '庄道勤', '殷殷勤勤', '殷殷勤勤', '蒋勤勤', '蒋勤勤', '任勤', '王勤', '德勤', '黄仕勤', '沈勤', '孟勤', '林勤', '司空尹勤', '劳勤', '腿勤', '周勤', '梁力勤', '江为勤', '献勤', '密勤局', '庄小勤', '密勤', '孙永勤', '汪力勤', '臧勤', '周东勤', '巫勤', '李克勤', '勤修道法', '勤修道法', '吴义勤', '田维勤', '满勤', '卢勤', '季学勤', '赵自勤', '侯魏勤', '相里勤', '华克勤', '刘克勤', '富勤', '常尹勤', '嘴勤', '郝克勤', '欧阳大勤', '游学勤', '萧勤', '吴克勤', '司宿勤', '张克勤', '徐加勤', '莫如勤', '邓之勤', '王汝勤', '宫勤']
佩	['佩', '敬佩', '玉佩', '钦佩', '佩佩', '佩佩', '感佩', '赞佩', '林士佩', '欧阳佩佩', '欧阳佩佩', '李心佩', '佩蒙', '秦佩佩', '秦佩佩', '佩里', '焦佩', '顾佩佩', '顾佩佩', '代文佩', '高佩佩', '高佩佩', '欧佩克', '施佩', '林雨佩', '丁佩', '胡佩', '李佩', '霍思佩', '宋婉佩', '卡佩', '柳文佩', '龙凤佩', '冈佩', '佩克', '楚子佩', '龙佩', '武芳佩', '董佩佩', '董佩佩', '皇玉佩', '吴承佩', '冯子佩', '刘佩', '秋佩', '瓦佩', '佩珀', '韩士佩', '朱佩', '丁佩佩', '丁佩佩', '韩文佩', '葛光佩', '高佩', '佩里克', '佩里克', '江楚佩', '斯佩', '林佩佩', '林佩佩', '徐昭佩', '西泽佩里', '帕佩克', '安娜佩', '高罗佩', '卢佩', '蒋颖佩', '司徒佩佩', '司徒佩佩', '邵光佩', '田佩', '克纳佩', '徐玉佩', '黄龙佩', '郭玉佩', '容小佩', '覃青佩', '顾佩云', '解所佩', '斯佩里', '龙佩佩', '龙佩佩', '诸国佩', '关佩佩', '关佩佩', '朱塞佩', '彭佩云', '雷和佩', '佩索托', '塔乌依洛佩佩', '塔乌依洛佩佩', '夸洛佩克', '洛佩', '思佩', '皇和佩', '让佩', '因行佩', '菲利佩', '龙首佩', '林上佩', '皮什佩克', '郑佩佩', '郑佩佩', '阿佩']
暂	['暂', '短暂', '暂住证']
戚	['亲戚', '戚', '外戚', '悲戚', '戚长征', '戚长征', '戚戚', '戚戚', '皇亲国戚', '贵戚', '哀戚', '走亲戚', '国戚', '忧戚', '戚果果', '老戚', '戚家里', '戚家里', '戚长发', '姻戚', '戚欢', '王公贵戚', '戚无升', '戚少游', '姓戚', '串亲戚', '自贻伊戚', '戚斌', '戚云', '戚皇后', '戚皇后', '走走亲戚', '小戚']
帘	['帘', '窗帘', '眼帘', '门帘', '水帘', '帘幕', '卷帘', '雨帘', '帘布', '湘帘', '草帘', '暖帘', '盖帘']
哄	['哄', '起哄', '乱哄哄', '乱哄哄', '哄哄', '哄哄', '闹哄哄', '闹哄哄', '欺哄', '闹闹哄哄', '闹闹哄哄', '闹哄', '瞒哄', '蒙哄', '乖哄']
辟	['辟', '开辟', '复辟', '精辟', '大辟', '天地开辟', '鞭辟入里', '透辟', '独辟', '复子明辟', '天开地辟']
弥	['弥', '阿弥陀佛', '须弥', '沙弥', '弥勒佛', '史弥', '王弥', '李弥', '张弥', '梁弥', '古弥', '哈弥', '熊弥', '三弥', '刘弥', '盖弥', '多弥', '李弥兵团', '李弥兵团', '宇文弥', '阮弥', '沈弥', '芥子须弥', '韦弥', '于弥', '于弥', '鄂弥', '海弥', '渠弥', '苏弥', '肖弥', '居弥', '德弥', '卜弥', '弥蒙', '安弥', '云弥', '达弥', '刁弥', '门弥', '解弥', '艾弥', '智弥', '麦弥', '斯弥', '绫濑雪弥', '展弥', '伍弥', '夏弥', '底弥']
吁	['吁', '气喘吁吁', '气喘吁吁', '呼吁', '喘吁吁', '喘吁吁', '吁吁', '吁吁', '气吁吁', '气吁吁', '喘吁', '短叹长吁']
蠢	['愚蠢', '蠢', '蠢才']
纤	['纤', '纤纤', '纤纤', '光纤', '拉纤', '化纤厂', '化纤', '纤维板']
拟	['拟', '虚拟', '模拟', '比拟', '草拟', '无可比拟', '拟于', '拟于', '摹拟', '模拟考', '研拟', '数字模拟', '比拟法', '比拟法', '悬拟', '模拟法', '拟人法']
戮	['杀戮', '戮', '屠戮', '诛戮', '刑戮', '引颈受戮']
咸	['咸', '咸丰', '张咸', '陈咸', '傅咸', '阮咸', '巫咸', '李咸', '王咸', '郎咸', '萧咸', '很咸', '韩咸', '边咸', '彭咸', '季咸', '尹咸', '刘咸', '崔咸', '巩咸', '孙咸', '徐咸', '荀咸', '德咸']
奸	['奸', '汉奸', '强奸', '内奸', '通奸', '狼狈为奸', '捉奸', '轮奸', '锄奸', '姑息养奸', '诱奸', '勾搭成奸', '巨奸', '奸凶', '耍奸', '朋比为奸', '兽奸', '以售其奸', '表里为奸']
昆	['昆', '桑昆', '昆曲', '刘昆', '马昆', '杨尚昆', '成昆', '多里昆', '多里昆', '昆布', '曹昆', '奥昆', '罗昆', '亚昆', '胡昆', '李昆', '黎昆', '田昆', '朱昆', '柴昆', '明昆', '左昆', '尚昆', '杜昆', '孙昆', '唐昆', '保昆', '金昆', '姜昆', '雷昆', '温伯昆', '孟昆', '方柏昆', '孙晓昆', '侯昆', '洪昆', '哈昆', '昆克', '阿昆', '扎昆', '德昆', '王志昆', '萨里昆', '萨里昆', '铁昆', '西昆', '谢昆', '钱昆', '卢昆', '博昆', '乔昆', '泽昆', '海昆', '东方昆', '邓昆', '曼昆', '林昆', '多昆', '穆昆', '范文昆', '科尔昆', '柳昆', '老刘昆', '范昆', '南昆', '卓昆', '京昆', '柏昆']
伞	['伞', '雨伞', '降落伞', '跳伞', '保护伞', '阳伞', '撑伞', '太阳伞', '滑翔伞', '折叠伞', '核保护伞', '核保护伞', '自动伞']
核	['核', '考核', '审核', '内核', '晶核', '原子核', '核准', '肺结核', '地核', '果核', '复核', '查核', '细胞核', '结核', '精核', '核发', '热核', '煤核', '微核', '核威慑', '无核', '校核', '银核', '小核', '真核', '核报复', '核报复', '大核', '成核', '原核', '氘核', '考核期', '考核期', '晶核期', '晶核期', '察核', '核保护伞', '核保护伞', '前核', '冰核', '骨结核', '核果', '外核', '起核', '中央核', '勘核', '髓核', '验核', '内核期', '内核期', '锰结核', '冻结核', '管核', '凝结核', '肠结核']
佣	['雇佣', '女佣', '佣', '帮佣', '雇佣关系', '雇佣关系']
汇	['汇', '词汇', '外汇', '交汇', '总汇', '语汇', '徐家汇', '创汇', '南汇', '汇价', '电汇', '购汇', '字汇', '汇丰集团', '汇丰集团', '外汇管制', '套汇', '川汇', '结汇', '聚汇', '期汇', '换汇', '天汇', '侨汇', '汇接局', '信汇', '点汇', '文汇', '现汇', '内汇', '用汇', '国家外汇管理局', '押汇', '茅汇', '词汇表', '付汇', '汇注', '徐汇', '票汇', '线汇', '逃汇', '远期外汇', '远期外汇', '张汇', '外汇期', '外汇期', '鲁汇升', '陈汇']
捷	['敏捷', '捷', '快捷', '迅捷', '辛捷', '大捷', '保时捷', '矫捷', '捷克', '轻捷', '便捷', '夏捷', '报捷', '捷克斯洛伐克', '告捷', '简捷', '郝捷', '才思敏捷', '宋捷', '唐捷', '连战连捷', '思维敏捷', '杜洛捷', '高陆捷', '李同捷', '方捷', '首战告捷', '战皆捷', '奏捷', '庄捷', '李捷', '祝捷', '贾静捷', '范时捷', '严捷', '灵捷', '陈长捷', '白骏捷', '洛捷', '战三捷', '陈捷', '捷克军团', '捷克军团', '张捷', '希捷', '雷行捷', '孔捷', '柳江捷', '龙捷', '刘连捷', '史孟捷', '战七捷', '郑捷', '王恩捷', '曹捷', '张捷妤', '张捷妤', '闻捷', '刘捷', '周捷', '王捷', '丁子捷', '艾莉捷', '台儿庄大捷', '胡行捷', '方舒捷', '强克捷', '捷玛', '官捷', '高重捷', '高捷', '沈捷', '林捷', '万捷', '捷苏', '郭英捷', '程劭捷', '屡战屡捷', '赵捷', '克捷', '战捷', '武捷', '费听捷', '公孙捷', '孟捷', '卡特罗捷', '机智敏捷', '迪捷', '战九捷', '马捷', '战不捷', '邹捷', '战必捷', '战四捷', '安捷', '刘郁捷', '陆捷', '红旗报捷', '司马捷', '近捷', '战八捷', '叶捷', '战五捷', '战克捷', '猛捷', '叶文捷', '韦捷', '卫特捷', '捷涅克', '欧阳捷', '丁捷', '蒋捷', '苏捷', '捷尔斯克', '捷尔斯克', '战多捷', '战六捷', '战而捷', '帕斯捷尔纳克', '战两捷', '高路捷', '简捷了当', '健捷', '兴捷', '闻人捷', '贺捷', '师未捷', '易捷', '庆捷', '让唐捷', '王安捷', '杨捷', '维捷布斯克', '萧长捷', '钟思捷', '徐营捷']
址	['地址', '址', '遗址', '住址', '选址', '旧址', '原址', '厂址', '校址', '会址', '新址', '故址', '城址', '基址', '界址', '坝址', '定址', '场址', '居址', '现址', '社址', '馆址', '房址', '寻址', '尉迟寺遗址', '源地址']
蔑	['轻蔑', '蔑视', '污蔑', '蔑', '诬蔑', '侮蔑', '冷蔑']
绷	['绷', '紧绷', '紧绷绷', '紧绷绷', '硬绷绷', '硬绷绷', '硬绷绷', '硬绷绷', '鼓绷绷', '鼓绷绷', '鼓绷绷', '鼓绷绷', '棕绷']
毙	['毙', '击毙', '枪毙', '坐以待毙', '倒毙', '束手待毙', '暴毙', '多行不义必自毙', '待毙', '溺毙', '作法自毙', '奄奄待毙', '坐而待毙']
痒	['痒', '痒痒', '痒痒', '心痒', '发痒', '手痒', '不痛不痒', '无关痛痒', '搔痒', '技痒', '挠痒痒', '挠痒痒', '瘙痒', '怕痒', '痛痒', '不疼不痒', '抓痒', '隔靴搔痒', '刺痒', '不关痛痒', '虱多不痒', '鼻痒']
症	['症', '癌症', '后遗症', '病症', '绝症', '对症下药', '综合症', '对症', '不治之症', '抑郁症', '恐惧症', '忧郁症', '疑难杂症', '并发症', '急症', '炎症', '顽症', '尿毒症', '失眠症', '癔症', '小儿麻痹症', '厌食症', '神经症', '恐怖症', '杂症', '败血症', '梦游症', '多动症', '夜盲症', '躁狂症', '肥胖症', '寒症', '结症', '不孕症', '热症', '疑难病症', '适应症', '死症', '痹症', '遗忘症', '惧高症', '花粉症', '巨人症', '虚症', '紧张症', '禁忌症', '险症', '对症发药', '飞蚊症', '实症', '毒血症', '舞蹈症', '急腹症', '危症', '缩阳症']
郁	['忧郁', '浓郁', '郁', '阴郁', '抑郁', '郁郁', '郁郁', '青郁', '沉郁', '郁郁寡欢', '郁郁寡欢', '积郁', '馥郁', '葱郁', '苏郁', '抑郁症', '郁郁不得志', '郁郁不得志', '郁郁不得志', '郁郁不得志', '忧郁症', '苍郁', '悒郁', '张郁', '小郁', '高郁', '李郁', '气郁', '王郁', '葱葱郁郁', '葱葱郁郁', '杜郁', '闷郁', '童郁', '陆红郁', '抑郁寡欢', '郁云', '芬芳馥郁', '林郁', '陈郁', '刘郁', '鲁郁', '文郁', '宫子郁', '姓郁', '郁干', '解郁', '盛文郁', '郁特里', '郁特里', '冷郁', '森郁', '郁于', '冯文郁', '沈郁', '烦郁', '于郁', '代王郁', '金弘郁', '曾郁', '刘郁捷', '尤郁', '翁郁', '热郁', '卢郁', '周文郁', '周郁', '郁为征', '血郁', '郁木扎', '全师郁', '秦郁', '朱郁', '林夏郁', '郁松年', '郁松年', '黎郁', '关筱郁', '郁才', '钟郁', '阴王郁']
腊	['希腊', '腊', '方腊', '古希腊', '苏门答腊', '老克腊', '塔腊', '烧腊', '那方腊', '古代希腊', '苏门达腊', '哈腊', '岁时伏腊', '普罗维腊', '彼斯基耶腊', '方腊当', '方腊当', '腊尽春回', '克腊', '科瑟腊', '卡皮腊', '于希腊', '于希腊']
叩	['叩', '三跪九叩', '跪叩']
慑	['慑', '震慑', '威慑', '镇慑', '核威慑', '精神震慑法', '精神震慑法']
熏	['熏', '熏熏', '熏熏', '井上熏', '李正熏', '熏制', '臭熏熏', '臭熏熏']
绵	['绵', '缠绵', '连绵', '软绵绵', '软绵绵', '绵绵', '绵绵', '海绵', '延绵', '情意绵绵', '情意绵绵', '杜飞绵', '丝绵', '缠缠绵绵', '缠缠绵绵', '此恨绵绵', '此恨绵绵', '刘东绵', '悱恻缠绵', '张兴绵', '联绵', '绵绵掌法', '绵绵掌法', '绵绵掌法', '绵绵掌法', '房纳绵', '绵绵无期', '绵绵无期', '绵绵无期', '绵绵无期', '小绵', '柔和缠绵', '水绵', '逶迤连绵', '秦红绵']
朴	['朴', '古朴', '淳朴', '简朴', '纯朴', '质朴', '朴日升', '王朴', '俭朴', '杨朴', '老朴', '白朴', '褚朴', '小朴', '民风淳朴', '种朴', '素朴', '鹿望朴', '诚朴', '郭朴', '丁朴', '朴朴', '朴朴', '刘朴', '朴不花', '曹朴', '朱朴', '姓朴', '拙朴', '赵朴', '朴同志', '朴同志', '李公朴', '浑朴', '邓公朴', '朴正欢', '朴正欢', '苏朴', '于朴', '慕容朴', '卫朴', '粗朴', '田朴', '程朴', '常朴', '朴一志', '管家朴', '曾朴', '朴准', '严朴', '史朴', '朴志', '周士朴', '勤劳俭朴', '王子朴', '葛朴', '朴德欢', '朴于', '李朴', '金朴', '齐朴', '斫雕为朴', '朴向', '远和朴', '朴云松', '江朴', '游良朴', '马朴', '浇淳散朴', '朴庆云', '朴庆云', '平朴', '李三朴', '高朴', '袁朴', '鲁一朴', '醇朴', '姜维朴']
铲	['铲', '铁铲', '锅铲', '花铲', '扁铲']
跷	['蹊跷', '跷', '高跷', '跷跷板', '跷跷板']
坎	['坎', '坎坷', '心坎', '门坎', '土坎', '沟坎', '伊坎', '田坎', '胸坎', '石坎', '坎坎坷坷', '坎坎坷坷', '坎贝托', '奥坎', '诺门坎', '崎岖坎坷', '崎岖坎坷', '拉坎', '哈坎', '埃特鲁斯坎', '特奥蒂瓦坎', '迪坎', '泰奥提华坎', '布鲁顿斯坎', '棱坎', '杜坎', '库库尔坎', '奥多奥坎', '邦坎', '坎坎', '坎坎', '坎布', '高坎', '瑞坎', '蒂霍坎', '松坎', '那坎', '库坎']
恤	['恤', '体恤', '抚恤', '不恤', '赈恤', '怜恤', '救恤', '矜恤', '顾恤', '悯恤']
皓	['皓', '黄皓', '周天皓', '于皓', '于皓', '齐皓', '孙皓', '王皓', '轩辕皓', '钟辰皓', '远皓', '明皓', '曾皓', '袁皓', '洪皓', '巫皓', '朱皓', '艾励皓', '陈皓', '钟皓', '张皓', '陆皓', '商山四皓', '茹皓', '许城皓', '刘延皓', '薛成皓', '李明皓', '符皓', '阎皓', '冯皓', '皓皓', '皓皓', '尚皓', '宋皓', '周皓', '温庭皓', '吴皓', '魏皓', '祖皓', '尹皓', '梁皓', '慕容皓', '田元皓', '延皓', '冷皓', '薛皓', '康皓', '景皓', '韩皓', '赵慈皓', '凌皓', '李皓', '于成皓', '于成皓', '顾皓', '姚皓', '公孙皓', '裘元皓', '舒皓', '许元皓', '张成皓', '纪昌皓', '古苍皓', '南四皓', '秦皓', '郭皓', '白皓', '董皓', '候严皓', '慕皓', '闵皓', '温廷皓', '段皓', '邓皓']
棱	['棱', '三棱', '扑棱', '棱棱', '棱棱', '棱棱', '棱棱', '支棱', '模棱', '锋棱', '棱台', '中棱', '扑棱扑棱', '扑棱扑棱', '扑棱扑棱', '扑棱扑棱', '穆棱', '棱坎', '丹棱']
栗	['栗', '不寒而栗', '战栗', '颤栗', '板栗', '寒栗', '火中取栗', '股栗', '震栗', '于栗', '小栗', '战战栗栗', '战战栗栗', '苗栗', '醋栗', '何栗', '李栗', '老栗', '钟栗', '权栗', '上栗', '悸栗', '栗历', '栗于', '股战而栗']
喧	['喧', '喧呼', '繁喧']
凄	['凄', '凄凄', '凄凄', '悲凄', '冷凄凄', '冷凄凄', '孤凄', '哀凄', '风雨凄凄', '风雨凄凄', '凄咽', '凄暗']
袅	['袅袅', '袅袅', '袅', '余音袅袅', '余音袅袅', '袅袅上升', '袅袅上升', '袅袅上升', '袅袅上升', '娉娉袅袅', '娉娉袅袅']
剃	['剃', '剃须']
霓	['霓', '宇文虹霓', '赵晓霓', '云霓', '艾霓', '卓霓', '梅霓', '夏韵霓', '文虹霓', '白霓', '金霓', '李霓', '曾霓', '柴霓', '华霓', '程红霓', '王咏霓']
杠	['杠', '杠杆', '抬杠', '敲竹杠', '单杠', '双杠', '顶门杠', '撬杠', '顶杠', '高低杠', '条条杠杠', '条条杠杠', '抬抬杠']
肇	['肇', '刘肇', '袁肇松', '高肇录', '秦肇端', '邵肇复']
漓	['淋漓', '淋漓尽致', '鲜血淋漓', '大汗淋漓', '漓', '酣畅淋漓', '痛快淋漓', '血肉淋漓', '兴会淋漓', '世道浇漓']
斫	['斫', '采椽不斫', '斫雕为朴']
闸	['闸', '水闸', '开闸', '电闸', '拉闸', '船闸', '闸板', '车闸', '手闸', '合闸', '分洪闸']
坝	['坝', '堤坝', '大坝', '水坝', '院坝', '筑坝', '阿坝', '平坝', '土坝', '淤地坝', '坝址', '拦河坝', '东坝', '葛洲坝', '留坝', '西坝', '冰坝', '塘坝', '巫家坝', '滚水坝']
刊	['刊', '报刊', '周刊', '期刊', '月刊', '副刊', '书刊', '创刊', '时代周刊', '刊发', '校刊', '停刊', '季刊', '丛刊', '复刊', '增刊', '专刊', '特刊', '半月刊', '诗刊', '会刊', '日刊', '双周刊', '画刊', '刊布', '旬刊', '新周刊', '亚洲周刊', '合刊', '发刊', '年刊', '星闻周刊', '壹周刊', '双月刊', '党刊', '东方周刊', '试刊', '休刊', '明报周刊', '清华周刊', '中国新闻周刊', '外刊', '美国商业周刊', '旧书刊']
皋	['皋', '韦皋', '如皋', '牛皋', '胡自皋', '于皋', '寇方皋', '邹鸣皋', '九皋', '吕九皋', '林少皋', '曹王皋', '赵志皋', '韩皋', '王李皋', '陶莫皋', '东皋', '唐皋', '于成皋', '平皋', '张皋', '程九皋', '寇力皋', '云九皋', '云九皋', '陶皋', '田行皋', '张保皋', '皇甫皋', '郝兰皋', '赵皋', '林继皋', '潘炳皋', '岚皋', '周及皋', '秦皋', '张九皋', '李奉皋', '鹤鸣九皋', '石原皋', '李九皋', '李元皋', '李继皋', '俞方皋', '李全皋']
馈	['反馈', '馈', '回馈', '正反馈', '负反馈', '前馈', '反馈法', '反馈法']
瓮	['瓮', '请君入瓮', '入瓮']
哺	['哺', '嗷嗷待哺', '反哺', '哺乳期', '周公吐哺', '哺喂', '哺喂', '在哺乳期', '一饭三吐哺']
卤	['卤', '盐卤']
咨	['咨']
匾	['匾', '牌匾', '横匾', '题匾', '额匾', '上匾', '贺匾']
榨	['榨', '压榨']
赍	['赍']
腌	['腌', '腌制']
鬃	['鬃', '马鬃', '猪鬃']
淀	['沉淀', '淀', '积淀', '海淀', '白洋淀', '荷花淀', '水淀', '沉淀法']
啮	['啮', '咬啮', '啃啮']
祢	['祢']
膻	['膻', '腥膻', '如蚁附膻']
狷	['狷']
莅	['莅']
锉	['锉']
缄	['缄']
虱	['虱', '虱多不痒', '稻飞虱', '塘虱', '跳虱']
槁	['枯槁', '槁', '形容枯槁']
踊	['踊']
悫	['悫']
稗	['稗']
鲠	['鲠', '骨鲠']
堙	['堙']
帙	['帙', '卷帙']
襁	['襁']
筲	['筲', '水筲']
楦	['楦', '鞋楦']
