—	['——', '——', '——', '——', '—']
-	['-', 'text-decoration', 'text-decoration', 'text-decoration', 'font-size', 'font-size', 'font-size', 'z-index', 'z-index', 'z-index', 'font-family', 'font-family', 'font-family', 'background-color', 'background-color', 'background-color', 'E-mail', 'E-mail', 'E-mail', 'line-height', 'line-height', 'line-height', 'GOOD-BOY', 'GOOD-BOY', 'GOOD-BOY', 'F-SK', 'F-SK', 'F-SK', 'e-mail', 'e-mail', 'e-mail', 'com------------------------------------------------------------', 'com------------------------------------------------------------', 'com------------------------------------------------------------', 'com------------------------------------------------------------', 'com------------------------------------------------------------', 'com------------------------------------------------------------', 'com------------------------------------------------------------', 'com------------------------------------------------------------', 'com------------------------------------------------------------', 'com------------------------------------------------------------', 'com------------------------------------------------------------', 'com------------------------------------------------------------', 'com------------------------------------------------------------', 'com------------------------------------------------------------', 'com------------------------------------------------------------', 'com------------------------------------------------------------', 'com------------------------------------------------------------', 'com------------------------------------------------------------', 'com------------------------------------------------------------', 'com------------------------------------------------------------', 'com------------------------------------------------------------', 'com------------------------------------------------------------', 'com------------------------------------------------------------', 'com------------------------------------------------------------', 'com------------------------------------------------------------', 'com------------------------------------------------------------', 'com------------------------------------------------------------', 'com------------------------------------------------------------', 'com------------------------------------------------------------', 'com------------------------------------------------------------', 'com------------------------------------------------------------', 'com------------------------------------------------------------', 'com------------------------------------------------------------', 'com------------------------------------------------------------', 'com------------------------------------------------------------', 'com------------------------------------------------------------', 'com------------------------------------------------------------', 'com------------------------------------------------------------', 'com------------------------------------------------------------', 'com------------------------------------------------------------', 'com------------------------------------------------------------', 'com------------------------------------------------------------', 'com------------------------------------------------------------', 'com------------------------------------------------------------', 'com------------------------------------------------------------', 'com------------------------------------------------------------', 'com------------------------------------------------------------', 'com------------------------------------------------------------', 'com------------------------------------------------------------', 'com------------------------------------------------------------', 'com------------------------------------------------------------', 'com------------------------------------------------------------', 'com------------------------------------------------------------', 'com------------------------------------------------------------', 'com------------------------------------------------------------', 'com------------------------------------------------------------', 'com------------------------------------------------------------', 'com------------------------------------------------------------', 'com------------------------------------------------------------', 'com------------------------------------------------------------', 'com------------------------------------------------------------', 'com------------------------------------------------------------', 'com------------------------------------------------------------', 'com------------------------------------------------------------', 'com------------------------------------------------------------', 'com------------------------------------------------------------', 'com------------------------------------------------------------', 'com------------------------------------------------------------', 'com------------------------------------------------------------', 'com------------------------------------------------------------', 'com------------------------------------------------------------', 'com------------------------------------------------------------', 'com------------------------------------------------------------', 'com------------------------------------------------------------', 'com------------------------------------------------------------', 'com------------------------------------------------------------', 'com------------------------------------------------------------', 'com------------------------------------------------------------', 'com------------------------------------------------------------', 'com------------------------------------------------------------', 'com------------------------------------------------------------', 'com------------------------------------------------------------', 'com------------------------------------------------------------', 'com------------------------------------------------------------', 'com------------------------------------------------------------', 'com------------------------------------------------------------', 'com------------------------------------------------------------', 'com------------------------------------------------------------', 'com------------------------------------------------------------', 'com------------------------------------------------------------', 'com------------------------------------------------------------', 'com------------------------------------------------------------', 'com------------------------------------------------------------', 'com------------------------------------------------------------', 'com------------------------------------------------------------', 'com------------------------------------------------------------', 'com------------------------------------------------------------', 'com------------------------------------------------------------', 'com------------------------------------------------------------', 'com------------------------------------------------------------', 'com------------------------------------------------------------', 'com------------------------------------------------------------', 'com------------------------------------------------------------', 'com------------------------------------------------------------', 'com------------------------------------------------------------', 'com------------------------------------------------------------', 'com------------------------------------------------------------', 'com------------------------------------------------------------', 'com------------------------------------------------------------', 'com------------------------------------------------------------', 'com------------------------------------------------------------', 'com------------------------------------------------------------', 'com------------------------------------------------------------', 'com------------------------------------------------------------', 'com------------------------------------------------------------', 'com------------------------------------------------------------', 'com------------------------------------------------------------', 'com------------------------------------------------------------', 'com------------------------------------------------------------', 'com------------------------------------------------------------', 'shiliu-k', 'shiliu-k', 'shiliu-k', 'Stony-Moon', 'Stony-Moon', 'Stony-Moon', 'MS-DOS', 'MS-DOS', 'MS-DOS', 'Xavier-Bati', 'Xavier-Bati', 'Xavier-Bati', 'C-Cube', 'C-Cube', 'C-Cube', 'text-align', 'text-align', 'text-align', 'http-equiv', 'http-equiv', 'http-equiv', 'content-type', 'content-type', 'content-type', 'kevin-liuningOCR', 'kevin-liuningOCR', 'kevin-liuningOCR', 'sans-serif', 'sans-serif', 'sans-serif', 'CD-ROM', 'CD-ROM', 'CD-ROM', 'stay-night', 'stay-night', 'stay-night', 'G-G', 'G-G', 'G-G', 'border-left-color', 'border-left-color', 'border-left-color', 'border-left-color', 'border-left-color', 'border-left-color', 'border-left-color', 'border-left-color', 'border-left-color', 'border-left-color', 'border-bottom-color', 'border-bottom-color', 'border-bottom-color', 'border-bottom-color', 'border-bottom-color', 'border-bottom-color', 'border-bottom-color', 'border-bottom-color', 'border-bottom-color', 'border-bottom-color', 'SS-N', 'SS-N', 'SS-N', 'E-Mail', 'E-Mail', 'E-Mail', 'E--Mail', 'E--Mail', 'E--Mail', 'E--Mail', 'E--Mail', 'E--Mail', 'Wing-king', 'Wing-king', 'Wing-king', 'WING-KING', 'WING-KING', 'WING-KING', 'Bye-Bye', 'Bye-Bye', 'Bye-Bye', 'border-right-color', 'border-right-color', 'border-right-color', 'border-right-color', 'border-right-color', 'border-right-color', 'border-right-color', 'border-right-color', 'border-right-color', 'border-right-color', 'COOL-FIRE', 'COOL-FIRE', 'COOL-FIRE', 'H-H', 'H-H', 'H-H', 'n-e-t', 'n-e-t', 'n-e-t', 'n-e-t', 'n-e-t', 'n-e-t', 'n-e-t', 'n-e-t', 'n-e-t', 'n-e-t', 'rM-rf', 'rM-rf', 'rM-rf', 'border-top-color', 'border-top-color', 'border-top-color', 'border-top-color', 'border-top-color', 'border-top-color', 'border-top-color', 'border-top-color', 'border-top-color', 'border-top-color', 'W-N', 'W-N', 'W-N', 'Wi-Fi', 'Wi-Fi', 'Wi-Fi', 'B-I', 'B-I', 'B-I', 'Bit-Bit', 'Bit-Bit', 'Bit-Bit', 'Good-bye', 'Good-bye', 'Good-bye', 'V-', 'V-', 'bye-bye', 'bye-bye', 'bye-bye', 'Chibrainbio-Guard', 'Chibrainbio-Guard', 'Chibrainbio-Guard', 'Bye-bye', 'Bye-bye', 'Bye-bye', 'c-n', 'c-n', 'c-n', 'M-Geschss', 'M-Geschss', 'M-Geschss', 'F-X', 'F-X', 'F-X', 'Minh-Le', 'Minh-Le', 'Minh-Le', 'Jic-xiao', 'Jic-xiao', 'Jic-xiao', 'Cold-call', 'Cold-call', 'Cold-call', 'Key-in', 'Key-in', 'Key-in', 'k-g', 'k-g', 'k-g', 'BYE-BYE', 'BYE-BYE', 'BYE-BYE', 'Na-K', 'Na-K', 'Na-K', 'Chuang-tzu', 'Chuang-tzu', 'Chuang-tzu', 'Wal-Mart', 'Wal-Mart', 'Wal-Mart', 'date-n', 'date-n', 'date-n', 'border-left-style', 'border-left-style', 'border-left-style', 'border-left-style', 'border-left-style', 'border-left-style', 'border-left-style', 'border-left-style', 'border-left-style', 'border-left-style', 'Good-by', 'Good-by', 'Good-by', 'C-CUBE', 'C-CUBE', 'C-CUBE', 'R-U', 'R-U', 'R-U', 'CD-R', 'CD-R', 'CD-R', 'go-vern-ment', 'go-vern-ment', 'go-vern-ment', 'go-vern-ment', 'go-vern-ment', 'go-vern-ment', 'go-vern-ment', 'go-vern-ment', 'go-vern-ment', 'go-vern-ment', 'easy-cn', 'easy-cn', 'easy-cn', 'N-N', 'N-N', 'N-N', 'f-N', 'f-N', 'f-N', 'MMI-M', 'MMI-M', 'MMI-M', 'JU-dd', 'JU-dd', 'JU-dd', 'Cola-cola', 'Cola-cola', 'Cola-cola', 'Rolls-Royce', 'Rolls-Royce', 'Rolls-Royce', 'close-ref', 'close-ref', 'close-ref', 'Ex-S', 'Ex-S', 'Ex-S', 'E-Z', 'E-Z', 'E-Z', 'i-mode', 'i-mode', 'i-mode', 'CD-RW', 'CD-RW', 'CD-RW', 'Mad-Eye', 'Mad-Eye', 'Mad-Eye', 'MM-NO', 'MM-NO', 'MM-NO', 'Hsun-tzu', 'Hsun-tzu', 'Hsun-tzu', 'U-Matic', 'U-Matic', 'U-Matic']
「	['「']
」	['」']
!	['!']
．	['．', '0．5％', '0．5％', '0．5％', '0．5％', '2．5％', '2．5％', '2．5％', '2．5％', '1．5％', '1．5％', '1．5％', '1．5％', '９．５％', '９．５％', '９．５％', '９．５％', '3．5％', '3．5％', '3．5％', '3．5％', '0．3％', '0．3％', '0．3％', '0．3％', '7．5％', '7．5％', '7．5％', '7．5％', '０．５％', '０．５％', '０．５％', '０．５％', '4．3％', '4．3％', '4．3％', '4．3％', '0．8％', '0．8％', '0．8％', '0．8％', '１．５％', '１．５％', '１．５％', '１．５％']
~	['~', '?~', '?~', '?~', '?~']
－	['－']
#	['#']
～	['～']
後	['後']
;	[';', '\x1c;', '\x1c;']
`	['`', '\x1c`', '\x1c`', '\x15`', '\x15`', '\x0e`', '\x0e`', '\x1d`', '\x1d`', '\x1d\x1c`', '\x1d\x1c`', '\x1d\x1c`', '\x12`', '\x12`', '\x1c\x0e`', '\x1c\x0e`', '\x1c\x0e`']
＂	['＂']
①	['①']
_	['_', '\x1f_', '\x1f_', '\x04_', '\x04_', '\x15_', '\x15_', '?_', '?_', '\x02_', '\x02_', '\x03_', '\x03_']
『	['『']
』	['』']
^	['^', '\x1d^', '\x1d^', '?^', '?^']
★	['★']
?	['??', '??', '??', '??', '??', '??', '??', '??', '?', '??', '??', '??', '??', '\x1a?', '\x1a?', '??', '??', '??', '??', '?@', '?@', '??', '??', '??', '??', '??', '??', '??', '??', '??', '??', '??', '??', '??', '??', '??', '??', '??', '??', '??', '??', '\x1f?', '\x1f?', '??', '??', '??', '??', '??', '??', '??', '??', '??', '??', '??', '??', '??', '??', '??', '??', '??', '??', '??', '??', '??', '??', '??', '??', '??', '??', '??', '??', '??', '??', '??', '??', '??', '??', '??', '??', '??', '??', '??', '??', '??', '??', '??', '??', '??', '??', '??', '??', '??', '??', '??', '??', '??', '??', '??', '??', '??', '??', '??', '??', '??', '??', '??', '??', '??', '??', '??', '??', '??', '??', '??', '??', '??', '??', '??', '??', '??', '??', '??', '??', '??', '??', '??', '??', '??', '??', '??', '??', '??', '??', '??', '??', '??', '??', '??', '??', '??', '??', '??', '??', '?l', '?l', '??', '??', '??', '??', '??', '??', '??', '??', '??', '??', '??', '??', '\x01?', '\x01?', '??', '??', '??', '??', '??', '??', '??', '??', '?€', '?€', '??', '??', '??', '??', '??', '??', '??', '??', '??', '??', '??', '??', '??', '??', '??', '??', '??', '??', '??', '??', '??', '??', '??', '??', '??', '??', '??', '??', '??', '??', '??', '??', '??', '??', '??', '??', '??', '??', '??', '??', '??', '??', '??', '??', '??', '??', '??', '??', '??', '??', '??', '??', '??', '??', '??', '??', '??', '??', '??', '??', '??', '??', '??', '??', '??', '??', '??', '??', '??', '??', '??', '??', '??', '??', '??', '??', '??', '??', '??', '??', '??', '??', '??', '??', '??', '??', '??', '??', '??', '??', '??', '??', '??', '??', '??', '??', '??', '??', '??', '??', '??', '??', '??', '??', '??', '??', '??', '??', '??', '??', '??', '??', '??', '??', '??', '??', '??', '??', '??', '??', '??', '??', '??', '??', '??', '??', '??', '??', '??', '??', '??', '??', '??', '??', '??', '??', '??', '??', '??', '??', '??', '??', '??', '??', '??', '??', '??', '??', '??', '??', '??', '??', '??', '??', '??', '??', '??', '??', '??', '??', '??', '??', '??', '??', '??', '??', '??', '??', '??', '??', '??', '??', '??', '??', '??', '??', '??', '??', '??', '??', '??', '??', '??', '??', '??', '??', '??', '??', '??', '??', '??', '??', '??', '??', '??', '??', '??', '??', '??', '??', '??', '??', '??', '??', '??', '??', '??', '??', '??', '??', '??', '??', '??', '??', '??', '??', '??', '??', '??', '??', '??', '??', '??', '??', '??', '??', '??', '??', '??', '??', '??', '??', '??', '??', '??', '??', '??', '??', '??', '??', '??', '??', '??', '??', '??', '??', '??', '??', '??', '??', '??', '??', '??', '??', '??', '??', '??', '??', '??', '??', '??', '??', '??', '??', '??', '??', '??', '??', '??', '??', '??', '??', '??', '??', '??', '??', '??', '??', '??', '??', '??', '??', '??', '??', '??', '??', '??', '??', '??', '??', '??', '??', '??', '??', '??', '??', '??', '??', '??', '??', '??', '??', '??', '??', '??', '??', '??', '??', '??', '??', '??', '??', '??', '??', '??', '??', '??', '??', '??', '??', '??', '??', '??', '??', '??', '??', '??', '??', '??', '??', '??', '??', '??', '??', '??', '??', '?r', '?r', '??', '??', '??', '??', '??', '??', '??', '??', '??', '??', '??', '??', '??', '??', '??', '??', '??', '??', '??', '??', '??', '??', '??', '??', '??', '??', '??', '??', '??', '??', '??', '??', '??', '??', '??', '??', '??', '??', '??', '??', '??', '??', '??', '??', '??', '??', '??', '??', '??', '??', '??', '??', '??', '??', '??', '??', '??', '??', '??', '??', '??', '??', '??', '??', '??', '??', '??', '??', '??', '??', '??', '??', '??', '??', '??', '??', '??', '??', '??', '??', '??', '??', '??', '??', '??', '??', '??', '??', '??', '??', '??', '??', '??', '??', '??', '??', '??', '??', '??', '??', '??', '??', '??', '??', '??', '??', '??', '??', '??', '??', '??', '??', '??', '??', '??', '??', '??', '??', '??', '??', '??', '??', '??', '??', '??', '??', '??', '??', '??', '??', '??', '??', '??', '??', '??', '??', '??', '??', '??', '??', '??', '??', '??', '??', '??', '??', '??', '??', '??', '??', '??', '??', '??', '??', '??', '??', '??', '??', '??', '??', '??', '??', '??', '??', '??', '??', '??', '??', '??', '??', '??', '??', '??', '??', '??', '??', '??', '??', '??', '??', '??', '??', '??', '??', '?{', '?{', '??', '??', '??', '??', '??', '??', '??', '??', '??', '??', '??', '??', '??', '??', '??', '??', '??', '??', '??', '??', '??', '??', '??', '??', '??', '??', '??', '??', '??', '??', '??', '??', '??', '??', '??', '??', '??', '??', '??', '??', '??', '??', '??', '??', '??', '??', '??', '??', '??', '??', '??', '??', '??', '??', '??', '??', '??', '??', '??', '??', '??', '??', '??', '??', '??', '??', '??', '??', '??', '??', '??', '??', '??', '??', '??', '??', '??', '??', '??', '??', '??', '??', '??', '??', '??', '??', '??', '??', '??', '??', '??', '??', '??', '??', '??', '??', '??', '??', '??', '??', '??', '??', '??', '??', '??', '??', '??', '??', '??', '??', '??', '??', '??', '??', '??', '??', '??', '??', '??', '??', '??', '??', '??', '??', '??', '??', '??', '??', '??', '??', '??', '??', '??', '??', '??', '??', '??', '??', '??', '??', '??', '??', '??', '??', '??', '??', '??', '??', '??', '??', '??', '??', '??', '??', '??', '??', '??', '??', '??', '??', '??', '??', '??', '??', '??', '??', '??', '??', '??', '??', '??', '??', '?c', '?c', '??', '??', '??', '??', '??', '??', '??', '??', '??', '??', '??', '??', '??', '??', '??', '??', '??', '??', '??', '??', '??', '??', '??', '??', '??', '??', '??', '??', '??', '??', '??', '??', '??', '??', '??', '??', '??', '??', '??', '??', '??', '??', '??', '??', '??', '??', '??', '??', '??', '??', '??', '??', '??', '??', '??', '??', '??', '??', '??', '??', '??', '??', '??', '??', '??', '??', '??', '??', '??', '??', '??', '??', '??', '??', '??', '??', '??', '??', '??', '??', '??', '??', '??', '??', '??', '??', '??', '??', '??', '??', '??', '??', '??', '??', '??', '??', '??', '??', '??', '??', '??', '??', '??', '??', '??', '??', '??', '??', '??', '??', '??', '??', '??', '??', '??', '??', '??', '??', '??', '??', '??', '??', '??', '??', '??', '??', '??', '??', '??', '??', '??', '??', '??', '??', '??', '??', '??', '??', '??', '??', '??', '??', '??', '??', '??', '??', '??', '??', '??', '??', '??', '??', '??', '??', '??', '??', '??', '??', '??', '??', '??', '??', '??', '??', '??', '??', '??', '??', '??', '??', '??', '??', '??', '??', '??', '??', '??', '??', '??', '??', '??', '??', '??', '??', '??', '??', '??', '??', '??', '??', '??', '??', '??', '??', '??', '??', '??', '??', '??', '??', '??', '??', '??', '??', '??', '??', '??', '??', '??', '??', '??', '??', '??', '??', '??', '??', '??', '??', '??', '??', '?b', '?b', '??', '??', '??', '??', '??', '??', '??', '??', '??', '??', '??', '??', '??', '??', '??', '??', '??', '??', '??', '??', '??', '??', '??', '??', '??', '??', '??', '??', '??', '??', '??', '??', '??', '??', '??', '??', '??', '??', '??', '??', '??', '??', '??', '??', '??', '??', '??', '??', '??', '??', '??', '??', '??', '??', '??', '??', '??', '??', '??', '??', '??', '??', '??', '??', '??', '??', '??', '??', '??', '??', '??', '??', '??', '??', '??', '??', '??', '??', '??', '??', '??', '??', '??', '??', '??', '??', '??', '??', '??', '??', '??', '??', '??', '??', '??', '??', '??', '??', '??', '??', '??', '??', '??', '??', '??', '??', '??', '??', '??', '??', '??', '??', '??', '??', '??', '??', '??', '??', '??', '??', '??', '??', '??', '??', '??', '??', '??', '??', '??', '??', '??', '??', '??', '??', '??', '??', '??', '??', '??', '??', '??', '??', '??', '??', '??', '??', '??', '??', '??', '??', '??', '??', '??', '??', '??', '??', '??', '??', '??', '??', '??', '??', '??', '??', '??', '??', '??', '??', '??', '??', '??', '??', '??', '??', '??', '??', '??', '??', '??', '??', '??', '??', '??', '??', '??', '??', '??', '??', '\x1c??', '\x1c??', '\x1c??', '\x1c??', '\x1c??', '\x1c??', '??', '??', '??', '??', '??', '??', '??', '??', '??', '??', '??', '??', '??', '??', '??', '??', '??', '??', '??', '??', '??', '??', '??', '??', '??', '??', '??', '??', '??', '??', '??', '??', '??', '??', '??', '??', '??', '??', '??', '??', '??', '??', '??', '??', '??', '??', '??', '??', '??', '??', '??', '??', '??', '??', '??', '??', '??', '??', '??', '??', '??', '??', '??', '??', '??', '??', '??', '??', '??', '??', '??', '??', '??', '??', '??', '??', '??', '??', '??', '??', '??', '??', '??', '??', '??', '??', '??', '??', '??', '??', '??', '??', '??', '??', '??', '??', '??', '??', '??', '??', '??', '??', '??', '??', '??', '??', '??', '??', '??', '??', '??', '??', '??', '??', '??', '??', '??', '??', '??', '??', '??', '??', '??', '??', '??', '??', '??', '??', '??', '??', '??', '??', '??', '??', '??', '??', '??', '??', '??', '??', '??', '??', '??', '??', '??', '??', '??', '??', '??', '??', '??', '??', '??', '??', '??', '??', '??', '??', '??', '??', '?N', '?N', '??', '??', '??', '??', '??', '??', '??', '??', '??', '??', '??', '??', '??', '??', '??', '??', '??', '??', '??', '??', '??', '??', '??', '??', '??', '??', '??', '??', '??', '??', '??', '??', '??', '??', '??', '??', '??', '??', '??', '??', '??', '??', '??', '??', '??', '??', '??', '??', '??', '??', '??', '??', '??', '??', '??', '??', '??', '??', '??', '??', '??', '??', '??', '??', '??', '??', '??', '??', '??', '??', '??', '??', '??', '??', '??', '??', '??', '??', '??', '??', '??', '??', '??', '??', '??', '??', '??', '??', '??', '??', '??', '??', '??', '??', '??', '??', '??', '??', '??', '??', '??', '??', '??', '??', '??', '??', '??', '??', '??', '??', '??', '??', '??', '??', '??', '??', '??', '??', '??', '??', '??', '??', '??', '??', '??', '??', '??', '??', '??', '??', '??', '??', '??', '??', '??', '??', '??', '??', '??', '??', '??', '??', '??', '??', '??', '??', '??', '??', '??', '??', '??', '??', '??', '??', '??', '??', '??', '??', '??', '??', '??', '??', '??', '??', '??', '??', '??', '??', '??', '??', '??', '??', '??', '??', '??', '??', '??', '??', '??', '??', '??', '??', '??', '??', '??', '??', '??', '??', '??', '??', '??', '??', '??', '??', '??', '??', '??', '??', '??', '??', '??', '??', '??', '??', '??', '??', '??', '??', '??', '??', '??', '??', '??', '??', '??', '??', '??', '??', '??', '??', '??', '??', '??', '??', '??', '??', '??', '??', '??', '??', '??', '??', '??', '??', '??', '??', '??', '??', '??', '??', '??', '??', '??', '??', '??', '??', '??', '??', '??', '??', '??', '??', '??', '??', '??', '??', '??', '??', '??', '??', '??', '??', '??', '??', '??', '??', '??', '??', '??', '??', '??', '??', '??', '??', '??', '??', '??', '??', '??', '??', '??', '??', '??', '??', '??', '??', '??', '??', '??', '??', '??', '??', '?€', '?€', '??', '??', '??', '??', '??', '??', '??', '??', '??', '??', '??', '??', '??', '??', '??', '??', '?b', '?b', '??', '??', '??', '??', '??', '??', '??', '??', '??', '??', '??', '??', '??', '??', '??', '??', '??', '??', '??', '??', '?N', '?N', '??', '??', '??', '??', '??', '??', '??', '??', '??', '??', '??', '??', '??', '??', '??', '??', '??', '??', '??', '??', '??', '??', '??', '??', '??', '??', '??', '??', '?R', '?R', '??', '??', '??', '??', '?N', '?N', '??', '??', '??', '??', '??', '??', '??', '??', '??', '??', '??', '??', '??', '??', '??', '??', '??', '??', '??', '??', '??', '??', '??', '??', '??', '??', '??', '??', '??', '??', '??', '??', '??', '??', '??', '??', '??', '??', '??', '??', '??', '??', '??', '??', '??', '??', '??', '??', '??', '??', '??', '??', '??', '??', '??', '??', '??', '??', '??', '??', '?~', '?~', '??', '??', '??', '??', '??', '??', '??', '??', '??', '??', '??', '??', '??', '??', '??', '??', '??', '??', '??', '??', '??', '??', '??', '??', '??', '??', '??', '??', '??', '??', '??', '??', '??', '??', '??', '??', '??', '??', '??', '??', '??', '??', '??', '??', '??', '??', '??', '??', '??', '??', '??', '??', '??', '??', '??', '??', '??', '??', '??', '??', '??', '??', '??', '??', '??', '??', '??', '??', '??', '??', '??', '??', '??', '??', '??', '??', '??', '??', '??', '??', '??', '??', '??', '??', '?c', '?c', '??', '??', '??', '??', '??', '??', '??', '??', '??', '??', '??', '??', '??', '??', '??', '??', '??', '??', '??', '??', '??', '??', '??', '??', '??', '??', '??', '??', '??', '??', '??', '??', '??', '??', '??', '??', '??', '??', '??', '??', '??', '??', '??', '??', '??', '??', '??', '??', '??', '??', '??', '??', '??', '??', '??', '??', '??', '??', '??', '??', '??', '??', '??', '??', '??', '??', '??', '??', '??', '??', '??', '??', '??', '??', '??', '??', '?V', '?V', '?[', '?[', '??', '??', '??', '??', '??', '??', '??', '??', '??', '??', '??', '??', '??', '??', '??', '??', '??', '??', '??', '??', '??', '??', '??', '??', '??', '??', '??', '??', '??', '??', '??', '??', '??', '??', '??', '??', '??', '??', '??', '??', '??', '??', '??', '??', '??', '??', '??', '??', '??', '??', '??', '??', '??', '??', '??', '??', '??', '??', '??', '??', '?~', '?~', '??', '??', '??', '??', '??', '??', '??', '??', '??', '??', '??', '??', '?e', '?e', '?_', '?_', '??', '??', '??', '??', '??', '??', '??', '??', '??', '??', '??', '??', '??', '??', '??', '??', '?b', '?b', '?^', '?^', '??', '??', '??', '??', '??', '??', '??', '??', '??', '??', '??', '??', '??', '??', '??', '??', '??', '??', '??', '??', '??', '??', '??', '??', '??', '??', '??', '??', '??', '??', '??', '??', '??', '??', '??', '??', '??', '??', '??', '??', '??', '??', '??', '??', '??', '??', '??', '??', '?W', '?W', '?N', '?N', '??', '??', '??', '??', '??', '??', '??', '??', '??', '??', '??', '??', '??', '??', '??', '??', '??', '??', '??', '??', '\x1d?', '\x1d?', '??', '??', '??', '??', '??', '??', '??', '??', '??', '??', '??', '??', '??', '??', '??', '??', '??', '??', '??', '??', '??', '??', '??', '??', '??', '??', '??', '??', '??', '??', '??', '??', '??', '??', '??', '??', '\x1b?', '\x1b?', '??', '??', '??', '??', '??', '??', '??', '??', '?f', '?f', '??', '??', '??', '??', '??', '??', '??', '??', '??', '??', '??', '??', '??', '??', '??', '??', '??', '??', '??', '??', '??', '??', '??', '??', '??', '??', '??', '??', '??', '??', '??', '??', '??', '??', '??', '??', '??', '??', '??', '??', '??', '??', '??', '??', '??', '??', '??', '??', '??', '??', '??', '??', '??', '??', '??', '??', '??', '??', '??', '??', '??', '??', '??', '??', '??', '??', '??', '??', '?h', '?h', '?K', '?K', '??', '??', '??', '??', '??', '??', '??', '??', '??', '??', '??', '??', '??', '??', '??', '??', '??', '??', '??', '??', '??', '??', '??', '??', '??', '??', '??', '??', '??', '??', '??', '??', '??', '??', '??', '??', '\x08?', '\x08?', '??', '??', '??', '??', '\x1d\x1c??', '\x1d\x1c??', '\x1d\x1c??', '\x1d\x1c??', '\x1d\x1c??', '\x1d\x1c??', '\x1d\x1c??', '\x1d\x1c??', '??', '??', '??', '??', '??', '??', '??', '??', '??', '??', '??', '??', '??', '??', '??', '??', '??', '??', '??', '??', '??', '??', '??', '??', '??', '??', '??', '??', '?X', '?X', '??', '??', '??', '??', '??', '??', '??', '??', '\x1c?l', '\x1c?l', '\x1c?l', '?Y', '?Y', '??', '??', '??', '??', '??', '??', '??', '??', '??', '??', '??', '??', '??', '??', '??', '??', '??', '??', '??', '??', '\x1d??', '\x1d??', '\x1d??', '\x1d??', '\x1d??', '\x1d??', '??', '??', '??', '??', '??', '??', '??', '??']
②	['②']
×	['×']
［	['［']
※	['※']
―	['―']
→	['→']
］	['］']
＝	['＝']
＿	['＿']
／	['／']
∶	['∶']
＊	['＊']
③	['③']
斌	['斌', '朱斌', '姜斌', '叶斌', '沈斌', '钟斌', '周斌', '于斌', '胡斌', '范斌', '戚斌', '蒙斌', '岳斌', '席斌']
〔	['〔']
崧	['崧', '胡崧', '沈崧', '于崧', '于崧']
〕	['〕']
锺	['锺']
●	['●']
|	['|']
④	['④']
⑹	['⑹']
ｋ	['ｋ', 'ｋｘｓ', 'ｋｘｓ', 'ｋｘｓ', 'ｋＸＳ', 'ｋＸＳ', 'ｋＸＳ', 'Ｂｌａｃｋ', 'Ｂｌａｃｋ', 'Ｂｌａｃｋ', 'Ｂｌａｃｋ', 'Ｂｌａｃｋ', 'ｋｓ', 'ｋｓ', 'ｋｉｓｓ', 'ｋｉｓｓ', 'ｋｉｓｓ', 'ｋｉｓｓ', 'Ｇｄｅｃｋｅ', 'Ｇｄｅｃｋｅ', 'Ｇｄｅｃｋｅ', 'Ｇｄｅｃｋｅ', 'Ｇｄｅｃｋｅ', 'Ｇｄｅｃｋｅ']
⑥	['⑥']
飚	['飚', '飚升', '飚升']
@	['@', '?@', '?@']
╰	['╰']
捱	['捱']
Ａ	['Ａ', 'ＤＮＡ', 'ＤＮＡ', 'ＤＮＡ', 'ＷＡＰ', 'ＷＡＰ', 'ＷＡＰ', 'ＡＩＤＳ', 'ＡＩＤＳ', 'ＡＩＤＳ', 'ＡＩＤＳ', 'ＲＥＭＡＸ', 'ＲＥＭＡＸ', 'ＲＥＭＡＸ', 'ＲＥＭＡＸ', 'ＲＥＭＡＸ', 'ＬＡ', 'ＬＡ', 'ＡＩ', 'ＡＩ', 'ＳＨＥＲＡ', 'ＳＨＥＲＡ', 'ＳＨＥＲＡ', 'ＳＨＥＲＡ', 'ＳＨＥＲＡ', 'ＡＫ', 'ＡＫ', 'ＭＢＡ', 'ＭＢＡ', 'ＭＢＡ', 'ＡＶ', 'ＡＶ', 'ＭＡＣＤ', 'ＭＡＣＤ', 'ＭＡＣＤ', 'ＭＡＣＤ', 'ＡＤＸ', 'ＡＤＸ', 'ＡＤＸ', 'ＲＥＤＢＡＣＫ', 'ＲＥＤＢＡＣＫ', 'ＲＥＤＢＡＣＫ', 'ＲＥＤＢＡＣＫ', 'ＲＥＤＢＡＣＫ', 'ＲＥＤＢＡＣＫ', 'ＲＥＤＢＡＣＫ', 'ＳＡＲ', 'ＳＡＲ', 'ＳＡＲ', 'ＳＡＲＳ', 'ＳＡＲＳ', 'ＳＡＲＳ', 'ＳＡＲＳ', 'ＡＡ', 'ＡＡ', 'ＡＡ', 'ＡＡ', 'ＡＲ', 'ＡＲ', 'ＮＢＡ', 'ＮＢＡ', 'ＮＢＡ', 'ＡＣ', 'ＡＣ', 'ＡＷＯＲＤ', 'ＡＷＯＲＤ', 'ＡＷＯＲＤ', 'ＡＷＯＲＤ', 'ＡＷＯＲＤ', 'Ａｓｓａｓｓｉｎ', 'Ａｓｓａｓｓｉｎ', 'Ａｓｓａｓｓｉｎ', 'Ａｓｓａｓｓｉｎ', 'Ａｓｓａｓｓｉｎ', 'Ａｓｓａｓｓｉｎ', 'Ａｓｓａｓｓｉｎ', 'Ａｓｓａｓｓｉｎ', 'ＡＢ', 'ＡＢ', 'ＧＡＹ', 'ＧＡＹ', 'ＧＡＹ', 'ＡＭＤ', 'ＡＭＤ', 'ＡＭＤ', 'ＡＢＣ', 'ＡＢＣ', 'ＡＢＣ', 'ＴＡＰＩ', 'ＴＡＰＩ', 'ＴＡＰＩ', 'ＴＡＰＩ', 'ＥＭＡ', 'ＥＭＡ', 'ＥＭＡ', 'ＧＡＣ', 'ＧＡＣ', 'ＧＡＣ', 'ＩＥＡ', 'ＩＥＡ', 'ＩＥＡ', 'ＡＨ', 'ＡＨ', 'ＨＡＮＺ', 'ＨＡＮＺ', 'ＨＡＮＺ', 'ＨＡＮＺ', 'ＡＴ', 'ＡＴ', 'ＥＶＡ', 'ＥＶＡ', 'ＥＶＡ', 'Ａｒｄｏｎ', 'Ａｒｄｏｎ', 'Ａｒｄｏｎ', 'Ａｒｄｏｎ', 'Ａｒｄｏｎ', 'ＳＵＰＥＮＭＡＮ', 'ＳＵＰＥＮＭＡＮ', 'ＳＵＰＥＮＭＡＮ', 'ＳＵＰＥＮＭＡＮ', 'ＳＵＰＥＮＭＡＮ', 'ＳＵＰＥＮＭＡＮ', 'ＳＵＰＥＮＭＡＮ', 'ＳＵＰＥＮＭＡＮ', 'ＪＡＣＫ', 'ＪＡＣＫ', 'ＪＡＣＫ', 'ＪＡＣＫ', 'ＡＫＭＳ', 'ＡＫＭＳ', 'ＡＫＭＳ', 'ＡＫＭＳ', 'ＳＡＳ', 'ＳＡＳ', 'ＳＡＳ', 'ＡＤＬ', 'ＡＤＬ', 'ＡＤＬ', 'ＳＡＳＳ', 'ＳＡＳＳ', 'ＳＡＳＳ', 'ＳＡＳＳ', 'ＨＡ', 'ＨＡ', 'ＩＡＬ', 'ＩＡＬ', 'ＩＡＬ', 'ＣＩＡ', 'ＣＩＡ', 'ＣＩＡ', 'ＮＣＡＡ', 'ＮＣＡＡ', 'ＮＣＡＡ', 'ＮＣＡＡ', 'ＮＣＡＡ', 'ＮＣＡＡ', 'ＮＣＡＡ', 'ＮＣＡＡ', 'ＣＡＰＭ', 'ＣＡＰＭ', 'ＣＡＰＭ', 'ＣＡＰＭ', 'ＦＡＮＳ', 'ＦＡＮＳ', 'ＦＡＮＳ', 'ＦＡＮＳ', 'ＣＩＤＡ', 'ＣＩＤＡ', 'ＣＩＤＡ', 'ＣＩＤＡ', 'ＣＨＩＮＡ', 'ＣＨＩＮＡ', 'ＣＨＩＮＡ', 'ＣＨＩＮＡ', 'ＣＨＩＮＡ', 'ＡＮ', 'ＡＮ', 'ＣＡＳＥ', 'ＣＡＳＥ', 'ＣＡＳＥ', 'ＣＡＳＥ', 'ＨＡＯ', 'ＨＡＯ', 'ＨＡＯ', 'ＲＮＡ', 'ＲＮＡ', 'ＲＮＡ', 'ＣＡＬＬ', 'ＣＡＬＬ', 'ＣＡＬＬ', 'ＣＡＬＬ', 'ＮＥＭＡ', 'ＮＥＭＡ', 'ＮＥＭＡ', 'ＮＥＭＡ', 'ＳＡ', 'ＳＡ', 'ＡＤＸＲ', 'ＡＤＸＲ', 'ＡＤＸＲ', 'ＡＤＸＲ', 'ＰＡＲＴＹ', 'ＰＡＲＴＹ', 'ＰＡＲＴＹ', 'ＰＡＲＴＹ', 'ＰＡＲＴＹ', 'ＡＳＰ', 'ＡＳＰ', 'ＡＳＰ', 'ｔｈｅＦｏｒｇｏｔｔｅｎＡｍｂａｓｓａｄｏｒ', 'ｔｈｅＦｏｒｇｏｔｔｅｎＡｍｂａｓｓａｄｏｒ', 'ｔｈｅＦｏｒｇｏｔｔｅｎＡｍｂａｓｓａｄｏｒ', 'ｔｈｅＦｏｒｇｏｔｔｅｎＡｍｂａｓｓａｄｏｒ', 'ｔｈｅＦｏｒｇｏｔｔｅｎＡｍｂａｓｓａｄｏｒ', 'ｔｈｅＦｏｒｇｏｔｔｅｎＡｍｂａｓｓａｄｏｒ', 'ｔｈｅＦｏｒｇｏｔｔｅｎＡｍｂａｓｓａｄｏｒ', 'ｔｈｅＦｏｒｇｏｔｔｅｎＡｍｂａｓｓａｄｏｒ', 'ｔｈｅＦｏｒｇｏｔｔｅｎＡｍｂａｓｓａｄｏｒ', 'ｔｈｅＦｏｒｇｏｔｔｅｎＡｍｂａｓｓａｄｏｒ', 'ｔｈｅＦｏｒｇｏｔｔｅｎＡｍｂａｓｓａｄｏｒ', 'ｔｈｅＦｏｒｇｏｔｔｅｎＡｍｂａｓｓａｄｏｒ', 'ｔｈｅＦｏｒｇｏｔｔｅｎＡｍｂａｓｓａｄｏｒ', 'ｔｈｅＦｏｒｇｏｔｔｅｎＡｍｂａｓｓａｄｏｒ', 'ｔｈｅＦｏｒｇｏｔｔｅｎＡｍｂａｓｓａｄｏｒ', 'ｔｈｅＦｏｒｇｏｔｔｅｎＡｍｂａｓｓａｄｏｒ', 'ｔｈｅＦｏｒｇｏｔｔｅｎＡｍｂａｓｓａｄｏｒ', 'ｔｈｅＦｏｒｇｏｔｔｅｎＡｍｂａｓｓａｄｏｒ', 'ｔｈｅＦｏｒｇｏｔｔｅｎＡｍｂａｓｓａｄｏｒ', 'ｔｈｅＦｏｒｇｏｔｔｅｎＡｍｂａｓｓａｄｏｒ', 'ｔｈｅＦｏｒｇｏｔｔｅｎＡｍｂａｓｓａｄｏｒ', 'ｔｈｅＦｏｒｇｏｔｔｅｎＡｍｂａｓｓａｄｏｒ', 'ＡＸＥ', 'ＡＸＥ', 'ＡＸＥ', 'ＡＦＨ', 'ＡＦＨ', 'ＡＦＨ', 'ＷＡＲ', 'ＷＡＲ', 'ＷＡＲ', 'ＮＡＳＡ', 'ＮＡＳＡ', 'ＮＡＳＡ', 'ＮＡＳＡ', 'ＮＡＳＡ', 'ＮＡＳＡ', 'ＮＡＳＡ', 'ＮＡＳＡ', 'ＨＡＰＰＹ', 'ＨＡＰＰＹ', 'ＨＡＰＰＹ', 'ＨＡＰＰＹ', 'ＨＡＰＰＹ', 'ＢＡＳＩＣ', 'ＢＡＳＩＣ', 'ＢＡＳＩＣ', 'ＢＡＳＩＣ', 'ＢＡＳＩＣ', 'ＭＵＴＡＴＩＯＮ', 'ＭＵＴＡＴＩＯＮ', 'ＭＵＴＡＴＩＯＮ', 'ＭＵＴＡＴＩＯＮ', 'ＭＵＴＡＴＩＯＮ', 'ＭＵＴＡＴＩＯＮ', 'ＭＵＴＡＴＩＯＮ', 'ＭＵＴＡＴＩＯＮ', 'ＰＤＡ', 'ＰＤＡ', 'ＰＤＡ', 'ＡＢＢ', 'ＡＢＢ', 'ＡＢＢ', 'ＡＲＦ', 'ＡＲＦ', 'ＡＲＦ']
〗	['〗']
＋	['＋']
〖	['〖']
〉	['〉']
〈	['〈']
⑤	['⑤']
Ｂ	['Ｂ', 'ＢＯＳＳ', 'ＢＯＳＳ', 'ＢＯＳＳ', 'ＢＯＳＳ', 'ＩＢＭ', 'ＩＢＭ', 'ＩＢＭ', 'ＩＣＢＣ', 'ＩＣＢＣ', 'ＩＣＢＣ', 'ＩＣＢＣ', 'ＢＢ', 'ＢＢ', 'ＢＢ', 'ＢＢ', 'ＭＢＡ', 'ＭＢＡ', 'ＭＢＡ', 'ＢＵＧ', 'ＢＵＧ', 'ＢＵＧ', 'ＢＴ', 'ＢＴ', 'ＲＥＤＢＡＣＫ', 'ＲＥＤＢＡＣＫ', 'ＲＥＤＢＡＣＫ', 'ＲＥＤＢＡＣＫ', 'ＲＥＤＢＡＣＫ', 'ＲＥＤＢＡＣＫ', 'ＲＥＤＢＡＣＫ', 'ＮＢＡ', 'ＮＢＡ', 'ＮＢＡ', 'ＡＢ', 'ＡＢ', 'ＯＢＶ', 'ＯＢＶ', 'ＯＢＶ', 'ＭＢ', 'ＭＢ', 'ＢＲ', 'ＢＲ', 'ＯＢＯＳ', 'ＯＢＯＳ', 'ＯＢＯＳ', 'ＯＢＯＳ', 'ＢＢＳ', 'ＢＢＳ', 'ＢＢＳ', 'ＢＢＳ', 'ＢＢＳ', 'ＢＢＳ', 'ＡＢＣ', 'ＡＢＣ', 'ＡＢＣ', 'ＢＭ', 'ＢＭ', 'ＫＴＳＢ', 'ＫＴＳＢ', 'ＫＴＳＢ', 'ＫＴＳＢ', 'Ｂｌａｃｋ', 'Ｂｌａｃｋ', 'Ｂｌａｃｋ', 'Ｂｌａｃｋ', 'Ｂｌａｃｋ', 'ＨＢ', 'ＨＢ', 'ＲＭＢ', 'ＲＭＢ', 'ＲＭＢ', 'ＣＢＳ', 'ＣＢＳ', 'ＣＢＳ', 'ＫＧＢ', 'ＫＧＢ', 'ＫＧＢ', 'ＰＵＢ', 'ＰＵＢ', 'ＰＵＢ', 'ＫＢ', 'ＫＢ', 'ＲＢＳ', 'ＲＢＳ', 'ＲＢＳ', 'ＳＢ', 'ＳＢ', 'ＧＢ', 'ＧＢ', 'ＢＩ', 'ＢＩ', 'ＤＶＢ', 'ＤＶＢ', 'ＤＶＢ', 'ＢＪ', 'ＢＪ', 'ＴＭＢ', 'ＴＭＢ', 'ＴＭＢ', 'ＢＨ', 'ＢＨ', 'ＢＸ', 'ＢＸ', 'ＢＬ', 'ＢＬ', 'Ｂａｓｉｃ', 'Ｂａｓｉｃ', 'Ｂａｓｉｃ', 'Ｂａｓｉｃ', 'Ｂａｓｉｃ', 'ＢＡＳＩＣ', 'ＢＡＳＩＣ', 'ＢＡＳＩＣ', 'ＢＡＳＩＣ', 'ＢＡＳＩＣ', 'Ｂｒｅｗｅｒｅｄ', 'Ｂｒｅｗｅｒｅｄ', 'Ｂｒｅｗｅｒｅｄ', 'Ｂｒｅｗｅｒｅｄ', 'Ｂｒｅｗｅｒｅｄ', 'Ｂｒｅｗｅｒｅｄ', 'Ｂｒｅｗｅｒｅｄ', 'Ｂｒｅｗｅｒｅｄ', 'ＣＢＥ', 'ＣＢＥ', 'ＣＢＥ', 'ＡＢＢ', 'ＡＢＢ', 'ＡＢＢ', 'ＡＢＢ', 'ＡＢＢ', 'ＡＢＢ']
｜	['｜']
坂	['坂', '御坂']
Ｔ	['Ｔ', 'ＩＴ', 'ＩＴ', 'ＴＷ', 'ＴＷ', 'ＴＣＬ', 'ＴＣＬ', 'ＴＣＬ', 'ＴＭＤ', 'ＴＭＤ', 'ＴＭＤ', 'ＴＩＧＥＮＫＩＮＧ', 'ＴＩＧＥＮＫＩＮＧ', 'ＴＩＧＥＮＫＩＮＧ', 'ＴＩＧＥＮＫＩＮＧ', 'ＴＩＧＥＮＫＩＮＧ', 'ＴＩＧＥＮＫＩＮＧ', 'ＴＩＧＥＮＫＩＮＧ', 'ＴＩＧＥＮＫＩＮＧ', 'ＴＩＧＥＮＫＩＮＧ', 'ＴＧＪ', 'ＴＧＪ', 'ＴＧＪ', 'ＫＴＶ', 'ＫＴＶ', 'ＫＴＶ', 'ＷＴＯ', 'ＷＴＯ', 'ＷＴＯ', 'ＤＴ', 'ＤＴ', 'ＴＶ', 'ＴＶ', 'ＢＴ', 'ＢＴ', 'ＴＳ', 'ＴＳ', 'ＴＴ', 'ＴＴ', 'ＴＴ', 'ＴＴ', 'ＮＥＴ', 'ＮＥＴ', 'ＮＥＴ', 'ＴＯＷＥＲ', 'ＴＯＷＥＲ', 'ＴＯＷＥＲ', 'ＴＯＷＥＲ', 'ＴＯＷＥＲ', 'ＴＲ', 'ＴＲ', 'ＴｉＦａｂ', 'ＴｉＦａｂ', 'ＴｉＦａｂ', 'ＴｉＦａｂ', 'ＴｉＦａｂ', 'ＴＡＰＩ', 'ＴＡＰＩ', 'ＴＡＰＩ', 'ＴＡＰＩ', 'ＫＴＳＢ', 'ＫＴＳＢ', 'ＫＴＳＢ', 'ＫＴＳＢ', 'ＸＴ', 'ＸＴ', 'ＴＮ', 'ＴＮ', 'ＳＴＵ', 'ＳＴＵ', 'ＳＴＵ', 'ＳＫＩＬＴＯ', 'ＳＫＩＬＴＯ', 'ＳＫＩＬＴＯ', 'ＳＫＩＬＴＯ', 'ＳＫＩＬＴＯ', 'ＳＫＩＬＴＯ', 'ＴＳＥ', 'ＴＳＥ', 'ＴＳＥ', 'ＡＴ', 'ＡＴ', 'ＯＴＣ', 'ＯＴＣ', 'ＯＴＣ', 'ＩＮＴＥＲＮＥＴ', 'ＩＮＴＥＲＮＥＴ', 'ＩＮＴＥＲＮＥＴ', 'ＩＮＴＥＲＮＥＴ', 'ＩＮＴＥＲＮＥＴ', 'ＩＮＴＥＲＮＥＴ', 'ＩＮＴＥＲＮＥＴ', 'ＩＮＴＥＲＮＥＴ', 'ＩＮＴＥＲＮＥＴ', 'ＩＮＴＥＲＮＥＴ', 'ＩＮＴＥＲＮＥＴ', 'ＩＮＴＥＲＮＥＴ', 'ＩＮＴＥＲＮＥＴ', 'ＩＮＴＥＲＮＥＴ', 'ＩＮＴＥＲＮＥＴ', 'ＩＮＴＥＲＮＥＴ', 'ＭＴＭ', 'ＭＴＭ', 'ＭＴＭ', 'ＳＨＩＴ', 'ＳＨＩＴ', 'ＳＨＩＴ', 'ＳＨＩＴ', 'ＣＴ', 'ＣＴ', 'ｘＴ', 'ｘＴ', 'ＴＮＴ', 'ＴＮＴ', 'ＴＮＴ', 'ＴＮＴ', 'ＴＮＴ', 'ＴＮＴ', 'ＥＴ', 'ＥＴ', 'ＰＴ', 'ＰＴ', 'ＴＭ', 'ＴＭ', 'ＩＴＣ', 'ＩＴＣ', 'ＩＴＣ', 'ＴＭＢ', 'ＴＭＢ', 'ＴＭＢ', 'ＴＥＮ', 'ＴＥＮ', 'ＴＥＮ', 'ＰＡＲＴＹ', 'ＰＡＲＴＹ', 'ＰＡＲＴＹ', 'ＰＡＲＴＹ', 'ＰＡＲＴＹ', 'ＳＴ', 'ＳＴ', 'ＦＴ', 'ＦＴ', 'ＴＮＮＤ', 'ＴＮＮＤ', 'ＴＮＮＤ', 'ＴＮＮＤ', 'ＭＵＴＡＴＩＯＮ', 'ＭＵＴＡＴＩＯＮ', 'ＭＵＴＡＴＩＯＮ', 'ＭＵＴＡＴＩＯＮ', 'ＭＵＴＡＴＩＯＮ', 'ＭＵＴＡＴＩＯＮ', 'ＭＵＴＡＴＩＯＮ', 'ＭＵＴＡＴＩＯＮ', 'ＭＵＴＡＴＩＯＮ', 'ＭＵＴＡＴＩＯＮ', 'ＭＵＴＡＴＩＯＮ', 'ＭＵＴＡＴＩＯＮ', 'ＭＵＴＡＴＩＯＮ', 'ＭＵＴＡＴＩＯＮ', 'ＭＵＴＡＴＩＯＮ', 'ＭＵＴＡＴＩＯＮ']
＾	['＾']
Ｃ	['Ｃ', 'ＮＰＣ', 'ＮＰＣ', 'ＮＰＣ', 'ＯＣＲ', 'ＯＣＲ', 'ＯＣＲ', 'ＣＤ', 'ＣＤ', 'ＣＮ', 'ＣＮ', 'ＣＣ', 'ＣＣ', 'ＣＣ', 'ＣＣ', 'ＴＣＬ', 'ＴＣＬ', 'ＴＣＬ', 'ＣＥＯ', 'ＣＥＯ', 'ＣＥＯ', 'ＰＣ', 'ＰＣ', 'ＣＰＩ', 'ＣＰＩ', 'ＣＰＩ', 'ＣＮＮ', 'ＣＮＮ', 'ＣＮＮ', 'ＩＣＢＣ', 'ＩＣＢＣ', 'ＩＣＢＣ', 'ＩＣＢＣ', 'ＩＣＢＣ', 'ＩＣＢＣ', 'ＩＣＢＣ', 'ＩＣＢＣ', 'ＶＣＤ', 'ＶＣＤ', 'ＶＣＤ', 'ＭＡＣＤ', 'ＭＡＣＤ', 'ＭＡＣＤ', 'ＭＡＣＤ', 'ＲＥＤＢＡＣＫ', 'ＲＥＤＢＡＣＫ', 'ＲＥＤＢＡＣＫ', 'ＲＥＤＢＡＣＫ', 'ＲＥＤＢＡＣＫ', 'ＲＥＤＢＡＣＫ', 'ＲＥＤＢＡＣＫ', 'ＣＯＤ', 'ＣＯＤ', 'ＣＯＤ', 'Ｃａｓｔｅｒ', 'Ｃａｓｔｅｒ', 'Ｃａｓｔｅｒ', 'Ｃａｓｔｅｒ', 'Ｃａｓｔｅｒ', 'Ｃａｓｔｅｒ', 'ＤＣ', 'ＤＣ', 'ＣＩ', 'ＣＩ', 'ＣＩＳ', 'ＣＩＳ', 'ＣＩＳ', 'ＡＣ', 'ＡＣ', 'ＫＦＣ', 'ＫＦＣ', 'ＫＦＣ', 'ＣＯＭ', 'ＣＯＭ', 'ＣＯＭ', 'ＧＣ', 'ＧＣ', 'Ｃｓ', 'Ｃｓ', 'ＣＭ', 'ＣＭ', 'ＤＭＣ', 'ＤＭＣ', 'ＤＭＣ', 'ＡＢＣ', 'ＡＢＣ', 'ＡＢＣ', 'ＮｅｗＣａｐ', 'ＮｅｗＣａｐ', 'ＮｅｗＣａｐ', 'ＮｅｗＣａｐ', 'ＮｅｗＣａｐ', 'ＮｅｗＣａｐ', 'ＣＩＣ', 'ＣＩＣ', 'ＣＩＣ', 'ＣＩＣ', 'ＣＩＣ', 'ＣＩＣ', 'ＣＳ', 'ＣＳ', 'ＧＡＣ', 'ＧＡＣ', 'ＧＡＣ', 'ＣＲ', 'ＣＲ', 'ＮＦＣ', 'ＮＦＣ', 'ＮＦＣ', 'ＮＥＣ', 'ＮＥＣ', 'ＮＥＣ', 'ＣＰＵ', 'ＣＰＵ', 'ＣＰＵ', 'ＣＢＳ', 'ＣＢＳ', 'ＣＢＳ', 'ＧＶＣ', 'ＧＶＣ', 'ＧＶＣ', 'ＣＨＸ', 'ＣＨＸ', 'ＣＨＸ', 'ＯＴＣ', 'ＯＴＣ', 'ＯＴＣ', 'ＣＰ', 'ＣＰ', 'Ｃｏ', 'Ｃｏ', 'ＣＯ', 'ＣＯ', 'ＫＣ', 'ＫＣ', 'ＪＡＣＫ', 'ＪＡＣＫ', 'ＪＡＣＫ', 'ＪＡＣＫ', 'ＨＳＭＣ', 'ＨＳＭＣ', 'ＨＳＭＣ', 'ＨＳＭＣ', 'Ｃｏｍ', 'Ｃｏｍ', 'Ｃｏｍ', 'ＣＴ', 'ＣＴ', 'ＣＩＡ', 'ＣＩＡ', 'ＣＩＡ', 'ＮＣＡＡ', 'ＮＣＡＡ', 'ＮＣＡＡ', 'ＮＣＡＡ', 'ＣＡＰＭ', 'ＣＡＰＭ', 'ＣＡＰＭ', 'ＣＡＰＭ', 'ＣＹ', 'ＣＹ', 'ＣＩＤＡ', 'ＣＩＤＡ', 'ＣＩＤＡ', 'ＣＩＤＡ', 'ＣＤＰ', 'ＣＤＰ', 'ＣＤＰ', 'ＣａｒｍａｎＬｉｎ', 'ＣａｒｍａｎＬｉｎ', 'ＣａｒｍａｎＬｉｎ', 'ＣａｒｍａｎＬｉｎ', 'ＣａｒｍａｎＬｉｎ', 'ＣａｒｍａｎＬｉｎ', 'ＣａｒｍａｎＬｉｎ', 'ＣａｒｍａｎＬｉｎ', 'ＣａｒｍａｎＬｉｎ', 'ＣＨＩＮＡ', 'ＣＨＩＮＡ', 'ＣＨＩＮＡ', 'ＣＨＩＮＡ', 'ＣＨＩＮＡ', 'ＣＯＳ', 'ＣＯＳ', 'ＣＯＳ', 'Ｃｕ', 'Ｃｕ', 'ＣＨ', 'ＣＨ', 'ＣＡＳＥ', 'ＣＡＳＥ', 'ＣＡＳＥ', 'ＣＡＳＥ', 'Ｃｈａｒｍａｎｔ', 'Ｃｈａｒｍａｎｔ', 'Ｃｈａｒｍａｎｔ', 'Ｃｈａｒｍａｎｔ', 'Ｃｈａｒｍａｎｔ', 'Ｃｈａｒｍａｎｔ', 'Ｃｈａｒｍａｎｔ', 'Ｃｈａｒｍａｎｔ', 'ＩＴＣ', 'ＩＴＣ', 'ＩＴＣ', 'ＶＣ', 'ＶＣ', 'ＩＣ', 'ＩＣ', 'ＣＡＬＬ', 'ＣＡＬＬ', 'ＣＡＬＬ', 'ＣＡＬＬ', 'Ｃｃｃ', 'Ｃｃｃ', 'Ｃｃｃ', 'Ｃａｌｌ', 'Ｃａｌｌ', 'Ｃａｌｌ', 'Ｃａｌｌ', 'ＭＣ', 'ＭＣ', 'ＣＥ', 'ＣＥ', 'ＢＡＳＩＣ', 'ＢＡＳＩＣ', 'ＢＡＳＩＣ', 'ＢＡＳＩＣ', 'ＢＡＳＩＣ', 'ＣＢＥ', 'ＣＢＥ', 'ＣＢＥ']
ｗ	['ｗ', 'ｗｐ', 'ｗｐ', 'ｗａｐ', 'ｗａｐ', 'ｗａｐ', 'ｗｗｗ', 'ｗｗｗ', 'ｗｗｗ', 'ｗｗｗ', 'ｗｗｗ', 'ｗｗｗ', 'ｗｗｗ', 'ｗｗｗ', 'ｗｗｗ', 'ＮｅｗＣａｐ', 'ＮｅｗＣａｐ', 'ＮｅｗＣａｐ', 'ＮｅｗＣａｐ', 'ＮｅｗＣａｐ', 'ＮｅｗＣａｐ', 'ｗｎ', 'ｗｎ', 'Ｗｉｎｄｏｗｓ', 'Ｗｉｎｄｏｗｓ', 'Ｗｉｎｄｏｗｓ', 'Ｗｉｎｄｏｗｓ', 'Ｗｉｎｄｏｗｓ', 'Ｗｉｎｄｏｗｓ', 'Ｗｉｎｄｏｗｓ', 'ｗｗｗｎｅｔ', 'ｗｗｗｎｅｔ', 'ｗｗｗｎｅｔ', 'ｗｗｗｎｅｔ', 'ｗｗｗｎｅｔ', 'ｗｗｗｎｅｔ', 'ｗｗｗｎｅｔ', 'ｗｗｗｎｅｔ', 'ｗｗｗｎｅｔ', 'ｗｗｗｎｅｔ', 'ｗｗｗｎｅｔ', 'ｗｗｗｎｅｔ', 'ｗｗｗｎｅｔ', 'ｗｗｗｎｅｔ', 'ｗｗｗｎｅｔ', 'ｗｗｗｎｅｔ', 'ｗｗｗｎｅｔ', 'ｗｗｗｎｅｔ', 'ｗｏｅ', 'ｗｏｅ', 'ｗｏｅ', 'ｗｗ', 'ｗｗ', 'ｗｗ', 'ｗｗ', 'Ｂｒｅｗｅｒｅｄ', 'Ｂｒｅｗｅｒｅｄ', 'Ｂｒｅｗｅｒｅｄ', 'Ｂｒｅｗｅｒｅｄ', 'Ｂｒｅｗｅｒｅｄ', 'Ｂｒｅｗｅｒｅｄ', 'Ｂｒｅｗｅｒｅｄ', 'Ｂｒｅｗｅｒｅｄ']
■	['■']
＞	['＞']
t	['text-decoration', 'text-decoration', 'text-decoration', 'text-decoration', 'text-decoration', 'text-decoration', 'text-decoration', 'text-decoration', 'text-decoration', 'font-size', 'font-size', 'font-size', 'font-family', 'font-family', 'font-family', 'line-height', 'line-height', 'line-height', 'Stony-Moon', 'Stony-Moon', 'Stony-Moon', 'Xavier-Bati', 'Xavier-Bati', 'Xavier-Bati', '\x1aztY', '\x1aztY', 'text-align', 'text-align', 'text-align', 'text-align', 'text-align', 'text-align', 'http-equiv', 'http-equiv', 'http-equiv', 'http-equiv', 'http-equiv', 'http-equiv', 'content-type', 'content-type', 'content-type', 'content-type', 'content-type', 'content-type', 'content-type', 'content-type', 'content-type', 'stay-night', 'stay-night', 'stay-night', 'stay-night', 'stay-night', 'stay-night', 'border-left-color', 'border-left-color', 'border-left-color', 'border-left-color', 'border-left-color', '\x06t', '\x06t', 'border-bottom-color', 'border-bottom-color', 'border-bottom-color', 'border-bottom-color', 'border-bottom-color', 'border-bottom-color', 'border-bottom-color', 'border-bottom-color', 'border-bottom-color', 'border-bottom-color', '\x1c\x1aztY', '\x1c\x1aztY', '\x1c\x1aztY', 'border-right-color', 'border-right-color', 'border-right-color', 'border-right-color', 'border-right-color', 'n-e-t', 'n-e-t', 'n-e-t', 'n-e-t', 'n-e-t', 'border-top-color', 'border-top-color', 'border-top-color', 'border-top-color', 'border-top-color', 'Bit-Bit', 'Bit-Bit', 'Bit-Bit', 'Bit-Bit', 'Bit-Bit', 'Bit-Bit', 'Chuang-tzu', 'Chuang-tzu', 'Chuang-tzu', 'Wal-Mart', 'Wal-Mart', 'Wal-Mart', 'date-n', 'date-n', 'date-n', 'border-left-style', 'border-left-style', 'border-left-style', 'border-left-style', 'border-left-style', 'border-left-style', 'border-left-style', 'border-left-style', 'border-left-style', 'border-left-style', 'go-vern-ment', 'go-vern-ment', 'go-vern-ment', 'go-vern-ment', 'go-vern-ment', '\x1d\x1c\x1aztY', '\x1d\x1c\x1aztY', '\x1d\x1c\x1aztY', '\x1d\x1c\x1aztY', '\x1ctYbZ', '\x1ctYbZ', 'Hsun-tzu', 'Hsun-tzu', 'Hsun-tzu', 'U-Matic', 'U-Matic', 'U-Matic']
e	['text-decoration', 'text-decoration', 'text-decoration', 'text-decoration', 'text-decoration', 'text-decoration', 'font-size', 'font-size', 'font-size', 'z-index', 'z-index', 'z-index', 'line-height', 'line-height', 'line-height', 'line-height', 'line-height', 'line-height', 'e-mail', 'e-mail', 'e-mail', 'Xavier-Bati', 'Xavier-Bati', 'Xavier-Bati', 'C-Cube', 'C-Cube', 'C-Cube', 'text-align', 'text-align', 'text-align', 'http-equiv', 'http-equiv', 'http-equiv', 'content-type', 'content-type', 'content-type', 'content-type', 'content-type', 'content-type', 'kevin-liuningOCR', 'kevin-liuningOCR', 'kevin-liuningOCR', 'sans-serif', 'sans-serif', 'sans-serif', 'border-left-color', 'border-left-color', 'border-left-color', 'border-left-color', 'border-left-color', 'border-left-color', 'border-left-color', 'border-left-color', 'border-left-color', 'border-left-color', 'border-bottom-color', 'border-bottom-color', 'border-bottom-color', 'border-bottom-color', 'border-bottom-color', '\x0bNeg', '\x0bNeg', 'Bye-Bye', 'Bye-Bye', 'Bye-Bye', 'Bye-Bye', 'Bye-Bye', 'Bye-Bye', 'border-right-color', 'border-right-color', 'border-right-color', 'border-right-color', 'border-right-color', 'n-e-t', 'n-e-t', 'n-e-t', 'n-e-t', 'n-e-t', 'border-top-color', 'border-top-color', 'border-top-color', 'border-top-color', 'border-top-color', '?e', '?e', 'Good-bye', 'Good-bye', 'Good-bye', 'bye-bye', 'bye-bye', 'bye-bye', 'bye-bye', 'bye-bye', 'bye-bye', 'Bye-bye', 'Bye-bye', 'Bye-bye', 'Bye-bye', 'Bye-bye', 'Bye-bye', 'M-Geschss', 'M-Geschss', 'M-Geschss', 'Minh-Le', 'Minh-Le', 'Minh-Le', 'Key-in', 'Key-in', 'Key-in', 'date-n', 'date-n', 'date-n', 'border-left-style', 'border-left-style', 'border-left-style', 'border-left-style', 'border-left-style', 'border-left-style', 'border-left-style', 'border-left-style', 'border-left-style', 'border-left-style', 'border-left-style', 'border-left-style', 'border-left-style', 'border-left-style', 'border-left-style', 'go-vern-ment', 'go-vern-ment', 'go-vern-ment', 'go-vern-ment', 'go-vern-ment', 'go-vern-ment', 'go-vern-ment', 'go-vern-ment', 'go-vern-ment', 'go-vern-ment', 'easy-cn', 'easy-cn', 'easy-cn', 'Rolls-Royce', 'Rolls-Royce', 'Rolls-Royce', 'close-ref', 'close-ref', 'close-ref', 'close-ref', 'close-ref', 'close-ref', 'i-mode', 'i-mode', 'i-mode', 'Mad-Eye', 'Mad-Eye', 'Mad-Eye']
x	['text-decoration', 'text-decoration', 'text-decoration', 'z-index', 'z-index', 'z-index', 'text-align', 'text-align', 'text-align', 'Jic-xiao', 'Jic-xiao', 'Jic-xiao', 'Ex-S', 'Ex-S', 'Ex-S']
d	['text-decoration', 'text-decoration', 'text-decoration', 'z-index', 'z-index', 'z-index', 'background-color', 'background-color', 'background-color', 'border-left-color', 'border-left-color', 'border-left-color', 'border-left-color', 'border-left-color', 'border-bottom-color', 'border-bottom-color', 'border-bottom-color', 'border-bottom-color', 'border-bottom-color', 'border-right-color', 'border-right-color', 'border-right-color', 'border-right-color', 'border-right-color', 'border-top-color', 'border-top-color', 'border-top-color', 'border-top-color', 'border-top-color', 'Good-bye', 'Good-bye', 'Good-bye', 'Chibrainbio-Guard', 'Chibrainbio-Guard', 'Chibrainbio-Guard', 'Cold-call', 'Cold-call', 'Cold-call', 'date-n', 'date-n', 'date-n', 'border-left-style', 'border-left-style', 'border-left-style', 'border-left-style', 'border-left-style', 'Good-by', 'Good-by', 'Good-by', 'JU-dd', 'JU-dd', 'JU-dd', 'JU-dd', 'JU-dd', 'JU-dd', '\x02d', '\x02d', 'i-mode', 'i-mode', 'i-mode', 'Mad-Eye', 'Mad-Eye', 'Mad-Eye']
c	['text-decoration', 'text-decoration', 'text-decoration', 'background-color', 'background-color', 'background-color', 'background-color', 'background-color', 'background-color', 'com------------------------------------------------------------', 'com------------------------------------------------------------', '?c', '?c', 'content-type', 'content-type', 'content-type', 'border-left-color', 'border-left-color', 'border-left-color', 'border-left-color', 'border-left-color', 'border-bottom-color', 'border-bottom-color', 'border-bottom-color', 'border-bottom-color', 'border-bottom-color', 'border-right-color', 'border-right-color', 'border-right-color', 'border-right-color', 'border-right-color', '?c', '?c', 'border-top-color', 'border-top-color', 'border-top-color', 'border-top-color', 'border-top-color', 'c-n', 'c-n', 'c-n', 'M-Geschss', 'M-Geschss', 'M-Geschss', 'Jic-xiao', 'Jic-xiao', 'Jic-xiao', 'Cold-call', 'Cold-call', 'Cold-call', '\x07c', '\x07c', 'easy-cn', 'easy-cn', 'easy-cn', 'Cola-cola', 'Cola-cola', 'Cola-cola', 'Rolls-Royce', 'Rolls-Royce', 'Rolls-Royce', 'close-ref', 'close-ref', 'close-ref', 'U-Matic', 'U-Matic', 'U-Matic']
o	['text-decoration', 'text-decoration', 'text-decoration', 'text-decoration', 'text-decoration', 'text-decoration', 'font-size', 'font-size', 'font-size', 'font-family', 'font-family', 'font-family', 'background-color', 'background-color', 'background-color', 'background-color', 'background-color', 'background-color', 'background-color', 'background-color', 'background-color', 'com------------------------------------------------------------', 'com------------------------------------------------------------', 'Stony-Moon', 'Stony-Moon', 'Stony-Moon', 'Stony-Moon', 'Stony-Moon', 'Stony-Moon', 'Stony-Moon', 'Stony-Moon', 'Stony-Moon', 'content-type', 'content-type', 'content-type', 'border-left-color', 'border-left-color', 'border-left-color', 'border-left-color', 'border-left-color', 'border-left-color', 'border-left-color', 'border-left-color', 'border-left-color', 'border-left-color', 'border-left-color', 'border-left-color', 'border-left-color', 'border-left-color', 'border-left-color', 'border-bottom-color', 'border-bottom-color', 'border-bottom-color', 'border-bottom-color', 'border-bottom-color', 'border-bottom-color', 'border-bottom-color', 'border-bottom-color', 'border-bottom-color', 'border-bottom-color', 'border-bottom-color', 'border-bottom-color', 'border-bottom-color', 'border-bottom-color', 'border-bottom-color', 'border-bottom-color', 'border-bottom-color', 'border-bottom-color', 'border-bottom-color', 'border-bottom-color', 'border-bottom-color', 'border-bottom-color', 'border-bottom-color', 'border-bottom-color', 'border-bottom-color', 'border-right-color', 'border-right-color', 'border-right-color', 'border-right-color', 'border-right-color', 'border-right-color', 'border-right-color', 'border-right-color', 'border-right-color', 'border-right-color', 'border-right-color', 'border-right-color', 'border-right-color', 'border-right-color', 'border-right-color', 'border-top-color', 'border-top-color', 'border-top-color', 'border-top-color', 'border-top-color', 'border-top-color', 'border-top-color', 'border-top-color', 'border-top-color', 'border-top-color', 'border-top-color', 'border-top-color', 'border-top-color', 'border-top-color', 'border-top-color', 'border-top-color', 'border-top-color', 'border-top-color', 'border-top-color', 'border-top-color', '\x11Oo', '\x11Oo', 'Good-bye', 'Good-bye', 'Good-bye', 'Good-bye', 'Good-bye', 'Good-bye', 'Chibrainbio-Guard', 'Chibrainbio-Guard', 'Chibrainbio-Guard', 'Jic-xiao', 'Jic-xiao', 'Jic-xiao', 'Cold-call', 'Cold-call', 'Cold-call', 'border-left-style', 'border-left-style', 'border-left-style', 'border-left-style', 'border-left-style', 'Good-by', 'Good-by', 'Good-by', 'Good-by', 'Good-by', 'Good-by', 'go-vern-ment', 'go-vern-ment', 'go-vern-ment', 'go-vern-ment', 'go-vern-ment', 'Cola-cola', 'Cola-cola', 'Cola-cola', 'Cola-cola', 'Cola-cola', 'Cola-cola', 'Rolls-Royce', 'Rolls-Royce', 'Rolls-Royce', 'Rolls-Royce', 'Rolls-Royce', 'Rolls-Royce', 'close-ref', 'close-ref', 'close-ref', 'i-mode', 'i-mode', 'i-mode']
r	['text-decoration', 'text-decoration', 'text-decoration', 'background-color', 'background-color', 'background-color', 'background-color', 'background-color', 'background-color', '?r', '?r', 'Xavier-Bati', 'Xavier-Bati', 'Xavier-Bati', 'sans-serif', 'sans-serif', 'sans-serif', 'border-left-color', 'border-left-color', 'border-left-color', 'border-left-color', 'border-left-color', 'border-left-color', 'border-left-color', 'border-left-color', 'border-left-color', 'border-left-color', 'border-left-color', 'border-left-color', 'border-left-color', 'border-left-color', 'border-left-color', 'border-bottom-color', 'border-bottom-color', 'border-bottom-color', 'border-bottom-color', 'border-bottom-color', 'border-bottom-color', 'border-bottom-color', 'border-bottom-color', 'border-bottom-color', 'border-bottom-color', 'border-bottom-color', 'border-bottom-color', 'border-bottom-color', 'border-bottom-color', 'border-bottom-color', 'border-right-color', 'border-right-color', 'border-right-color', 'border-right-color', 'border-right-color', 'border-right-color', 'border-right-color', 'border-right-color', 'border-right-color', 'border-right-color', 'border-right-color', 'border-right-color', 'border-right-color', 'border-right-color', 'border-right-color', 'border-right-color', 'border-right-color', 'border-right-color', 'border-right-color', 'border-right-color', 'rM-rf', 'rM-rf', 'rM-rf', 'rM-rf', 'rM-rf', 'rM-rf', 'border-top-color', 'border-top-color', 'border-top-color', 'border-top-color', 'border-top-color', 'border-top-color', 'border-top-color', 'border-top-color', 'border-top-color', 'border-top-color', 'border-top-color', 'border-top-color', 'border-top-color', 'border-top-color', 'border-top-color', 'Chibrainbio-Guard', 'Chibrainbio-Guard', 'Chibrainbio-Guard', 'Chibrainbio-Guard', 'Chibrainbio-Guard', 'Chibrainbio-Guard', 'Wal-Mart', 'Wal-Mart', 'Wal-Mart', 'border-left-style', 'border-left-style', 'border-left-style', 'border-left-style', 'border-left-style', 'border-left-style', 'border-left-style', 'border-left-style', 'border-left-style', 'border-left-style', 'go-vern-ment', 'go-vern-ment', 'go-vern-ment', 'go-vern-ment', 'go-vern-ment', 'close-ref', 'close-ref', 'close-ref']
a	['text-decoration', 'text-decoration', 'text-decoration', 'font-family', 'font-family', 'font-family', 'background-color', 'background-color', 'background-color', 'E-mail', 'E-mail', 'E-mail', 'e-mail', 'e-mail', 'e-mail', '\x0fa', '\x0fa', 'Xavier-Bati', 'Xavier-Bati', 'Xavier-Bati', 'Xavier-Bati', 'Xavier-Bati', 'Xavier-Bati', 'text-align', 'text-align', 'text-align', 'sans-serif', 'sans-serif', 'sans-serif', 'stay-night', 'stay-night', 'stay-night', 'E-Mail', 'E-Mail', 'E-Mail', 'E--Mail', 'E--Mail', 'E--Mail', '\x1fa', '\x1fa', 'Chibrainbio-Guard', 'Chibrainbio-Guard', 'Chibrainbio-Guard', 'Chibrainbio-Guard', 'Chibrainbio-Guard', 'Chibrainbio-Guard', 'Jic-xiao', 'Jic-xiao', 'Jic-xiao', 'Cold-call', 'Cold-call', 'Cold-call', 'Na-K', 'Na-K', 'Na-K', 'Chuang-tzu', 'Chuang-tzu', 'Chuang-tzu', 'Wal-Mart', 'Wal-Mart', 'Wal-Mart', 'Wal-Mart', 'Wal-Mart', 'Wal-Mart', 'date-n', 'date-n', 'date-n', 'easy-cn', 'easy-cn', 'easy-cn', 'Cola-cola', 'Cola-cola', 'Cola-cola', 'Cola-cola', 'Cola-cola', 'Cola-cola', 'Mad-Eye', 'Mad-Eye', 'Mad-Eye', 'U-Matic', 'U-Matic', 'U-Matic']
i	['text-decoration', 'text-decoration', 'text-decoration', 'font-size', 'font-size', 'font-size', 'z-index', 'z-index', 'z-index', 'font-family', 'font-family', 'font-family', 'E-mail', 'E-mail', 'E-mail', 'line-height', 'line-height', 'line-height', 'line-height', 'line-height', 'line-height', 'e-mail', 'e-mail', 'e-mail', 'shiliu-k', 'shiliu-k', 'shiliu-k', 'shiliu-k', 'shiliu-k', 'shiliu-k', 'Xavier-Bati', 'Xavier-Bati', 'Xavier-Bati', 'Xavier-Bati', 'Xavier-Bati', 'Xavier-Bati', 'text-align', 'text-align', 'text-align', 'http-equiv', 'http-equiv', 'http-equiv', 'kevin-liuningOCR', 'kevin-liuningOCR', 'kevin-liuningOCR', 'kevin-liuningOCR', 'kevin-liuningOCR', 'kevin-liuningOCR', 'kevin-liuningOCR', 'kevin-liuningOCR', 'kevin-liuningOCR', 'sans-serif', 'sans-serif', 'sans-serif', 'stay-night', 'stay-night', 'stay-night', 'E-Mail', 'E-Mail', 'E-Mail', 'E--Mail', 'E--Mail', 'E--Mail', 'Wing-king', 'Wing-king', 'Wing-king', 'Wing-king', 'Wing-king', 'Wing-king', 'border-right-color', 'border-right-color', 'border-right-color', 'border-right-color', 'border-right-color', 'Wi-Fi', 'Wi-Fi', 'Wi-Fi', 'Wi-Fi', 'Wi-Fi', 'Wi-Fi', 'Bit-Bit', 'Bit-Bit', 'Bit-Bit', 'Bit-Bit', 'Bit-Bit', 'Bit-Bit', 'Chibrainbio-Guard', 'Chibrainbio-Guard', 'Chibrainbio-Guard', 'Chibrainbio-Guard', 'Chibrainbio-Guard', 'Chibrainbio-Guard', 'Chibrainbio-Guard', 'Chibrainbio-Guard', 'Chibrainbio-Guard', 'Minh-Le', 'Minh-Le', 'Minh-Le', 'Jic-xiao', 'Jic-xiao', 'Jic-xiao', 'Jic-xiao', 'Jic-xiao', 'Jic-xiao', 'Key-in', 'Key-in', 'Key-in', 'i-mode', 'i-mode', 'i-mode', 'U-Matic', 'U-Matic', 'U-Matic']
n	['text-decoration', 'text-decoration', 'text-decoration', 'font-size', 'font-size', 'font-size', 'z-index', 'z-index', 'z-index', 'font-family', 'font-family', 'font-family', 'background-color', 'background-color', 'background-color', 'line-height', 'line-height', 'line-height', 'Stony-Moon', 'Stony-Moon', 'Stony-Moon', 'Stony-Moon', 'Stony-Moon', 'Stony-Moon', 'text-align', 'text-align', 'text-align', 'content-type', 'content-type', 'content-type', 'content-type', 'content-type', 'content-type', 'kevin-liuningOCR', 'kevin-liuningOCR', 'kevin-liuningOCR', 'kevin-liuningOCR', 'kevin-liuningOCR', 'kevin-liuningOCR', 'kevin-liuningOCR', 'kevin-liuningOCR', 'kevin-liuningOCR', 'sans-serif', 'sans-serif', 'sans-serif', 'stay-night', 'stay-night', 'stay-night', '\x05n', '\x05n', 'Wing-king', 'Wing-king', 'Wing-king', 'Wing-king', 'Wing-king', 'Wing-king', 'n-e-t', 'n-e-t', 'n-e-t', 'n-e-t', 'n-e-t', 'Chibrainbio-Guard', 'Chibrainbio-Guard', 'Chibrainbio-Guard', 'c-n', 'c-n', 'c-n', 'Minh-Le', 'Minh-Le', 'Minh-Le', 'Key-in', 'Key-in', 'Key-in', 'Chuang-tzu', 'Chuang-tzu', 'Chuang-tzu', 'date-n', 'date-n', 'date-n', 'go-vern-ment', 'go-vern-ment', 'go-vern-ment', 'go-vern-ment', 'go-vern-ment', 'go-vern-ment', 'go-vern-ment', 'go-vern-ment', 'go-vern-ment', 'go-vern-ment', 'easy-cn', 'easy-cn', 'easy-cn', '\x10n', '\x10n', 'Hsun-tzu', 'Hsun-tzu', 'Hsun-tzu']
─	['─']
ｃ	['ｃ', 'ｃｎ', 'ｃｎ', 'ｃＯｍ', 'ｃＯｍ', 'ｃＯｍ', 'ｃＮ', 'ｃＮ', 'ｃｏｍ', 'ｃｏｍ', 'ｃｏｍ', 'ｃｅ', 'ｃｅ', 'Ｕｃｓ', 'Ｕｃｓ', 'Ｕｃｓ', 'Ｅｃｈｏ', 'Ｅｃｈｏ', 'Ｅｃｈｏ', 'Ｅｃｈｏ', 'ｃＯ', 'ｃＯ', 'Ｐｃｓ', 'Ｐｃｓ', 'Ｐｃｓ', 'ｍｃ', 'ｍｃ', 'ｃｍ', 'ｃｍ', 'Ｂｌａｃｋ', 'Ｂｌａｃｋ', 'Ｂｌａｃｋ', 'Ｂｌａｃｋ', 'Ｂｌａｃｋ', 'ｃｃ', 'ｃｃ', 'ｃｃ', 'ｃｃ', 'ｃａ', 'ｃａ', 'ｃｏ', 'ｃｏ', 'ＷＰＳＯｆｆｉｃｅ', 'ＷＰＳＯｆｆｉｃｅ', 'ＷＰＳＯｆｆｉｃｅ', 'ＷＰＳＯｆｆｉｃｅ', 'ＷＰＳＯｆｆｉｃｅ', 'ＷＰＳＯｆｆｉｃｅ', 'ＷＰＳＯｆｆｉｃｅ', 'ＷＰＳＯｆｆｉｃｅ', 'ＷＰＳＯｆｆｉｃｅ', 'ｃｈ', 'ｃｈ', 'Ｓｉｌｅｎｃｅｒ', 'Ｓｉｌｅｎｃｅｒ', 'Ｓｉｌｅｎｃｅｒ', 'Ｓｉｌｅｎｃｅｒ', 'Ｓｉｌｅｎｃｅｒ', 'Ｓｉｌｅｎｃｅｒ', 'Ｓｉｌｅｎｃｅｒ', 'Ｓｉｌｅｎｃｅｒ', 'ｉＭａｃ', 'ｉＭａｃ', 'ｉＭａｃ', 'ｉＭａｃ', 'Ｎａｒｃｉｓｓｕｓ', 'Ｎａｒｃｉｓｓｕｓ', 'Ｎａｒｃｉｓｓｕｓ', 'Ｎａｒｃｉｓｓｕｓ', 'Ｎａｒｃｉｓｓｕｓ', 'Ｎａｒｃｉｓｓｕｓ', 'Ｎａｒｃｉｓｓｕｓ', 'Ｎａｒｃｉｓｓｕｓ', 'Ｎａｒｃｉｓｓｕｓ', 'Ｃｃｃ', 'Ｃｃｃ', 'Ｃｃｃ', 'Ｃｃｃ', 'Ｃｃｃ', 'Ｃｃｃ', 'ｃｃｃ', 'ｃｃｃ', 'ｃｃｃ', 'ｃｃｃ', 'ｃｃｃ', 'ｃｃｃ', 'ｃｃｃ', 'ｃｃｃ', 'ｃｃｃ', 'Ｂａｓｉｃ', 'Ｂａｓｉｃ', 'Ｂａｓｉｃ', 'Ｂａｓｉｃ', 'Ｂａｓｉｃ', 'Ｇｄｅｃｋｅ', 'Ｇｄｅｃｋｅ', 'Ｇｄｅｃｋｅ', 'Ｇｄｅｃｋｅ', 'Ｇｄｅｃｋｅ', 'Ｇｄｅｃｋｅ', 'ｅｃ', 'ｅｃ', 'ｃＯＭ', 'ｃＯＭ', 'ｃＯＭ']
￣	['￣']
Ｄ	['Ｄ', 'ＣＤ', 'ＣＤ', 'ＥＤ', 'ＥＤ', 'ＤＮＡ', 'ＤＮＡ', 'ＤＮＡ', 'ＧＤＰ', 'ＧＤＰ', 'ＧＤＰ', 'ＮＮＤ', 'ＮＮＤ', 'ＮＮＤ', 'ＩＤ', 'ＩＤ', 'ＡＩＤＳ', 'ＡＩＤＳ', 'ＡＩＤＳ', 'ＡＩＤＳ', 'ＴＭＤ', 'ＴＭＤ', 'ＴＭＤ', 'ＤＥＭＯ', 'ＤＥＭＯ', 'ＤＥＭＯ', 'ＤＥＭＯ', 'ＫＩＤ', 'ＫＩＤ', 'ＫＩＤ', 'ＤＩ', 'ＤＩ', 'ＤＭ', 'ＤＭ', 'ＤＴ', 'ＤＴ', 'ＶＣＤ', 'ＶＣＤ', 'ＶＣＤ', 'ＤＶＤ', 'ＤＶＤ', 'ＤＶＤ', 'ＤＶＤ', 'ＤＶＤ', 'ＤＶＤ', 'ＤＪ', 'ＤＪ', 'ＭＡＣＤ', 'ＭＡＣＤ', 'ＭＡＣＤ', 'ＭＡＣＤ', 'ＡＤＸ', 'ＡＤＸ', 'ＡＤＸ', 'ＲＥＤＢＡＣＫ', 'ＲＥＤＢＡＣＫ', 'ＲＥＤＢＡＣＫ', 'ＲＥＤＢＡＣＫ', 'ＲＥＤＢＡＣＫ', 'ＲＥＤＢＡＣＫ', 'ＲＥＤＢＡＣＫ', 'ＣＯＤ', 'ＣＯＤ', 'ＣＯＤ', 'ＤＣ', 'ＤＣ', 'ＩＤＧ', 'ＩＤＧ', 'ＩＤＧ', 'ＤＫ', 'ＤＫ', 'ＡＷＯＲＤ', 'ＡＷＯＲＤ', 'ＡＷＯＲＤ', 'ＡＷＯＲＤ', 'ＡＷＯＲＤ', 'Ｄａｏ', 'Ｄａｏ', 'Ｄａｏ', 'ＤＶ', 'ＤＶ', 'ＤＬＳ', 'ＤＬＳ', 'ＤＬＳ', 'ＤＵ', 'ＤＵ', 'ＡＭＤ', 'ＡＭＤ', 'ＡＭＤ', 'ＤＭＣ', 'ＤＭＣ', 'ＤＭＣ', 'ＤＬ', 'ＤＬ', 'Ｄｕｓｔｉｎ', 'Ｄｕｓｔｉｎ', 'Ｄｕｓｔｉｎ', 'Ｄｕｓｔｉｎ', 'Ｄｕｓｔｉｎ', 'Ｄｕｓｔｉｎ', 'ＤＩＦ', 'ＤＩＦ', 'ＤＩＦ', 'ＯＤ', 'ＯＤ', 'ＮＤＤ', 'ＮＤＤ', 'ＮＤＤ', 'ＮＤＤ', 'ＮＤＤ', 'ＮＤＤ', 'ＧＤ', 'ＧＤ', 'ＤＨ', 'ＤＨ', 'ＭＤ', 'ＭＤ', 'ＳＤ', 'ＳＤ', 'ＤＨＬ', 'ＤＨＬ', 'ＤＨＬ', 'ＤＸ', 'ＤＸ', 'ＥＳＤ', 'ＥＳＤ', 'ＥＳＤ', 'ＡＤＬ', 'ＡＤＬ', 'ＡＤＬ', 'ＣＩＤＡ', 'ＣＩＤＡ', 'ＣＩＤＡ', 'ＣＩＤＡ', 'ＣＤＰ', 'ＣＤＰ', 'ＣＤＰ', 'ＤＫＬ', 'ＤＫＬ', 'ＤＫＬ', 'ＤＶＢ', 'ＤＶＢ', 'ＤＶＢ', 'ＬＭＤＳ', 'ＬＭＤＳ', 'ＬＭＤＳ', 'ＬＭＤＳ', 'ＹＤ', 'ＹＤ', 'ＤＦ', 'ＤＦ', 'ＤＯＳ', 'ＤＯＳ', 'ＤＯＳ', 'ＡＤＸＲ', 'ＡＤＸＲ', 'ＡＤＸＲ', 'ＡＤＸＲ', 'ＭＲＤ', 'ＭＲＤ', 'ＭＲＤ', 'ＴＮＮＤ', 'ＴＮＮＤ', 'ＴＮＮＤ', 'ＴＮＮＤ', 'ＰＤＡ', 'ＰＤＡ', 'ＰＤＡ', 'ＫＤ', 'ＫＤ']
咭	['咭']
◆	['◆']
☆	['☆']
愍	['愍']
	['\x020', '\x020', '\x020\x1d8', '\x020\x1d8', '\x020\x1d8', '\x020\x1d8', '\x0208', '\x0208', '\x02', '\x02_', '\x02_', '\x02d', '\x02d']
0	['\x020', '\x020', '20％', '20％', '10％', '10％', '50％', '50％', '30％', '30％', '80％', '80％', '40％', '40％', '90％', '90％', '60％', '60％', '100％', '100％', '100％', '100％', '70％', '70％', '\x020\x1d8', '\x020\x1d8', '\x020\x1d8', '\x020\x1d8', '0％', '0％', '\x0208', '\x0208', '200％', '200％', '200％', '200％', '120％', '120％', '150％', '150％', '\x010', '\x010', '300％', '300％', '300％', '300％', '0．5％', '0．5％', '0．5％', '0．5％', '\x0b0', '\x0b0', '01％', '01％', '400％', '400％', '400％', '400％', '02％', '02％', '03％', '03％', '500％', '500％', '500％', '500％', '0．3％', '0．3％', '0．3％', '0．3％', '06％', '06％', '05％', '05％', '130％', '130％', '0．8％', '0．8％', '0．8％', '0．8％']
犟	['犟']
⑦	['⑦']
＜	['＜']
Ｋ	['Ｋ', 'ＰＫ', 'ＰＫ', 'ＯＫ', 'ＯＫ', 'ＸＫＩＮＧ', 'ＸＫＩＮＧ', 'ＸＫＩＮＧ', 'ＸＫＩＮＧ', 'ＸＫＩＮＧ', 'ＴＩＧＥＮＫＩＮＧ', 'ＴＩＧＥＮＫＩＮＧ', 'ＴＩＧＥＮＫＩＮＧ', 'ＴＩＧＥＮＫＩＮＧ', 'ＴＩＧＥＮＫＩＮＧ', 'ＴＩＧＥＮＫＩＮＧ', 'ＴＩＧＥＮＫＩＮＧ', 'ＴＩＧＥＮＫＩＮＧ', 'ＴＩＧＥＮＫＩＮＧ', 'ＫＩＤ', 'ＫＩＤ', 'ＫＩＤ', 'ＫＴＶ', 'ＫＴＶ', 'ＫＴＶ', 'ＫＩＮＧ', 'ＫＩＮＧ', 'ＫＩＮＧ', 'ＫＩＮＧ', 'ＡＫ', 'ＡＫ', 'ＲＥＤＢＡＣＫ', 'ＲＥＤＢＡＣＫ', 'ＲＥＤＢＡＣＫ', 'ＲＥＤＢＡＣＫ', 'ＲＥＤＢＡＣＫ', 'ＲＥＤＢＡＣＫ', 'ＲＥＤＢＡＣＫ', 'ＷＩＮＧＫＩＮＧ', 'ＷＩＮＧＫＩＮＧ', 'ＷＩＮＧＫＩＮＧ', 'ＷＩＮＧＫＩＮＧ', 'ＷＩＮＧＫＩＮＧ', 'ＷＩＮＧＫＩＮＧ', 'ＷＩＮＧＫＩＮＧ', 'ＷＩＮＧＫＩＮＧ', 'ＤＫ', 'ＤＫ', 'ＫＲＨ', 'ＫＲＨ', 'ＫＲＨ', 'ＫＹＯＵＫＯ', 'ＫＹＯＵＫＯ', 'ＫＹＯＵＫＯ', 'ＫＹＯＵＫＯ', 'ＫＹＯＵＫＯ', 'ＫＹＯＵＫＯ', 'ＫＹＯＵＫＯ', 'ＫＹＯＵＫＯ', 'ＫＹＯＵＫＯ', 'ＫＹＯＵＫＯ', 'ＫＹＯＵＫＯ', 'ＫＹＯＵＫＯ', 'ＯＫＰＯＷＥＲ', 'ＯＫＰＯＷＥＲ', 'ＯＫＰＯＷＥＲ', 'ＯＫＰＯＷＥＲ', 'ＯＫＰＯＷＥＲ', 'ＯＫＰＯＷＥＲ', 'ＯＫＰＯＷＥＲ', 'ＫＦＣ', 'ＫＦＣ', 'ＫＦＣ', 'ＯＫＦＩＲＥ', 'ＯＫＦＩＲＥ', 'ＯＫＦＩＲＥ', 'ＯＫＦＩＲＥ', 'ＯＫＦＩＲＥ', 'ＯＫＦＩＲＥ', 'ＳＯＫＥ', 'ＳＯＫＥ', 'ＳＯＫＥ', 'ＳＯＫＥ', 'Ｋｉｎ', 'Ｋｉｎ', 'Ｋｉｎ', 'ＫＧ', 'ＫＧ', 'ＫＴＳＢ', 'ＫＴＳＢ', 'ＫＴＳＢ', 'ＫＴＳＢ', 'ＳＫＩＬＴＯ', 'ＳＫＩＬＴＯ', 'ＳＫＩＬＴＯ', 'ＳＫＩＬＴＯ', 'ＳＫＩＬＴＯ', 'ＳＫＩＬＴＯ', 'ＫＭ', 'ＫＭ', 'ＫＩＳＳ', 'ＫＩＳＳ', 'ＫＩＳＳ', 'ＫＩＳＳ', 'ＭＫ', 'ＭＫ', 'ＫＧＢ', 'ＫＧＢ', 'ＫＧＢ', 'ＳＫ', 'ＳＫ', 'ＫＣ', 'ＫＣ', 'ＪＡＣＫ', 'ＪＡＣＫ', 'ＪＡＣＫ', 'ＪＡＣＫ', 'ＡＫＭＳ', 'ＡＫＭＳ', 'ＡＫＭＳ', 'ＡＫＭＳ', 'ＫＯ', 'ＫＯ', 'ＫＢ', 'ＫＢ', 'ＤＫＬ', 'ＤＫＬ', 'ＤＫＬ', 'Ｋｏｏ', 'Ｋｏｏ', 'Ｋｏｏ', 'ＫＤ', 'ＫＤ']
＃	['＃']
Ｓ	['Ｓ', 'ＢＯＳＳ', 'ＢＯＳＳ', 'ＢＯＳＳ', 'ＢＯＳＳ', 'ＢＯＳＳ', 'ＢＯＳＳ', 'ＢＯＳＳ', 'ＢＯＳＳ', 'ｘＳ', 'ｘＳ', 'ＰＳ', 'ＰＳ', 'ＳＨ', 'ＳＨ', 'ＳＹ', 'ＳＹ', 'ＡＩＤＳ', 'ＡＩＤＳ', 'ＡＩＤＳ', 'ＡＩＤＳ', 'ＳＨＥＲＡ', 'ＳＨＥＲＡ', 'ＳＨＥＲＡ', 'ＳＨＥＲＡ', 'ＳＨＥＲＡ', 'ＧＰＳ', 'ＧＰＳ', 'ＧＰＳ', 'Ｓａｂｅｒ', 'Ｓａｂｅｒ', 'Ｓａｂｅｒ', 'Ｓａｂｅｒ', 'Ｓａｂｅｒ', 'ＳＯＳ', 'ＳＯＳ', 'ＳＯＳ', 'ＳＯＳ', 'ＳＯＳ', 'ＳＯＳ', 'ＶＳ', 'ＶＳ', 'ＲＳＩ', 'ＲＳＩ', 'ＲＳＩ', 'ＴＳ', 'ＴＳ', 'ＳＡＲ', 'ＳＡＲ', 'ＳＡＲ', 'ＳＭ', 'ＳＭ', 'ＳＡＲＳ', 'ＳＡＲＳ', 'ＳＡＲＳ', 'ＳＡＲＳ', 'ＳＡＲＳ', 'ＳＡＲＳ', 'ＳＡＲＳ', 'ＳＡＲＳ', 'ＣＩＳ', 'ＣＩＳ', 'ＣＩＳ', 'ｋＸＳ', 'ｋＸＳ', 'ｋＸＳ', 'ＳＬＩ', 'ＳＬＩ', 'ＳＬＩ', 'ＳＵ', 'ＳＵ', 'ＳＭＩＬＥ', 'ＳＭＩＬＥ', 'ＳＭＩＬＥ', 'ＳＭＩＬＥ', 'ＳＭＩＬＥ', 'ＤＬＳ', 'ＤＬＳ', 'ＤＬＳ', 'ＨＳ', 'ＨＳ', 'ＳＯＫＥ', 'ＳＯＫＥ', 'ＳＯＫＥ', 'ＳＯＫＥ', 'ＩＳ', 'ＩＳ', 'ＳＳ', 'ＳＳ', 'ＳＳ', 'ＳＳ', 'ＯＢＯＳ', 'ＯＢＯＳ', 'ＯＢＯＳ', 'ＯＢＯＳ', 'ＩＳＯ', 'ＩＳＯ', 'ＩＳＯ', 'ＢＢＳ', 'ＢＢＳ', 'ＢＢＳ', 'ＭＳＬ', 'ＭＳＬ', 'ＭＳＬ', 'ＫＴＳＢ', 'ＫＴＳＢ', 'ＫＴＳＢ', 'ＫＴＳＢ', 'ＹＥＳ', 'ＹＥＳ', 'ＹＥＳ', 'ＳＧ', 'ＳＧ', 'ＣＳ', 'ＣＳ', 'ＰＯＳＥ', 'ＰＯＳＥ', 'ＰＯＳＥ', 'ＰＯＳＥ', 'ＦＳ', 'ＦＳ', 'ＳＴＵ', 'ＳＴＵ', 'ＳＴＵ', 'ＪＳＦ', 'ＪＳＦ', 'ＪＳＦ', 'ＳＫＩＬＴＯ', 'ＳＫＩＬＴＯ', 'ＳＫＩＬＴＯ', 'ＳＫＩＬＴＯ', 'ＳＫＩＬＴＯ', 'ＳＫＩＬＴＯ', 'ＳＤ', 'ＳＤ', 'ＫＩＳＳ', 'ＫＩＳＳ', 'ＫＩＳＳ', 'ＫＩＳＳ', 'ＫＩＳＳ', 'ＫＩＳＳ', 'ＫＩＳＳ', 'ＫＩＳＳ', 'ＴＳＥ', 'ＴＳＥ', 'ＴＳＥ', 'ＣＢＳ', 'ＣＢＳ', 'ＣＢＳ', 'ＳＵＰＥＮＭＡＮ', 'ＳＵＰＥＮＭＡＮ', 'ＳＵＰＥＮＭＡＮ', 'ＳＵＰＥＮＭＡＮ', 'ＳＵＰＥＮＭＡＮ', 'ＳＵＰＥＮＭＡＮ', 'ＳＵＰＥＮＭＡＮ', 'ＳＵＰＥＮＭＡＮ', 'ＭＳＮ', 'ＭＳＮ', 'ＭＳＮ', 'ＳＫ', 'ＳＫ', 'ＰＨＳ', 'ＰＨＳ', 'ＰＨＳ', 'ＨＳＭＣ', 'ＨＳＭＣ', 'ＨＳＭＣ', 'ＨＳＭＣ', 'ＡＫＭＳ', 'ＡＫＭＳ', 'ＡＫＭＳ', 'ＡＫＭＳ', 'ＷＰＳＯｆｆｉｃｅ', 'ＷＰＳＯｆｆｉｃｅ', 'ＷＰＳＯｆｆｉｃｅ', 'ＷＰＳＯｆｆｉｃｅ', 'ＷＰＳＯｆｆｉｃｅ', 'ＷＰＳＯｆｆｉｃｅ', 'ＷＰＳＯｆｆｉｃｅ', 'ＷＰＳＯｆｆｉｃｅ', 'ＷＰＳＯｆｆｉｃｅ', 'ＥＳＤ', 'ＥＳＤ', 'ＥＳＤ', 'ＳＡＳ', 'ＳＡＳ', 'ＳＡＳ', 'ＳＡＳ', 'ＳＡＳ', 'ＳＡＳ', 'ＩＳＰ', 'ＩＳＰ', 'ＩＳＰ', 'ＳＡＳＳ', 'ＳＡＳＳ', 'ＳＡＳＳ', 'ＳＡＳＳ', 'ＳＡＳＳ', 'ＳＡＳＳ', 'ＳＡＳＳ', 'ＳＡＳＳ', 'ＳＡＳＳ', 'ＳＡＳＳ', 'ＳＡＳＳ', 'ＳＡＳＳ', 'ＳＨＩＴ', 'ＳＨＩＴ', 'ＳＨＩＴ', 'ＳＨＩＴ', 'ＥＰＳ', 'ＥＰＳ', 'ＥＰＳ', 'ＲＢＳ', 'ＲＢＳ', 'ＲＢＳ', 'ＳＢ', 'ＳＢ', 'ＦＡＮＳ', 'ＦＡＮＳ', 'ＦＡＮＳ', 'ＦＡＮＳ', 'Ｓｉｌｅｎｃｅｒ', 'Ｓｉｌｅｎｃｅｒ', 'Ｓｉｌｅｎｃｅｒ', 'Ｓｉｌｅｎｃｅｒ', 'Ｓｉｌｅｎｃｅｒ', 'Ｓｉｌｅｎｃｅｒ', 'Ｓｉｌｅｎｃｅｒ', 'Ｓｉｌｅｎｃｅｒ', 'ＳＵＶ', 'ＳＵＶ', 'ＳＵＶ', 'ＣＯＳ', 'ＣＯＳ', 'ＣＯＳ', 'ＭＳ', 'ＭＳ', 'ＬＭＤＳ', 'ＬＭＤＳ', 'ＬＭＤＳ', 'ＬＭＤＳ', 'ＣＡＳＥ', 'ＣＡＳＥ', 'ＣＡＳＥ', 'ＣＡＳＥ', 'Ｓｏｎａｘ', 'Ｓｏｎａｘ', 'Ｓｏｎａｘ', 'Ｓｏｎａｘ', 'Ｓｏｎａｘ', 'ＤＯＳ', 'ＤＯＳ', 'ＤＯＳ', 'ＳＥＸ', 'ＳＥＸ', 'ＳＥＸ', 'ＯＳＩ', 'ＯＳＩ', 'ＯＳＩ', 'ＳＯＮＹ', 'ＳＯＮＹ', 'ＳＯＮＹ', 'ＳＯＮＹ', 'ＯＳ', 'ＯＳ', 'Ｓｔ', 'Ｓｔ', 'ＳＡ', 'ＳＡ', 'Ｓｅｒｖａｎｔ', 'Ｓｅｒｖａｎｔ', 'Ｓｅｒｖａｎｔ', 'Ｓｅｒｖａｎｔ', 'Ｓｅｒｖａｎｔ', 'Ｓｅｒｖａｎｔ', 'Ｓｅｒｖａｎｔ', 'ＳＴ', 'ＳＴ', 'Ｓｕ', 'Ｓｕ', 'ＪＥＳ', 'ＪＥＳ', 'ＪＥＳ', 'ＰＯＳＳ', 'ＰＯＳＳ', 'ＰＯＳＳ', 'ＰＯＳＳ', 'ＰＯＳＳ', 'ＰＯＳＳ', 'ＰＯＳＳ', 'ＰＯＳＳ', 'ＰＳＰ', 'ＰＳＰ', 'ＰＳＰ', 'ＡＳＰ', 'ＡＳＰ', 'ＡＳＰ', 'ＳＳＳ', 'ＳＳＳ', 'ＳＳＳ', 'ＳＳＳ', 'ＳＳＳ', 'ＳＳＳ', 'ＳＳＳ', 'ＳＳＳ', 'ＳＳＳ', 'ＷＵＳＨＩ', 'ＷＵＳＨＩ', 'ＷＵＳＨＩ', 'ＷＵＳＨＩ', 'ＷＵＳＨＩ', 'ＮＡＳＡ', 'ＮＡＳＡ', 'ＮＡＳＡ', 'ＮＡＳＡ', 'ＢＡＳＩＣ', 'ＢＡＳＩＣ', 'ＢＡＳＩＣ', 'ＢＡＳＩＣ', 'ＢＡＳＩＣ', 'ＲＵＳＨ', 'ＲＵＳＨ', 'ＲＵＳＨ', 'ＲＵＳＨ']
焱	['焱', '岳焱']
碹	['碹']
⑴	['⑴']
⑧	['⑧']
ａ	['ａｎｄ', 'ａｎｄ', 'ａｎｄ', 'ａ', 'ｗａｐ', 'ｗａｐ', 'ｗａｐ', 'ｍａ', 'ｍａ', 'ａｍ', 'ａｍ', 'Ｓａｂｅｒ', 'Ｓａｂｅｒ', 'Ｓａｂｅｒ', 'Ｓａｂｅｒ', 'Ｓａｂｅｒ', 'ｄａｏ', 'ｄａｏ', 'ｄａｏ', 'Ｃａｓｔｅｒ', 'Ｃａｓｔｅｒ', 'Ｃａｓｔｅｒ', 'Ｃａｓｔｅｒ', 'Ｃａｓｔｅｒ', 'Ｃａｓｔｅｒ', 'Ｊａｍｅｓ', 'Ｊａｍｅｓ', 'Ｊａｍｅｓ', 'Ｊａｍｅｓ', 'Ｊａｍｅｓ', 'Ｄａｏ', 'Ｄａｏ', 'Ｄａｏ', 'Ａｓｓａｓｓｉｎ', 'Ａｓｓａｓｓｉｎ', 'Ａｓｓａｓｓｉｎ', 'Ａｓｓａｓｓｉｎ', 'Ａｓｓａｓｓｉｎ', 'Ａｓｓａｓｓｉｎ', 'Ａｓｓａｓｓｉｎ', 'Ａｓｓａｓｓｉｎ', 'ＴｉＦａｂ', 'ＴｉＦａｂ', 'ＴｉＦａｂ', 'ＴｉＦａｂ', 'ＴｉＦａｂ', 'ｅａ', 'ｅａ', 'ＮｅｗＣａｐ', 'ＮｅｗＣａｐ', 'ＮｅｗＣａｐ', 'ＮｅｗＣａｐ', 'ＮｅｗＣａｐ', 'ＮｅｗＣａｐ', 'Ｂｌａｃｋ', 'Ｂｌａｃｋ', 'Ｂｌａｃｋ', 'Ｂｌａｃｋ', 'Ｂｌａｃｋ', 'ｓａｍａ', 'ｓａｍａ', 'ｓａｍａ', 'ｓａｍａ', 'ｓａｍａ', 'ｓａｍａ', 'ｓａｍａ', 'ｓａｍａ', 'ａｎｄａｎｄ', 'ａｎｄａｎｄ', 'ａｎｄａｎｄ', 'ａｎｄａｎｄ', 'ａｎｄａｎｄ', 'ａｎｄａｎｄ', 'ａｎｄａｎｄ', 'ａｎｄａｎｄ', 'ａｎｄａｎｄ', 'ａｎｄａｎｄ', 'ａｎｄａｎｄ', 'ａｎｄａｎｄ', 'ｃａ', 'ｃａ', 'Ｊｕｎｚｉｔａｎｇ', 'Ｊｕｎｚｉｔａｎｇ', 'Ｊｕｎｚｉｔａｎｇ', 'Ｊｕｎｚｉｔａｎｇ', 'Ｊｕｎｚｉｔａｎｇ', 'Ｊｕｎｚｉｔａｎｇ', 'Ｊｕｎｚｉｔａｎｇ', 'Ｊｕｎｚｉｔａｎｇ', 'Ｊｕｎｚｉｔａｎｇ', 'Ｇａｙ', 'Ｇａｙ', 'Ｇａｙ', 'Ｙａｈｏｏ', 'Ｙａｈｏｏ', 'Ｙａｈｏｏ', 'Ｙａｈｏｏ', 'Ｙａｈｏｏ', 'ｍｅｄｉａ', 'ｍｅｄｉａ', 'ｍｅｄｉａ', 'ｍｅｄｉａ', 'ｍｅｄｉａ', 'ｓｈｕｄａｏ', 'ｓｈｕｄａｏ', 'ｓｈｕｄａｏ', 'ｓｈｕｄａｏ', 'ｓｈｕｄａｏ', 'ｓｈｕｄａｏ', 'ＣａｒｍａｎＬｉｎ', 'ＣａｒｍａｎＬｉｎ', 'ＣａｒｍａｎＬｉｎ', 'ＣａｒｍａｎＬｉｎ', 'ＣａｒｍａｎＬｉｎ', 'ＣａｒｍａｎＬｉｎ', 'ＣａｒｍａｎＬｉｎ', 'ＣａｒｍａｎＬｉｎ', 'ＣａｒｍａｎＬｉｎ', 'ＣａｒｍａｎＬｉｎ', 'ＣａｒｍａｎＬｉｎ', 'ＣａｒｍａｎＬｉｎ', 'ＣａｒｍａｎＬｉｎ', 'ＣａｒｍａｎＬｉｎ', 'ＣａｒｍａｎＬｉｎ', 'ＣａｒｍａｎＬｉｎ', 'ＣａｒｍａｎＬｉｎ', 'ＣａｒｍａｎＬｉｎ', 'Ｌｉｎａ', 'Ｌｉｎａ', 'Ｌｉｎａ', 'Ｌｉｎａ', 'ｖａ', 'ｖａ', 'ｉＭａｃ', 'ｉＭａｃ', 'ｉＭａｃ', 'ｉＭａｃ', 'Ｓｏｎａｘ', 'Ｓｏｎａｘ', 'Ｓｏｎａｘ', 'Ｓｏｎａｘ', 'Ｓｏｎａｘ', 'Ｃｈａｒｍａｎｔ', 'Ｃｈａｒｍａｎｔ', 'Ｃｈａｒｍａｎｔ', 'Ｃｈａｒｍａｎｔ', 'Ｃｈａｒｍａｎｔ', 'Ｃｈａｒｍａｎｔ', 'Ｃｈａｒｍａｎｔ', 'Ｃｈａｒｍａｎｔ', 'Ｃｈａｒｍａｎｔ', 'Ｃｈａｒｍａｎｔ', 'Ｃｈａｒｍａｎｔ', 'Ｃｈａｒｍａｎｔ', 'Ｃｈａｒｍａｎｔ', 'Ｃｈａｒｍａｎｔ', 'Ｃｈａｒｍａｎｔ', 'Ｃｈａｒｍａｎｔ', 'ｕｎｚｉｔａｎｇ', 'ｕｎｚｉｔａｎｇ', 'ｕｎｚｉｔａｎｇ', 'ｕｎｚｉｔａｎｇ', 'ｕｎｚｉｔａｎｇ', 'ｕｎｚｉｔａｎｇ', 'ｕｎｚｉｔａｎｇ', 'ｕｎｚｉｔａｎｇ', 'Ｍａｑｕｉｌａｄｏｒａ', 'Ｍａｑｕｉｌａｄｏｒａ', 'Ｍａｑｕｉｌａｄｏｒａ', 'Ｍａｑｕｉｌａｄｏｒａ', 'Ｍａｑｕｉｌａｄｏｒａ', 'Ｍａｑｕｉｌａｄｏｒａ', 'Ｍａｑｕｉｌａｄｏｒａ', 'Ｍａｑｕｉｌａｄｏｒａ', 'Ｍａｑｕｉｌａｄｏｒａ', 'Ｍａｑｕｉｌａｄｏｒａ', 'Ｍａｑｕｉｌａｄｏｒａ', 'Ｍａｑｕｉｌａｄｏｒａ', 'Ｍａｑｕｉｌａｄｏｒａ', 'Ｍａｑｕｉｌａｄｏｒａ', 'Ｍａｑｕｉｌａｄｏｒａ', 'Ｍａｑｕｉｌａｄｏｒａ', 'Ｍａｑｕｉｌａｄｏｒａ', 'Ｍａｑｕｉｌａｄｏｒａ', 'Ｍａｑｕｉｌａｄｏｒａ', 'Ｍａｑｕｉｌａｄｏｒａ', 'Ｍａｑｕｉｌａｄｏｒａ', 'Ｍａｑｕｉｌａｄｏｒａ', 'Ｍａｑｕｉｌａｄｏｒａ', 'Ｍａｑｕｉｌａｄｏｒａ', 'Ｍａｑｕｉｌａｄｏｒａ', 'Ｍａｑｕｉｌａｄｏｒａ', 'Ｍａｑｕｉｌａｄｏｒａ', 'Ｍａｑｕｉｌａｄｏｒａ', 'Ｍａｑｕｉｌａｄｏｒａ', 'Ｍａｑｕｉｌａｄｏｒａ', 'Ｍａｑｕｉｌａｄｏｒａ', 'Ｍａｑｕｉｌａｄｏｒａ', 'Ｍａｑｕｉｌａｄｏｒａ', 'Ｒｅａ', 'Ｒｅａ', 'Ｒｅａ', 'Ｎａｒｃｉｓｓｕｓ', 'Ｎａｒｃｉｓｓｕｓ', 'Ｎａｒｃｉｓｓｕｓ', 'Ｎａｒｃｉｓｓｕｓ', 'Ｎａｒｃｉｓｓｕｓ', 'Ｎａｒｃｉｓｓｕｓ', 'Ｎａｒｃｉｓｓｕｓ', 'Ｎａｒｃｉｓｓｕｓ', 'Ｎａｒｃｉｓｓｕｓ', 'ａｍｅ', 'ａｍｅ', 'ａｍｅ', 'Ｐａｌａｄｉｎ', 'Ｐａｌａｄｉｎ', 'Ｐａｌａｄｉｎ', 'Ｐａｌａｄｉｎ', 'Ｐａｌａｄｉｎ', 'Ｐａｌａｄｉｎ', 'Ｐａｌａｄｉｎ', 'Ｐａｌａｄｉｎ', 'Ｐａｌａｄｉｎ', 'Ｐａｌａｄｉｎ', 'Ｐａｌａｄｉｎ', 'Ｐａｌａｄｉｎ', 'Ｐａｌａｄｉｎ', 'Ｐａｌａｄｉｎ', 'Ｓｅｒｖａｎｔ', 'Ｓｅｒｖａｎｔ', 'Ｓｅｒｖａｎｔ', 'Ｓｅｒｖａｎｔ', 'Ｓｅｒｖａｎｔ', 'Ｓｅｒｖａｎｔ', 'Ｓｅｒｖａｎｔ', 'ａｎ', 'ａｎ', 'Ｃａｌｌ', 'Ｃａｌｌ', 'Ｃａｌｌ', 'Ｃａｌｌ', 'ｔｈｅＦｏｒｇｏｔｔｅｎＡｍｂａｓｓａｄｏｒ', 'ｔｈｅＦｏｒｇｏｔｔｅｎＡｍｂａｓｓａｄｏｒ', 'ｔｈｅＦｏｒｇｏｔｔｅｎＡｍｂａｓｓａｄｏｒ', 'ｔｈｅＦｏｒｇｏｔｔｅｎＡｍｂａｓｓａｄｏｒ', 'ｔｈｅＦｏｒｇｏｔｔｅｎＡｍｂａｓｓａｄｏｒ', 'ｔｈｅＦｏｒｇｏｔｔｅｎＡｍｂａｓｓａｄｏｒ', 'ｔｈｅＦｏｒｇｏｔｔｅｎＡｍｂａｓｓａｄｏｒ', 'ｔｈｅＦｏｒｇｏｔｔｅｎＡｍｂａｓｓａｄｏｒ', 'ｔｈｅＦｏｒｇｏｔｔｅｎＡｍｂａｓｓａｄｏｒ', 'ｔｈｅＦｏｒｇｏｔｔｅｎＡｍｂａｓｓａｄｏｒ', 'ｔｈｅＦｏｒｇｏｔｔｅｎＡｍｂａｓｓａｄｏｒ', 'ｔｈｅＦｏｒｇｏｔｔｅｎＡｍｂａｓｓａｄｏｒ', 'ｔｈｅＦｏｒｇｏｔｔｅｎＡｍｂａｓｓａｄｏｒ', 'ｔｈｅＦｏｒｇｏｔｔｅｎＡｍｂａｓｓａｄｏｒ', 'ｔｈｅＦｏｒｇｏｔｔｅｎＡｍｂａｓｓａｄｏｒ', 'ｔｈｅＦｏｒｇｏｔｔｅｎＡｍｂａｓｓａｄｏｒ', 'ｔｈｅＦｏｒｇｏｔｔｅｎＡｍｂａｓｓａｄｏｒ', 'ｔｈｅＦｏｒｇｏｔｔｅｎＡｍｂａｓｓａｄｏｒ', 'ｔｈｅＦｏｒｇｏｔｔｅｎＡｍｂａｓｓａｄｏｒ', 'ｔｈｅＦｏｒｇｏｔｔｅｎＡｍｂａｓｓａｄｏｒ', 'ｔｈｅＦｏｒｇｏｔｔｅｎＡｍｂａｓｓａｄｏｒ', 'ｔｈｅＦｏｒｇｏｔｔｅｎＡｍｂａｓｓａｄｏｒ', 'ｔｈｅＦｏｒｇｏｔｔｅｎＡｍｂａｓｓａｄｏｒ', 'ｔｈｅＦｏｒｇｏｔｔｅｎＡｍｂａｓｓａｄｏｒ', 'ｔｈｅＦｏｒｇｏｔｔｅｎＡｍｂａｓｓａｄｏｒ', 'ｔｈｅＦｏｒｇｏｔｔｅｎＡｍｂａｓｓａｄｏｒ', 'ｔｈｅＦｏｒｇｏｔｔｅｎＡｍｂａｓｓａｄｏｒ', 'ｔｈｅＦｏｒｇｏｔｔｅｎＡｍｂａｓｓａｄｏｒ', 'ｔｈｅＦｏｒｇｏｔｔｅｎＡｍｂａｓｓａｄｏｒ', 'ｔｈｅＦｏｒｇｏｔｔｅｎＡｍｂａｓｓａｄｏｒ', 'ｔｈｅＦｏｒｇｏｔｔｅｎＡｍｂａｓｓａｄｏｒ', 'ｔｈｅＦｏｒｇｏｔｔｅｎＡｍｂａｓｓａｄｏｒ', 'ｔｈｅＦｏｒｇｏｔｔｅｎＡｍｂａｓｓａｄｏｒ', 'ｔｈｅＦｏｒｇｏｔｔｅｎＡｍｂａｓｓａｄｏｒ', 'ｔｈｅＦｏｒｇｏｔｔｅｎＡｍｂａｓｓａｄｏｒ', 'ｔｈｅＦｏｒｇｏｔｔｅｎＡｍｂａｓｓａｄｏｒ', 'ｔｈｅＦｏｒｇｏｔｔｅｎＡｍｂａｓｓａｄｏｒ', 'ｔｈｅＦｏｒｇｏｔｔｅｎＡｍｂａｓｓａｄｏｒ', 'ｔｈｅＦｏｒｇｏｔｔｅｎＡｍｂａｓｓａｄｏｒ', 'ｔｈｅＦｏｒｇｏｔｔｅｎＡｍｂａｓｓａｄｏｒ', 'ｔｈｅＦｏｒｇｏｔｔｅｎＡｍｂａｓｓａｄｏｒ', 'ｔｈｅＦｏｒｇｏｔｔｅｎＡｍｂａｓｓａｄｏｒ', 'ｔｈｅＦｏｒｇｏｔｔｅｎＡｍｂａｓｓａｄｏｒ', 'ｔｈｅＦｏｒｇｏｔｔｅｎＡｍｂａｓｓａｄｏｒ', 'Ｂａｓｉｃ', 'Ｂａｓｉｃ', 'Ｂａｓｉｃ', 'Ｂａｓｉｃ', 'Ｂａｓｉｃ', 'ｈｕａ', 'ｈｕａ', 'ｈｕａ']
ｎ	['ａｎｄ', 'ａｎｄ', 'ａｎｄ', 'ｃｎ', 'ｃｎ', 'ｎ', 'Ｍｉｎｉ', 'Ｍｉｎｉ', 'Ｍｉｎｉ', 'Ｍｉｎｉ', 'ｎｅｔ', 'ｎｅｔ', 'ｎｅｔ', 'Ａｓｓａｓｓｉｎ', 'Ａｓｓａｓｓｉｎ', 'Ａｓｓａｓｓｉｎ', 'Ａｓｓａｓｓｉｎ', 'Ａｓｓａｓｓｉｎ', 'Ａｓｓａｓｓｉｎ', 'Ａｓｓａｓｓｉｎ', 'Ａｓｓａｓｓｉｎ', 'Ｋｉｎ', 'Ｋｉｎ', 'Ｋｉｎ', 'Ｄｕｓｔｉｎ', 'Ｄｕｓｔｉｎ', 'Ｄｕｓｔｉｎ', 'Ｄｕｓｔｉｎ', 'Ｄｕｓｔｉｎ', 'Ｄｕｓｔｉｎ', 'ｙｎ', 'ｙｎ', 'ｎｎ', 'ｎｎ', 'ｎｎ', 'ｎｎ', 'ｕｎ', 'ｕｎ', 'ａｎｄａｎｄ', 'ａｎｄａｎｄ', 'ａｎｄａｎｄ', 'ａｎｄａｎｄ', 'ａｎｄａｎｄ', 'ａｎｄａｎｄ', 'ａｎｄａｎｄ', 'ａｎｄａｎｄ', 'ａｎｄａｎｄ', 'ａｎｄａｎｄ', 'ａｎｄａｎｄ', 'ａｎｄａｎｄ', 'Ｊｕｎｚｉｔａｎｇ', 'Ｊｕｎｚｉｔａｎｇ', 'Ｊｕｎｚｉｔａｎｇ', 'Ｊｕｎｚｉｔａｎｇ', 'Ｊｕｎｚｉｔａｎｇ', 'Ｊｕｎｚｉｔａｎｇ', 'Ｊｕｎｚｉｔａｎｇ', 'Ｊｕｎｚｉｔａｎｇ', 'Ｊｕｎｚｉｔａｎｇ', 'Ｊｕｎｚｉｔａｎｇ', 'Ｊｕｎｚｉｔａｎｇ', 'Ｊｕｎｚｉｔａｎｇ', 'Ｊｕｎｚｉｔａｎｇ', 'Ｊｕｎｚｉｔａｎｇ', 'Ｊｕｎｚｉｔａｎｇ', 'Ｊｕｎｚｉｔａｎｇ', 'Ｊｕｎｚｉｔａｎｇ', 'Ｊｕｎｚｉｔａｎｇ', 'Ａｒｄｏｎ', 'Ａｒｄｏｎ', 'Ａｒｄｏｎ', 'Ａｒｄｏｎ', 'Ａｒｄｏｎ', 'ｗｎ', 'ｗｎ', 'Ｗｉｎｄｏｗｓ', 'Ｗｉｎｄｏｗｓ', 'Ｗｉｎｄｏｗｓ', 'Ｗｉｎｄｏｗｓ', 'Ｗｉｎｄｏｗｓ', 'Ｗｉｎｄｏｗｓ', 'Ｗｉｎｄｏｗｓ', 'ｓｈｎ', 'ｓｈｎ', 'ｓｈｎ', 'ｄｎ', 'ｄｎ', 'Ｓｉｌｅｎｃｅｒ', 'Ｓｉｌｅｎｃｅｒ', 'Ｓｉｌｅｎｃｅｒ', 'Ｓｉｌｅｎｃｅｒ', 'Ｓｉｌｅｎｃｅｒ', 'Ｓｉｌｅｎｃｅｒ', 'Ｓｉｌｅｎｃｅｒ', 'Ｓｉｌｅｎｃｅｒ', 'ＣａｒｍａｎＬｉｎ', 'ＣａｒｍａｎＬｉｎ', 'ＣａｒｍａｎＬｉｎ', 'ＣａｒｍａｎＬｉｎ', 'ＣａｒｍａｎＬｉｎ', 'ＣａｒｍａｎＬｉｎ', 'ＣａｒｍａｎＬｉｎ', 'ＣａｒｍａｎＬｉｎ', 'ＣａｒｍａｎＬｉｎ', 'ＣａｒｍａｎＬｉｎ', 'ＣａｒｍａｎＬｉｎ', 'ＣａｒｍａｎＬｉｎ', 'ＣａｒｍａｎＬｉｎ', 'ＣａｒｍａｎＬｉｎ', 'ＣａｒｍａｎＬｉｎ', 'ＣａｒｍａｎＬｉｎ', 'ＣａｒｍａｎＬｉｎ', 'ＣａｒｍａｎＬｉｎ', 'ｗｗｗｎｅｔ', 'ｗｗｗｎｅｔ', 'ｗｗｗｎｅｔ', 'ｗｗｗｎｅｔ', 'ｗｗｗｎｅｔ', 'ｗｗｗｎｅｔ', 'Ｌｉｎａ', 'Ｌｉｎａ', 'Ｌｉｎａ', 'Ｌｉｎａ', 'Ｓｏｎａｘ', 'Ｓｏｎａｘ', 'Ｓｏｎａｘ', 'Ｓｏｎａｘ', 'Ｓｏｎａｘ', 'Ｃｈａｒｍａｎｔ', 'Ｃｈａｒｍａｎｔ', 'Ｃｈａｒｍａｎｔ', 'Ｃｈａｒｍａｎｔ', 'Ｃｈａｒｍａｎｔ', 'Ｃｈａｒｍａｎｔ', 'Ｃｈａｒｍａｎｔ', 'Ｃｈａｒｍａｎｔ', 'ｕｎｚｉｔａｎｇ', 'ｕｎｚｉｔａｎｇ', 'ｕｎｚｉｔａｎｇ', 'ｕｎｚｉｔａｎｇ', 'ｕｎｚｉｔａｎｇ', 'ｕｎｚｉｔａｎｇ', 'ｕｎｚｉｔａｎｇ', 'ｕｎｚｉｔａｎｇ', 'ｕｎｚｉｔａｎｇ', 'ｕｎｚｉｔａｎｇ', 'ｕｎｚｉｔａｎｇ', 'ｕｎｚｉｔａｎｇ', 'ｕｎｚｉｔａｎｇ', 'ｕｎｚｉｔａｎｇ', 'ｕｎｚｉｔａｎｇ', 'ｕｎｚｉｔａｎｇ', 'ｊｉｎ', 'ｊｉｎ', 'ｊｉｎ', 'Ｐａｌａｄｉｎ', 'Ｐａｌａｄｉｎ', 'Ｐａｌａｄｉｎ', 'Ｐａｌａｄｉｎ', 'Ｐａｌａｄｉｎ', 'Ｐａｌａｄｉｎ', 'Ｐａｌａｄｉｎ', 'Ｓｅｒｖａｎｔ', 'Ｓｅｒｖａｎｔ', 'Ｓｅｒｖａｎｔ', 'Ｓｅｒｖａｎｔ', 'Ｓｅｒｖａｎｔ', 'Ｓｅｒｖａｎｔ', 'Ｓｅｒｖａｎｔ', 'ａｎ', 'ａｎ', 'Ｉｎｔｅｌ', 'Ｉｎｔｅｌ', 'Ｉｎｔｅｌ', 'Ｉｎｔｅｌ', 'Ｉｎｔｅｌ', 'Ｉｎｔｅｒｎｅｔ', 'Ｉｎｔｅｒｎｅｔ', 'Ｉｎｔｅｒｎｅｔ', 'Ｉｎｔｅｒｎｅｔ', 'Ｉｎｔｅｒｎｅｔ', 'Ｉｎｔｅｒｎｅｔ', 'Ｉｎｔｅｒｎｅｔ', 'Ｉｎｔｅｒｎｅｔ', 'Ｉｎｔｅｒｎｅｔ', 'Ｉｎｔｅｒｎｅｔ', 'Ｉｎｔｅｒｎｅｔ', 'Ｉｎｔｅｒｎｅｔ', 'Ｉｎｔｅｒｎｅｔ', 'Ｉｎｔｅｒｎｅｔ', 'Ｉｎｔｅｒｎｅｔ', 'Ｉｎｔｅｒｎｅｔ', 'ｔｈｅＦｏｒｇｏｔｔｅｎＡｍｂａｓｓａｄｏｒ', 'ｔｈｅＦｏｒｇｏｔｔｅｎＡｍｂａｓｓａｄｏｒ', 'ｔｈｅＦｏｒｇｏｔｔｅｎＡｍｂａｓｓａｄｏｒ', 'ｔｈｅＦｏｒｇｏｔｔｅｎＡｍｂａｓｓａｄｏｒ', 'ｔｈｅＦｏｒｇｏｔｔｅｎＡｍｂａｓｓａｄｏｒ', 'ｔｈｅＦｏｒｇｏｔｔｅｎＡｍｂａｓｓａｄｏｒ', 'ｔｈｅＦｏｒｇｏｔｔｅｎＡｍｂａｓｓａｄｏｒ', 'ｔｈｅＦｏｒｇｏｔｔｅｎＡｍｂａｓｓａｄｏｒ', 'ｔｈｅＦｏｒｇｏｔｔｅｎＡｍｂａｓｓａｄｏｒ', 'ｔｈｅＦｏｒｇｏｔｔｅｎＡｍｂａｓｓａｄｏｒ', 'ｔｈｅＦｏｒｇｏｔｔｅｎＡｍｂａｓｓａｄｏｒ', 'ｔｈｅＦｏｒｇｏｔｔｅｎＡｍｂａｓｓａｄｏｒ', 'ｔｈｅＦｏｒｇｏｔｔｅｎＡｍｂａｓｓａｄｏｒ', 'ｔｈｅＦｏｒｇｏｔｔｅｎＡｍｂａｓｓａｄｏｒ', 'ｔｈｅＦｏｒｇｏｔｔｅｎＡｍｂａｓｓａｄｏｒ', 'ｔｈｅＦｏｒｇｏｔｔｅｎＡｍｂａｓｓａｄｏｒ', 'ｔｈｅＦｏｒｇｏｔｔｅｎＡｍｂａｓｓａｄｏｒ', 'ｔｈｅＦｏｒｇｏｔｔｅｎＡｍｂａｓｓａｄｏｒ', 'ｔｈｅＦｏｒｇｏｔｔｅｎＡｍｂａｓｓａｄｏｒ', 'ｔｈｅＦｏｒｇｏｔｔｅｎＡｍｂａｓｓａｄｏｒ', 'ｔｈｅＦｏｒｇｏｔｔｅｎＡｍｂａｓｓａｄｏｒ', 'ｔｈｅＦｏｒｇｏｔｔｅｎＡｍｂａｓｓａｄｏｒ', 'ｍｎ', 'ｍｎ', 'ｙｎｇ', 'ｙｎｇ', 'ｙｎｇ', 'Ｌｉｎｕｘ', 'Ｌｉｎｕｘ', 'Ｌｉｎｕｘ', 'Ｌｉｎｕｘ', 'Ｌｉｎｕｘ']
ｄ	['ａｎｄ', 'ａｎｄ', 'ａｎｄ', 'ｄｕ', 'ｄｕ', 'ｄ', 'ｄａｏ', 'ｄａｏ', 'ｄａｏ', 'ｄＵ', 'ｄＵ', 'ａｎｄａｎｄ', 'ａｎｄａｎｄ', 'ａｎｄａｎｄ', 'ａｎｄａｎｄ', 'ａｎｄａｎｄ', 'ａｎｄａｎｄ', 'ａｎｄａｎｄ', 'ａｎｄａｎｄ', 'ａｎｄａｎｄ', 'ａｎｄａｎｄ', 'ａｎｄａｎｄ', 'ａｎｄａｎｄ', 'Ａｒｄｏｎ', 'Ａｒｄｏｎ', 'Ａｒｄｏｎ', 'Ａｒｄｏｎ', 'Ａｒｄｏｎ', 'Ｗｉｎｄｏｗｓ', 'Ｗｉｎｄｏｗｓ', 'Ｗｉｎｄｏｗｓ', 'Ｗｉｎｄｏｗｓ', 'Ｗｉｎｄｏｗｓ', 'Ｗｉｎｄｏｗｓ', 'Ｗｉｎｄｏｗｓ', 'ｍｅｄｉａ', 'ｍｅｄｉａ', 'ｍｅｄｉａ', 'ｍｅｄｉａ', 'ｍｅｄｉａ', 'ｓｈｕｄａｏ', 'ｓｈｕｄａｏ', 'ｓｈｕｄａｏ', 'ｓｈｕｄａｏ', 'ｓｈｕｄａｏ', 'ｓｈｕｄａｏ', 'ｄｎ', 'ｄｎ', 'Ｍａｑｕｉｌａｄｏｒａ', 'Ｍａｑｕｉｌａｄｏｒａ', 'Ｍａｑｕｉｌａｄｏｒａ', 'Ｍａｑｕｉｌａｄｏｒａ', 'Ｍａｑｕｉｌａｄｏｒａ', 'Ｍａｑｕｉｌａｄｏｒａ', 'Ｍａｑｕｉｌａｄｏｒａ', 'Ｍａｑｕｉｌａｄｏｒａ', 'Ｍａｑｕｉｌａｄｏｒａ', 'Ｍａｑｕｉｌａｄｏｒａ', 'Ｍａｑｕｉｌａｄｏｒａ', 'Ｐａｌａｄｉｎ', 'Ｐａｌａｄｉｎ', 'Ｐａｌａｄｉｎ', 'Ｐａｌａｄｉｎ', 'Ｐａｌａｄｉｎ', 'Ｐａｌａｄｉｎ', 'Ｐａｌａｄｉｎ', 'ｔｈｅＦｏｒｇｏｔｔｅｎＡｍｂａｓｓａｄｏｒ', 'ｔｈｅＦｏｒｇｏｔｔｅｎＡｍｂａｓｓａｄｏｒ', 'ｔｈｅＦｏｒｇｏｔｔｅｎＡｍｂａｓｓａｄｏｒ', 'ｔｈｅＦｏｒｇｏｔｔｅｎＡｍｂａｓｓａｄｏｒ', 'ｔｈｅＦｏｒｇｏｔｔｅｎＡｍｂａｓｓａｄｏｒ', 'ｔｈｅＦｏｒｇｏｔｔｅｎＡｍｂａｓｓａｄｏｒ', 'ｔｈｅＦｏｒｇｏｔｔｅｎＡｍｂａｓｓａｄｏｒ', 'ｔｈｅＦｏｒｇｏｔｔｅｎＡｍｂａｓｓａｄｏｒ', 'ｔｈｅＦｏｒｇｏｔｔｅｎＡｍｂａｓｓａｄｏｒ', 'ｔｈｅＦｏｒｇｏｔｔｅｎＡｍｂａｓｓａｄｏｒ', 'ｔｈｅＦｏｒｇｏｔｔｅｎＡｍｂａｓｓａｄｏｒ', 'ｔｈｅＦｏｒｇｏｔｔｅｎＡｍｂａｓｓａｄｏｒ', 'ｔｈｅＦｏｒｇｏｔｔｅｎＡｍｂａｓｓａｄｏｒ', 'ｔｈｅＦｏｒｇｏｔｔｅｎＡｍｂａｓｓａｄｏｒ', 'ｔｈｅＦｏｒｇｏｔｔｅｎＡｍｂａｓｓａｄｏｒ', 'ｔｈｅＦｏｒｇｏｔｔｅｎＡｍｂａｓｓａｄｏｒ', 'ｔｈｅＦｏｒｇｏｔｔｅｎＡｍｂａｓｓａｄｏｒ', 'ｔｈｅＦｏｒｇｏｔｔｅｎＡｍｂａｓｓａｄｏｒ', 'ｔｈｅＦｏｒｇｏｔｔｅｎＡｍｂａｓｓａｄｏｒ', 'ｔｈｅＦｏｒｇｏｔｔｅｎＡｍｂａｓｓａｄｏｒ', 'ｔｈｅＦｏｒｇｏｔｔｅｎＡｍｂａｓｓａｄｏｒ', 'ｔｈｅＦｏｒｇｏｔｔｅｎＡｍｂａｓｓａｄｏｒ', 'Ｇｄｅｃｋｅ', 'Ｇｄｅｃｋｅ', 'Ｇｄｅｃｋｅ', 'Ｇｄｅｃｋｅ', 'Ｇｄｅｃｋｅ', 'Ｇｄｅｃｋｅ', 'Ｂｒｅｗｅｒｅｄ', 'Ｂｒｅｗｅｒｅｄ', 'Ｂｒｅｗｅｒｅｄ', 'Ｂｒｅｗｅｒｅｄ', 'Ｂｒｅｗｅｒｅｄ', 'Ｂｒｅｗｅｒｅｄ', 'Ｂｒｅｗｅｒｅｄ', 'Ｂｒｅｗｅｒｅｄ']
鎏	['鎏']
剉	['剉']
哊	['哊']
⑨	['⑨']
←	['←']
℃	['℃']
ω	['ω']
f	['font-size', 'font-size', 'font-size', 'font-family', 'font-family', 'font-family', 'font-family', 'font-family', 'font-family', '\x0ef', '\x0ef', 'sans-serif', 'sans-serif', 'sans-serif', 'border-left-color', 'border-left-color', 'border-left-color', 'border-left-color', 'border-left-color', 'rM-rf', 'rM-rf', 'rM-rf', '?f', '?f', 'border-left-style', 'border-left-style', 'border-left-style', 'border-left-style', 'border-left-style', 'f-N', 'f-N', 'f-N', 'close-ref', 'close-ref', 'close-ref']
s	['font-size', 'font-size', 'font-size', 'shiliu-k', 'shiliu-k', 'shiliu-k', 'sans-serif', 'sans-serif', 'sans-serif', 'sans-serif', 'sans-serif', 'sans-serif', 'sans-serif', 'sans-serif', 'sans-serif', 'stay-night', 'stay-night', 'stay-night', '\x1ds', '\x1ds', 'M-Geschss', 'M-Geschss', 'M-Geschss', 'M-Geschss', 'M-Geschss', 'M-Geschss', 'M-Geschss', 'M-Geschss', 'M-Geschss', 'border-left-style', 'border-left-style', 'border-left-style', 'border-left-style', 'border-left-style', 'easy-cn', 'easy-cn', 'easy-cn', 'Rolls-Royce', 'Rolls-Royce', 'Rolls-Royce', 'close-ref', 'close-ref', 'close-ref', 'Hsun-tzu', 'Hsun-tzu', 'Hsun-tzu']
z	['font-size', 'font-size', 'font-size', 'z-index', 'z-index', 'z-index', '\x1aztY', '\x1aztY', '\x1c\x1aztY', '\x1c\x1aztY', '\x1c\x1aztY', 'Chuang-tzu', 'Chuang-tzu', 'Chuang-tzu', '\x1d\x1c\x1aztY', '\x1d\x1c\x1aztY', '\x1d\x1c\x1aztY', '\x1d\x1c\x1aztY', 'Hsun-tzu', 'Hsun-tzu', 'Hsun-tzu']
	['\x1a?', '\x1a?', '\x1a', '\x1aO', '\x1aO', '\x1aY', '\x1aY', '\x1aztY', '\x1aztY', '\x1c\x1aztY', '\x1c\x1aztY', '\x1c\x1aztY', '\x1au', '\x1au', '\x1aR', '\x1aR', '\x1d\x1c\x1aztY', '\x1d\x1c\x1aztY', '\x1d\x1c\x1aztY', '\x1d\x1c\x1aztY']
▲	['▲']
κ	['κ']
Ｈ	['Ｈ', 'ＨＩＶ', 'ＨＩＶ', 'ＨＩＶ', 'ＳＨ', 'ＳＨ', 'ＨＥＬＬ', 'ＨＥＬＬ', 'ＨＥＬＬ', 'ＨＥＬＬ', 'ＳＨＥＲＡ', 'ＳＨＥＲＡ', 'ＳＨＥＲＡ', 'ＳＨＥＲＡ', 'ＳＨＥＲＡ', 'ＨＰ', 'ＨＰ', 'Ｈｅｒｍｉｔ', 'Ｈｅｒｍｉｔ', 'Ｈｅｒｍｉｔ', 'Ｈｅｒｍｉｔ', 'Ｈｅｒｍｉｔ', 'Ｈｅｒｍｉｔ', 'ＫＲＨ', 'ＫＲＨ', 'ＫＲＨ', 'ＨＳ', 'ＨＳ', 'ＨＢ', 'ＨＢ', 'ＡＨ', 'ＡＨ', 'ＤＨ', 'ＤＨ', 'ＨＡＮＺ', 'ＨＡＮＺ', 'ＨＡＮＺ', 'ＨＡＮＺ', 'ＤＨＬ', 'ＤＨＬ', 'ＤＨＬ', 'ＨＥＲＯ', 'ＨＥＲＯ', 'ＨＥＲＯ', 'ＨＥＲＯ', 'ＣＨＸ', 'ＣＨＸ', 'ＣＨＸ', 'ＰＨＳ', 'ＰＨＳ', 'ＰＨＳ', 'ＨＹ', 'ＨＹ', 'ＨＳＭＣ', 'ＨＳＭＣ', 'ＨＳＭＣ', 'ＨＳＭＣ', 'ＪＨ', 'ＪＨ', 'ＳＨＩＴ', 'ＳＨＩＴ', 'ＳＨＩＴ', 'ＳＨＩＴ', 'ＨＡ', 'ＨＡ', 'ＺＨ', 'ＺＨ', 'ＣＨＩＮＡ', 'ＣＨＩＮＡ', 'ＣＨＩＮＡ', 'ＣＨＩＮＡ', 'ＣＨＩＮＡ', 'ＯＨ', 'ＯＨ', 'ＣＨ', 'ＣＨ', 'ＨＩ', 'ＨＩ', 'Ｈｉ', 'Ｈｉ', 'ＨＡＯ', 'ＨＡＯ', 'ＨＡＯ', 'ＭＨ', 'ＭＨ', 'ＢＨ', 'ＢＨ', 'ＨＷ', 'ＨＷ', 'ＮＨ', 'ＮＨ', 'ＨＰＬ', 'ＨＰＬ', 'ＨＰＬ', 'ＱＨ', 'ＱＨ', 'ＶＭＨ', 'ＶＭＨ', 'ＶＭＨ', 'ＨＺ', 'ＨＺ', 'ＷＵＳＨＩ', 'ＷＵＳＨＩ', 'ＷＵＳＨＩ', 'ＷＵＳＨＩ', 'ＷＵＳＨＩ', 'ＡＦＨ', 'ＡＦＨ', 'ＡＦＨ', 'ＨＯＨＯ', 'ＨＯＨＯ', 'ＨＯＨＯ', 'ＨＯＨＯ', 'ＨＯＨＯ', 'ＨＯＨＯ', 'ＨＯＨＯ', 'ＨＯＨＯ', 'ＨＡＰＰＹ', 'ＨＡＰＰＹ', 'ＨＡＰＰＹ', 'ＨＡＰＰＹ', 'ＨＡＰＰＹ', 'ＲＵＳＨ', 'ＲＵＳＨ', 'ＲＵＳＨ', 'ＲＵＳＨ']
Ⅱ	['Ⅱ']
Ｏ	['ＢＯＳＳ', 'ＢＯＳＳ', 'ＢＯＳＳ', 'ＢＯＳＳ', 'Ｏ', 'ＯＣＲ', 'ＯＣＲ', 'ＯＣＲ', 'ＯＭ', 'ＯＭ', 'ｃＯｍ', 'ｃＯｍ', 'ｃＯｍ', 'ＯＫ', 'ＯＫ', 'ＯＰ', 'ＯＰ', 'ＣＥＯ', 'ＣＥＯ', 'ＣＥＯ', 'ＮＯ', 'ＮＯ', 'ＤＥＭＯ', 'ＤＥＭＯ', 'ＤＥＭＯ', 'ＤＥＭＯ', 'ＯＭＧ', 'ＯＭＧ', 'ＯＭＧ', 'ＷＴＯ', 'ＷＴＯ', 'ＷＴＯ', 'ＯＯ', 'ＯＯ', 'ＯＯ', 'ＯＯ', 'ＳＯＳ', 'ＳＯＳ', 'ＳＯＳ', 'ＣＯＤ', 'ＣＯＤ', 'ＣＯＤ', 'ｃＯ', 'ｃＯ', 'ＡＷＯＲＤ', 'ＡＷＯＲＤ', 'ＡＷＯＲＤ', 'ＡＷＯＲＤ', 'ＡＷＯＲＤ', 'ＫＹＯＵＫＯ', 'ＫＹＯＵＫＯ', 'ＫＹＯＵＫＯ', 'ＫＹＯＵＫＯ', 'ＫＹＯＵＫＯ', 'ＫＹＯＵＫＯ', 'ＫＹＯＵＫＯ', 'ＫＹＯＵＫＯ', 'ＫＹＯＵＫＯ', 'ＫＹＯＵＫＯ', 'ＫＹＯＵＫＯ', 'ＫＹＯＵＫＯ', 'ＬＯＬＩ', 'ＬＯＬＩ', 'ＬＯＬＩ', 'ＬＯＬＩ', 'ＴＯＷＥＲ', 'ＴＯＷＥＲ', 'ＴＯＷＥＲ', 'ＴＯＷＥＲ', 'ＴＯＷＥＲ', 'ＯＫＰＯＷＥＲ', 'ＯＫＰＯＷＥＲ', 'ＯＫＰＯＷＥＲ', 'ＯＫＰＯＷＥＲ', 'ＯＫＰＯＷＥＲ', 'ＯＫＰＯＷＥＲ', 'ＯＫＰＯＷＥＲ', 'ＯＫＰＯＷＥＲ', 'ＯＫＰＯＷＥＲ', 'ＯＫＰＯＷＥＲ', 'ＯＫＰＯＷＥＲ', 'ＯＫＰＯＷＥＲ', 'ＯＫＰＯＷＥＲ', 'ＯＫＰＯＷＥＲ', 'ＯＫＦＩＲＥ', 'ＯＫＦＩＲＥ', 'ＯＫＦＩＲＥ', 'ＯＫＦＩＲＥ', 'ＯＫＦＩＲＥ', 'ＯＫＦＩＲＥ', 'ＣＯＭ', 'ＣＯＭ', 'ＣＯＭ', 'ＯＢＶ', 'ＯＢＶ', 'ＯＢＶ', 'ＳＯＫＥ', 'ＳＯＫＥ', 'ＳＯＫＥ', 'ＳＯＫＥ', 'ＯＢＯＳ', 'ＯＢＯＳ', 'ＯＢＯＳ', 'ＯＢＯＳ', 'ＯＢＯＳ', 'ＯＢＯＳ', 'ＯＢＯＳ', 'ＯＢＯＳ', 'ＩＳＯ', 'ＩＳＯ', 'ＩＳＯ', 'ＯＤ', 'ＯＤ', 'ＰＯＳＥ', 'ＰＯＳＥ', 'ＰＯＳＥ', 'ＰＯＳＥ', 'ＸＯ', 'ＸＯ', 'ＳＫＩＬＴＯ', 'ＳＫＩＬＴＯ', 'ＳＫＩＬＴＯ', 'ＳＫＩＬＴＯ', 'ＳＫＩＬＴＯ', 'ＳＫＩＬＴＯ', 'ＯＸ', 'ＯＸ', 'ＨＥＲＯ', 'ＨＥＲＯ', 'ＨＥＲＯ', 'ＨＥＲＯ', 'ＯＲＺ', 'ＯＲＺ', 'ＯＲＺ', 'ＺＩＰＰＯ', 'ＺＩＰＰＯ', 'ＺＩＰＰＯ', 'ＺＩＰＰＯ', 'ＺＩＰＰＯ', 'ＷＥＯ', 'ＷＥＯ', 'ＷＥＯ', 'ＯＴＣ', 'ＯＴＣ', 'ＯＴＣ', 'ＣＯ', 'ＣＯ', 'ＰＯＰ', 'ＰＯＰ', 'ＰＯＰ', 'ＸＸＯＯ', 'ＸＸＯＯ', 'ＸＸＯＯ', 'ＸＸＯＯ', 'ＸＸＯＯ', 'ＸＸＯＯ', 'ＸＸＯＯ', 'ＸＸＯＯ', 'ＲＯＹ', 'ＲＯＹ', 'ＲＯＹ', 'ＷＰＳＯｆｆｉｃｅ', 'ＷＰＳＯｆｆｉｃｅ', 'ＷＰＳＯｆｆｉｃｅ', 'ＷＰＳＯｆｆｉｃｅ', 'ＷＰＳＯｆｆｉｃｅ', 'ＷＰＳＯｆｆｉｃｅ', 'ＷＰＳＯｆｆｉｃｅ', 'ＷＰＳＯｆｆｉｃｅ', 'ＷＰＳＯｆｆｉｃｅ', 'ＧＯ', 'ＧＯ', 'ＫＯ', 'ＫＯ', 'ＯＬ', 'ＯＬ', 'ＯＨ', 'ＯＨ', 'ＣＯＳ', 'ＣＯＳ', 'ＣＯＳ', 'ＯＥＭ', 'ＯＥＭ', 'ＯＥＭ', 'ＨＡＯ', 'ＨＡＯ', 'ＨＡＯ', 'ＤＯＳ', 'ＤＯＳ', 'ＤＯＳ', 'Ｏｍ', 'Ｏｍ', 'ＯＳＩ', 'ＯＳＩ', 'ＯＳＩ', 'ＳＯＮＹ', 'ＳＯＮＹ', 'ＳＯＮＹ', 'ＳＯＮＹ', 'ＯＳ', 'ＯＳ', 'ＵＦＯ', 'ＵＦＯ', 'ＵＦＯ', 'ＰＯＳＳ', 'ＰＯＳＳ', 'ＰＯＳＳ', 'ＰＯＳＳ', 'ＨＯＨＯ', 'ＨＯＨＯ', 'ＨＯＨＯ', 'ＨＯＨＯ', 'ＨＯＨＯ', 'ＨＯＨＯ', 'ＨＯＨＯ', 'ＨＯＨＯ', 'ＷＯＷ', 'ＷＯＷ', 'ＷＯＷ', 'ＭＵＴＡＴＩＯＮ', 'ＭＵＴＡＴＩＯＮ', 'ＭＵＴＡＴＩＯＮ', 'ＭＵＴＡＴＩＯＮ', 'ＭＵＴＡＴＩＯＮ', 'ＭＵＴＡＴＩＯＮ', 'ＭＵＴＡＴＩＯＮ', 'ＭＵＴＡＴＩＯＮ', 'ｃＯＭ', 'ｃＯＭ', 'ｃＯＭ']
2	['20％', '20％', '200％', '200％', '120％', '120％', '2．5％', '2．5％', '2．5％', '2．5％', '2‰', '2‰', '02％', '02％']
％	['20％', '20％', '10％', '10％', '50％', '50％', '30％', '30％', '80％', '80％', '40％', '40％', '90％', '90％', '60％', '60％', '100％', '100％', '70％', '70％', '0％', '0％', '200％', '200％', '120％', '120％', '150％', '150％', '300％', '300％', '0．5％', '0．5％', '0．5％', '0．5％', '2．5％', '2．5％', '2．5％', '2．5％', '1．5％', '1．5％', '1．5％', '1．5％', '01％', '01％', '９．５％', '９．５％', '９．５％', '９．５％', '400％', '400％', '02％', '02％', '3．5％', '3．5％', '3．5％', '3．5％', '03％', '03％', '500％', '500％', '0．3％', '0．3％', '0．3％', '0．3％', '7．5％', '7．5％', '7．5％', '7．5％', '０．５％', '０．５％', '０．５％', '０．５％', '4．3％', '4．3％', '4．3％', '4．3％', '06％', '06％', '05％', '05％', '130％', '130％', '0．8％', '0．8％', '0．8％', '0．8％', '１．５％', '１．５％', '１．５％', '１．５％']
1	['10％', '10％', '100％', '100％', '1‰', '1‰', '120％', '120％', '150％', '150％', '1．5％', '1．5％', '1．5％', '1．5％', '01％', '01％', '130％', '130％', '\x1c1', '\x1c1']
〓	['〓']
◎	['◎']
顒	['顒']
Ｘ	['Ｘ', 'ＸＧ', 'ＸＧ', 'Ｘｓ', 'Ｘｓ', 'ＸＸ', 'ＸＸ', 'ＸＸ', 'ＸＸ', 'ＸＸＸ', 'ＸＸＸ', 'ＸＸＸ', 'ＸＸＸ', 'ＸＸＸ', 'ＸＸＸ', 'ＸＸＸ', 'ＸＸＸ', 'ＸＸＸ', 'ＸＫＩＮＧ', 'ＸＫＩＮＧ', 'ＸＫＩＮＧ', 'ＸＫＩＮＧ', 'ＸＫＩＮＧ', 'ＬＸ', 'ＬＸ', 'ＲＥＭＡＸ', 'ＲＥＭＡＸ', 'ＲＥＭＡＸ', 'ＲＥＭＡＸ', 'ＲＥＭＡＸ', 'ＡＤＸ', 'ＡＤＸ', 'ＡＤＸ', 'ｋＸＳ', 'ｋＸＳ', 'ｋＸＳ', 'ＸＥ', 'ＸＥ', 'ＺＸ', 'ＺＸ', 'ＸＹ', 'ＸＹ', 'ＸＴ', 'ＸＴ', 'ＸＯ', 'ＸＯ', 'ＯＸ', 'ＯＸ', 'ＸＲ', 'ＸＲ', 'ＣＨＸ', 'ＣＨＸ', 'ＣＨＸ', 'ＸＪ', 'ＸＪ', 'ＤＸ', 'ＤＸ', 'ＸＸＯＯ', 'ＸＸＯＯ', 'ＸＸＯＯ', 'ＸＸＯＯ', 'ＸＸＯＯ', 'ＸＸＯＯ', 'ＸＸＯＯ', 'ＸＸＯＯ', 'ＮＸ', 'ＮＸ', 'ＷＸ', 'ＷＸ', 'ＧＸ', 'ＧＸ', 'ＳＥＸ', 'ＳＥＸ', 'ＳＥＸ', 'ＢＸ', 'ＢＸ', 'ＡＤＸＲ', 'ＡＤＸＲ', 'ＡＤＸＲ', 'ＡＤＸＲ', 'ＸＸＸＸ', 'ＸＸＸＸ', 'ＸＸＸＸ', 'ＸＸＸＸ', 'ＸＸＸＸ', 'ＸＸＸＸ', 'ＸＸＸＸ', 'ＸＸＸＸ', 'ＸＸＸＸ', 'ＸＸＸＸ', 'ＸＸＸＸ', 'ＸＸＸＸ', 'ＸＸＸＸ', 'ＸＸＸＸ', 'ＸＸＸＸ', 'ＸＸＸＸ', 'Ｘｔ', 'Ｘｔ', 'ＡＸＥ', 'ＡＸＥ', 'ＡＸＥ']
ｏ	['ｏ', 'ｏｍ', 'ｏｍ', 'ｃｏｍ', 'ｃｏｍ', 'ｃｏｍ', 'ｂｏｓｓ', 'ｂｏｓｓ', 'ｂｏｓｓ', 'ｂｏｓｓ', 'ｄａｏ', 'ｄａｏ', 'ｄａｏ', 'Ｅｃｈｏ', 'Ｅｃｈｏ', 'Ｅｃｈｏ', 'Ｅｃｈｏ', 'Ｄａｏ', 'Ｄａｏ', 'Ｄａｏ', 'Ａｒｄｏｎ', 'Ａｒｄｏｎ', 'Ａｒｄｏｎ', 'Ａｒｄｏｎ', 'Ａｒｄｏｎ', 'ｃｏ', 'ｃｏ', 'Ｃｏ', 'Ｃｏ', 'Ｙａｈｏｏ', 'Ｙａｈｏｏ', 'Ｙａｈｏｏ', 'Ｙａｈｏｏ', 'Ｙａｈｏｏ', 'Ｙａｈｏｏ', 'Ｙａｈｏｏ', 'Ｙａｈｏｏ', 'Ｙａｈｏｏ', 'Ｙａｈｏｏ', 'Ｗｉｎｄｏｗｓ', 'Ｗｉｎｄｏｗｓ', 'Ｗｉｎｄｏｗｓ', 'Ｗｉｎｄｏｗｓ', 'Ｗｉｎｄｏｗｓ', 'Ｗｉｎｄｏｗｓ', 'Ｗｉｎｄｏｗｓ', 'Ｃｏｍ', 'Ｃｏｍ', 'Ｃｏｍ', 'ｓｈｕｄａｏ', 'ｓｈｕｄａｏ', 'ｓｈｕｄａｏ', 'ｓｈｕｄａｏ', 'ｓｈｕｄａｏ', 'ｓｈｕｄａｏ', 'ｏＭ', 'ｏＭ', 'ｗｏｅ', 'ｗｏｅ', 'ｗｏｅ', 'Ｓｏｎａｘ', 'Ｓｏｎａｘ', 'Ｓｏｎａｘ', 'Ｓｏｎａｘ', 'Ｓｏｎａｘ', 'ｏｏ', 'ｏｏ', 'ｏｏ', 'ｏｏ', 'Ｍａｑｕｉｌａｄｏｒａ', 'Ｍａｑｕｉｌａｄｏｒａ', 'Ｍａｑｕｉｌａｄｏｒａ', 'Ｍａｑｕｉｌａｄｏｒａ', 'Ｍａｑｕｉｌａｄｏｒａ', 'Ｍａｑｕｉｌａｄｏｒａ', 'Ｍａｑｕｉｌａｄｏｒａ', 'Ｍａｑｕｉｌａｄｏｒａ', 'Ｍａｑｕｉｌａｄｏｒａ', 'Ｍａｑｕｉｌａｄｏｒａ', 'Ｍａｑｕｉｌａｄｏｒａ', 'ｔｈｅＦｏｒｇｏｔｔｅｎＡｍｂａｓｓａｄｏｒ', 'ｔｈｅＦｏｒｇｏｔｔｅｎＡｍｂａｓｓａｄｏｒ', 'ｔｈｅＦｏｒｇｏｔｔｅｎＡｍｂａｓｓａｄｏｒ', 'ｔｈｅＦｏｒｇｏｔｔｅｎＡｍｂａｓｓａｄｏｒ', 'ｔｈｅＦｏｒｇｏｔｔｅｎＡｍｂａｓｓａｄｏｒ', 'ｔｈｅＦｏｒｇｏｔｔｅｎＡｍｂａｓｓａｄｏｒ', 'ｔｈｅＦｏｒｇｏｔｔｅｎＡｍｂａｓｓａｄｏｒ', 'ｔｈｅＦｏｒｇｏｔｔｅｎＡｍｂａｓｓａｄｏｒ', 'ｔｈｅＦｏｒｇｏｔｔｅｎＡｍｂａｓｓａｄｏｒ', 'ｔｈｅＦｏｒｇｏｔｔｅｎＡｍｂａｓｓａｄｏｒ', 'ｔｈｅＦｏｒｇｏｔｔｅｎＡｍｂａｓｓａｄｏｒ', 'ｔｈｅＦｏｒｇｏｔｔｅｎＡｍｂａｓｓａｄｏｒ', 'ｔｈｅＦｏｒｇｏｔｔｅｎＡｍｂａｓｓａｄｏｒ', 'ｔｈｅＦｏｒｇｏｔｔｅｎＡｍｂａｓｓａｄｏｒ', 'ｔｈｅＦｏｒｇｏｔｔｅｎＡｍｂａｓｓａｄｏｒ', 'ｔｈｅＦｏｒｇｏｔｔｅｎＡｍｂａｓｓａｄｏｒ', 'ｔｈｅＦｏｒｇｏｔｔｅｎＡｍｂａｓｓａｄｏｒ', 'ｔｈｅＦｏｒｇｏｔｔｅｎＡｍｂａｓｓａｄｏｒ', 'ｔｈｅＦｏｒｇｏｔｔｅｎＡｍｂａｓｓａｄｏｒ', 'ｔｈｅＦｏｒｇｏｔｔｅｎＡｍｂａｓｓａｄｏｒ', 'ｔｈｅＦｏｒｇｏｔｔｅｎＡｍｂａｓｓａｄｏｒ', 'ｔｈｅＦｏｒｇｏｔｔｅｎＡｍｂａｓｓａｄｏｒ', 'ｔｈｅＦｏｒｇｏｔｔｅｎＡｍｂａｓｓａｄｏｒ', 'ｔｈｅＦｏｒｇｏｔｔｅｎＡｍｂａｓｓａｄｏｒ', 'ｔｈｅＦｏｒｇｏｔｔｅｎＡｍｂａｓｓａｄｏｒ', 'ｔｈｅＦｏｒｇｏｔｔｅｎＡｍｂａｓｓａｄｏｒ', 'ｔｈｅＦｏｒｇｏｔｔｅｎＡｍｂａｓｓａｄｏｒ', 'ｔｈｅＦｏｒｇｏｔｔｅｎＡｍｂａｓｓａｄｏｒ', 'ｔｈｅＦｏｒｇｏｔｔｅｎＡｍｂａｓｓａｄｏｒ', 'ｔｈｅＦｏｒｇｏｔｔｅｎＡｍｂａｓｓａｄｏｒ', 'ｔｈｅＦｏｒｇｏｔｔｅｎＡｍｂａｓｓａｄｏｒ', 'ｔｈｅＦｏｒｇｏｔｔｅｎＡｍｂａｓｓａｄｏｒ', 'ｔｈｅＦｏｒｇｏｔｔｅｎＡｍｂａｓｓａｄｏｒ', 'ｔｈｅＦｏｒｇｏｔｔｅｎＡｍｂａｓｓａｄｏｒ', 'ｔｈｅＦｏｒｇｏｔｔｅｎＡｍｂａｓｓａｄｏｒ', 'ｔｈｅＦｏｒｇｏｔｔｅｎＡｍｂａｓｓａｄｏｒ', 'ｔｈｅＦｏｒｇｏｔｔｅｎＡｍｂａｓｓａｄｏｒ', 'ｔｈｅＦｏｒｇｏｔｔｅｎＡｍｂａｓｓａｄｏｒ', 'ｔｈｅＦｏｒｇｏｔｔｅｎＡｍｂａｓｓａｄｏｒ', 'ｔｈｅＦｏｒｇｏｔｔｅｎＡｍｂａｓｓａｄｏｒ', 'ｔｈｅＦｏｒｇｏｔｔｅｎＡｍｂａｓｓａｄｏｒ', 'ｔｈｅＦｏｒｇｏｔｔｅｎＡｍｂａｓｓａｄｏｒ', 'ｔｈｅＦｏｒｇｏｔｔｅｎＡｍｂａｓｓａｄｏｒ', 'ｔｈｅＦｏｒｇｏｔｔｅｎＡｍｂａｓｓａｄｏｒ', 'ｔｈｅＦｏｒｇｏｔｔｅｎＡｍｂａｓｓａｄｏｒ', 'ｔｈｅＦｏｒｇｏｔｔｅｎＡｍｂａｓｓａｄｏｒ', 'ｔｈｅＦｏｒｇｏｔｔｅｎＡｍｂａｓｓａｄｏｒ', 'ｔｈｅＦｏｒｇｏｔｔｅｎＡｍｂａｓｓａｄｏｒ', 'ｔｈｅＦｏｒｇｏｔｔｅｎＡｍｂａｓｓａｄｏｒ', 'ｔｈｅＦｏｒｇｏｔｔｅｎＡｍｂａｓｓａｄｏｒ', 'ｔｈｅＦｏｒｇｏｔｔｅｎＡｍｂａｓｓａｄｏｒ', 'ｔｈｅＦｏｒｇｏｔｔｅｎＡｍｂａｓｓａｄｏｒ', 'ｔｈｅＦｏｒｇｏｔｔｅｎＡｍｂａｓｓａｄｏｒ', 'ｔｈｅＦｏｒｇｏｔｔｅｎＡｍｂａｓｓａｄｏｒ', 'ｔｈｅＦｏｒｇｏｔｔｅｎＡｍｂａｓｓａｄｏｒ', 'ｔｈｅＦｏｒｇｏｔｔｅｎＡｍｂａｓｓａｄｏｒ', 'ｔｈｅＦｏｒｇｏｔｔｅｎＡｍｂａｓｓａｄｏｒ', 'ｔｈｅＦｏｒｇｏｔｔｅｎＡｍｂａｓｓａｄｏｒ', 'ｔｈｅＦｏｒｇｏｔｔｅｎＡｍｂａｓｓａｄｏｒ', 'ｔｈｅＦｏｒｇｏｔｔｅｎＡｍｂａｓｓａｄｏｒ', 'ｔｈｅＦｏｒｇｏｔｔｅｎＡｍｂａｓｓａｄｏｒ', 'ｔｈｅＦｏｒｇｏｔｔｅｎＡｍｂａｓｓａｄｏｒ', 'ｔｈｅＦｏｒｇｏｔｔｅｎＡｍｂａｓｓａｄｏｒ', 'ｔｈｅＦｏｒｇｏｔｔｅｎＡｍｂａｓｓａｄｏｒ', 'ｔｈｅＦｏｒｇｏｔｔｅｎＡｍｂａｓｓａｄｏｒ', 'ｔｈｅＦｏｒｇｏｔｔｅｎＡｍｂａｓｓａｄｏｒ', 'Ｋｏｏ', 'Ｋｏｏ', 'Ｋｏｏ', 'Ｋｏｏ', 'Ｋｏｏ', 'Ｋｏｏ']
砦	['砦']
⑩	['⑩']
＆	['＆']
◇	['◇']
ｍ	['ｍ', 'ｃＯｍ', 'ｃＯｍ', 'ｃＯｍ', 'ｏｍ', 'ｏｍ', 'ｍｍ', 'ｍｍ', 'ｍｍ', 'ｍｍ', 'ｃｏｍ', 'ｃｏｍ', 'ｃｏｍ', 'ｍａ', 'ｍａ', 'ａｍ', 'ａｍ', 'Ｊａｍｅｓ', 'Ｊａｍｅｓ', 'Ｊａｍｅｓ', 'Ｊａｍｅｓ', 'Ｊａｍｅｓ', 'Ｈｅｒｍｉｔ', 'Ｈｅｒｍｉｔ', 'Ｈｅｒｍｉｔ', 'Ｈｅｒｍｉｔ', 'Ｈｅｒｍｉｔ', 'Ｈｅｒｍｉｔ', 'ｍｃ', 'ｍｃ', 'ｃｍ', 'ｃｍ', 'ｓａｍａ', 'ｓａｍａ', 'ｓａｍａ', 'ｓａｍａ', 'ｍｅ', 'ｍｅ', 'Ｃｏｍ', 'Ｃｏｍ', 'Ｃｏｍ', 'ｍｅｄｉａ', 'ｍｅｄｉａ', 'ｍｅｄｉａ', 'ｍｅｄｉａ', 'ｍｅｄｉａ', 'ｍｚ', 'ｍｚ', 'ＣａｒｍａｎＬｉｎ', 'ＣａｒｍａｎＬｉｎ', 'ＣａｒｍａｎＬｉｎ', 'ＣａｒｍａｎＬｉｎ', 'ＣａｒｍａｎＬｉｎ', 'ＣａｒｍａｎＬｉｎ', 'ＣａｒｍａｎＬｉｎ', 'ＣａｒｍａｎＬｉｎ', 'ＣａｒｍａｎＬｉｎ', 'Ｃｈａｒｍａｎｔ', 'Ｃｈａｒｍａｎｔ', 'Ｃｈａｒｍａｎｔ', 'Ｃｈａｒｍａｎｔ', 'Ｃｈａｒｍａｎｔ', 'Ｃｈａｒｍａｎｔ', 'Ｃｈａｒｍａｎｔ', 'Ｃｈａｒｍａｎｔ', 'Ｏｍ', 'Ｏｍ', 'ａｍｅ', 'ａｍｅ', 'ａｍｅ', 'ｔｈｅＦｏｒｇｏｔｔｅｎＡｍｂａｓｓａｄｏｒ', 'ｔｈｅＦｏｒｇｏｔｔｅｎＡｍｂａｓｓａｄｏｒ', 'ｔｈｅＦｏｒｇｏｔｔｅｎＡｍｂａｓｓａｄｏｒ', 'ｔｈｅＦｏｒｇｏｔｔｅｎＡｍｂａｓｓａｄｏｒ', 'ｔｈｅＦｏｒｇｏｔｔｅｎＡｍｂａｓｓａｄｏｒ', 'ｔｈｅＦｏｒｇｏｔｔｅｎＡｍｂａｓｓａｄｏｒ', 'ｔｈｅＦｏｒｇｏｔｔｅｎＡｍｂａｓｓａｄｏｒ', 'ｔｈｅＦｏｒｇｏｔｔｅｎＡｍｂａｓｓａｄｏｒ', 'ｔｈｅＦｏｒｇｏｔｔｅｎＡｍｂａｓｓａｄｏｒ', 'ｔｈｅＦｏｒｇｏｔｔｅｎＡｍｂａｓｓａｄｏｒ', 'ｔｈｅＦｏｒｇｏｔｔｅｎＡｍｂａｓｓａｄｏｒ', 'ｔｈｅＦｏｒｇｏｔｔｅｎＡｍｂａｓｓａｄｏｒ', 'ｔｈｅＦｏｒｇｏｔｔｅｎＡｍｂａｓｓａｄｏｒ', 'ｔｈｅＦｏｒｇｏｔｔｅｎＡｍｂａｓｓａｄｏｒ', 'ｔｈｅＦｏｒｇｏｔｔｅｎＡｍｂａｓｓａｄｏｒ', 'ｔｈｅＦｏｒｇｏｔｔｅｎＡｍｂａｓｓａｄｏｒ', 'ｔｈｅＦｏｒｇｏｔｔｅｎＡｍｂａｓｓａｄｏｒ', 'ｔｈｅＦｏｒｇｏｔｔｅｎＡｍｂａｓｓａｄｏｒ', 'ｔｈｅＦｏｒｇｏｔｔｅｎＡｍｂａｓｓａｄｏｒ', 'ｔｈｅＦｏｒｇｏｔｔｅｎＡｍｂａｓｓａｄｏｒ', 'ｔｈｅＦｏｒｇｏｔｔｅｎＡｍｂａｓｓａｄｏｒ', 'ｔｈｅＦｏｒｇｏｔｔｅｎＡｍｂａｓｓａｄｏｒ', 'ｍｎ', 'ｍｎ']
ˇ	['ˇ']
5	['50％', '50％', '150％', '150％', '0．5％', '0．5％', '0．5％', '0．5％', '2．5％', '2．5％', '2．5％', '2．5％', '1．5％', '1．5％', '1．5％', '1．5％', '5‰', '5‰', '\x1c5', '\x1c5', '3．5％', '3．5％', '3．5％', '3．5％', '500％', '500％', '7．5％', '7．5％', '7．5％', '7．5％', '05％', '05％']
Ｍ	['Ｍ', 'ＯＭ', 'ＯＭ', 'Ｍｉｎｉ', 'Ｍｉｎｉ', 'Ｍｉｎｉ', 'Ｍｉｎｉ', 'ＭＭ', 'ＭＭ', 'ＭＭ', 'ＭＭ', 'ＧＭ', 'ＧＭ', 'ＩＢＭ', 'ＩＢＭ', 'ＩＢＭ', 'ＭＰ', 'ＭＰ', 'ＰＭＦ', 'ＰＭＦ', 'ＰＭＦ', 'ＴＭＤ', 'ＴＭＤ', 'ＴＭＤ', 'ＭＩ', 'ＭＩ', 'ＲＥＭＡＸ', 'ＲＥＭＡＸ', 'ＲＥＭＡＸ', 'ＲＥＭＡＸ', 'ＲＥＭＡＸ', 'ＤＥＭＯ', 'ＤＥＭＯ', 'ＤＥＭＯ', 'ＤＥＭＯ', 'ＯＭＧ', 'ＯＭＧ', 'ＯＭＧ', 'ＤＭ', 'ＤＭ', 'ＭＢＡ', 'ＭＢＡ', 'ＭＢＡ', 'ＭＡＣＤ', 'ＭＡＣＤ', 'ＭＡＣＤ', 'ＭＡＣＤ', 'ＳＭ', 'ＳＭ', 'ＳＭＩＬＥ', 'ＳＭＩＬＥ', 'ＳＭＩＬＥ', 'ＳＭＩＬＥ', 'ＳＭＩＬＥ', 'ＣＯＭ', 'ＣＯＭ', 'ＣＯＭ', 'ＭＢ', 'ＭＢ', 'ＡＭＤ', 'ＡＭＤ', 'ＡＭＤ', 'ＣＭ', 'ＣＭ', 'ＤＭＣ', 'ＤＭＣ', 'ＤＭＣ', 'ＭＳＬ', 'ＭＳＬ', 'ＭＳＬ', 'ＢＭ', 'ＢＭ', 'ＥＭＡ', 'ＥＭＡ', 'ＥＭＡ', 'ＱＭ', 'ＱＭ', 'ＭＤ', 'ＭＤ', 'ＲＭＢ', 'ＲＭＢ', 'ＲＭＢ', 'ＫＭ', 'ＫＭ', 'ＭＦ', 'ＭＦ', 'ＭＫ', 'ＭＫ', 'ＳＵＰＥＮＭＡＮ', 'ＳＵＰＥＮＭＡＮ', 'ＳＵＰＥＮＭＡＮ', 'ＳＵＰＥＮＭＡＮ', 'ＳＵＰＥＮＭＡＮ', 'ＳＵＰＥＮＭＡＮ', 'ＳＵＰＥＮＭＡＮ', 'ＳＵＰＥＮＭＡＮ', 'ＭＳＮ', 'ＭＳＮ', 'ＭＳＮ', 'ＩＧＭ', 'ＩＧＭ', 'ＩＧＭ', 'ＭＴＭ', 'ＭＴＭ', 'ＭＴＭ', 'ＭＴＭ', 'ＭＴＭ', 'ＭＴＭ', 'ＨＳＭＣ', 'ＨＳＭＣ', 'ＨＳＭＣ', 'ＨＳＭＣ', 'ＡＫＭＳ', 'ＡＫＭＳ', 'ＡＫＭＳ', 'ＡＫＭＳ', 'ＦＭ', 'ＦＭ', 'ＣＡＰＭ', 'ＣＡＰＭ', 'ＣＡＰＭ', 'ＣＡＰＭ', 'ｏＭ', 'ｏＭ', 'ＭＳ', 'ＭＳ', 'ＬＭＤＳ', 'ＬＭＤＳ', 'ＬＭＤＳ', 'ＬＭＤＳ', 'ＴＭ', 'ＴＭ', 'ＯＥＭ', 'ＯＥＭ', 'ＯＥＭ', 'ＭＨ', 'ＭＨ', 'ｉＭａｃ', 'ｉＭａｃ', 'ｉＭａｃ', 'ｉＭａｃ', 'ＴＭＢ', 'ＴＭＢ', 'ＴＭＢ', 'Ｍａｑｕｉｌａｄｏｒａ', 'Ｍａｑｕｉｌａｄｏｒａ', 'Ｍａｑｕｉｌａｄｏｒａ', 'Ｍａｑｕｉｌａｄｏｒａ', 'Ｍａｑｕｉｌａｄｏｒａ', 'Ｍａｑｕｉｌａｄｏｒａ', 'Ｍａｑｕｉｌａｄｏｒａ', 'Ｍａｑｕｉｌａｄｏｒａ', 'Ｍａｑｕｉｌａｄｏｒａ', 'Ｍａｑｕｉｌａｄｏｒａ', 'Ｍａｑｕｉｌａｄｏｒａ', 'ＮＥＭＡ', 'ＮＥＭＡ', 'ＮＥＭＡ', 'ＮＥＭＡ', 'ＶＭＨ', 'ＶＭＨ', 'ＶＭＨ', 'ＭＲＤ', 'ＭＲＤ', 'ＭＲＤ', 'ＭＶ', 'ＭＶ', 'ＭＣ', 'ＭＣ', 'Ｍｒ', 'Ｍｒ', 'ＭＵＴＡＴＩＯＮ', 'ＭＵＴＡＴＩＯＮ', 'ＭＵＴＡＴＩＯＮ', 'ＭＵＴＡＴＩＯＮ', 'ＭＵＴＡＴＩＯＮ', 'ＭＵＴＡＴＩＯＮ', 'ＭＵＴＡＴＩＯＮ', 'ＭＵＴＡＴＩＯＮ', 'ｃＯＭ', 'ｃＯＭ', 'ｃＯＭ']
ｐ	['ｗｐ', 'ｗｐ', 'ｐ', 'ｗａｐ', 'ｗａｐ', 'ｗａｐ', 'ＮｅｗＣａｐ', 'ＮｅｗＣａｐ', 'ＮｅｗＣａｐ', 'ＮｅｗＣａｐ', 'ＮｅｗＣａｐ', 'ＮｅｗＣａｐ', 'ｐｓ', 'ｐｓ']
ｘ	['ｘｓ', 'ｘｓ', 'ｋｘｓ', 'ｋｘｓ', 'ｋｘｓ', 'ｘＳ', 'ｘＳ', 'ｘ', 'ｘｙｚ', 'ｘｙｚ', 'ｘｙｚ', 'ｘｘ', 'ｘｘ', 'ｘｘ', 'ｘｘ', 'ｘｘｘ', 'ｘｘｘ', 'ｘｘｘ', 'ｘｘｘ', 'ｘｘｘ', 'ｘｘｘ', 'ｘｘｘ', 'ｘｘｘ', 'ｘｘｘ', 'ｘｔ', 'ｘｔ', 'ｈｘ', 'ｈｘ', 'ｘｉ', 'ｘｉ', 'ｘＴ', 'ｘＴ', 'Ｓｏｎａｘ', 'Ｓｏｎａｘ', 'Ｓｏｎａｘ', 'Ｓｏｎａｘ', 'Ｓｏｎａｘ', 'ｔｘ', 'ｔｘ', 'Ｌｉｎｕｘ', 'Ｌｉｎｕｘ', 'Ｌｉｎｕｘ', 'Ｌｉｎｕｘ', 'Ｌｉｎｕｘ']
ｓ	['ｘｓ', 'ｘｓ', 'ｋｘｓ', 'ｋｘｓ', 'ｋｘｓ', 'Ｘｓ', 'Ｘｓ', 'ｓ', 'ｂｏｓｓ', 'ｂｏｓｓ', 'ｂｏｓｓ', 'ｂｏｓｓ', 'ｂｏｓｓ', 'ｂｏｓｓ', 'ｂｏｓｓ', 'ｂｏｓｓ', 'Ｕｃｓ', 'Ｕｃｓ', 'Ｕｃｓ', 'Ｃａｓｔｅｒ', 'Ｃａｓｔｅｒ', 'Ｃａｓｔｅｒ', 'Ｃａｓｔｅｒ', 'Ｃａｓｔｅｒ', 'Ｃａｓｔｅｒ', 'Ｊａｍｅｓ', 'Ｊａｍｅｓ', 'Ｊａｍｅｓ', 'Ｊａｍｅｓ', 'Ｊａｍｅｓ', 'Ａｓｓａｓｓｉｎ', 'Ａｓｓａｓｓｉｎ', 'Ａｓｓａｓｓｉｎ', 'Ａｓｓａｓｓｉｎ', 'Ａｓｓａｓｓｉｎ', 'Ａｓｓａｓｓｉｎ', 'Ａｓｓａｓｓｉｎ', 'Ａｓｓａｓｓｉｎ', 'Ａｓｓａｓｓｉｎ', 'Ａｓｓａｓｓｉｎ', 'Ａｓｓａｓｓｉｎ', 'Ａｓｓａｓｓｉｎ', 'Ａｓｓａｓｓｉｎ', 'Ａｓｓａｓｓｉｎ', 'Ａｓｓａｓｓｉｎ', 'Ａｓｓａｓｓｉｎ', 'Ａｓｓａｓｓｉｎ', 'Ａｓｓａｓｓｉｎ', 'Ａｓｓａｓｓｉｎ', 'Ａｓｓａｓｓｉｎ', 'Ａｓｓａｓｓｉｎ', 'Ａｓｓａｓｓｉｎ', 'Ａｓｓａｓｓｉｎ', 'Ａｓｓａｓｓｉｎ', 'Ａｓｓａｓｓｉｎ', 'Ａｓｓａｓｓｉｎ', 'Ａｓｓａｓｓｉｎ', 'Ａｓｓａｓｓｉｎ', 'Ａｓｓａｓｓｉｎ', 'Ａｓｓａｓｓｉｎ', 'Ａｓｓａｓｓｉｎ', 'Ａｓｓａｓｓｉｎ', 'Ｐｃｓ', 'Ｐｃｓ', 'Ｐｃｓ', 'Ｃｓ', 'Ｃｓ', 'Ｄｕｓｔｉｎ', 'Ｄｕｓｔｉｎ', 'Ｄｕｓｔｉｎ', 'Ｄｕｓｔｉｎ', 'Ｄｕｓｔｉｎ', 'Ｄｕｓｔｉｎ', 'ｓａｍａ', 'ｓａｍａ', 'ｓａｍａ', 'ｓａｍａ', 'ｓｈ', 'ｓｈ', 'ｐｓ', 'ｐｓ', 'Ｗｉｎｄｏｗｓ', 'Ｗｉｎｄｏｗｓ', 'Ｗｉｎｄｏｗｓ', 'Ｗｉｎｄｏｗｓ', 'Ｗｉｎｄｏｗｓ', 'Ｗｉｎｄｏｗｓ', 'Ｗｉｎｄｏｗｓ', 'Ｙｅｓ', 'Ｙｅｓ', 'Ｙｅｓ', 'ｓｈｎ', 'ｓｈｎ', 'ｓｈｎ', 'ｋｓ', 'ｋｓ', 'ｓｈｕｄａｏ', 'ｓｈｕｄａｏ', 'ｓｈｕｄａｏ', 'ｓｈｕｄａｏ', 'ｓｈｕｄａｏ', 'ｓｈｕｄａｏ', 'ｋｉｓｓ', 'ｋｉｓｓ', 'ｋｉｓｓ', 'ｋｉｓｓ', 'ｋｉｓｓ', 'ｋｉｓｓ', 'ｋｉｓｓ', 'ｋｉｓｓ', 'Ｎａｒｃｉｓｓｕｓ', 'Ｎａｒｃｉｓｓｕｓ', 'Ｎａｒｃｉｓｓｕｓ', 'Ｎａｒｃｉｓｓｕｓ', 'Ｎａｒｃｉｓｓｕｓ', 'Ｎａｒｃｉｓｓｕｓ', 'Ｎａｒｃｉｓｓｕｓ', 'Ｎａｒｃｉｓｓｕｓ', 'Ｎａｒｃｉｓｓｕｓ', 'Ｎａｒｃｉｓｓｕｓ', 'Ｎａｒｃｉｓｓｕｓ', 'Ｎａｒｃｉｓｓｕｓ', 'Ｎａｒｃｉｓｓｕｓ', 'Ｎａｒｃｉｓｓｕｓ', 'Ｎａｒｃｉｓｓｕｓ', 'Ｎａｒｃｉｓｓｕｓ', 'Ｎａｒｃｉｓｓｕｓ', 'Ｎａｒｃｉｓｓｕｓ', 'Ｎａｒｃｉｓｓｕｓ', 'Ｎａｒｃｉｓｓｕｓ', 'Ｎａｒｃｉｓｓｕｓ', 'Ｎａｒｃｉｓｓｕｓ', 'Ｎａｒｃｉｓｓｕｓ', 'Ｎａｒｃｉｓｓｕｓ', 'Ｎａｒｃｉｓｓｕｓ', 'Ｎａｒｃｉｓｓｕｓ', 'Ｎａｒｃｉｓｓｕｓ', 'ｂｂｓ', 'ｂｂｓ', 'ｂｂｓ', 'ｔｈｅＦｏｒｇｏｔｔｅｎＡｍｂａｓｓａｄｏｒ', 'ｔｈｅＦｏｒｇｏｔｔｅｎＡｍｂａｓｓａｄｏｒ', 'ｔｈｅＦｏｒｇｏｔｔｅｎＡｍｂａｓｓａｄｏｒ', 'ｔｈｅＦｏｒｇｏｔｔｅｎＡｍｂａｓｓａｄｏｒ', 'ｔｈｅＦｏｒｇｏｔｔｅｎＡｍｂａｓｓａｄｏｒ', 'ｔｈｅＦｏｒｇｏｔｔｅｎＡｍｂａｓｓａｄｏｒ', 'ｔｈｅＦｏｒｇｏｔｔｅｎＡｍｂａｓｓａｄｏｒ', 'ｔｈｅＦｏｒｇｏｔｔｅｎＡｍｂａｓｓａｄｏｒ', 'ｔｈｅＦｏｒｇｏｔｔｅｎＡｍｂａｓｓａｄｏｒ', 'ｔｈｅＦｏｒｇｏｔｔｅｎＡｍｂａｓｓａｄｏｒ', 'ｔｈｅＦｏｒｇｏｔｔｅｎＡｍｂａｓｓａｄｏｒ', 'ｔｈｅＦｏｒｇｏｔｔｅｎＡｍｂａｓｓａｄｏｒ', 'ｔｈｅＦｏｒｇｏｔｔｅｎＡｍｂａｓｓａｄｏｒ', 'ｔｈｅＦｏｒｇｏｔｔｅｎＡｍｂａｓｓａｄｏｒ', 'ｔｈｅＦｏｒｇｏｔｔｅｎＡｍｂａｓｓａｄｏｒ', 'ｔｈｅＦｏｒｇｏｔｔｅｎＡｍｂａｓｓａｄｏｒ', 'ｔｈｅＦｏｒｇｏｔｔｅｎＡｍｂａｓｓａｄｏｒ', 'ｔｈｅＦｏｒｇｏｔｔｅｎＡｍｂａｓｓａｄｏｒ', 'ｔｈｅＦｏｒｇｏｔｔｅｎＡｍｂａｓｓａｄｏｒ', 'ｔｈｅＦｏｒｇｏｔｔｅｎＡｍｂａｓｓａｄｏｒ', 'ｔｈｅＦｏｒｇｏｔｔｅｎＡｍｂａｓｓａｄｏｒ', 'ｔｈｅＦｏｒｇｏｔｔｅｎＡｍｂａｓｓａｄｏｒ', 'ｔｈｅＦｏｒｇｏｔｔｅｎＡｍｂａｓｓａｄｏｒ', 'ｔｈｅＦｏｒｇｏｔｔｅｎＡｍｂａｓｓａｄｏｒ', 'ｔｈｅＦｏｒｇｏｔｔｅｎＡｍｂａｓｓａｄｏｒ', 'ｔｈｅＦｏｒｇｏｔｔｅｎＡｍｂａｓｓａｄｏｒ', 'ｔｈｅＦｏｒｇｏｔｔｅｎＡｍｂａｓｓａｄｏｒ', 'ｔｈｅＦｏｒｇｏｔｔｅｎＡｍｂａｓｓａｄｏｒ', 'ｔｈｅＦｏｒｇｏｔｔｅｎＡｍｂａｓｓａｄｏｒ', 'ｔｈｅＦｏｒｇｏｔｔｅｎＡｍｂａｓｓａｄｏｒ', 'ｔｈｅＦｏｒｇｏｔｔｅｎＡｍｂａｓｓａｄｏｒ', 'ｔｈｅＦｏｒｇｏｔｔｅｎＡｍｂａｓｓａｄｏｒ', 'ｔｈｅＦｏｒｇｏｔｔｅｎＡｍｂａｓｓａｄｏｒ', 'ｔｈｅＦｏｒｇｏｔｔｅｎＡｍｂａｓｓａｄｏｒ', 'ｔｈｅＦｏｒｇｏｔｔｅｎＡｍｂａｓｓａｄｏｒ', 'ｔｈｅＦｏｒｇｏｔｔｅｎＡｍｂａｓｓａｄｏｒ', 'ｔｈｅＦｏｒｇｏｔｔｅｎＡｍｂａｓｓａｄｏｒ', 'ｔｈｅＦｏｒｇｏｔｔｅｎＡｍｂａｓｓａｄｏｒ', 'ｔｈｅＦｏｒｇｏｔｔｅｎＡｍｂａｓｓａｄｏｒ', 'ｔｈｅＦｏｒｇｏｔｔｅｎＡｍｂａｓｓａｄｏｒ', 'ｔｈｅＦｏｒｇｏｔｔｅｎＡｍｂａｓｓａｄｏｒ', 'ｔｈｅＦｏｒｇｏｔｔｅｎＡｍｂａｓｓａｄｏｒ', 'ｔｈｅＦｏｒｇｏｔｔｅｎＡｍｂａｓｓａｄｏｒ', 'ｔｈｅＦｏｒｇｏｔｔｅｎＡｍｂａｓｓａｄｏｒ', 'Ｂａｓｉｃ', 'Ｂａｓｉｃ', 'Ｂａｓｉｃ', 'Ｂａｓｉｃ', 'Ｂａｓｉｃ']
Ｎ	['Ｎ', 'ＮＰＣ', 'ＮＰＣ', 'ＮＰＣ', 'ｃＮ', 'ｃＮ', 'ＣＮ', 'ＣＮ', 'ＤＮＡ', 'ＤＮＡ', 'ＤＮＡ', 'ＮＮＤ', 'ＮＮＤ', 'ＮＮＤ', 'ＮＮＤ', 'ＮＮＤ', 'ＮＮＤ', 'ＸＫＩＮＧ', 'ＸＫＩＮＧ', 'ＸＫＩＮＧ', 'ＸＫＩＮＧ', 'ＸＫＩＮＧ', 'ＮＯ', 'ＮＯ', 'ＴＩＧＥＮＫＩＮＧ', 'ＴＩＧＥＮＫＩＮＧ', 'ＴＩＧＥＮＫＩＮＧ', 'ＴＩＧＥＮＫＩＮＧ', 'ＴＩＧＥＮＫＩＮＧ', 'ＴＩＧＥＮＫＩＮＧ', 'ＴＩＧＥＮＫＩＮＧ', 'ＴＩＧＥＮＫＩＮＧ', 'ＴＩＧＥＮＫＩＮＧ', 'ＴＩＧＥＮＫＩＮＧ', 'ＴＩＧＥＮＫＩＮＧ', 'ＴＩＧＥＮＫＩＮＧ', 'ＴＩＧＥＮＫＩＮＧ', 'ＴＩＧＥＮＫＩＮＧ', 'ＴＩＧＥＮＫＩＮＧ', 'ＴＩＧＥＮＫＩＮＧ', 'ＴＩＧＥＮＫＩＮＧ', 'ＴＩＧＥＮＫＩＮＧ', 'ＫＩＮＧ', 'ＫＩＮＧ', 'ＫＩＮＧ', 'ＫＩＮＧ', 'ＲＩＮＧ', 'ＲＩＮＧ', 'ＲＩＮＧ', 'ＲＩＮＧ', 'ＣＮＮ', 'ＣＮＮ', 'ＣＮＮ', 'ＣＮＮ', 'ＣＮＮ', 'ＣＮＮ', 'Ｎｅｔ', 'Ｎｅｔ', 'Ｎｅｔ', 'ＷＩＮＧＫＩＮＧ', 'ＷＩＮＧＫＩＮＧ', 'ＷＩＮＧＫＩＮＧ', 'ＷＩＮＧＫＩＮＧ', 'ＷＩＮＧＫＩＮＧ', 'ＷＩＮＧＫＩＮＧ', 'ＷＩＮＧＫＩＮＧ', 'ＷＩＮＧＫＩＮＧ', 'ＷＩＮＧＫＩＮＧ', 'ＷＩＮＧＫＩＮＧ', 'ＷＩＮＧＫＩＮＧ', 'ＷＩＮＧＫＩＮＧ', 'ＷＩＮＧＫＩＮＧ', 'ＷＩＮＧＫＩＮＧ', 'ＷＩＮＧＫＩＮＧ', 'ＷＩＮＧＫＩＮＧ', 'ＮＢＡ', 'ＮＢＡ', 'ＮＢＡ', 'ＮＥＴ', 'ＮＥＴ', 'ＮＥＴ', 'ＬＮ', 'ＬＮ', 'ＮｅｗＣａｐ', 'ＮｅｗＣａｐ', 'ＮｅｗＣａｐ', 'ＮｅｗＣａｐ', 'ＮｅｗＣａｐ', 'ＮｅｗＣａｐ', 'ＮＤＤ', 'ＮＤＤ', 'ＮＤＤ', 'ＮＦＣ', 'ＮＦＣ', 'ＮＦＣ', 'ＶＬＮ', 'ＶＬＮ', 'ＶＬＮ', 'ＴＮ', 'ＴＮ', 'ＨＡＮＺ', 'ＨＡＮＺ', 'ＨＡＮＺ', 'ＨＡＮＺ', 'ＮＥＣ', 'ＮＥＣ', 'ＮＥＣ', 'ＳＵＰＥＮＭＡＮ', 'ＳＵＰＥＮＭＡＮ', 'ＳＵＰＥＮＭＡＮ', 'ＳＵＰＥＮＭＡＮ', 'ＳＵＰＥＮＭＡＮ', 'ＳＵＰＥＮＭＡＮ', 'ＳＵＰＥＮＭＡＮ', 'ＳＵＰＥＮＭＡＮ', 'ＳＵＰＥＮＭＡＮ', 'ＳＵＰＥＮＭＡＮ', 'ＳＵＰＥＮＭＡＮ', 'ＳＵＰＥＮＭＡＮ', 'ＳＵＰＥＮＭＡＮ', 'ＳＵＰＥＮＭＡＮ', 'ＳＵＰＥＮＭＡＮ', 'ＳＵＰＥＮＭＡＮ', 'ＭＳＮ', 'ＭＳＮ', 'ＭＳＮ', 'ＩＮＴＥＲＮＥＴ', 'ＩＮＴＥＲＮＥＴ', 'ＩＮＴＥＲＮＥＴ', 'ＩＮＴＥＲＮＥＴ', 'ＩＮＴＥＲＮＥＴ', 'ＩＮＴＥＲＮＥＴ', 'ＩＮＴＥＲＮＥＴ', 'ＩＮＴＥＲＮＥＴ', 'ＩＮＴＥＲＮＥＴ', 'ＩＮＴＥＲＮＥＴ', 'ＩＮＴＥＲＮＥＴ', 'ＩＮＴＥＲＮＥＴ', 'ＩＮＴＥＲＮＥＴ', 'ＩＮＴＥＲＮＥＴ', 'ＩＮＴＥＲＮＥＴ', 'ＩＮＴＥＲＮＥＴ', 'ＹＮ', 'ＹＮ', 'ＮＥ', 'ＮＥ', 'ＮＣＡＡ', 'ＮＣＡＡ', 'ＮＣＡＡ', 'ＮＣＡＡ', 'ＴＮＴ', 'ＴＮＴ', 'ＴＮＴ', 'ＦＡＮＳ', 'ＦＡＮＳ', 'ＦＡＮＳ', 'ＦＡＮＳ', 'ＮＧ', 'ＮＧ', 'ＣＨＩＮＡ', 'ＣＨＩＮＡ', 'ＣＨＩＮＡ', 'ＣＨＩＮＡ', 'ＣＨＩＮＡ', 'ＮＸ', 'ＮＸ', 'ＩＮＧ', 'ＩＮＧ', 'ＩＮＧ', 'ＡＮ', 'ＡＮ', 'ＳＯＮＹ', 'ＳＯＮＹ', 'ＳＯＮＹ', 'ＳＯＮＹ', 'ＲＮＡ', 'ＲＮＡ', 'ＲＮＡ', 'Ｎａｒｃｉｓｓｕｓ', 'Ｎａｒｃｉｓｓｕｓ', 'Ｎａｒｃｉｓｓｕｓ', 'Ｎａｒｃｉｓｓｕｓ', 'Ｎａｒｃｉｓｓｕｓ', 'Ｎａｒｃｉｓｓｕｓ', 'Ｎａｒｃｉｓｓｕｓ', 'Ｎａｒｃｉｓｓｕｓ', 'Ｎａｒｃｉｓｓｕｓ', 'ＧＮＰ', 'ＧＮＰ', 'ＧＮＰ', 'ＴＥＮ', 'ＴＥＮ', 'ＴＥＮ', 'ＮＥＭＡ', 'ＮＥＭＡ', 'ＮＥＭＡ', 'ＮＥＭＡ', 'ＮＥｔ', 'ＮＥｔ', 'ＮＥｔ', 'ＮＨ', 'ＮＨ', 'ＮＡＳＡ', 'ＮＡＳＡ', 'ＮＡＳＡ', 'ＮＡＳＡ', 'ＴＮＮＤ', 'ＴＮＮＤ', 'ＴＮＮＤ', 'ＴＮＮＤ', 'ＴＮＮＤ', 'ＴＮＮＤ', 'ＴＮＮＤ', 'ＴＮＮＤ', 'ＭＵＴＡＴＩＯＮ', 'ＭＵＴＡＴＩＯＮ', 'ＭＵＴＡＴＩＯＮ', 'ＭＵＴＡＴＩＯＮ', 'ＭＵＴＡＴＩＯＮ', 'ＭＵＴＡＴＩＯＮ', 'ＭＵＴＡＴＩＯＮ', 'ＭＵＴＡＴＩＯＮ']
♂	['♂']
Ｇ	['ＸＧ', 'ＸＧ', 'Ｇ', 'ＧＭ', 'ＧＭ', 'ＧＤＰ', 'ＧＤＰ', 'ＧＤＰ', 'ＸＫＩＮＧ', 'ＸＫＩＮＧ', 'ＸＫＩＮＧ', 'ＸＫＩＮＧ', 'ＸＫＩＮＧ', 'ＬＧ', 'ＬＧ', 'ＴＩＧＥＮＫＩＮＧ', 'ＴＩＧＥＮＫＩＮＧ', 'ＴＩＧＥＮＫＩＮＧ', 'ＴＩＧＥＮＫＩＮＧ', 'ＴＩＧＥＮＫＩＮＧ', 'ＴＩＧＥＮＫＩＮＧ', 'ＴＩＧＥＮＫＩＮＧ', 'ＴＩＧＥＮＫＩＮＧ', 'ＴＩＧＥＮＫＩＮＧ', 'ＴＩＧＥＮＫＩＮＧ', 'ＴＩＧＥＮＫＩＮＧ', 'ＴＩＧＥＮＫＩＮＧ', 'ＴＩＧＥＮＫＩＮＧ', 'ＴＩＧＥＮＫＩＮＧ', 'ＴＩＧＥＮＫＩＮＧ', 'ＴＩＧＥＮＫＩＮＧ', 'ＴＩＧＥＮＫＩＮＧ', 'ＴＩＧＥＮＫＩＮＧ', 'ＴＧＪ', 'ＴＧＪ', 'ＴＧＪ', 'ＯＭＧ', 'ＯＭＧ', 'ＯＭＧ', 'ＫＩＮＧ', 'ＫＩＮＧ', 'ＫＩＮＧ', 'ＫＩＮＧ', 'ＲＩＮＧ', 'ＲＩＮＧ', 'ＲＩＮＧ', 'ＲＩＮＧ', 'ＰＩＧＧ', 'ＰＩＧＧ', 'ＰＩＧＧ', 'ＰＩＧＧ', 'ＰＩＧＧ', 'ＰＩＧＧ', 'ＰＩＧＧ', 'ＰＩＧＧ', 'ＧＰＳ', 'ＧＰＳ', 'ＧＰＳ', 'ＢＵＧ', 'ＢＵＧ', 'ＢＵＧ', 'ＷＩＮＧＫＩＮＧ', 'ＷＩＮＧＫＩＮＧ', 'ＷＩＮＧＫＩＮＧ', 'ＷＩＮＧＫＩＮＧ', 'ＷＩＮＧＫＩＮＧ', 'ＷＩＮＧＫＩＮＧ', 'ＷＩＮＧＫＩＮＧ', 'ＷＩＮＧＫＩＮＧ', 'ＷＩＮＧＫＩＮＧ', 'ＷＩＮＧＫＩＮＧ', 'ＷＩＮＧＫＩＮＧ', 'ＷＩＮＧＫＩＮＧ', 'ＷＩＮＧＫＩＮＧ', 'ＷＩＮＧＫＩＮＧ', 'ＷＩＮＧＫＩＮＧ', 'ＷＩＮＧＫＩＮＧ', 'ＩＤＧ', 'ＩＤＧ', 'ＩＤＧ', 'ＧＧ', 'ＧＧ', 'ＧＧ', 'ＧＧ', 'ＧＡＹ', 'ＧＡＹ', 'ＧＡＹ', 'ＧＣ', 'ＧＣ', 'ＫＧ', 'ＫＧ', 'ＳＧ', 'ＳＧ', 'ＧＡＣ', 'ＧＡＣ', 'ＧＡＣ', 'ＰＧ', 'ＰＧ', 'ＧＤ', 'ＧＤ', 'ＧＶＣ', 'ＧＶＣ', 'ＧＶＣ', 'ＧＦ', 'ＧＦ', 'ＫＧＢ', 'ＫＧＢ', 'ＫＧＢ', 'ＧＺ', 'ＧＺ', 'Ｇａｙ', 'Ｇａｙ', 'Ｇａｙ', 'ＩＧＭ', 'ＩＧＭ', 'ＩＧＭ', 'ＷＧ', 'ＷＧ', 'ＧＯ', 'ＧＯ', 'ＧＢ', 'ＧＢ', 'ＲＰＧ', 'ＲＰＧ', 'ＲＰＧ', 'ＮＧ', 'ＮＧ', 'ＩＮＧ', 'ＩＮＧ', 'ＩＮＧ', 'ＧＲＥ', 'ＧＲＥ', 'ＧＲＥ', 'ＧＸ', 'ＧＸ', 'ＧＮＰ', 'ＧＮＰ', 'ＧＮＰ', 'Ｇｄｅｃｋｅ', 'Ｇｄｅｃｋｅ', 'Ｇｄｅｃｋｅ', 'Ｇｄｅｃｋｅ', 'Ｇｄｅｃｋｅ', 'Ｇｄｅｃｋｅ']
§	['§']
°	['°']
Ｒ	['Ｒ', 'ＯＣＲ', 'ＯＣＲ', 'ＯＣＲ', 'ＲＥＭＡＸ', 'ＲＥＭＡＸ', 'ＲＥＭＡＸ', 'ＲＥＭＡＸ', 'ＲＥＭＡＸ', 'ＳＨＥＲＡ', 'ＳＨＥＲＡ', 'ＳＨＥＲＡ', 'ＳＨＥＲＡ', 'ＳＨＥＲＡ', 'ＲＩＮＧ', 'ＲＩＮＧ', 'ＲＩＮＧ', 'ＲＩＮＧ', 'ＲＳＩ', 'ＲＳＩ', 'ＲＳＩ', 'ＲＥＤＢＡＣＫ', 'ＲＥＤＢＡＣＫ', 'ＲＥＤＢＡＣＫ', 'ＲＥＤＢＡＣＫ', 'ＲＥＤＢＡＣＫ', 'ＲＥＤＢＡＣＫ', 'ＲＥＤＢＡＣＫ', 'ＳＡＲ', 'ＳＡＲ', 'ＳＡＲ', 'ＲＪＲ', 'ＲＪＲ', 'ＲＪＲ', 'ＲＪＲ', 'ＲＪＲ', 'ＲＪＲ', 'ＳＡＲＳ', 'ＳＡＲＳ', 'ＳＡＲＳ', 'ＳＡＲＳ', 'ＶＲ', 'ＶＲ', 'ＡＲ', 'ＡＲ', 'ＫＲＨ', 'ＫＲＨ', 'ＫＲＨ', 'ＡＷＯＲＤ', 'ＡＷＯＲＤ', 'ＡＷＯＲＤ', 'ＡＷＯＲＤ', 'ＡＷＯＲＤ', 'ＴＯＷＥＲ', 'ＴＯＷＥＲ', 'ＴＯＷＥＲ', 'ＴＯＷＥＲ', 'ＴＯＷＥＲ', 'ＯＫＰＯＷＥＲ', 'ＯＫＰＯＷＥＲ', 'ＯＫＰＯＷＥＲ', 'ＯＫＰＯＷＥＲ', 'ＯＫＰＯＷＥＲ', 'ＯＫＰＯＷＥＲ', 'ＯＫＰＯＷＥＲ', 'ＴＲ', 'ＴＲ', 'ＯＫＦＩＲＥ', 'ＯＫＦＩＲＥ', 'ＯＫＦＩＲＥ', 'ＯＫＦＩＲＥ', 'ＯＫＦＩＲＥ', 'ＯＫＦＩＲＥ', 'ＢＲ', 'ＢＲ', 'ＣＲ', 'ＣＲ', 'ＲＭＢ', 'ＲＭＢ', 'ＲＭＢ', 'ＨＥＲＯ', 'ＨＥＲＯ', 'ＨＥＲＯ', 'ＨＥＲＯ', 'ＯＲＺ', 'ＯＲＺ', 'ＯＲＺ', 'ＸＲ', 'ＸＲ', 'ＩＮＴＥＲＮＥＴ', 'ＩＮＴＥＲＮＥＴ', 'ＩＮＴＥＲＮＥＴ', 'ＩＮＴＥＲＮＥＴ', 'ＩＮＴＥＲＮＥＴ', 'ＩＮＴＥＲＮＥＴ', 'ＩＮＴＥＲＮＥＴ', 'ＩＮＴＥＲＮＥＴ', 'ＲＯＹ', 'ＲＯＹ', 'ＲＯＹ', 'ＲＢＳ', 'ＲＢＳ', 'ＲＢＳ', 'ＲＰＧ', 'ＲＰＧ', 'ＲＰＧ', 'ＧＲＥ', 'ＧＲＥ', 'ＧＲＥ', 'ＲＮＡ', 'ＲＮＡ', 'ＲＮＡ', 'Ｒｅａ', 'Ｒｅａ', 'Ｒｅａ', 'ＡＤＸＲ', 'ＡＤＸＲ', 'ＡＤＸＲ', 'ＡＤＸＲ', 'ＰＡＲＴＹ', 'ＰＡＲＴＹ', 'ＰＡＲＴＹ', 'ＰＡＲＴＹ', 'ＰＡＲＴＹ', 'ＭＲＤ', 'ＭＲＤ', 'ＭＲＤ', 'ＷＡＲ', 'ＷＡＲ', 'ＷＡＲ', 'ＲＵＳＨ', 'ＲＵＳＨ', 'ＲＵＳＨ', 'ＲＵＳＨ', 'ＡＲＦ', 'ＡＲＦ', 'ＡＲＦ']
Ｐ	['ＮＰＣ', 'ＮＰＣ', 'ＮＰＣ', 'Ｐ', 'ＰＫ', 'ＰＫ', 'ＰＳ', 'ＰＳ', 'ＯＰ', 'ＯＰ', 'ＷＡＰ', 'ＷＡＰ', 'ＷＡＰ', 'ＧＤＰ', 'ＧＤＰ', 'ＧＤＰ', 'ＭＰ', 'ＭＰ', 'ＰＭＦ', 'ＰＭＦ', 'ＰＭＦ', 'ＰＣ', 'ＰＣ', 'ＬＰ', 'ＬＰ', 'ＣＰＩ', 'ＣＰＩ', 'ＣＰＩ', 'ＰＩＧＧ', 'ＰＩＧＧ', 'ＰＩＧＧ', 'ＰＩＧＧ', 'ＧＰＳ', 'ＧＰＳ', 'ＧＰＳ', 'ＶＩＰ', 'ＶＩＰ', 'ＶＩＰ', 'ＰＰ', 'ＰＰ', 'ＰＰ', 'ＰＰ', 'ＨＰ', 'ＨＰ', 'ＯＫＰＯＷＥＲ', 'ＯＫＰＯＷＥＲ', 'ＯＫＰＯＷＥＲ', 'ＯＫＰＯＷＥＲ', 'ＯＫＰＯＷＥＲ', 'ＯＫＰＯＷＥＲ', 'ＯＫＰＯＷＥＲ', 'Ｐｃｓ', 'Ｐｃｓ', 'Ｐｃｓ', 'ＴＡＰＩ', 'ＴＡＰＩ', 'ＴＡＰＩ', 'ＴＡＰＩ', 'ＰＯＳＥ', 'ＰＯＳＥ', 'ＰＯＳＥ', 'ＰＯＳＥ', 'ＰＧ', 'ＰＧ', 'ＩＰ', 'ＩＰ', 'ＣＰＵ', 'ＣＰＵ', 'ＣＰＵ', 'ＺＩＰＰＯ', 'ＺＩＰＰＯ', 'ＺＩＰＰＯ', 'ＺＩＰＰＯ', 'ＺＩＰＰＯ', 'ＺＩＰＰＯ', 'ＺＩＰＰＯ', 'ＺＩＰＰＯ', 'ＺＩＰＰＯ', 'ＺＩＰＰＯ', 'ＳＵＰＥＮＭＡＮ', 'ＳＵＰＥＮＭＡＮ', 'ＳＵＰＥＮＭＡＮ', 'ＳＵＰＥＮＭＡＮ', 'ＳＵＰＥＮＭＡＮ', 'ＳＵＰＥＮＭＡＮ', 'ＳＵＰＥＮＭＡＮ', 'ＳＵＰＥＮＭＡＮ', 'ＣＰ', 'ＣＰ', 'ＰＨＳ', 'ＰＨＳ', 'ＰＨＳ', 'ＰＯＰ', 'ＰＯＰ', 'ＰＯＰ', 'ＰＯＰ', 'ＰＯＰ', 'ＰＯＰ', 'ＰＵＢ', 'ＰＵＢ', 'ＰＵＢ', 'ＷＰＳＯｆｆｉｃｅ', 'ＷＰＳＯｆｆｉｃｅ', 'ＷＰＳＯｆｆｉｃｅ', 'ＷＰＳＯｆｆｉｃｅ', 'ＷＰＳＯｆｆｉｃｅ', 'ＷＰＳＯｆｆｉｃｅ', 'ＷＰＳＯｆｆｉｃｅ', 'ＷＰＳＯｆｆｉｃｅ', 'ＷＰＳＯｆｆｉｃｅ', 'ＩＳＰ', 'ＩＳＰ', 'ＩＳＰ', 'ＥＰＳ', 'ＥＰＳ', 'ＥＰＳ', 'ＣＡＰＭ', 'ＣＡＰＭ', 'ＣＡＰＭ', 'ＣＡＰＭ', 'ＲＰＧ', 'ＲＰＧ', 'ＲＰＧ', 'ＣＤＰ', 'ＣＤＰ', 'ＣＤＰ', 'ＰＥ', 'ＰＥ', 'ＰＴ', 'ＰＴ', 'ＰＬ', 'ＰＬ', 'ＧＮＰ', 'ＧＮＰ', 'ＧＮＰ', 'Ｐａｌａｄｉｎ', 'Ｐａｌａｄｉｎ', 'Ｐａｌａｄｉｎ', 'Ｐａｌａｄｉｎ', 'Ｐａｌａｄｉｎ', 'Ｐａｌａｄｉｎ', 'Ｐａｌａｄｉｎ', 'ＰＡＲＴＹ', 'ＰＡＲＴＹ', 'ＰＡＲＴＹ', 'ＰＡＲＴＹ', 'ＰＡＲＴＹ', 'ＨＰＬ', 'ＨＰＬ', 'ＨＰＬ', 'ＷＰ', 'ＷＰ', 'ＰＯＳＳ', 'ＰＯＳＳ', 'ＰＯＳＳ', 'ＰＯＳＳ', 'ＰＳＰ', 'ＰＳＰ', 'ＰＳＰ', 'ＰＳＰ', 'ＰＳＰ', 'ＰＳＰ', 'ＡＳＰ', 'ＡＳＰ', 'ＡＳＰ', 'ＥＰ', 'ＥＰ', 'ＨＡＰＰＹ', 'ＨＡＰＰＹ', 'ＨＡＰＰＹ', 'ＨＡＰＰＹ', 'ＨＡＰＰＹ', 'ＨＡＰＰＹ', 'ＨＡＰＰＹ', 'ＨＡＰＰＹ', 'ＨＡＰＰＹ', 'ＨＡＰＰＹ', 'ＰＤＡ', 'ＰＤＡ', 'ＰＤＡ']
Ｆ	['Ｆ', 'ＰＭＦ', 'ＰＭＦ', 'ＰＭＦ', 'ＫＦＣ', 'ＫＦＣ', 'ＫＦＣ', 'ＯＫＦＩＲＥ', 'ＯＫＦＩＲＥ', 'ＯＫＦＩＲＥ', 'ＯＫＦＩＲＥ', 'ＯＫＦＩＲＥ', 'ＯＫＦＩＲＥ', 'ＴｉＦａｂ', 'ＴｉＦａｂ', 'ＴｉＦａｂ', 'ＴｉＦａｂ', 'ＴｉＦａｂ', 'ＤＩＦ', 'ＤＩＦ', 'ＤＩＦ', 'ＮＦＣ', 'ＮＦＣ', 'ＮＦＣ', 'ＦＳ', 'ＦＳ', 'ＪＳＦ', 'ＪＳＦ', 'ＪＳＦ', 'ＭＦ', 'ＭＦ', 'ＧＦ', 'ＧＦ', 'ＦＪ', 'ＦＪ', 'ＦＭ', 'ＦＭ', 'ＦＡＮＳ', 'ＦＡＮＳ', 'ＦＡＮＳ', 'ＦＡＮＳ', 'ＦＬＹ', 'ＦＬＹ', 'ＦＬＹ', 'ＤＦ', 'ＤＦ', 'ＦＥ', 'ＦＥ', 'ＵＦＯ', 'ＵＦＯ', 'ＵＦＯ', 'ＦＴ', 'ＦＴ', 'ｔｈｅＦｏｒｇｏｔｔｅｎＡｍｂａｓｓａｄｏｒ', 'ｔｈｅＦｏｒｇｏｔｔｅｎＡｍｂａｓｓａｄｏｒ', 'ｔｈｅＦｏｒｇｏｔｔｅｎＡｍｂａｓｓａｄｏｒ', 'ｔｈｅＦｏｒｇｏｔｔｅｎＡｍｂａｓｓａｄｏｒ', 'ｔｈｅＦｏｒｇｏｔｔｅｎＡｍｂａｓｓａｄｏｒ', 'ｔｈｅＦｏｒｇｏｔｔｅｎＡｍｂａｓｓａｄｏｒ', 'ｔｈｅＦｏｒｇｏｔｔｅｎＡｍｂａｓｓａｄｏｒ', 'ｔｈｅＦｏｒｇｏｔｔｅｎＡｍｂａｓｓａｄｏｒ', 'ｔｈｅＦｏｒｇｏｔｔｅｎＡｍｂａｓｓａｄｏｒ', 'ｔｈｅＦｏｒｇｏｔｔｅｎＡｍｂａｓｓａｄｏｒ', 'ｔｈｅＦｏｒｇｏｔｔｅｎＡｍｂａｓｓａｄｏｒ', 'ｔｈｅＦｏｒｇｏｔｔｅｎＡｍｂａｓｓａｄｏｒ', 'ｔｈｅＦｏｒｇｏｔｔｅｎＡｍｂａｓｓａｄｏｒ', 'ｔｈｅＦｏｒｇｏｔｔｅｎＡｍｂａｓｓａｄｏｒ', 'ｔｈｅＦｏｒｇｏｔｔｅｎＡｍｂａｓｓａｄｏｒ', 'ｔｈｅＦｏｒｇｏｔｔｅｎＡｍｂａｓｓａｄｏｒ', 'ｔｈｅＦｏｒｇｏｔｔｅｎＡｍｂａｓｓａｄｏｒ', 'ｔｈｅＦｏｒｇｏｔｔｅｎＡｍｂａｓｓａｄｏｒ', 'ｔｈｅＦｏｒｇｏｔｔｅｎＡｍｂａｓｓａｄｏｒ', 'ｔｈｅＦｏｒｇｏｔｔｅｎＡｍｂａｓｓａｄｏｒ', 'ｔｈｅＦｏｒｇｏｔｔｅｎＡｍｂａｓｓａｄｏｒ', 'ｔｈｅＦｏｒｇｏｔｔｅｎＡｍｂａｓｓａｄｏｒ', 'ＡＦＨ', 'ＡＦＨ', 'ＡＦＨ', 'ＡＲＦ', 'ＡＲＦ', 'ＡＲＦ']
Ｚ	['Ｚ', 'ＺＺ', 'ＺＺ', 'ＺＺ', 'ＺＺ', 'ＱＺ', 'ＱＺ', 'ＺＸ', 'ＺＸ', 'ＨＡＮＺ', 'ＨＡＮＺ', 'ＨＡＮＺ', 'ＨＡＮＺ', 'ＯＲＺ', 'ＯＲＺ', 'ＯＲＺ', 'ＺＩＰＰＯ', 'ＺＩＰＰＯ', 'ＺＩＰＰＯ', 'ＺＩＰＰＯ', 'ＺＩＰＰＯ', 'ＧＺ', 'ＧＺ', 'ＺＨ', 'ＺＨ', 'ＨＺ', 'ＨＺ']
諲	['諲', '\x1d諲', '\x1d諲', '\x1c諲', '\x1c諲']
ｅ	['ｅ', 'ｎｅｔ', 'ｎｅｔ', 'ｎｅｔ', 'ｂｅ', 'ｂｅ', 'ｃｅ', 'ｃｅ', 'Ｎｅｔ', 'Ｎｅｔ', 'Ｎｅｔ', 'Ｓａｂｅｒ', 'Ｓａｂｅｒ', 'Ｓａｂｅｒ', 'Ｓａｂｅｒ', 'Ｓａｂｅｒ', 'Ｃａｓｔｅｒ', 'Ｃａｓｔｅｒ', 'Ｃａｓｔｅｒ', 'Ｃａｓｔｅｒ', 'Ｃａｓｔｅｒ', 'Ｃａｓｔｅｒ', 'Ｊａｍｅｓ', 'Ｊａｍｅｓ', 'Ｊａｍｅｓ', 'Ｊａｍｅｓ', 'Ｊａｍｅｓ', 'Ｈｅｒｍｉｔ', 'Ｈｅｒｍｉｔ', 'Ｈｅｒｍｉｔ', 'Ｈｅｒｍｉｔ', 'Ｈｅｒｍｉｔ', 'Ｈｅｒｍｉｔ', 'ｅａ', 'ｅａ', 'ＮｅｗＣａｐ', 'ＮｅｗＣａｐ', 'ＮｅｗＣａｐ', 'ＮｅｗＣａｐ', 'ＮｅｗＣａｐ', 'ＮｅｗＣａｐ', 'ｍｅ', 'ｍｅ', 'ｂｙｅ', 'ｂｙｅ', 'ｂｙｅ', 'ＷＰＳＯｆｆｉｃｅ', 'ＷＰＳＯｆｆｉｃｅ', 'ＷＰＳＯｆｆｉｃｅ', 'ＷＰＳＯｆｆｉｃｅ', 'ＷＰＳＯｆｆｉｃｅ', 'ＷＰＳＯｆｆｉｃｅ', 'ＷＰＳＯｆｆｉｃｅ', 'ＷＰＳＯｆｆｉｃｅ', 'ＷＰＳＯｆｆｉｃｅ', 'Ｙｅｓ', 'Ｙｅｓ', 'Ｙｅｓ', 'ｍｅｄｉａ', 'ｍｅｄｉａ', 'ｍｅｄｉａ', 'ｍｅｄｉａ', 'ｍｅｄｉａ', 'Ｓｉｌｅｎｃｅｒ', 'Ｓｉｌｅｎｃｅｒ', 'Ｓｉｌｅｎｃｅｒ', 'Ｓｉｌｅｎｃｅｒ', 'Ｓｉｌｅｎｃｅｒ', 'Ｓｉｌｅｎｃｅｒ', 'Ｓｉｌｅｎｃｅｒ', 'Ｓｉｌｅｎｃｅｒ', 'Ｓｉｌｅｎｃｅｒ', 'Ｓｉｌｅｎｃｅｒ', 'Ｓｉｌｅｎｃｅｒ', 'Ｓｉｌｅｎｃｅｒ', 'Ｓｉｌｅｎｃｅｒ', 'Ｓｉｌｅｎｃｅｒ', 'Ｓｉｌｅｎｃｅｒ', 'Ｓｉｌｅｎｃｅｒ', 'ｗｗｗｎｅｔ', 'ｗｗｗｎｅｔ', 'ｗｗｗｎｅｔ', 'ｗｗｗｎｅｔ', 'ｗｗｗｎｅｔ', 'ｗｗｗｎｅｔ', 'ｗｏｅ', 'ｗｏｅ', 'ｗｏｅ', 'Ｒｅａ', 'Ｒｅａ', 'Ｒｅａ', 'ａｍｅ', 'ａｍｅ', 'ａｍｅ', 'Ｓｅｒｖａｎｔ', 'Ｓｅｒｖａｎｔ', 'Ｓｅｒｖａｎｔ', 'Ｓｅｒｖａｎｔ', 'Ｓｅｒｖａｎｔ', 'Ｓｅｒｖａｎｔ', 'Ｓｅｒｖａｎｔ', 'Ｉｎｔｅｌ', 'Ｉｎｔｅｌ', 'Ｉｎｔｅｌ', 'Ｉｎｔｅｌ', 'Ｉｎｔｅｌ', 'Ｉｎｔｅｒｎｅｔ', 'Ｉｎｔｅｒｎｅｔ', 'Ｉｎｔｅｒｎｅｔ', 'Ｉｎｔｅｒｎｅｔ', 'Ｉｎｔｅｒｎｅｔ', 'Ｉｎｔｅｒｎｅｔ', 'Ｉｎｔｅｒｎｅｔ', 'Ｉｎｔｅｒｎｅｔ', 'Ｉｎｔｅｒｎｅｔ', 'Ｉｎｔｅｒｎｅｔ', 'Ｉｎｔｅｒｎｅｔ', 'Ｉｎｔｅｒｎｅｔ', 'Ｉｎｔｅｒｎｅｔ', 'Ｉｎｔｅｒｎｅｔ', 'Ｉｎｔｅｒｎｅｔ', 'Ｉｎｔｅｒｎｅｔ', 'ｔｈｅＦｏｒｇｏｔｔｅｎＡｍｂａｓｓａｄｏｒ', 'ｔｈｅＦｏｒｇｏｔｔｅｎＡｍｂａｓｓａｄｏｒ', 'ｔｈｅＦｏｒｇｏｔｔｅｎＡｍｂａｓｓａｄｏｒ', 'ｔｈｅＦｏｒｇｏｔｔｅｎＡｍｂａｓｓａｄｏｒ', 'ｔｈｅＦｏｒｇｏｔｔｅｎＡｍｂａｓｓａｄｏｒ', 'ｔｈｅＦｏｒｇｏｔｔｅｎＡｍｂａｓｓａｄｏｒ', 'ｔｈｅＦｏｒｇｏｔｔｅｎＡｍｂａｓｓａｄｏｒ', 'ｔｈｅＦｏｒｇｏｔｔｅｎＡｍｂａｓｓａｄｏｒ', 'ｔｈｅＦｏｒｇｏｔｔｅｎＡｍｂａｓｓａｄｏｒ', 'ｔｈｅＦｏｒｇｏｔｔｅｎＡｍｂａｓｓａｄｏｒ', 'ｔｈｅＦｏｒｇｏｔｔｅｎＡｍｂａｓｓａｄｏｒ', 'ｔｈｅＦｏｒｇｏｔｔｅｎＡｍｂａｓｓａｄｏｒ', 'ｔｈｅＦｏｒｇｏｔｔｅｎＡｍｂａｓｓａｄｏｒ', 'ｔｈｅＦｏｒｇｏｔｔｅｎＡｍｂａｓｓａｄｏｒ', 'ｔｈｅＦｏｒｇｏｔｔｅｎＡｍｂａｓｓａｄｏｒ', 'ｔｈｅＦｏｒｇｏｔｔｅｎＡｍｂａｓｓａｄｏｒ', 'ｔｈｅＦｏｒｇｏｔｔｅｎＡｍｂａｓｓａｄｏｒ', 'ｔｈｅＦｏｒｇｏｔｔｅｎＡｍｂａｓｓａｄｏｒ', 'ｔｈｅＦｏｒｇｏｔｔｅｎＡｍｂａｓｓａｄｏｒ', 'ｔｈｅＦｏｒｇｏｔｔｅｎＡｍｂａｓｓａｄｏｒ', 'ｔｈｅＦｏｒｇｏｔｔｅｎＡｍｂａｓｓａｄｏｒ', 'ｔｈｅＦｏｒｇｏｔｔｅｎＡｍｂａｓｓａｄｏｒ', 'ｔｈｅＦｏｒｇｏｔｔｅｎＡｍｂａｓｓａｄｏｒ', 'ｔｈｅＦｏｒｇｏｔｔｅｎＡｍｂａｓｓａｄｏｒ', 'ｔｈｅＦｏｒｇｏｔｔｅｎＡｍｂａｓｓａｄｏｒ', 'ｔｈｅＦｏｒｇｏｔｔｅｎＡｍｂａｓｓａｄｏｒ', 'ｔｈｅＦｏｒｇｏｔｔｅｎＡｍｂａｓｓａｄｏｒ', 'ｔｈｅＦｏｒｇｏｔｔｅｎＡｍｂａｓｓａｄｏｒ', 'ｔｈｅＦｏｒｇｏｔｔｅｎＡｍｂａｓｓａｄｏｒ', 'ｔｈｅＦｏｒｇｏｔｔｅｎＡｍｂａｓｓａｄｏｒ', 'ｔｈｅＦｏｒｇｏｔｔｅｎＡｍｂａｓｓａｄｏｒ', 'ｔｈｅＦｏｒｇｏｔｔｅｎＡｍｂａｓｓａｄｏｒ', 'ｔｈｅＦｏｒｇｏｔｔｅｎＡｍｂａｓｓａｄｏｒ', 'ｔｈｅＦｏｒｇｏｔｔｅｎＡｍｂａｓｓａｄｏｒ', 'ｔｈｅＦｏｒｇｏｔｔｅｎＡｍｂａｓｓａｄｏｒ', 'ｔｈｅＦｏｒｇｏｔｔｅｎＡｍｂａｓｓａｄｏｒ', 'ｔｈｅＦｏｒｇｏｔｔｅｎＡｍｂａｓｓａｄｏｒ', 'ｔｈｅＦｏｒｇｏｔｔｅｎＡｍｂａｓｓａｄｏｒ', 'ｔｈｅＦｏｒｇｏｔｔｅｎＡｍｂａｓｓａｄｏｒ', 'ｔｈｅＦｏｒｇｏｔｔｅｎＡｍｂａｓｓａｄｏｒ', 'ｔｈｅＦｏｒｇｏｔｔｅｎＡｍｂａｓｓａｄｏｒ', 'ｔｈｅＦｏｒｇｏｔｔｅｎＡｍｂａｓｓａｄｏｒ', 'ｔｈｅＦｏｒｇｏｔｔｅｎＡｍｂａｓｓａｄｏｒ', 'ｔｈｅＦｏｒｇｏｔｔｅｎＡｍｂａｓｓａｄｏｒ', 'Ｇｄｅｃｋｅ', 'Ｇｄｅｃｋｅ', 'Ｇｄｅｃｋｅ', 'Ｇｄｅｃｋｅ', 'Ｇｄｅｃｋｅ', 'Ｇｄｅｃｋｅ', 'Ｇｄｅｃｋｅ', 'Ｇｄｅｃｋｅ', 'Ｇｄｅｃｋｅ', 'Ｇｄｅｃｋｅ', 'Ｇｄｅｃｋｅ', 'Ｇｄｅｃｋｅ', 'Ｂｒｅｗｅｒｅｄ', 'Ｂｒｅｗｅｒｅｄ', 'Ｂｒｅｗｅｒｅｄ', 'Ｂｒｅｗｅｒｅｄ', 'Ｂｒｅｗｅｒｅｄ', 'Ｂｒｅｗｅｒｅｄ', 'Ｂｒｅｗｅｒｅｄ', 'Ｂｒｅｗｅｒｅｄ', 'Ｂｒｅｗｅｒｅｄ', 'Ｂｒｅｗｅｒｅｄ', 'Ｂｒｅｗｅｒｅｄ', 'Ｂｒｅｗｅｒｅｄ', 'Ｂｒｅｗｅｒｅｄ', 'Ｂｒｅｗｅｒｅｄ', 'Ｂｒｅｗｅｒｅｄ', 'Ｂｒｅｗｅｒｅｄ', 'Ｂｒｅｗｅｒｅｄ', 'Ｂｒｅｗｅｒｅｄ', 'Ｂｒｅｗｅｒｅｄ', 'Ｂｒｅｗｅｒｅｄ', 'Ｂｒｅｗｅｒｅｄ', 'Ｂｒｅｗｅｒｅｄ', 'Ｂｒｅｗｅｒｅｄ', 'Ｂｒｅｗｅｒｅｄ', 'ｅｃ', 'ｅｃ']
р	['р']
3	['30％', '30％', '300％', '300％', '3．5％', '3．5％', '3．5％', '3．5％', '03％', '03％', '0．3％', '0．3％', '0．3％', '0．3％', '3‰', '3‰', '4．3％', '4．3％', '4．3％', '4．3％', '130％', '130％']
Ⅲ	['Ⅲ']
甯	['甯']
﹐	['﹐']
Ｊ	['Ｊ', 'ＴＧＪ', 'ＴＧＪ', 'ＴＧＪ', 'ＤＪ', 'ＤＪ', 'ＲＪＲ', 'ＲＪＲ', 'ＲＪＲ', 'Ｊａｍｅｓ', 'Ｊａｍｅｓ', 'Ｊａｍｅｓ', 'Ｊａｍｅｓ', 'Ｊａｍｅｓ', 'ＪＳＦ', 'ＪＳＦ', 'ＪＳＦ', 'ＪＪ', 'ＪＪ', 'ＪＪ', 'ＪＪ', 'Ｊｕｎｚｉｔａｎｇ', 'Ｊｕｎｚｉｔａｎｇ', 'Ｊｕｎｚｉｔａｎｇ', 'Ｊｕｎｚｉｔａｎｇ', 'Ｊｕｎｚｉｔａｎｇ', 'Ｊｕｎｚｉｔａｎｇ', 'Ｊｕｎｚｉｔａｎｇ', 'Ｊｕｎｚｉｔａｎｇ', 'Ｊｕｎｚｉｔａｎｇ', 'ＪＬ', 'ＪＬ', 'ＸＪ', 'ＸＪ', 'ＪＡＣＫ', 'ＪＡＣＫ', 'ＪＡＣＫ', 'ＪＡＣＫ', 'ＪＨ', 'ＪＨ', 'ＹＪ', 'ＹＪ', 'ＦＪ', 'ＦＪ', 'ＢＪ', 'ＢＪ', 'ＪＥＳ', 'ＪＥＳ', 'ＪＥＳ']
⊙	['⊙']
噕	['噕', '\x1c噕', '\x1c噕', '\x1d\x1c噕', '\x1d\x1c噕', '\x1d\x1c噕']
8	['80％', '80％', '\x020\x1d8', '\x020\x1d8', '\x020\x1d8', '\x020\x1d8', '\x1d8', '\x1d8', '\x0208', '\x0208', '0．8％', '0．8％', '0．8％', '0．8％']
⑾	['⑾']
α	['α']
≈	['≈']
芶	['芶']
珪	['珪']
€	['€', '?€', '?€', '\x01€', '\x01€', '?€', '?€', '\x10€', '\x10€', '\x05€', '\x05€', '\x03€', '\x03€']
婠	['婠']
б	['б']
4	['40％', '40％', '400％', '400％', '4．3％', '4．3％', '4．3％', '4．3％']
∩	['∩']
	['\x1f?', '\x1f?', '\x1f', '\x1fu', '\x1fu', '\x1f_', '\x1f_', '\x1fa', '\x1fa', '\x1fY', '\x1fY']
	['\x11b', '\x11b', '\x1d\x11b', '\x1d\x11b', '\x1d\x11b', '\x11', '\x1d\x11bS', '\x1d\x11bS', '\x1d\x11bS', '\x11bS', '\x11bS', '\x1c\x11b', '\x1c\x11b', '\x1c\x11b', '\x11bN', '\x11bN', '\x11Oo', '\x11Oo']
b	['\x11b', '\x11b', '\x1d\x11b', '\x1d\x11b', '\x1d\x11b', 'background-color', 'background-color', 'background-color', '\x1d\x11bS', '\x1d\x11bS', '\x1d\x11bS', '\x11bS', '\x11bS', '?b', '?b', '\x1c\x11b', '\x1c\x11b', '\x1c\x11b', '\x10b', '\x10b', 'C-Cube', 'C-Cube', 'C-Cube', 'border-left-color', 'border-left-color', 'border-left-color', 'border-left-color', 'border-left-color', 'border-bottom-color', 'border-bottom-color', 'border-bottom-color', 'border-bottom-color', 'border-bottom-color', 'border-bottom-color', 'border-bottom-color', 'border-bottom-color', 'border-bottom-color', 'border-bottom-color', '\x11bN', '\x11bN', '?b', '?b', 'border-right-color', 'border-right-color', 'border-right-color', 'border-right-color', 'border-right-color', 'border-top-color', 'border-top-color', 'border-top-color', 'border-top-color', 'border-top-color', 'Good-bye', 'Good-bye', 'Good-bye', '?b', '?b', 'bye-bye', 'bye-bye', 'bye-bye', 'bye-bye', 'bye-bye', 'bye-bye', '\x16b', '\x16b', 'Chibrainbio-Guard', 'Chibrainbio-Guard', 'Chibrainbio-Guard', 'Chibrainbio-Guard', 'Chibrainbio-Guard', 'Chibrainbio-Guard', 'Bye-bye', 'Bye-bye', 'Bye-bye', 'border-left-style', 'border-left-style', 'border-left-style', 'border-left-style', 'border-left-style', 'Good-by', 'Good-by', 'Good-by', '\x1ctYbZ', '\x1ctYbZ']
⑿	['⑿']
¨	['¨']
Ⅰ	['Ⅰ']
冑	['冑']
網	['網']
學	['學']
＄	['＄']
Ｗ	['Ｗ', 'ＷＡＰ', 'ＷＡＰ', 'ＷＡＰ', 'ＷＷＷ', 'ＷＷＷ', 'ＷＷＷ', 'ＷＷＷ', 'ＷＷＷ', 'ＷＷＷ', 'ＷＷＷ', 'ＷＷＷ', 'ＷＷＷ', 'ＴＷ', 'ＴＷ', 'ＷＴＯ', 'ＷＴＯ', 'ＷＴＯ', 'ＷＩＮＧＫＩＮＧ', 'ＷＩＮＧＫＩＮＧ', 'ＷＩＮＧＫＩＮＧ', 'ＷＩＮＧＫＩＮＧ', 'ＷＩＮＧＫＩＮＧ', 'ＷＩＮＧＫＩＮＧ', 'ＷＩＮＧＫＩＮＧ', 'ＷＩＮＧＫＩＮＧ', 'ＡＷＯＲＤ', 'ＡＷＯＲＤ', 'ＡＷＯＲＤ', 'ＡＷＯＲＤ', 'ＡＷＯＲＤ', 'ＴＯＷＥＲ', 'ＴＯＷＥＲ', 'ＴＯＷＥＲ', 'ＴＯＷＥＲ', 'ＴＯＷＥＲ', 'ＯＫＰＯＷＥＲ', 'ＯＫＰＯＷＥＲ', 'ＯＫＰＯＷＥＲ', 'ＯＫＰＯＷＥＲ', 'ＯＫＰＯＷＥＲ', 'ＯＫＰＯＷＥＲ', 'ＯＫＰＯＷＥＲ', 'ＷＥＯ', 'ＷＥＯ', 'ＷＥＯ', 'ＷＰＳＯｆｆｉｃｅ', 'ＷＰＳＯｆｆｉｃｅ', 'ＷＰＳＯｆｆｉｃｅ', 'ＷＰＳＯｆｆｉｃｅ', 'ＷＰＳＯｆｆｉｃｅ', 'ＷＰＳＯｆｆｉｃｅ', 'ＷＰＳＯｆｆｉｃｅ', 'ＷＰＳＯｆｆｉｃｅ', 'ＷＰＳＯｆｆｉｃｅ', 'Ｗｉｎｄｏｗｓ', 'Ｗｉｎｄｏｗｓ', 'Ｗｉｎｄｏｗｓ', 'Ｗｉｎｄｏｗｓ', 'Ｗｉｎｄｏｗｓ', 'Ｗｉｎｄｏｗｓ', 'Ｗｉｎｄｏｗｓ', 'ＷＧ', 'ＷＧ', 'ＷＸ', 'ＷＸ', 'ＨＷ', 'ＨＷ', 'ＷＰ', 'ＷＰ', 'ＷＵＳＨＩ', 'ＷＵＳＨＩ', 'ＷＵＳＨＩ', 'ＷＵＳＨＩ', 'ＷＵＳＨＩ', 'ＷＷ', 'ＷＷ', 'ＷＷ', 'ＷＷ', 'ＷＡＲ', 'ＷＡＲ', 'ＷＡＲ', 'ＷＯＷ', 'ＷＯＷ', 'ＷＯＷ', 'ＷＯＷ', 'ＷＯＷ', 'ＷＯＷ']
購	['購', '\x1c購', '\x1c購', '\x1d\x1c購', '\x1d\x1c購', '\x1d\x1c購']
倮	['倮']
＠	['＠']
9	['90％', '90％']
仝	['朱仝', '仝']
Ｖ	['Ｖ', 'ＨＩＶ', 'ＨＩＶ', 'ＨＩＶ', 'ＬＶ', 'ＬＶ', 'ＫＴＶ', 'ＫＴＶ', 'ＫＴＶ', 'ＴＶ', 'ＴＶ', 'ＩＶ', 'ＩＶ', 'ＶＣＤ', 'ＶＣＤ', 'ＶＣＤ', 'ＶＩＰ', 'ＶＩＰ', 'ＶＩＰ', 'ＡＶ', 'ＡＶ', 'ＤＶＤ', 'ＤＶＤ', 'ＤＶＤ', 'ＶＳ', 'ＶＳ', 'ＶＲ', 'ＶＲ', 'ＤＶ', 'ＤＶ', 'ＯＢＶ', 'ＯＢＶ', 'ＯＢＶ', 'ＶＩ', 'ＶＩ', 'ＶＬＮ', 'ＶＬＮ', 'ＶＬＮ', 'ＧＶＣ', 'ＧＶＣ', 'ＧＶＣ', 'ＥＶＡ', 'ＥＶＡ', 'ＥＶＡ', 'ＳＵＶ', 'ＳＵＶ', 'ＳＵＶ', 'ＤＶＢ', 'ＤＶＢ', 'ＤＶＢ', 'ＶＣ', 'ＶＣ', 'ＶＭＨ', 'ＶＭＨ', 'ＶＭＨ', 'ＭＶ', 'ＭＶ']
ㄧ	['ㄧ']
窈	['窈']
篘	['篘']
′	['′']
	['\x7f', '\x13\x7f', '\x13\x7f', '\x18\x7f', '\x18\x7f']
6	['60％', '60％', '06％', '06％']
⒁	['⒁']
7	['70％', '70％', '7．5％', '7．5％', '7．5％', '7．5％']
Ｌ	['Ｌ', 'ＴＣＬ', 'ＴＣＬ', 'ＴＣＬ', 'ＬＶ', 'ＬＶ', 'ＬＧ', 'ＬＧ', 'ＨＥＬＬ', 'ＨＥＬＬ', 'ＨＥＬＬ', 'ＨＥＬＬ', 'ＨＥＬＬ', 'ＨＥＬＬ', 'ＨＥＬＬ', 'ＨＥＬＬ', 'ＬＸ', 'ＬＸ', 'ＬＡ', 'ＬＡ', 'ＬＰ', 'ＬＰ', 'ＬＯＬＩ', 'ＬＯＬＩ', 'ＬＯＬＩ', 'ＬＯＬＩ', 'ＬＯＬＩ', 'ＬＯＬＩ', 'ＬＯＬＩ', 'ＬＯＬＩ', 'ＳＬＩ', 'ＳＬＩ', 'ＳＬＩ', 'ＳＭＩＬＥ', 'ＳＭＩＬＥ', 'ＳＭＩＬＥ', 'ＳＭＩＬＥ', 'ＳＭＩＬＥ', 'ＤＬＳ', 'ＤＬＳ', 'ＤＬＳ', 'ＬＮ', 'ＬＮ', 'ＤＬ', 'ＤＬ', 'ＭＳＬ', 'ＭＳＬ', 'ＭＳＬ', 'ＶＬＮ', 'ＶＬＮ', 'ＶＬＮ', 'ＳＫＩＬＴＯ', 'ＳＫＩＬＴＯ', 'ＳＫＩＬＴＯ', 'ＳＫＩＬＴＯ', 'ＳＫＩＬＴＯ', 'ＳＫＩＬＴＯ', 'ＤＨＬ', 'ＤＨＬ', 'ＤＨＬ', 'ＪＬ', 'ＪＬ', 'ＩＬ', 'ＩＬ', 'ＡＤＬ', 'ＡＤＬ', 'ＡＤＬ', 'ＩＡＬ', 'ＩＡＬ', 'ＩＡＬ', 'ＯＬ', 'ＯＬ', 'ＣａｒｍａｎＬｉｎ', 'ＣａｒｍａｎＬｉｎ', 'ＣａｒｍａｎＬｉｎ', 'ＣａｒｍａｎＬｉｎ', 'ＣａｒｍａｎＬｉｎ', 'ＣａｒｍａｎＬｉｎ', 'ＣａｒｍａｎＬｉｎ', 'ＣａｒｍａｎＬｉｎ', 'ＣａｒｍａｎＬｉｎ', 'ＦＬＹ', 'ＦＬＹ', 'ＦＬＹ', 'ＤＫＬ', 'ＤＫＬ', 'ＤＫＬ', 'Ｌｉｎａ', 'Ｌｉｎａ', 'Ｌｉｎａ', 'Ｌｉｎａ', 'ＬＭＤＳ', 'ＬＭＤＳ', 'ＬＭＤＳ', 'ＬＭＤＳ', 'ＰＬ', 'ＰＬ', 'ＣＡＬＬ', 'ＣＡＬＬ', 'ＣＡＬＬ', 'ＣＡＬＬ', 'ＣＡＬＬ', 'ＣＡＬＬ', 'ＣＡＬＬ', 'ＣＡＬＬ', 'ＨＰＬ', 'ＨＰＬ', 'ＨＰＬ', 'ＢＬ', 'ＢＬ', 'Ｌｉｎｕｘ', 'Ｌｉｎｕｘ', 'Ｌｉｎｕｘ', 'Ｌｉｎｕｘ', 'Ｌｉｎｕｘ']
⌒	['⌒']
礻	['礻']
豲	['豲']
Ｅ	['Ｅ', 'ＥＤ', 'ＥＤ', 'ＣＥＯ', 'ＣＥＯ', 'ＣＥＯ', 'ＨＥＬＬ', 'ＨＥＬＬ', 'ＨＥＬＬ', 'ＨＥＬＬ', 'ＲＥＭＡＸ', 'ＲＥＭＡＸ', 'ＲＥＭＡＸ', 'ＲＥＭＡＸ', 'ＲＥＭＡＸ', 'ＤＥＭＯ', 'ＤＥＭＯ', 'ＤＥＭＯ', 'ＤＥＭＯ', 'ＴＩＧＥＮＫＩＮＧ', 'ＴＩＧＥＮＫＩＮＧ', 'ＴＩＧＥＮＫＩＮＧ', 'ＴＩＧＥＮＫＩＮＧ', 'ＴＩＧＥＮＫＩＮＧ', 'ＴＩＧＥＮＫＩＮＧ', 'ＴＩＧＥＮＫＩＮＧ', 'ＴＩＧＥＮＫＩＮＧ', 'ＴＩＧＥＮＫＩＮＧ', 'ＳＨＥＲＡ', 'ＳＨＥＲＡ', 'ＳＨＥＲＡ', 'ＳＨＥＲＡ', 'ＳＨＥＲＡ', 'ＲＥＤＢＡＣＫ', 'ＲＥＤＢＡＣＫ', 'ＲＥＤＢＡＣＫ', 'ＲＥＤＢＡＣＫ', 'ＲＥＤＢＡＣＫ', 'ＲＥＤＢＡＣＫ', 'ＲＥＤＢＡＣＫ', 'Ｅｃｈｏ', 'Ｅｃｈｏ', 'Ｅｃｈｏ', 'Ｅｃｈｏ', 'ＮＥＴ', 'ＮＥＴ', 'ＮＥＴ', 'ＴＯＷＥＲ', 'ＴＯＷＥＲ', 'ＴＯＷＥＲ', 'ＴＯＷＥＲ', 'ＴＯＷＥＲ', 'ＯＫＰＯＷＥＲ', 'ＯＫＰＯＷＥＲ', 'ＯＫＰＯＷＥＲ', 'ＯＫＰＯＷＥＲ', 'ＯＫＰＯＷＥＲ', 'ＯＫＰＯＷＥＲ', 'ＯＫＰＯＷＥＲ', 'ＳＭＩＬＥ', 'ＳＭＩＬＥ', 'ＳＭＩＬＥ', 'ＳＭＩＬＥ', 'ＳＭＩＬＥ', 'ＯＫＦＩＲＥ', 'ＯＫＦＩＲＥ', 'ＯＫＦＩＲＥ', 'ＯＫＦＩＲＥ', 'ＯＫＦＩＲＥ', 'ＯＫＦＩＲＥ', 'ＳＯＫＥ', 'ＳＯＫＥ', 'ＳＯＫＥ', 'ＳＯＫＥ', 'ＸＥ', 'ＸＥ', 'ＥＭＡ', 'ＥＭＡ', 'ＥＭＡ', 'ＹＥＳ', 'ＹＥＳ', 'ＹＥＳ', 'ＰＯＳＥ', 'ＰＯＳＥ', 'ＰＯＳＥ', 'ＰＯＳＥ', 'ＩＥＡ', 'ＩＥＡ', 'ＩＥＡ', 'ＮＥＣ', 'ＮＥＣ', 'ＮＥＣ', 'ＨＥＲＯ', 'ＨＥＲＯ', 'ＨＥＲＯ', 'ＨＥＲＯ', 'ＴＳＥ', 'ＴＳＥ', 'ＴＳＥ', 'ＥＶＡ', 'ＥＶＡ', 'ＥＶＡ', 'ＷＥＯ', 'ＷＥＯ', 'ＷＥＯ', 'ＳＵＰＥＮＭＡＮ', 'ＳＵＰＥＮＭＡＮ', 'ＳＵＰＥＮＭＡＮ', 'ＳＵＰＥＮＭＡＮ', 'ＳＵＰＥＮＭＡＮ', 'ＳＵＰＥＮＭＡＮ', 'ＳＵＰＥＮＭＡＮ', 'ＳＵＰＥＮＭＡＮ', 'ＥＱ', 'ＥＱ', 'ＩＮＴＥＲＮＥＴ', 'ＩＮＴＥＲＮＥＴ', 'ＩＮＴＥＲＮＥＴ', 'ＩＮＴＥＲＮＥＴ', 'ＩＮＴＥＲＮＥＴ', 'ＩＮＴＥＲＮＥＴ', 'ＩＮＴＥＲＮＥＴ', 'ＩＮＴＥＲＮＥＴ', 'ＩＮＴＥＲＮＥＴ', 'ＩＮＴＥＲＮＥＴ', 'ＩＮＴＥＲＮＥＴ', 'ＩＮＴＥＲＮＥＴ', 'ＩＮＴＥＲＮＥＴ', 'ＩＮＴＥＲＮＥＴ', 'ＩＮＴＥＲＮＥＴ', 'ＩＮＴＥＲＮＥＴ', 'ＥＳＤ', 'ＥＳＤ', 'ＥＳＤ', 'ＮＥ', 'ＮＥ', 'ＥＰＳ', 'ＥＰＳ', 'ＥＰＳ', 'ＥＴ', 'ＥＴ', 'ＧＲＥ', 'ＧＲＥ', 'ＧＲＥ', 'ＰＥ', 'ＰＥ', 'ＣＡＳＥ', 'ＣＡＳＥ', 'ＣＡＳＥ', 'ＣＡＳＥ', 'ＯＥＭ', 'ＯＥＭ', 'ＯＥＭ', 'ＳＥＸ', 'ＳＥＸ', 'ＳＥＸ', 'ＦＥ', 'ＦＥ', 'ＴＥＮ', 'ＴＥＮ', 'ＴＥＮ', 'ＮＥＭＡ', 'ＮＥＭＡ', 'ＮＥＭＡ', 'ＮＥＭＡ', 'ＮＥｔ', 'ＮＥｔ', 'ＮＥｔ', 'ＪＥＳ', 'ＪＥＳ', 'ＪＥＳ', 'ＡＸＥ', 'ＡＸＥ', 'ＡＸＥ', 'ＣＥ', 'ＣＥ', 'ＥＰ', 'ＥＰ', 'ＣＢＥ', 'ＣＢＥ', 'ＣＢＥ']
＇	['＇']
＼	['＼']
⒀	['⒀']
囓	['囓']
à	['à']
垅	['垅']
	['\x1d諲', '\x1d諲', '\x1d\x11b', '\x1d\x11b', '\x1d\x11b', '\x1d\x11bS', '\x1d\x11bS', '\x1d\x11bS', '\x020\x1d8', '\x020\x1d8', '\x020\x1d8', '\x020\x1d8', '\x1dN', '\x1dN', '\x1d8', '\x1d8', '\x1d^', '\x1d^', '\x1dyY', '\x1dyY', '\x1d`', '\x1d`', '\x1d', '\x1ds', '\x1ds', '\x1d\x1c噕', '\x1d\x1c噕', '\x1d\x1c噕', '\x1d\x1c`', '\x1d\x1c`', '\x1d\x1c`', '\x1dg', '\x1dg', '\x1d\x1c\x15g', '\x1d\x1c\x15g', '\x1d\x1c\x15g', '\x1d\x1c\x15g', '\x1dyYS', '\x1dyYS', '\x1d\x1cN', '\x1d\x1cN', '\x1d\x1cN', '\x1d?', '\x1d?', '\x1d\x1c購', '\x1d\x1c購', '\x1d\x1c購', '\x1d塠', '\x1d塠', '\x1d\x1c??', '\x1d\x1c??', '\x1d\x1c??', '\x1d\x1c??', '\x1d\x1c\x1aztY', '\x1d\x1c\x1aztY', '\x1d\x1c\x1aztY', '\x1d\x1c\x1aztY', '\x1d隨', '\x1d隨', '\x1d??', '\x1d??', '\x1d??']
ｉ	['Ｍｉｎｉ', 'Ｍｉｎｉ', 'Ｍｉｎｉ', 'Ｍｉｎｉ', 'Ｍｉｎｉ', 'Ｍｉｎｉ', 'Ｍｉｎｉ', 'Ｍｉｎｉ', 'ｉ', 'Ｈｅｒｍｉｔ', 'Ｈｅｒｍｉｔ', 'Ｈｅｒｍｉｔ', 'Ｈｅｒｍｉｔ', 'Ｈｅｒｍｉｔ', 'Ｈｅｒｍｉｔ', 'Ａｓｓａｓｓｉｎ', 'Ａｓｓａｓｓｉｎ', 'Ａｓｓａｓｓｉｎ', 'Ａｓｓａｓｓｉｎ', 'Ａｓｓａｓｓｉｎ', 'Ａｓｓａｓｓｉｎ', 'Ａｓｓａｓｓｉｎ', 'Ａｓｓａｓｓｉｎ', 'Ｋｉｎ', 'Ｋｉｎ', 'Ｋｉｎ', 'ＴｉＦａｂ', 'ＴｉＦａｂ', 'ＴｉＦａｂ', 'ＴｉＦａｂ', 'ＴｉＦａｂ', 'Ｄｕｓｔｉｎ', 'Ｄｕｓｔｉｎ', 'Ｄｕｓｔｉｎ', 'Ｄｕｓｔｉｎ', 'Ｄｕｓｔｉｎ', 'Ｄｕｓｔｉｎ', 'Ｊｕｎｚｉｔａｎｇ', 'Ｊｕｎｚｉｔａｎｇ', 'Ｊｕｎｚｉｔａｎｇ', 'Ｊｕｎｚｉｔａｎｇ', 'Ｊｕｎｚｉｔａｎｇ', 'Ｊｕｎｚｉｔａｎｇ', 'Ｊｕｎｚｉｔａｎｇ', 'Ｊｕｎｚｉｔａｎｇ', 'Ｊｕｎｚｉｔａｎｇ', 'ｘｉ', 'ｘｉ', 'ＷＰＳＯｆｆｉｃｅ', 'ＷＰＳＯｆｆｉｃｅ', 'ＷＰＳＯｆｆｉｃｅ', 'ＷＰＳＯｆｆｉｃｅ', 'ＷＰＳＯｆｆｉｃｅ', 'ＷＰＳＯｆｆｉｃｅ', 'ＷＰＳＯｆｆｉｃｅ', 'ＷＰＳＯｆｆｉｃｅ', 'ＷＰＳＯｆｆｉｃｅ', 'Ｗｉｎｄｏｗｓ', 'Ｗｉｎｄｏｗｓ', 'Ｗｉｎｄｏｗｓ', 'Ｗｉｎｄｏｗｓ', 'Ｗｉｎｄｏｗｓ', 'Ｗｉｎｄｏｗｓ', 'Ｗｉｎｄｏｗｓ', 'ｍｅｄｉａ', 'ｍｅｄｉａ', 'ｍｅｄｉａ', 'ｍｅｄｉａ', 'ｍｅｄｉａ', 'ｊｉ', 'ｊｉ', 'Ｓｉｌｅｎｃｅｒ', 'Ｓｉｌｅｎｃｅｒ', 'Ｓｉｌｅｎｃｅｒ', 'Ｓｉｌｅｎｃｅｒ', 'Ｓｉｌｅｎｃｅｒ', 'Ｓｉｌｅｎｃｅｒ', 'Ｓｉｌｅｎｃｅｒ', 'Ｓｉｌｅｎｃｅｒ', 'ＣａｒｍａｎＬｉｎ', 'ＣａｒｍａｎＬｉｎ', 'ＣａｒｍａｎＬｉｎ', 'ＣａｒｍａｎＬｉｎ', 'ＣａｒｍａｎＬｉｎ', 'ＣａｒｍａｎＬｉｎ', 'ＣａｒｍａｎＬｉｎ', 'ＣａｒｍａｎＬｉｎ', 'ＣａｒｍａｎＬｉｎ', 'Ｌｉｎａ', 'Ｌｉｎａ', 'Ｌｉｎａ', 'Ｌｉｎａ', 'Ｈｉ', 'Ｈｉ', 'ｉＭａｃ', 'ｉＭａｃ', 'ｉＭａｃ', 'ｉＭａｃ', 'ｕｎｚｉｔａｎｇ', 'ｕｎｚｉｔａｎｇ', 'ｕｎｚｉｔａｎｇ', 'ｕｎｚｉｔａｎｇ', 'ｕｎｚｉｔａｎｇ', 'ｕｎｚｉｔａｎｇ', 'ｕｎｚｉｔａｎｇ', 'ｕｎｚｉｔａｎｇ', 'Ｍａｑｕｉｌａｄｏｒａ', 'Ｍａｑｕｉｌａｄｏｒａ', 'Ｍａｑｕｉｌａｄｏｒａ', 'Ｍａｑｕｉｌａｄｏｒａ', 'Ｍａｑｕｉｌａｄｏｒａ', 'Ｍａｑｕｉｌａｄｏｒａ', 'Ｍａｑｕｉｌａｄｏｒａ', 'Ｍａｑｕｉｌａｄｏｒａ', 'Ｍａｑｕｉｌａｄｏｒａ', 'Ｍａｑｕｉｌａｄｏｒａ', 'Ｍａｑｕｉｌａｄｏｒａ', 'ｙｉ', 'ｙｉ', 'ｊｉｎ', 'ｊｉｎ', 'ｊｉｎ', 'ｋｉｓｓ', 'ｋｉｓｓ', 'ｋｉｓｓ', 'ｋｉｓｓ', 'Ｎａｒｃｉｓｓｕｓ', 'Ｎａｒｃｉｓｓｕｓ', 'Ｎａｒｃｉｓｓｕｓ', 'Ｎａｒｃｉｓｓｕｓ', 'Ｎａｒｃｉｓｓｕｓ', 'Ｎａｒｃｉｓｓｕｓ', 'Ｎａｒｃｉｓｓｕｓ', 'Ｎａｒｃｉｓｓｕｓ', 'Ｎａｒｃｉｓｓｕｓ', 'Ｐａｌａｄｉｎ', 'Ｐａｌａｄｉｎ', 'Ｐａｌａｄｉｎ', 'Ｐａｌａｄｉｎ', 'Ｐａｌａｄｉｎ', 'Ｐａｌａｄｉｎ', 'Ｐａｌａｄｉｎ', 'Ｂａｓｉｃ', 'Ｂａｓｉｃ', 'Ｂａｓｉｃ', 'Ｂａｓｉｃ', 'Ｂａｓｉｃ', 'ｌｉ', 'ｌｉ', 'Ｌｉｎｕｘ', 'Ｌｉｎｕｘ', 'Ｌｉｎｕｘ', 'Ｌｉｎｕｘ', 'Ｌｉｎｕｘ']
說	['說']
膑	['膑']
籗	['籗']
绔	['绔']
С	['С']
￠	['￠']
褆	['褆']
Ｙ	['Ｙ', 'ＹＹ', 'ＹＹ', 'ＹＹ', 'ＹＹ', 'ＳＹ', 'ＳＹ', 'ＫＹＯＵＫＯ', 'ＫＹＯＵＫＯ', 'ＫＹＯＵＫＯ', 'ＫＹＯＵＫＯ', 'ＫＹＯＵＫＯ', 'ＫＹＯＵＫＯ', 'ＧＡＹ', 'ＧＡＹ', 'ＧＡＹ', 'ＹＥＳ', 'ＹＥＳ', 'ＹＥＳ', 'ＸＹ', 'ＸＹ', 'ＨＹ', 'ＨＹ', 'Ｙａｈｏｏ', 'Ｙａｈｏｏ', 'Ｙａｈｏｏ', 'Ｙａｈｏｏ', 'Ｙａｈｏｏ', 'ＲＯＹ', 'ＲＯＹ', 'ＲＯＹ', 'ＹＮ', 'ＹＮ', 'Ｙｅｓ', 'Ｙｅｓ', 'Ｙｅｓ', 'ＹＪ', 'ＹＪ', 'ＣＹ', 'ＣＹ', 'ＦＬＹ', 'ＦＬＹ', 'ＦＬＹ', 'ＹＤ', 'ＹＤ', 'ＳＯＮＹ', 'ＳＯＮＹ', 'ＳＯＮＹ', 'ＳＯＮＹ', 'ＰＡＲＴＹ', 'ＰＡＲＴＹ', 'ＰＡＲＴＹ', 'ＰＡＲＴＹ', 'ＰＡＲＴＹ', 'ＨＡＰＰＹ', 'ＨＡＰＰＹ', 'ＨＡＰＰＹ', 'ＨＡＰＰＹ', 'ＨＡＰＰＹ', 'ＹＵ', 'ＹＵ']
讀	['讀']
樂	['樂']
盡	['盡']
閱	['閱']
｀	['｀']
銆	['銆']
Ω	['Ω']
Ｕ	['Ｕ', 'ＢＵＧ', 'ＢＵＧ', 'ＢＵＧ', 'Ｕｃｓ', 'Ｕｃｓ', 'Ｕｃｓ', 'ｄＵ', 'ｄＵ', 'ＫＹＯＵＫＯ', 'ＫＹＯＵＫＯ', 'ＫＹＯＵＫＯ', 'ＫＹＯＵＫＯ', 'ＫＹＯＵＫＯ', 'ＫＹＯＵＫＯ', 'ＳＵ', 'ＳＵ', 'ＤＵ', 'ＤＵ', 'ＳＴＵ', 'ＳＴＵ', 'ＳＴＵ', 'ＣＰＵ', 'ＣＰＵ', 'ＣＰＵ', 'ＳＵＰＥＮＭＡＮ', 'ＳＵＰＥＮＭＡＮ', 'ＳＵＰＥＮＭＡＮ', 'ＳＵＰＥＮＭＡＮ', 'ＳＵＰＥＮＭＡＮ', 'ＳＵＰＥＮＭＡＮ', 'ＳＵＰＥＮＭＡＮ', 'ＳＵＰＥＮＭＡＮ', 'ＰＵＢ', 'ＰＵＢ', 'ＰＵＢ', 'ｕＵ', 'ｕＵ', 'ＵＵ', 'ＵＵ', 'ＵＵ', 'ＵＵ', 'ＳＵＶ', 'ＳＵＶ', 'ＳＵＶ', 'ＵＦＯ', 'ＵＦＯ', 'ＵＦＯ', 'Ｕｕ', 'Ｕｕ', 'ＷＵＳＨＩ', 'ＷＵＳＨＩ', 'ＷＵＳＨＩ', 'ＷＵＳＨＩ', 'ＷＵＳＨＩ', 'ＭＵＴＡＴＩＯＮ', 'ＭＵＴＡＴＩＯＮ', 'ＭＵＴＡＴＩＯＮ', 'ＭＵＴＡＴＩＯＮ', 'ＭＵＴＡＴＩＯＮ', 'ＭＵＴＡＴＩＯＮ', 'ＭＵＴＡＴＩＯＮ', 'ＭＵＴＡＴＩＯＮ', 'ＲＵＳＨ', 'ＲＵＳＨ', 'ＲＵＳＨ', 'ＲＵＳＨ', 'ＹＵ', 'ＹＵ']
Γ	['Γ']
	['\x0b', '\x0bN', '\x0bN', '\x0bNeg', '\x0bNeg', '\x0b0', '\x0b0', '\x0bg', '\x0bg']
倧	['倧']
綴	['綴']
亯	['亯']
榯	['榯']
ｕ	['ｕ', 'ｄｕ', 'ｄｕ', 'Ｄｕｓｔｉｎ', 'Ｄｕｓｔｉｎ', 'Ｄｕｓｔｉｎ', 'Ｄｕｓｔｉｎ', 'Ｄｕｓｔｉｎ', 'Ｄｕｓｔｉｎ', 'ｕｕ', 'ｕｕ', 'ｕｕ', 'ｕｕ', 'ｕｎ', 'ｕｎ', 'Ｊｕｎｚｉｔａｎｇ', 'Ｊｕｎｚｉｔａｎｇ', 'Ｊｕｎｚｉｔａｎｇ', 'Ｊｕｎｚｉｔａｎｇ', 'Ｊｕｎｚｉｔａｎｇ', 'Ｊｕｎｚｉｔａｎｇ', 'Ｊｕｎｚｉｔａｎｇ', 'Ｊｕｎｚｉｔａｎｇ', 'Ｊｕｎｚｉｔａｎｇ', 'ｚｕ', 'ｚｕ', 'ｕＵ', 'ｕＵ', 'ｓｈｕｄａｏ', 'ｓｈｕｄａｏ', 'ｓｈｕｄａｏ', 'ｓｈｕｄａｏ', 'ｓｈｕｄａｏ', 'ｓｈｕｄａｏ', 'ｙｕ', 'ｙｕ', 'Ｃｕ', 'Ｃｕ', 'ｕｎｚｉｔａｎｇ', 'ｕｎｚｉｔａｎｇ', 'ｕｎｚｉｔａｎｇ', 'ｕｎｚｉｔａｎｇ', 'ｕｎｚｉｔａｎｇ', 'ｕｎｚｉｔａｎｇ', 'ｕｎｚｉｔａｎｇ', 'ｕｎｚｉｔａｎｇ', 'Ｍａｑｕｉｌａｄｏｒａ', 'Ｍａｑｕｉｌａｄｏｒａ', 'Ｍａｑｕｉｌａｄｏｒａ', 'Ｍａｑｕｉｌａｄｏｒａ', 'Ｍａｑｕｉｌａｄｏｒａ', 'Ｍａｑｕｉｌａｄｏｒａ', 'Ｍａｑｕｉｌａｄｏｒａ', 'Ｍａｑｕｉｌａｄｏｒａ', 'Ｍａｑｕｉｌａｄｏｒａ', 'Ｍａｑｕｉｌａｄｏｒａ', 'Ｍａｑｕｉｌａｄｏｒａ', 'Ｎａｒｃｉｓｓｕｓ', 'Ｎａｒｃｉｓｓｕｓ', 'Ｎａｒｃｉｓｓｕｓ', 'Ｎａｒｃｉｓｓｕｓ', 'Ｎａｒｃｉｓｓｕｓ', 'Ｎａｒｃｉｓｓｕｓ', 'Ｎａｒｃｉｓｓｕｓ', 'Ｎａｒｃｉｓｓｕｓ', 'Ｎａｒｃｉｓｓｕｓ', 'Ｓｕ', 'Ｓｕ', 'Ｕｕ', 'Ｕｕ', 'ｈｕａ', 'ｈｕａ', 'ｈｕａ', 'Ｌｉｎｕｘ', 'Ｌｉｎｕｘ', 'Ｌｉｎｕｘ', 'Ｌｉｎｕｘ', 'Ｌｉｎｕｘ']
胈	['胈']
Ⅳ	['Ⅳ']
硷	['硷']
⒂	['⒂']
銇	['銇', '\x1c銇', '\x1c銇']
陸	['陸']
⒆	['⒆']
÷	['÷']
Ｉ	['Ｉ', 'ＨＩＶ', 'ＨＩＶ', 'ＨＩＶ', 'ＩＢＭ', 'ＩＢＭ', 'ＩＢＭ', 'ＩＴ', 'ＩＴ', 'ＸＫＩＮＧ', 'ＸＫＩＮＧ', 'ＸＫＩＮＧ', 'ＸＫＩＮＧ', 'ＸＫＩＮＧ', 'ＩＤ', 'ＩＤ', 'ＡＩＤＳ', 'ＡＩＤＳ', 'ＡＩＤＳ', 'ＡＩＤＳ', 'ＭＩ', 'ＭＩ', 'ＡＩ', 'ＡＩ', 'ＴＩＧＥＮＫＩＮＧ', 'ＴＩＧＥＮＫＩＮＧ', 'ＴＩＧＥＮＫＩＮＧ', 'ＴＩＧＥＮＫＩＮＧ', 'ＴＩＧＥＮＫＩＮＧ', 'ＴＩＧＥＮＫＩＮＧ', 'ＴＩＧＥＮＫＩＮＧ', 'ＴＩＧＥＮＫＩＮＧ', 'ＴＩＧＥＮＫＩＮＧ', 'ＴＩＧＥＮＫＩＮＧ', 'ＴＩＧＥＮＫＩＮＧ', 'ＴＩＧＥＮＫＩＮＧ', 'ＴＩＧＥＮＫＩＮＧ', 'ＴＩＧＥＮＫＩＮＧ', 'ＴＩＧＥＮＫＩＮＧ', 'ＴＩＧＥＮＫＩＮＧ', 'ＴＩＧＥＮＫＩＮＧ', 'ＴＩＧＥＮＫＩＮＧ', 'ＫＩＤ', 'ＫＩＤ', 'ＫＩＤ', 'ＩＩＩ', 'ＩＩＩ', 'ＩＩＩ', 'ＩＩＩ', 'ＩＩＩ', 'ＩＩＩ', 'ＩＩＩ', 'ＩＩＩ', 'ＩＩＩ', 'ＤＩ', 'ＤＩ', 'ＣＰＩ', 'ＣＰＩ', 'ＣＰＩ', 'ＫＩＮＧ', 'ＫＩＮＧ', 'ＫＩＮＧ', 'ＫＩＮＧ', 'ＩＩ', 'ＩＩ', 'ＩＩ', 'ＩＩ', 'ＲＩＮＧ', 'ＲＩＮＧ', 'ＲＩＮＧ', 'ＲＩＮＧ', 'ＩＣＢＣ', 'ＩＣＢＣ', 'ＩＣＢＣ', 'ＩＣＢＣ', 'ＩＶ', 'ＩＶ', 'ＰＩＧＧ', 'ＰＩＧＧ', 'ＰＩＧＧ', 'ＰＩＧＧ', 'ＶＩＰ', 'ＶＩＰ', 'ＶＩＰ', 'ＲＳＩ', 'ＲＳＩ', 'ＲＳＩ', 'ＷＩＮＧＫＩＮＧ', 'ＷＩＮＧＫＩＮＧ', 'ＷＩＮＧＫＩＮＧ', 'ＷＩＮＧＫＩＮＧ', 'ＷＩＮＧＫＩＮＧ', 'ＷＩＮＧＫＩＮＧ', 'ＷＩＮＧＫＩＮＧ', 'ＷＩＮＧＫＩＮＧ', 'ＷＩＮＧＫＩＮＧ', 'ＷＩＮＧＫＩＮＧ', 'ＷＩＮＧＫＩＮＧ', 'ＷＩＮＧＫＩＮＧ', 'ＷＩＮＧＫＩＮＧ', 'ＷＩＮＧＫＩＮＧ', 'ＷＩＮＧＫＩＮＧ', 'ＷＩＮＧＫＩＮＧ', 'ＣＩ', 'ＣＩ', 'ＩＤＧ', 'ＩＤＧ', 'ＩＤＧ', 'ＣＩＳ', 'ＣＩＳ', 'ＣＩＳ', 'ＬＯＬＩ', 'ＬＯＬＩ', 'ＬＯＬＩ', 'ＬＯＬＩ', 'ＳＬＩ', 'ＳＬＩ', 'ＳＬＩ', 'ＳＭＩＬＥ', 'ＳＭＩＬＥ', 'ＳＭＩＬＥ', 'ＳＭＩＬＥ', 'ＳＭＩＬＥ', 'ＯＫＦＩＲＥ', 'ＯＫＦＩＲＥ', 'ＯＫＦＩＲＥ', 'ＯＫＦＩＲＥ', 'ＯＫＦＩＲＥ', 'ＯＫＦＩＲＥ', 'ＩＳ', 'ＩＳ', 'ＩＳＯ', 'ＩＳＯ', 'ＩＳＯ', 'ＶＩ', 'ＶＩ', 'ＤＩＦ', 'ＤＩＦ', 'ＤＩＦ', 'ＴＡＰＩ', 'ＴＡＰＩ', 'ＴＡＰＩ', 'ＴＡＰＩ', 'ＣＩＣ', 'ＣＩＣ', 'ＣＩＣ', 'ＩＱ', 'ＩＱ', 'ＩＥＡ', 'ＩＥＡ', 'ＩＥＡ', 'ＩＰ', 'ＩＰ', 'ＳＫＩＬＴＯ', 'ＳＫＩＬＴＯ', 'ＳＫＩＬＴＯ', 'ＳＫＩＬＴＯ', 'ＳＫＩＬＴＯ', 'ＳＫＩＬＴＯ', 'ＫＩＳＳ', 'ＫＩＳＳ', 'ＫＩＳＳ', 'ＫＩＳＳ', 'ＺＩＰＰＯ', 'ＺＩＰＰＯ', 'ＺＩＰＰＯ', 'ＺＩＰＰＯ', 'ＺＩＰＰＯ', 'ＩＧＭ', 'ＩＧＭ', 'ＩＧＭ', 'ＩＮＴＥＲＮＥＴ', 'ＩＮＴＥＲＮＥＴ', 'ＩＮＴＥＲＮＥＴ', 'ＩＮＴＥＲＮＥＴ', 'ＩＮＴＥＲＮＥＴ', 'ＩＮＴＥＲＮＥＴ', 'ＩＮＴＥＲＮＥＴ', 'ＩＮＴＥＲＮＥＴ', 'ＩＬ', 'ＩＬ', 'ＩＳＰ', 'ＩＳＰ', 'ＩＳＰ', 'ＳＨＩＴ', 'ＳＨＩＴ', 'ＳＨＩＴ', 'ＳＨＩＴ', 'ＩＡＬ', 'ＩＡＬ', 'ＩＡＬ', 'ＣＩＡ', 'ＣＩＡ', 'ＣＩＡ', 'ＣＩＤＡ', 'ＣＩＤＡ', 'ＣＩＤＡ', 'ＣＩＤＡ', 'ＣＨＩＮＡ', 'ＣＨＩＮＡ', 'ＣＨＩＮＡ', 'ＣＨＩＮＡ', 'ＣＨＩＮＡ', 'ＢＩ', 'ＢＩ', 'ＩＮＧ', 'ＩＮＧ', 'ＩＮＧ', 'ＨＩ', 'ＨＩ', 'ＩＴＣ', 'ＩＴＣ', 'ＩＴＣ', 'ＯＳＩ', 'ＯＳＩ', 'ＯＳＩ', 'ＩＣ', 'ＩＣ', 'Ｉｎｔｅｌ', 'Ｉｎｔｅｌ', 'Ｉｎｔｅｌ', 'Ｉｎｔｅｌ', 'Ｉｎｔｅｌ', 'Ｉｎｔｅｒｎｅｔ', 'Ｉｎｔｅｒｎｅｔ', 'Ｉｎｔｅｒｎｅｔ', 'Ｉｎｔｅｒｎｅｔ', 'Ｉｎｔｅｒｎｅｔ', 'Ｉｎｔｅｒｎｅｔ', 'Ｉｎｔｅｒｎｅｔ', 'Ｉｎｔｅｒｎｅｔ', 'ＷＵＳＨＩ', 'ＷＵＳＨＩ', 'ＷＵＳＨＩ', 'ＷＵＳＨＩ', 'ＷＵＳＨＩ', 'ＢＡＳＩＣ', 'ＢＡＳＩＣ', 'ＢＡＳＩＣ', 'ＢＡＳＩＣ', 'ＢＡＳＩＣ', 'ＭＵＴＡＴＩＯＮ', 'ＭＵＴＡＴＩＯＮ', 'ＭＵＴＡＴＩＯＮ', 'ＭＵＴＡＴＩＯＮ', 'ＭＵＴＡＴＩＯＮ', 'ＭＵＴＡＴＩＯＮ', 'ＭＵＴＡＴＩＯＮ', 'ＭＵＴＡＴＩＯＮ']
藁	['藁']
鑛	['鑛']
郞	['郞']
钅	['钅']
Ｑ	['Ｑ', 'ＱＱ', 'ＱＱ', 'ＱＱ', 'ＱＱ', 'ＱＺ', 'ＱＺ', 'ＩＱ', 'ＩＱ', 'ＱＭ', 'ＱＭ', 'ＥＱ', 'ＥＱ', 'ＱＨ', 'ＱＨ']
	['\x15g', '\x15g', '\x15`', '\x15`', '\x15', '\x1c\x15g', '\x1c\x15g', '\x1c\x15g', '\x1d\x1c\x15g', '\x1d\x1c\x15g', '\x1d\x1c\x15g', '\x1d\x1c\x15g', '\x15_', '\x15_', '\x15gN', '\x15gN']
g	['\x15g', '\x15g', 'background-color', 'background-color', 'background-color', 'line-height', 'line-height', 'line-height', '\x1c\x15g', '\x1c\x15g', '\x1c\x15g', 'text-align', 'text-align', 'text-align', 'kevin-liuningOCR', 'kevin-liuningOCR', 'kevin-liuningOCR', 'stay-night', 'stay-night', 'stay-night', '\x1bg', '\x1bg', '\x1dg', '\x1dg', '\x0bNeg', '\x0bNeg', 'Wing-king', 'Wing-king', 'Wing-king', 'Wing-king', 'Wing-king', 'Wing-king', 'border-right-color', 'border-right-color', 'border-right-color', 'border-right-color', 'border-right-color', '\x1d\x1c\x15g', '\x1d\x1c\x15g', '\x1d\x1c\x15g', '\x1d\x1c\x15g', '\x15gN', '\x15gN', 'k-g', 'k-g', 'k-g', 'Chuang-tzu', 'Chuang-tzu', 'Chuang-tzu', '\x1cg', '\x1cg', '\x0bg', '\x0bg', 'go-vern-ment', 'go-vern-ment', 'go-vern-ment', 'go-vern-ment', 'go-vern-ment']
⒃	['⒃']
	['\x0e', '\x0e`', '\x0e`', '\x0ef', '\x0ef', '\x0eN', '\x0eN', '\x1c\x0e`', '\x1c\x0e`', '\x1c\x0e`']
婲	['婲']
⒄	['⒄']
瑊	['瑊']
禩	['禩']
妳	['妳']
⑸	['⑸']
m	['font-family', 'font-family', 'font-family', 'E-mail', 'E-mail', 'E-mail', 'e-mail', 'e-mail', 'e-mail', 'com------------------------------------------------------------', 'com------------------------------------------------------------', 'border-bottom-color', 'border-bottom-color', 'border-bottom-color', 'border-bottom-color', 'border-bottom-color', 'go-vern-ment', 'go-vern-ment', 'go-vern-ment', 'go-vern-ment', 'go-vern-ment', 'i-mode', 'i-mode', 'i-mode']
l	['font-family', 'font-family', 'font-family', '?l', '?l', 'background-color', 'background-color', 'background-color', 'E-mail', 'E-mail', 'E-mail', 'line-height', 'line-height', 'line-height', 'e-mail', 'e-mail', 'e-mail', 'shiliu-k', 'shiliu-k', 'shiliu-k', '\x14l', '\x14l', 'text-align', 'text-align', 'text-align', 'kevin-liuningOCR', 'kevin-liuningOCR', 'kevin-liuningOCR', 'border-left-color', 'border-left-color', 'border-left-color', 'border-left-color', 'border-left-color', 'border-left-color', 'border-left-color', 'border-left-color', 'border-left-color', 'border-left-color', 'border-bottom-color', 'border-bottom-color', 'border-bottom-color', 'border-bottom-color', 'border-bottom-color', 'E-Mail', 'E-Mail', 'E-Mail', 'E--Mail', 'E--Mail', 'E--Mail', 'border-right-color', 'border-right-color', 'border-right-color', 'border-right-color', 'border-right-color', 'border-top-color', 'border-top-color', 'border-top-color', 'border-top-color', 'border-top-color', 'Cold-call', 'Cold-call', 'Cold-call', 'Cold-call', 'Cold-call', 'Cold-call', 'Cold-call', 'Cold-call', 'Cold-call', 'Wal-Mart', 'Wal-Mart', 'Wal-Mart', 'border-left-style', 'border-left-style', 'border-left-style', 'border-left-style', 'border-left-style', 'border-left-style', 'border-left-style', 'border-left-style', 'border-left-style', 'border-left-style', 'Cola-cola', 'Cola-cola', 'Cola-cola', 'Cola-cola', 'Cola-cola', 'Cola-cola', 'Rolls-Royce', 'Rolls-Royce', 'Rolls-Royce', 'Rolls-Royce', 'Rolls-Royce', 'Rolls-Royce', 'close-ref', 'close-ref', 'close-ref', '\x1c?l', '\x1c?l', '\x1c?l']
y	['font-family', 'font-family', 'font-family', 'Stony-Moon', 'Stony-Moon', 'Stony-Moon', '\x1dyY', '\x1dyY', 'content-type', 'content-type', 'content-type', 'stay-night', 'stay-night', 'stay-night', 'Bye-Bye', 'Bye-Bye', 'Bye-Bye', 'Bye-Bye', 'Bye-Bye', 'Bye-Bye', 'Good-bye', 'Good-bye', 'Good-bye', 'bye-bye', 'bye-bye', 'bye-bye', 'bye-bye', 'bye-bye', 'bye-bye', '\x1dyYS', '\x1dyYS', 'Bye-bye', 'Bye-bye', 'Bye-bye', 'Bye-bye', 'Bye-bye', 'Bye-bye', '\x1cyY', '\x1cyY', 'Key-in', 'Key-in', 'Key-in', 'border-left-style', 'border-left-style', 'border-left-style', 'border-left-style', 'border-left-style', 'Good-by', 'Good-by', 'Good-by', 'easy-cn', 'easy-cn', 'easy-cn', 'Rolls-Royce', 'Rolls-Royce', 'Rolls-Royce', 'Mad-Eye', 'Mad-Eye', 'Mad-Eye']
а	['а']
ⅴ	['ⅴ']
錞	['錞']
煊	['煊', '姜煊']
ｚ	['ｚ', 'ｘｙｚ', 'ｘｙｚ', 'ｘｙｚ', 'ｚｈ', 'ｚｈ', 'Ｊｕｎｚｉｔａｎｇ', 'Ｊｕｎｚｉｔａｎｇ', 'Ｊｕｎｚｉｔａｎｇ', 'Ｊｕｎｚｉｔａｎｇ', 'Ｊｕｎｚｉｔａｎｇ', 'Ｊｕｎｚｉｔａｎｇ', 'Ｊｕｎｚｉｔａｎｇ', 'Ｊｕｎｚｉｔａｎｇ', 'Ｊｕｎｚｉｔａｎｇ', 'ｚｕ', 'ｚｕ', 'ｍｚ', 'ｍｚ', 'ｕｎｚｉｔａｎｇ', 'ｕｎｚｉｔａｎｇ', 'ｕｎｚｉｔａｎｇ', 'ｕｎｚｉｔａｎｇ', 'ｕｎｚｉｔａｎｇ', 'ｕｎｚｉｔａｎｇ', 'ｕｎｚｉｔａｎｇ', 'ｕｎｚｉｔａｎｇ']
↓	['↓']
≮	['≮']
⑵	['⑵']
書	['書']
載	['載']
⒅	['⒅']
k	['background-color', 'background-color', 'background-color', 'shiliu-k', 'shiliu-k', 'shiliu-k', 'kevin-liuningOCR', 'kevin-liuningOCR', 'kevin-liuningOCR', 'Wing-king', 'Wing-king', 'Wing-king', 'k-g', 'k-g', 'k-g']
u	['background-color', 'background-color', 'background-color', 'shiliu-k', 'shiliu-k', 'shiliu-k', '\x1fu', '\x1fu', 'C-Cube', 'C-Cube', 'C-Cube', 'http-equiv', 'http-equiv', 'http-equiv', 'kevin-liuningOCR', 'kevin-liuningOCR', 'kevin-liuningOCR', '\x1au', '\x1au', 'Chibrainbio-Guard', 'Chibrainbio-Guard', 'Chibrainbio-Guard', 'Chuang-tzu', 'Chuang-tzu', 'Chuang-tzu', 'Chuang-tzu', 'Chuang-tzu', 'Chuang-tzu', 'Hsun-tzu', 'Hsun-tzu', 'Hsun-tzu', 'Hsun-tzu', 'Hsun-tzu', 'Hsun-tzu']
ィ	['ィ']
轉	['轉']
陙	['陙']
缍	['缍']
Φ	['Φ']
χ	['χ']
鶴	['鶴']
∷	['∷']
⒉	['⒉']
‖	['‖']
骮	['骮']
⑶	['⑶']
	['\x01?', '\x01?', '\x01€', '\x01€', '\x01', '\x010', '\x010']
с	['с']
〃	['〃']
澣	['澣']
裏	['裏']
阝	['阝']
♀	['♀']
﹌	['﹌']
	['\x18', '\x18Z', '\x18Z', '\x1c\x18Z', '\x1c\x18Z', '\x1c\x18Z', '\x18\x7f', '\x18\x7f']
≡	['≡']
艼	['艼']
蔲	['蔲']
颯	['颯']
═	['═']
Κ	['Κ']
霳	['霳']
⑽	['⑽']
⒌	['⒌']
筽	['筽']
龕	['龕']
鰁	['鰁']
М	['М']
ｂ	['ｂ', 'ｂｏｓｓ', 'ｂｏｓｓ', 'ｂｏｓｓ', 'ｂｏｓｓ', 'ｂｅ', 'ｂｅ', 'Ｓａｂｅｒ', 'Ｓａｂｅｒ', 'Ｓａｂｅｒ', 'Ｓａｂｅｒ', 'Ｓａｂｅｒ', 'ＴｉＦａｂ', 'ＴｉＦａｂ', 'ＴｉＦａｂ', 'ＴｉＦａｂ', 'ＴｉＦａｂ', 'ｂｙｅ', 'ｂｙｅ', 'ｂｙｅ', 'ｂｂｓ', 'ｂｂｓ', 'ｂｂｓ', 'ｂｂｓ', 'ｂｂｓ', 'ｂｂｓ', 'ｔｈｅＦｏｒｇｏｔｔｅｎＡｍｂａｓｓａｄｏｒ', 'ｔｈｅＦｏｒｇｏｔｔｅｎＡｍｂａｓｓａｄｏｒ', 'ｔｈｅＦｏｒｇｏｔｔｅｎＡｍｂａｓｓａｄｏｒ', 'ｔｈｅＦｏｒｇｏｔｔｅｎＡｍｂａｓｓａｄｏｒ', 'ｔｈｅＦｏｒｇｏｔｔｅｎＡｍｂａｓｓａｄｏｒ', 'ｔｈｅＦｏｒｇｏｔｔｅｎＡｍｂａｓｓａｄｏｒ', 'ｔｈｅＦｏｒｇｏｔｔｅｎＡｍｂａｓｓａｄｏｒ', 'ｔｈｅＦｏｒｇｏｔｔｅｎＡｍｂａｓｓａｄｏｒ', 'ｔｈｅＦｏｒｇｏｔｔｅｎＡｍｂａｓｓａｄｏｒ', 'ｔｈｅＦｏｒｇｏｔｔｅｎＡｍｂａｓｓａｄｏｒ', 'ｔｈｅＦｏｒｇｏｔｔｅｎＡｍｂａｓｓａｄｏｒ', 'ｔｈｅＦｏｒｇｏｔｔｅｎＡｍｂａｓｓａｄｏｒ', 'ｔｈｅＦｏｒｇｏｔｔｅｎＡｍｂａｓｓａｄｏｒ', 'ｔｈｅＦｏｒｇｏｔｔｅｎＡｍｂａｓｓａｄｏｒ', 'ｔｈｅＦｏｒｇｏｔｔｅｎＡｍｂａｓｓａｄｏｒ', 'ｔｈｅＦｏｒｇｏｔｔｅｎＡｍｂａｓｓａｄｏｒ', 'ｔｈｅＦｏｒｇｏｔｔｅｎＡｍｂａｓｓａｄｏｒ', 'ｔｈｅＦｏｒｇｏｔｔｅｎＡｍｂａｓｓａｄｏｒ', 'ｔｈｅＦｏｒｇｏｔｔｅｎＡｍｂａｓｓａｄｏｒ', 'ｔｈｅＦｏｒｇｏｔｔｅｎＡｍｂａｓｓａｄｏｒ', 'ｔｈｅＦｏｒｇｏｔｔｅｎＡｍｂａｓｓａｄｏｒ', 'ｔｈｅＦｏｒｇｏｔｔｅｎＡｍｂａｓｓａｄｏｒ']
镙	['镙']
｝	['｝']
唃	['唃']
±	['±']
ァ	['ァ']
∧	['∧']
E	['E-mail', 'E-mail', 'E-mail', 'E-Mail', 'E-Mail', 'E-Mail', 'E--Mail', 'E--Mail', 'E--Mail', 'COOL-FIRE', 'COOL-FIRE', 'COOL-FIRE', 'BYE-BYE', 'BYE-BYE', 'BYE-BYE', 'BYE-BYE', 'BYE-BYE', 'BYE-BYE', 'C-CUBE', 'C-CUBE', 'C-CUBE', 'Ex-S', 'Ex-S', 'Ex-S', 'E-Z', 'E-Z', 'E-Z', 'Mad-Eye', 'Mad-Eye', 'Mad-Eye']
榘	['榘']
｛	['｛']
繬	['繬']
翂	['翂']
ⅲ	['ⅲ']
儁	['儁']
⑷	['⑷']
抰	['抰']
鍂	['鍂']
↑	['↑']
	['\x1c`', '\x1c`', '\x1c噕', '\x1c噕', '\x1c銇', '\x1c銇', '\x1c\x15g', '\x1c\x15g', '\x1c\x15g', '\x1cN', '\x1cN', '\x1c購', '\x1c購', '\x1c\x11b', '\x1c\x11b', '\x1c\x11b', '\x1c', '\x1c??', '\x1c??', '\x1c??', '\x1c\x18Z', '\x1c\x18Z', '\x1c\x18Z', '\x1d\x1c噕', '\x1d\x1c噕', '\x1d\x1c噕', '\x1c諲', '\x1c諲', '\x1c\x1aztY', '\x1c\x1aztY', '\x1c\x1aztY', '\x1d\x1c`', '\x1d\x1c`', '\x1d\x1c`', '\x1d\x1c\x15g', '\x1d\x1c\x15g', '\x1d\x1c\x15g', '\x1d\x1c\x15g', '\x1cY', '\x1cY', '\x1d\x1cN', '\x1d\x1cN', '\x1d\x1cN', '\x1c5', '\x1c5', '\x1d\x1c購', '\x1d\x1c購', '\x1d\x1c購', '\x1cyY', '\x1cyY', '\x1c\x0e`', '\x1c\x0e`', '\x1c\x0e`', '\x1cg', '\x1cg', '\x1d\x1c??', '\x1d\x1c??', '\x1d\x1c??', '\x1d\x1c??', '\x1c;', '\x1c;', '\x1d\x1c\x1aztY', '\x1d\x1c\x1aztY', '\x1d\x1c\x1aztY', '\x1d\x1c\x1aztY', '\x1ctYbZ', '\x1ctYbZ', '\x1c?l', '\x1c?l', '\x1c?l', '\x1c1', '\x1c1']
ㄛ	['ㄛ']
h	['line-height', 'line-height', 'line-height', 'line-height', 'line-height', 'line-height', 'shiliu-k', 'shiliu-k', 'shiliu-k', 'http-equiv', 'http-equiv', 'http-equiv', 'stay-night', 'stay-night', 'stay-night', 'border-right-color', 'border-right-color', 'border-right-color', 'border-right-color', 'border-right-color', 'Chibrainbio-Guard', 'Chibrainbio-Guard', 'Chibrainbio-Guard', 'M-Geschss', 'M-Geschss', 'M-Geschss', 'Minh-Le', 'Minh-Le', 'Minh-Le', 'Chuang-tzu', 'Chuang-tzu', 'Chuang-tzu', '?h', '?h']
錘	['錘']
轛	['轛']
ｌ	['ｌ', 'Ｂｌａｃｋ', 'Ｂｌａｃｋ', 'Ｂｌａｃｋ', 'Ｂｌａｃｋ', 'Ｂｌａｃｋ', 'Ｓｉｌｅｎｃｅｒ', 'Ｓｉｌｅｎｃｅｒ', 'Ｓｉｌｅｎｃｅｒ', 'Ｓｉｌｅｎｃｅｒ', 'Ｓｉｌｅｎｃｅｒ', 'Ｓｉｌｅｎｃｅｒ', 'Ｓｉｌｅｎｃｅｒ', 'Ｓｉｌｅｎｃｅｒ', 'Ｍａｑｕｉｌａｄｏｒａ', 'Ｍａｑｕｉｌａｄｏｒａ', 'Ｍａｑｕｉｌａｄｏｒａ', 'Ｍａｑｕｉｌａｄｏｒａ', 'Ｍａｑｕｉｌａｄｏｒａ', 'Ｍａｑｕｉｌａｄｏｒａ', 'Ｍａｑｕｉｌａｄｏｒａ', 'Ｍａｑｕｉｌａｄｏｒａ', 'Ｍａｑｕｉｌａｄｏｒａ', 'Ｍａｑｕｉｌａｄｏｒａ', 'Ｍａｑｕｉｌａｄｏｒａ', 'Ｐａｌａｄｉｎ', 'Ｐａｌａｄｉｎ', 'Ｐａｌａｄｉｎ', 'Ｐａｌａｄｉｎ', 'Ｐａｌａｄｉｎ', 'Ｐａｌａｄｉｎ', 'Ｐａｌａｄｉｎ', 'Ｉｎｔｅｌ', 'Ｉｎｔｅｌ', 'Ｉｎｔｅｌ', 'Ｉｎｔｅｌ', 'Ｉｎｔｅｌ', 'Ｃａｌｌ', 'Ｃａｌｌ', 'Ｃａｌｌ', 'Ｃａｌｌ', 'Ｃａｌｌ', 'Ｃａｌｌ', 'Ｃａｌｌ', 'Ｃａｌｌ', 'ｌｉ', 'ｌｉ']
G	['GOOD-BOY', 'GOOD-BOY', 'GOOD-BOY', 'G-G', 'G-G', 'G-G', 'G-G', 'G-G', 'G-G', 'WING-KING', 'WING-KING', 'WING-KING', 'WING-KING', 'WING-KING', 'WING-KING', 'Good-bye', 'Good-bye', 'Good-bye', 'Chibrainbio-Guard', 'Chibrainbio-Guard', 'Chibrainbio-Guard', 'M-Geschss', 'M-Geschss', 'M-Geschss', 'Good-by', 'Good-by', 'Good-by']
O	['GOOD-BOY', 'GOOD-BOY', 'GOOD-BOY', 'GOOD-BOY', 'GOOD-BOY', 'GOOD-BOY', 'GOOD-BOY', 'GOOD-BOY', 'GOOD-BOY', '\x1aO', '\x1aO', 'MS-DOS', 'MS-DOS', 'MS-DOS', 'kevin-liuningOCR', 'kevin-liuningOCR', 'kevin-liuningOCR', 'CD-ROM', 'CD-ROM', 'CD-ROM', 'COOL-FIRE', 'COOL-FIRE', 'COOL-FIRE', 'COOL-FIRE', 'COOL-FIRE', 'COOL-FIRE', '\x11Oo', '\x11Oo', 'MM-NO', 'MM-NO', 'MM-NO']
D	['GOOD-BOY', 'GOOD-BOY', 'GOOD-BOY', 'MS-DOS', 'MS-DOS', 'MS-DOS', 'CD-ROM', 'CD-ROM', 'CD-ROM', 'CD-R', 'CD-R', 'CD-R', 'CD-RW', 'CD-RW', 'CD-RW']
B	['GOOD-BOY', 'GOOD-BOY', 'GOOD-BOY', 'Xavier-Bati', 'Xavier-Bati', 'Xavier-Bati', 'Bye-Bye', 'Bye-Bye', 'Bye-Bye', 'Bye-Bye', 'Bye-Bye', 'Bye-Bye', 'B-I', 'B-I', 'B-I', 'Bit-Bit', 'Bit-Bit', 'Bit-Bit', 'Bit-Bit', 'Bit-Bit', 'Bit-Bit', 'Bye-bye', 'Bye-bye', 'Bye-bye', 'BYE-BYE', 'BYE-BYE', 'BYE-BYE', 'BYE-BYE', 'BYE-BYE', 'BYE-BYE', 'C-CUBE', 'C-CUBE', 'C-CUBE']
Y	['GOOD-BOY', 'GOOD-BOY', 'GOOD-BOY', '\x1aY', '\x1aY', '\x1dyY', '\x1dyY', '\x1aztY', '\x1aztY', '\x16Y', '\x16Y', '\x1c\x1aztY', '\x1c\x1aztY', '\x1c\x1aztY', '\x07Y', '\x07Y', '\x1dyYS', '\x1dyYS', '\x1cY', '\x1cY', '\x1cyY', '\x1cyY', 'BYE-BYE', 'BYE-BYE', 'BYE-BYE', 'BYE-BYE', 'BYE-BYE', 'BYE-BYE', '\x1fY', '\x1fY', '\x1d\x1c\x1aztY', '\x1d\x1c\x1aztY', '\x1d\x1c\x1aztY', '\x1d\x1c\x1aztY', '\x1ctYbZ', '\x1ctYbZ', '?Y', '?Y']
訢	['訢']
隨	['隨', '\x1d隨', '\x1d隨']
∥	['∥']
賬	['賬']
Τ	['Τ']
珟	['珟']
﹑	['﹑']
齹	['齹']
縊	['縊']
汵	['汵']
≠	['≠']
Ν	['Ν']
給	['給']
歭	['歭']
徳	['徳']
⒊	['⒊']
⑺	['⑺']
ǎ	['ǎ']
≌	['≌']
邖	['邖']
ǖ	['ǖ']
俢	['俢']
禟	['禟']
Ⅴ	['Ⅴ']
陰	['陰']
∑	['∑']
ˉ	['ˉ']
渖	['渖']
輯	['輯']
∨	['∨']
譞	['譞']
堺	['堺']
ｔ	['ｔ', 'ｎｅｔ', 'ｎｅｔ', 'ｎｅｔ', 'Ｎｅｔ', 'Ｎｅｔ', 'Ｎｅｔ', 'Ｃａｓｔｅｒ', 'Ｃａｓｔｅｒ', 'Ｃａｓｔｅｒ', 'Ｃａｓｔｅｒ', 'Ｃａｓｔｅｒ', 'Ｃａｓｔｅｒ', 'Ｈｅｒｍｉｔ', 'Ｈｅｒｍｉｔ', 'Ｈｅｒｍｉｔ', 'Ｈｅｒｍｉｔ', 'Ｈｅｒｍｉｔ', 'Ｈｅｒｍｉｔ', 'Ｄｕｓｔｉｎ', 'Ｄｕｓｔｉｎ', 'Ｄｕｓｔｉｎ', 'Ｄｕｓｔｉｎ', 'Ｄｕｓｔｉｎ', 'Ｄｕｓｔｉｎ', 'ｘｔ', 'ｘｔ', 'Ｊｕｎｚｉｔａｎｇ', 'Ｊｕｎｚｉｔａｎｇ', 'Ｊｕｎｚｉｔａｎｇ', 'Ｊｕｎｚｉｔａｎｇ', 'Ｊｕｎｚｉｔａｎｇ', 'Ｊｕｎｚｉｔａｎｇ', 'Ｊｕｎｚｉｔａｎｇ', 'Ｊｕｎｚｉｔａｎｇ', 'Ｊｕｎｚｉｔａｎｇ', 'ｗｗｗｎｅｔ', 'ｗｗｗｎｅｔ', 'ｗｗｗｎｅｔ', 'ｗｗｗｎｅｔ', 'ｗｗｗｎｅｔ', 'ｗｗｗｎｅｔ', 'Ｃｈａｒｍａｎｔ', 'Ｃｈａｒｍａｎｔ', 'Ｃｈａｒｍａｎｔ', 'Ｃｈａｒｍａｎｔ', 'Ｃｈａｒｍａｎｔ', 'Ｃｈａｒｍａｎｔ', 'Ｃｈａｒｍａｎｔ', 'Ｃｈａｒｍａｎｔ', 'ｕｎｚｉｔａｎｇ', 'ｕｎｚｉｔａｎｇ', 'ｕｎｚｉｔａｎｇ', 'ｕｎｚｉｔａｎｇ', 'ｕｎｚｉｔａｎｇ', 'ｕｎｚｉｔａｎｇ', 'ｕｎｚｉｔａｎｇ', 'ｕｎｚｉｔａｎｇ', 'Ｓｔ', 'Ｓｔ', 'Ｓｅｒｖａｎｔ', 'Ｓｅｒｖａｎｔ', 'Ｓｅｒｖａｎｔ', 'Ｓｅｒｖａｎｔ', 'Ｓｅｒｖａｎｔ', 'Ｓｅｒｖａｎｔ', 'Ｓｅｒｖａｎｔ', 'ｔｘ', 'ｔｘ', 'ＮＥｔ', 'ＮＥｔ', 'ＮＥｔ', 'Ｉｎｔｅｌ', 'Ｉｎｔｅｌ', 'Ｉｎｔｅｌ', 'Ｉｎｔｅｌ', 'Ｉｎｔｅｌ', 'Ｉｎｔｅｒｎｅｔ', 'Ｉｎｔｅｒｎｅｔ', 'Ｉｎｔｅｒｎｅｔ', 'Ｉｎｔｅｒｎｅｔ', 'Ｉｎｔｅｒｎｅｔ', 'Ｉｎｔｅｒｎｅｔ', 'Ｉｎｔｅｒｎｅｔ', 'Ｉｎｔｅｒｎｅｔ', 'Ｉｎｔｅｒｎｅｔ', 'Ｉｎｔｅｒｎｅｔ', 'Ｉｎｔｅｒｎｅｔ', 'Ｉｎｔｅｒｎｅｔ', 'Ｉｎｔｅｒｎｅｔ', 'Ｉｎｔｅｒｎｅｔ', 'Ｉｎｔｅｒｎｅｔ', 'Ｉｎｔｅｒｎｅｔ', 'ｔｈｅＦｏｒｇｏｔｔｅｎＡｍｂａｓｓａｄｏｒ', 'ｔｈｅＦｏｒｇｏｔｔｅｎＡｍｂａｓｓａｄｏｒ', 'ｔｈｅＦｏｒｇｏｔｔｅｎＡｍｂａｓｓａｄｏｒ', 'ｔｈｅＦｏｒｇｏｔｔｅｎＡｍｂａｓｓａｄｏｒ', 'ｔｈｅＦｏｒｇｏｔｔｅｎＡｍｂａｓｓａｄｏｒ', 'ｔｈｅＦｏｒｇｏｔｔｅｎＡｍｂａｓｓａｄｏｒ', 'ｔｈｅＦｏｒｇｏｔｔｅｎＡｍｂａｓｓａｄｏｒ', 'ｔｈｅＦｏｒｇｏｔｔｅｎＡｍｂａｓｓａｄｏｒ', 'ｔｈｅＦｏｒｇｏｔｔｅｎＡｍｂａｓｓａｄｏｒ', 'ｔｈｅＦｏｒｇｏｔｔｅｎＡｍｂａｓｓａｄｏｒ', 'ｔｈｅＦｏｒｇｏｔｔｅｎＡｍｂａｓｓａｄｏｒ', 'ｔｈｅＦｏｒｇｏｔｔｅｎＡｍｂａｓｓａｄｏｒ', 'ｔｈｅＦｏｒｇｏｔｔｅｎＡｍｂａｓｓａｄｏｒ', 'ｔｈｅＦｏｒｇｏｔｔｅｎＡｍｂａｓｓａｄｏｒ', 'ｔｈｅＦｏｒｇｏｔｔｅｎＡｍｂａｓｓａｄｏｒ', 'ｔｈｅＦｏｒｇｏｔｔｅｎＡｍｂａｓｓａｄｏｒ', 'ｔｈｅＦｏｒｇｏｔｔｅｎＡｍｂａｓｓａｄｏｒ', 'ｔｈｅＦｏｒｇｏｔｔｅｎＡｍｂａｓｓａｄｏｒ', 'ｔｈｅＦｏｒｇｏｔｔｅｎＡｍｂａｓｓａｄｏｒ', 'ｔｈｅＦｏｒｇｏｔｔｅｎＡｍｂａｓｓａｄｏｒ', 'ｔｈｅＦｏｒｇｏｔｔｅｎＡｍｂａｓｓａｄｏｒ', 'ｔｈｅＦｏｒｇｏｔｔｅｎＡｍｂａｓｓａｄｏｒ', 'ｔｈｅＦｏｒｇｏｔｔｅｎＡｍｂａｓｓａｄｏｒ', 'ｔｈｅＦｏｒｇｏｔｔｅｎＡｍｂａｓｓａｄｏｒ', 'ｔｈｅＦｏｒｇｏｔｔｅｎＡｍｂａｓｓａｄｏｒ', 'ｔｈｅＦｏｒｇｏｔｔｅｎＡｍｂａｓｓａｄｏｒ', 'ｔｈｅＦｏｒｇｏｔｔｅｎＡｍｂａｓｓａｄｏｒ', 'ｔｈｅＦｏｒｇｏｔｔｅｎＡｍｂａｓｓａｄｏｒ', 'ｔｈｅＦｏｒｇｏｔｔｅｎＡｍｂａｓｓａｄｏｒ', 'ｔｈｅＦｏｒｇｏｔｔｅｎＡｍｂａｓｓａｄｏｒ', 'ｔｈｅＦｏｒｇｏｔｔｅｎＡｍｂａｓｓａｄｏｒ', 'ｔｈｅＦｏｒｇｏｔｔｅｎＡｍｂａｓｓａｄｏｒ', 'ｔｈｅＦｏｒｇｏｔｔｅｎＡｍｂａｓｓａｄｏｒ', 'ｔｈｅＦｏｒｇｏｔｔｅｎＡｍｂａｓｓａｄｏｒ', 'ｔｈｅＦｏｒｇｏｔｔｅｎＡｍｂａｓｓａｄｏｒ', 'ｔｈｅＦｏｒｇｏｔｔｅｎＡｍｂａｓｓａｄｏｒ', 'ｔｈｅＦｏｒｇｏｔｔｅｎＡｍｂａｓｓａｄｏｒ', 'ｔｈｅＦｏｒｇｏｔｔｅｎＡｍｂａｓｓａｄｏｒ', 'ｔｈｅＦｏｒｇｏｔｔｅｎＡｍｂａｓｓａｄｏｒ', 'ｔｈｅＦｏｒｇｏｔｔｅｎＡｍｂａｓｓａｄｏｒ', 'ｔｈｅＦｏｒｇｏｔｔｅｎＡｍｂａｓｓａｄｏｒ', 'ｔｈｅＦｏｒｇｏｔｔｅｎＡｍｂａｓｓａｄｏｒ', 'ｔｈｅＦｏｒｇｏｔｔｅｎＡｍｂａｓｓａｄｏｒ', 'ｔｈｅＦｏｒｇｏｔｔｅｎＡｍｂａｓｓａｄｏｒ', 'ｔｈｅＦｏｒｇｏｔｔｅｎＡｍｂａｓｓａｄｏｒ', 'ｔｈｅＦｏｒｇｏｔｔｅｎＡｍｂａｓｓａｄｏｒ', 'ｔｈｅＦｏｒｇｏｔｔｅｎＡｍｂａｓｓａｄｏｒ', 'ｔｈｅＦｏｒｇｏｔｔｅｎＡｍｂａｓｓａｄｏｒ', 'ｔｈｅＦｏｒｇｏｔｔｅｎＡｍｂａｓｓａｄｏｒ', 'ｔｈｅＦｏｒｇｏｔｔｅｎＡｍｂａｓｓａｄｏｒ', 'ｔｈｅＦｏｒｇｏｔｔｅｎＡｍｂａｓｓａｄｏｒ', 'ｔｈｅＦｏｒｇｏｔｔｅｎＡｍｂａｓｓａｄｏｒ', 'ｔｈｅＦｏｒｇｏｔｔｅｎＡｍｂａｓｓａｄｏｒ', 'ｔｈｅＦｏｒｇｏｔｔｅｎＡｍｂａｓｓａｄｏｒ', 'ｔｈｅＦｏｒｇｏｔｔｅｎＡｍｂａｓｓａｄｏｒ', 'ｔｈｅＦｏｒｇｏｔｔｅｎＡｍｂａｓｓａｄｏｒ', 'ｔｈｅＦｏｒｇｏｔｔｅｎＡｍｂａｓｓａｄｏｒ', 'ｔｈｅＦｏｒｇｏｔｔｅｎＡｍｂａｓｓａｄｏｒ', 'ｔｈｅＦｏｒｇｏｔｔｅｎＡｍｂａｓｓａｄｏｒ', 'ｔｈｅＦｏｒｇｏｔｔｅｎＡｍｂａｓｓａｄｏｒ', 'ｔｈｅＦｏｒｇｏｔｔｅｎＡｍｂａｓｓａｄｏｒ', 'ｔｈｅＦｏｒｇｏｔｔｅｎＡｍｂａｓｓａｄｏｒ', 'ｔｈｅＦｏｒｇｏｔｔｅｎＡｍｂａｓｓａｄｏｒ', 'ｔｈｅＦｏｒｇｏｔｔｅｎＡｍｂａｓｓａｄｏｒ', 'ｔｈｅＦｏｒｇｏｔｔｅｎＡｍｂａｓｓａｄｏｒ', 'ｔｈｅＦｏｒｇｏｔｔｅｎＡｍｂａｓｓａｄｏｒ', 'Ｘｔ', 'Ｘｔ']
鵞	['鵞']
虘	['虘']
∈	['∈']
苿	['苿']
Π	['Π']
緑	['緑']
N	['\x0bN', '\x0bN', '\x1dN', '\x1dN', '\x1cN', '\x1cN', '?N', '?N', '\x0eN', '\x0eN', '\x11bN', '\x11bN', 'SS-N', 'SS-N', 'SS-N', '?N', '?N', '?N', '?N', '\x0bNeg', '\x0bNeg', 'WING-KING', 'WING-KING', 'WING-KING', 'WING-KING', 'WING-KING', 'WING-KING', '\x07N', '\x07N', '\x14N', '\x14N', 'W-N', 'W-N', 'W-N', '\x1d\x1cN', '\x1d\x1cN', '\x1d\x1cN', '\x15gN', '\x15gN', '?N', '?N', '\x16N', '\x16N', 'Na-K', 'Na-K', 'Na-K', 'N-N', 'N-N', 'N-N', 'N-N', 'N-N', 'N-N', 'f-N', 'f-N', 'f-N', 'MM-NO', 'MM-NO', 'MM-NO']
F	['F-SK', 'F-SK', 'F-SK', 'COOL-FIRE', 'COOL-FIRE', 'COOL-FIRE', 'Wi-Fi', 'Wi-Fi', 'Wi-Fi', 'F-X', 'F-X', 'F-X']
S	['F-SK', 'F-SK', 'F-SK', '\x1d\x11bS', '\x1d\x11bS', '\x1d\x11bS', 'Stony-Moon', 'Stony-Moon', 'Stony-Moon', 'MS-DOS', 'MS-DOS', 'MS-DOS', 'MS-DOS', 'MS-DOS', 'MS-DOS', '\x11bS', '\x11bS', 'SS-N', 'SS-N', 'SS-N', 'SS-N', 'SS-N', 'SS-N', '\x1dyYS', '\x1dyYS', '\x06S', '\x06S', 'Ex-S', 'Ex-S', 'Ex-S', '\x05S', '\x05S']
K	['F-SK', 'F-SK', 'F-SK', 'WING-KING', 'WING-KING', 'WING-KING', 'Key-in', 'Key-in', 'Key-in', 'Na-K', 'Na-K', 'Na-K', '?K', '?K']
≤	['≤']
Ⅹ	['Ⅹ']
肀	['肀']
嬃	['嬃']
⒚	['⒚']
Z	['\x18Z', '\x18Z', '\x1c\x18Z', '\x1c\x18Z', '\x1c\x18Z', 'E-Z', 'E-Z', 'E-Z', '\x1ctYbZ', '\x1ctYbZ']
毬	['毬']
俌	['俌']
″	['″']
蝥	['蝥']
√	['√']
⒛	['⒛']
∽	['∽']
磾	['磾']
Α	['Α']
	['\x0f', '\x0fa', '\x0fa']
⊥	['⊥']
琣	['琣']
ｙ	['ｙ', 'ｘｙｚ', 'ｘｙｚ', 'ｘｙｚ', 'ｙｎ', 'ｙｎ', 'Ｇａｙ', 'Ｇａｙ', 'Ｇａｙ', 'ｂｙｅ', 'ｂｙｅ', 'ｂｙｅ', 'ｙｕ', 'ｙｕ', 'ｙｉ', 'ｙｉ', 'ｙｎｇ', 'ｙｎｇ', 'ｙｎｇ']
ｑ	['ｑ', 'Ｍａｑｕｉｌａｄｏｒａ', 'Ｍａｑｕｉｌａｄｏｒａ', 'Ｍａｑｕｉｌａｄｏｒａ', 'Ｍａｑｕｉｌａｄｏｒａ', 'Ｍａｑｕｉｌａｄｏｒａ', 'Ｍａｑｕｉｌａｄｏｒａ', 'Ｍａｑｕｉｌａｄｏｒａ', 'Ｍａｑｕｉｌａｄｏｒａ', 'Ｍａｑｕｉｌａｄｏｒａ', 'Ｍａｑｕｉｌａｄｏｒａ', 'Ｍａｑｕｉｌａｄｏｒａ']
錯	['錯']
紝	['紝']
禰	['禰']
Ⅻ	['Ⅻ']
サ	['サ']
ち	['ち']
㈠	['㈠']
⑻	['⑻']
鐨	['鐨']
∮	['∮']
∏	['∏']
侂	['侂']
№	['№']
睳	['睳']
ｒ	['ｒ', 'Ｓａｂｅｒ', 'Ｓａｂｅｒ', 'Ｓａｂｅｒ', 'Ｓａｂｅｒ', 'Ｓａｂｅｒ', 'Ｃａｓｔｅｒ', 'Ｃａｓｔｅｒ', 'Ｃａｓｔｅｒ', 'Ｃａｓｔｅｒ', 'Ｃａｓｔｅｒ', 'Ｃａｓｔｅｒ', 'Ｈｅｒｍｉｔ', 'Ｈｅｒｍｉｔ', 'Ｈｅｒｍｉｔ', 'Ｈｅｒｍｉｔ', 'Ｈｅｒｍｉｔ', 'Ｈｅｒｍｉｔ', 'Ａｒｄｏｎ', 'Ａｒｄｏｎ', 'Ａｒｄｏｎ', 'Ａｒｄｏｎ', 'Ａｒｄｏｎ', 'Ｓｉｌｅｎｃｅｒ', 'Ｓｉｌｅｎｃｅｒ', 'Ｓｉｌｅｎｃｅｒ', 'Ｓｉｌｅｎｃｅｒ', 'Ｓｉｌｅｎｃｅｒ', 'Ｓｉｌｅｎｃｅｒ', 'Ｓｉｌｅｎｃｅｒ', 'Ｓｉｌｅｎｃｅｒ', 'ＣａｒｍａｎＬｉｎ', 'ＣａｒｍａｎＬｉｎ', 'ＣａｒｍａｎＬｉｎ', 'ＣａｒｍａｎＬｉｎ', 'ＣａｒｍａｎＬｉｎ', 'ＣａｒｍａｎＬｉｎ', 'ＣａｒｍａｎＬｉｎ', 'ＣａｒｍａｎＬｉｎ', 'ＣａｒｍａｎＬｉｎ', 'Ｃｈａｒｍａｎｔ', 'Ｃｈａｒｍａｎｔ', 'Ｃｈａｒｍａｎｔ', 'Ｃｈａｒｍａｎｔ', 'Ｃｈａｒｍａｎｔ', 'Ｃｈａｒｍａｎｔ', 'Ｃｈａｒｍａｎｔ', 'Ｃｈａｒｍａｎｔ', 'Ｍａｑｕｉｌａｄｏｒａ', 'Ｍａｑｕｉｌａｄｏｒａ', 'Ｍａｑｕｉｌａｄｏｒａ', 'Ｍａｑｕｉｌａｄｏｒａ', 'Ｍａｑｕｉｌａｄｏｒａ', 'Ｍａｑｕｉｌａｄｏｒａ', 'Ｍａｑｕｉｌａｄｏｒａ', 'Ｍａｑｕｉｌａｄｏｒａ', 'Ｍａｑｕｉｌａｄｏｒａ', 'Ｍａｑｕｉｌａｄｏｒａ', 'Ｍａｑｕｉｌａｄｏｒａ', 'Ｎａｒｃｉｓｓｕｓ', 'Ｎａｒｃｉｓｓｕｓ', 'Ｎａｒｃｉｓｓｕｓ', 'Ｎａｒｃｉｓｓｕｓ', 'Ｎａｒｃｉｓｓｕｓ', 'Ｎａｒｃｉｓｓｕｓ', 'Ｎａｒｃｉｓｓｕｓ', 'Ｎａｒｃｉｓｓｕｓ', 'Ｎａｒｃｉｓｓｕｓ', 'Ｓｅｒｖａｎｔ', 'Ｓｅｒｖａｎｔ', 'Ｓｅｒｖａｎｔ', 'Ｓｅｒｖａｎｔ', 'Ｓｅｒｖａｎｔ', 'Ｓｅｒｖａｎｔ', 'Ｓｅｒｖａｎｔ', 'Ｉｎｔｅｒｎｅｔ', 'Ｉｎｔｅｒｎｅｔ', 'Ｉｎｔｅｒｎｅｔ', 'Ｉｎｔｅｒｎｅｔ', 'Ｉｎｔｅｒｎｅｔ', 'Ｉｎｔｅｒｎｅｔ', 'Ｉｎｔｅｒｎｅｔ', 'Ｉｎｔｅｒｎｅｔ', 'ｔｈｅＦｏｒｇｏｔｔｅｎＡｍｂａｓｓａｄｏｒ', 'ｔｈｅＦｏｒｇｏｔｔｅｎＡｍｂａｓｓａｄｏｒ', 'ｔｈｅＦｏｒｇｏｔｔｅｎＡｍｂａｓｓａｄｏｒ', 'ｔｈｅＦｏｒｇｏｔｔｅｎＡｍｂａｓｓａｄｏｒ', 'ｔｈｅＦｏｒｇｏｔｔｅｎＡｍｂａｓｓａｄｏｒ', 'ｔｈｅＦｏｒｇｏｔｔｅｎＡｍｂａｓｓａｄｏｒ', 'ｔｈｅＦｏｒｇｏｔｔｅｎＡｍｂａｓｓａｄｏｒ', 'ｔｈｅＦｏｒｇｏｔｔｅｎＡｍｂａｓｓａｄｏｒ', 'ｔｈｅＦｏｒｇｏｔｔｅｎＡｍｂａｓｓａｄｏｒ', 'ｔｈｅＦｏｒｇｏｔｔｅｎＡｍｂａｓｓａｄｏｒ', 'ｔｈｅＦｏｒｇｏｔｔｅｎＡｍｂａｓｓａｄｏｒ', 'ｔｈｅＦｏｒｇｏｔｔｅｎＡｍｂａｓｓａｄｏｒ', 'ｔｈｅＦｏｒｇｏｔｔｅｎＡｍｂａｓｓａｄｏｒ', 'ｔｈｅＦｏｒｇｏｔｔｅｎＡｍｂａｓｓａｄｏｒ', 'ｔｈｅＦｏｒｇｏｔｔｅｎＡｍｂａｓｓａｄｏｒ', 'ｔｈｅＦｏｒｇｏｔｔｅｎＡｍｂａｓｓａｄｏｒ', 'ｔｈｅＦｏｒｇｏｔｔｅｎＡｍｂａｓｓａｄｏｒ', 'ｔｈｅＦｏｒｇｏｔｔｅｎＡｍｂａｓｓａｄｏｒ', 'ｔｈｅＦｏｒｇｏｔｔｅｎＡｍｂａｓｓａｄｏｒ', 'ｔｈｅＦｏｒｇｏｔｔｅｎＡｍｂａｓｓａｄｏｒ', 'ｔｈｅＦｏｒｇｏｔｔｅｎＡｍｂａｓｓａｄｏｒ', 'ｔｈｅＦｏｒｇｏｔｔｅｎＡｍｂａｓｓａｄｏｒ', 'ｔｈｅＦｏｒｇｏｔｔｅｎＡｍｂａｓｓａｄｏｒ', 'ｔｈｅＦｏｒｇｏｔｔｅｎＡｍｂａｓｓａｄｏｒ', 'ｔｈｅＦｏｒｇｏｔｔｅｎＡｍｂａｓｓａｄｏｒ', 'ｔｈｅＦｏｒｇｏｔｔｅｎＡｍｂａｓｓａｄｏｒ', 'ｔｈｅＦｏｒｇｏｔｔｅｎＡｍｂａｓｓａｄｏｒ', 'ｔｈｅＦｏｒｇｏｔｔｅｎＡｍｂａｓｓａｄｏｒ', 'ｔｈｅＦｏｒｇｏｔｔｅｎＡｍｂａｓｓａｄｏｒ', 'ｔｈｅＦｏｒｇｏｔｔｅｎＡｍｂａｓｓａｄｏｒ', 'ｔｈｅＦｏｒｇｏｔｔｅｎＡｍｂａｓｓａｄｏｒ', 'ｔｈｅＦｏｒｇｏｔｔｅｎＡｍｂａｓｓａｄｏｒ', 'ｔｈｅＦｏｒｇｏｔｔｅｎＡｍｂａｓｓａｄｏｒ', 'ｔｈｅＦｏｒｇｏｔｔｅｎＡｍｂａｓｓａｄｏｒ', 'ｔｈｅＦｏｒｇｏｔｔｅｎＡｍｂａｓｓａｄｏｒ', 'ｔｈｅＦｏｒｇｏｔｔｅｎＡｍｂａｓｓａｄｏｒ', 'ｔｈｅＦｏｒｇｏｔｔｅｎＡｍｂａｓｓａｄｏｒ', 'ｔｈｅＦｏｒｇｏｔｔｅｎＡｍｂａｓｓａｄｏｒ', 'ｔｈｅＦｏｒｇｏｔｔｅｎＡｍｂａｓｓａｄｏｒ', 'ｔｈｅＦｏｒｇｏｔｔｅｎＡｍｂａｓｓａｄｏｒ', 'ｔｈｅＦｏｒｇｏｔｔｅｎＡｍｂａｓｓａｄｏｒ', 'ｔｈｅＦｏｒｇｏｔｔｅｎＡｍｂａｓｓａｄｏｒ', 'ｔｈｅＦｏｒｇｏｔｔｅｎＡｍｂａｓｓａｄｏｒ', 'ｔｈｅＦｏｒｇｏｔｔｅｎＡｍｂａｓｓａｄｏｒ', 'Ｍｒ', 'Ｍｒ', 'Ｂｒｅｗｅｒｅｄ', 'Ｂｒｅｗｅｒｅｄ', 'Ｂｒｅｗｅｒｅｄ', 'Ｂｒｅｗｅｒｅｄ', 'Ｂｒｅｗｅｒｅｄ', 'Ｂｒｅｗｅｒｅｄ', 'Ｂｒｅｗｅｒｅｄ', 'Ｂｒｅｗｅｒｅｄ', 'Ｂｒｅｗｅｒｅｄ', 'Ｂｒｅｗｅｒｅｄ', 'Ｂｒｅｗｅｒｅｄ', 'Ｂｒｅｗｅｒｅｄ', 'Ｂｒｅｗｅｒｅｄ', 'Ｂｒｅｗｅｒｅｄ', 'Ｂｒｅｗｅｒｅｄ', 'Ｂｒｅｗｅｒｅｄ']
妴	['妴']
Ⅵ	['Ⅵ']
璡	['璡']
擽	['擽']
ｈ	['ｈ', 'Ｅｃｈｏ', 'Ｅｃｈｏ', 'Ｅｃｈｏ', 'Ｅｃｈｏ', 'ｚｈ', 'ｚｈ', 'ｓｈ', 'ｓｈ', 'ｈｘ', 'ｈｘ', 'Ｙａｈｏｏ', 'Ｙａｈｏｏ', 'Ｙａｈｏｏ', 'Ｙａｈｏｏ', 'Ｙａｈｏｏ', 'ｃｈ', 'ｃｈ', 'ｓｈｎ', 'ｓｈｎ', 'ｓｈｎ', 'ｓｈｕｄａｏ', 'ｓｈｕｄａｏ', 'ｓｈｕｄａｏ', 'ｓｈｕｄａｏ', 'ｓｈｕｄａｏ', 'ｓｈｕｄａｏ', 'Ｃｈａｒｍａｎｔ', 'Ｃｈａｒｍａｎｔ', 'Ｃｈａｒｍａｎｔ', 'Ｃｈａｒｍａｎｔ', 'Ｃｈａｒｍａｎｔ', 'Ｃｈａｒｍａｎｔ', 'Ｃｈａｒｍａｎｔ', 'Ｃｈａｒｍａｎｔ', 'ｔｈｅＦｏｒｇｏｔｔｅｎＡｍｂａｓｓａｄｏｒ', 'ｔｈｅＦｏｒｇｏｔｔｅｎＡｍｂａｓｓａｄｏｒ', 'ｔｈｅＦｏｒｇｏｔｔｅｎＡｍｂａｓｓａｄｏｒ', 'ｔｈｅＦｏｒｇｏｔｔｅｎＡｍｂａｓｓａｄｏｒ', 'ｔｈｅＦｏｒｇｏｔｔｅｎＡｍｂａｓｓａｄｏｒ', 'ｔｈｅＦｏｒｇｏｔｔｅｎＡｍｂａｓｓａｄｏｒ', 'ｔｈｅＦｏｒｇｏｔｔｅｎＡｍｂａｓｓａｄｏｒ', 'ｔｈｅＦｏｒｇｏｔｔｅｎＡｍｂａｓｓａｄｏｒ', 'ｔｈｅＦｏｒｇｏｔｔｅｎＡｍｂａｓｓａｄｏｒ', 'ｔｈｅＦｏｒｇｏｔｔｅｎＡｍｂａｓｓａｄｏｒ', 'ｔｈｅＦｏｒｇｏｔｔｅｎＡｍｂａｓｓａｄｏｒ', 'ｔｈｅＦｏｒｇｏｔｔｅｎＡｍｂａｓｓａｄｏｒ', 'ｔｈｅＦｏｒｇｏｔｔｅｎＡｍｂａｓｓａｄｏｒ', 'ｔｈｅＦｏｒｇｏｔｔｅｎＡｍｂａｓｓａｄｏｒ', 'ｔｈｅＦｏｒｇｏｔｔｅｎＡｍｂａｓｓａｄｏｒ', 'ｔｈｅＦｏｒｇｏｔｔｅｎＡｍｂａｓｓａｄｏｒ', 'ｔｈｅＦｏｒｇｏｔｔｅｎＡｍｂａｓｓａｄｏｒ', 'ｔｈｅＦｏｒｇｏｔｔｅｎＡｍｂａｓｓａｄｏｒ', 'ｔｈｅＦｏｒｇｏｔｔｅｎＡｍｂａｓｓａｄｏｒ', 'ｔｈｅＦｏｒｇｏｔｔｅｎＡｍｂａｓｓａｄｏｒ', 'ｔｈｅＦｏｒｇｏｔｔｅｎＡｍｂａｓｓａｄｏｒ', 'ｔｈｅＦｏｒｇｏｔｔｅｎＡｍｂａｓｓａｄｏｒ', 'ｈｕａ', 'ｈｕａ', 'ｈｕａ']
勔	['勔']
⑼	['⑼']
攵	['攵']
睍	['睍']
砲	['砲']
	['\x14l', '\x14l', '\x14', '\x14N', '\x14N']
锍	['锍']
馷	['馷']
僘	['僘']
鍌	['鍌']
頫	['頫']
⒍	['⒍']
≥	['≥']
㈡	['㈡']
椹	['椹']
坃	['坃']
ㄒ	['ㄒ']
鉙	['鉙']
牠	['牠']
葰	['葰']
愬	['愬']
塠	['塠', '\x1d塠', '\x1d塠']
ā	['ā']
禵	['禵']
о	['о']
ò	['ò']
∫	['∫']
さ	['さ']
M	['Stony-Moon', 'Stony-Moon', 'Stony-Moon', 'MS-DOS', 'MS-DOS', 'MS-DOS', 'CD-ROM', 'CD-ROM', 'CD-ROM', 'E-Mail', 'E-Mail', 'E-Mail', 'E--Mail', 'E--Mail', 'E--Mail', 'rM-rf', 'rM-rf', 'rM-rf', 'M-Geschss', 'M-Geschss', 'M-Geschss', 'Minh-Le', 'Minh-Le', 'Minh-Le', 'Wal-Mart', 'Wal-Mart', 'Wal-Mart', 'MMI-M', 'MMI-M', 'MMI-M', 'MMI-M', 'MMI-M', 'MMI-M', 'MMI-M', 'MMI-M', 'MMI-M', 'Mad-Eye', 'Mad-Eye', 'Mad-Eye', 'MM-NO', 'MM-NO', 'MM-NO', 'MM-NO', 'MM-NO', 'MM-NO', 'U-Matic', 'U-Matic', 'U-Matic']
筫	['筫']
賍	['賍']
∞	['∞']
⒇	['⒇']
緰	['緰']
坭	['坭']
セ	['セ']
蜰	['蜰']
鍕	['鍕']
劵	['劵']
蔔	['蔔']
ⅰ	['ⅰ']
伕	['伕']
⒈	['⒈']
伷	['伷']
鍙	['鍙']
∠	['∠']
⒎	['⒎']
ｆ	['ｆ', 'ＷＰＳＯｆｆｉｃｅ', 'ＷＰＳＯｆｆｉｃｅ', 'ＷＰＳＯｆｆｉｃｅ', 'ＷＰＳＯｆｆｉｃｅ', 'ＷＰＳＯｆｆｉｃｅ', 'ＷＰＳＯｆｆｉｃｅ', 'ＷＰＳＯｆｆｉｃｅ', 'ＷＰＳＯｆｆｉｃｅ', 'ＷＰＳＯｆｆｉｃｅ', 'ＷＰＳＯｆｆｉｃｅ', 'ＷＰＳＯｆｆｉｃｅ', 'ＷＰＳＯｆｆｉｃｅ', 'ＷＰＳＯｆｆｉｃｅ', 'ＷＰＳＯｆｆｉｃｅ', 'ＷＰＳＯｆｆｉｃｅ', 'ＷＰＳＯｆｆｉｃｅ', 'ＷＰＳＯｆｆｉｃｅ', 'ＷＰＳＯｆｆｉｃｅ']
ψ	['ψ']
∪	['∪']
珮	['珮']
嶯	['嶯']
⒖	['⒖']
吶	['吶']
ツ	['ツ']
ё	['ё']
鎗	['鎗']
稱	['稱']
臺	['臺']
峅	['峅']
Ⅶ	['Ⅶ']
ｇ	['ｇ', 'Ｊｕｎｚｉｔａｎｇ', 'Ｊｕｎｚｉｔａｎｇ', 'Ｊｕｎｚｉｔａｎｇ', 'Ｊｕｎｚｉｔａｎｇ', 'Ｊｕｎｚｉｔａｎｇ', 'Ｊｕｎｚｉｔａｎｇ', 'Ｊｕｎｚｉｔａｎｇ', 'Ｊｕｎｚｉｔａｎｇ', 'Ｊｕｎｚｉｔａｎｇ', 'ｕｎｚｉｔａｎｇ', 'ｕｎｚｉｔａｎｇ', 'ｕｎｚｉｔａｎｇ', 'ｕｎｚｉｔａｎｇ', 'ｕｎｚｉｔａｎｇ', 'ｕｎｚｉｔａｎｇ', 'ｕｎｚｉｔａｎｇ', 'ｕｎｚｉｔａｎｇ', 'ｔｈｅＦｏｒｇｏｔｔｅｎＡｍｂａｓｓａｄｏｒ', 'ｔｈｅＦｏｒｇｏｔｔｅｎＡｍｂａｓｓａｄｏｒ', 'ｔｈｅＦｏｒｇｏｔｔｅｎＡｍｂａｓｓａｄｏｒ', 'ｔｈｅＦｏｒｇｏｔｔｅｎＡｍｂａｓｓａｄｏｒ', 'ｔｈｅＦｏｒｇｏｔｔｅｎＡｍｂａｓｓａｄｏｒ', 'ｔｈｅＦｏｒｇｏｔｔｅｎＡｍｂａｓｓａｄｏｒ', 'ｔｈｅＦｏｒｇｏｔｔｅｎＡｍｂａｓｓａｄｏｒ', 'ｔｈｅＦｏｒｇｏｔｔｅｎＡｍｂａｓｓａｄｏｒ', 'ｔｈｅＦｏｒｇｏｔｔｅｎＡｍｂａｓｓａｄｏｒ', 'ｔｈｅＦｏｒｇｏｔｔｅｎＡｍｂａｓｓａｄｏｒ', 'ｔｈｅＦｏｒｇｏｔｔｅｎＡｍｂａｓｓａｄｏｒ', 'ｔｈｅＦｏｒｇｏｔｔｅｎＡｍｂａｓｓａｄｏｒ', 'ｔｈｅＦｏｒｇｏｔｔｅｎＡｍｂａｓｓａｄｏｒ', 'ｔｈｅＦｏｒｇｏｔｔｅｎＡｍｂａｓｓａｄｏｒ', 'ｔｈｅＦｏｒｇｏｔｔｅｎＡｍｂａｓｓａｄｏｒ', 'ｔｈｅＦｏｒｇｏｔｔｅｎＡｍｂａｓｓａｄｏｒ', 'ｔｈｅＦｏｒｇｏｔｔｅｎＡｍｂａｓｓａｄｏｒ', 'ｔｈｅＦｏｒｇｏｔｔｅｎＡｍｂａｓｓａｄｏｒ', 'ｔｈｅＦｏｒｇｏｔｔｅｎＡｍｂａｓｓａｄｏｒ', 'ｔｈｅＦｏｒｇｏｔｔｅｎＡｍｂａｓｓａｄｏｒ', 'ｔｈｅＦｏｒｇｏｔｔｅｎＡｍｂａｓｓａｄｏｒ', 'ｔｈｅＦｏｒｇｏｔｔｅｎＡｍｂａｓｓａｄｏｒ', 'ｙｎｇ', 'ｙｎｇ', 'ｙｎｇ']
チ	['チ']
瀃	['瀃']
У	['У']
甠	['甠']
σ	['σ']
濛	['濛']
ナ	['ナ']
餢	['餢']
坶	['坶']
螛	['螛']
祤	['祤']
⒐	['⒐']
≧	['≧']
舯	['舯']
{	['?{', '?{']
⒋	['⒋']
	['\x06', '\x06t', '\x06t', '\x06R', '\x06R', '\x06S', '\x06S']
	['\x07', '\x07N', '\x07N', '\x07Y', '\x07Y', '\x07c', '\x07c']
詋	['詋']
В	['В']
胘	['胘']
ㄣ	['ㄣ']
毌	['毌']
鬴	['鬴']
ぃ	['ぃ']
巛	['巛']
の	['の']
﹖	['﹖']
妠	['妠']
ü	['ü']
閑	['閑']
濬	['濬']
鏣	['鏣']
﹕	['﹕']
來	['來']
Ⅷ	['Ⅷ']
	['\x16', '\x16Y', '\x16Y', '\x16b', '\x16b', '\x16N', '\x16N']
θ	['θ']
垸	['垸']
鞔	['鞔']
笅	['笅']
⒒	['⒒']
貧	['貧']
⒓	['⒓']
楶	['楶']
し	['し']
艌	['艌']
鎮	['鎮']
蛻	['蛻']
孴	['孴']
黒	['黒']
蟸	['蟸']
漊	['漊']
┦	['┦']
ｊ	['ｊ', 'ｊｉ', 'ｊｉ', 'ｊｉｎ', 'ｊｉｎ', 'ｊｉｎ']
⒘	['⒘']
X	['Xavier-Bati', 'Xavier-Bati', 'Xavier-Bati', 'F-X', 'F-X', 'F-X', '?X', '?X']
v	['Xavier-Bati', 'Xavier-Bati', 'Xavier-Bati', 'http-equiv', 'http-equiv', 'http-equiv', 'kevin-liuningOCR', 'kevin-liuningOCR', 'kevin-liuningOCR', 'go-vern-ment', 'go-vern-ment', 'go-vern-ment', 'go-vern-ment', 'go-vern-ment']
奲	['奲']
喛	['喛']
誰	['誰']
覓	['覓']
⒗	['⒗']
為	['為']
踰	['踰']
夲	['夲']
▋	['▋']
蚠	['蚠']
Ⅸ	['Ⅸ']
ǔ	['ǔ']
栢	['栢']
俆	['俆']
ㄗ	['ㄗ']
噹	['噹']
個	['個']
縦	['縦']
隷	['隷']
稆	['稆']
幹	['幹']
鉁	['鉁']
泶	['泶']
禑	['禑']
ㄖ	['ㄖ']
蔪	['蔪']
邠	['邠']
桊	['桊']
茺	['茺']
屽	['屽']
珗	['珗']
	['\x10', '\x10b', '\x10b', '\x10€', '\x10€', '\x10n', '\x10n']
剎	['剎']
┑	['┑']
プ	['プ']
ㄈ	['ㄈ']
ㄊ	['ㄊ']
∴	['∴']
勫	['勫']
決	['決']
沗	['沗']
頵	['頵']
內	['內']
	['\x13\x7f', '\x13\x7f', '\x13']
汻	['汻']
━	['━']
⒏	['⒏']
⒔	['⒔']
い	['い']
軴	['軴']
獲	['獲']
㈢	['㈢']
ζ	['ζ']
彥	['彥']
ｖ	['ｖ', 'ｖａ', 'ｖａ', 'Ｓｅｒｖａｎｔ', 'Ｓｅｒｖａｎｔ', 'Ｓｅｒｖａｎｔ', 'Ｓｅｒｖａｎｔ', 'Ｓｅｒｖａｎｔ', 'Ｓｅｒｖａｎｔ', 'Ｓｅｒｖａｎｔ']
奧	['奧']
⒑	['⒑']
孾	['孾']
ソ	['ソ']
鶄	['鶄']
鑕	['鑕']
齄	['齄']
	['\x12', '\x12`', '\x12`', '\x12愘', '\x12愘']
弡	['弡']
灝	['灝']
芉	['芉']
濴	['濴']
А	['А']
靈	['靈']
¤	['¤']
皊	['皊']
鞲	['鞲']
闠	['闠']
⒙	['⒙']
鑰	['鑰']
⒕	['⒕']
裿	['裿']
τ	['τ']
Σ	['Σ']
鴙	['鴙']
ń	['ń']
譙	['譙']
匭	['匭']
鎰	['鎰']
﹗	['﹗']
ぷ	['ぷ']
樰	['樰']
榍	['榍']
ξ	['ξ']
硃	['硃']
舥	['舥']
ぁ	['ぁ']
钀	['钀']
細	['細']
時	['時']
侫	['侫']
袕	['袕']
賭	['賭']
喆	['喆']
眰	['眰']
ú	['ú']
	['\x08', '\x08?', '\x08?']
C	['C-Cube', 'C-Cube', 'C-Cube', 'C-Cube', 'C-Cube', 'C-Cube', 'kevin-liuningOCR', 'kevin-liuningOCR', 'kevin-liuningOCR', 'CD-ROM', 'CD-ROM', 'CD-ROM', 'COOL-FIRE', 'COOL-FIRE', 'COOL-FIRE', 'Chibrainbio-Guard', 'Chibrainbio-Guard', 'Chibrainbio-Guard', 'Cold-call', 'Cold-call', 'Cold-call', 'Chuang-tzu', 'Chuang-tzu', 'Chuang-tzu', 'C-CUBE', 'C-CUBE', 'C-CUBE', 'C-CUBE', 'C-CUBE', 'C-CUBE', 'CD-R', 'CD-R', 'CD-R', 'Cola-cola', 'Cola-cola', 'Cola-cola', 'CD-RW', 'CD-RW', 'CD-RW']
Υ	['Υ']
Ζ	['Ζ']
櫉	['櫉']
舃	['舃']
ㄏ	['ㄏ']
軎	['軎']
鋐	['鋐']
鷝	['鷝']
賖	['賖']
┳	['┳']
ㄋ	['ㄋ']
眀	['眀']
紘	['紘']
崈	['崈']
ɑ	['ɑ']
讬	['讬']
铴	['铴']
衏	['衏']
熻	['熻']
袛	['袛']
魐	['魐']
ㄐ	['ㄐ']
㏑	['㏑']
踁	['踁']
蚐	['蚐']
籰	['籰']
燫	['燫']
ザ	['ザ']
興	['興']
υ	['υ']
	['\x03', '\x03€', '\x03€', '\x03_', '\x03_']
顔	['顔']
p	['http-equiv', 'http-equiv', 'http-equiv', 'content-type', 'content-type', 'content-type', 'border-top-color', 'border-top-color', 'border-top-color', 'border-top-color', 'border-top-color']
q	['http-equiv', 'http-equiv', 'http-equiv']
漅	['漅']
ㄉ	['ㄉ']
┯	['┯']
沒	['沒']
Я	['Я']
г	['г']
氬	['氬']
緱	['緱']
彇	['彇']
ㄤ	['ㄤ']
迯	['迯']
嵹	['嵹']
グ	['グ']
陯	['陯']
昢	['昢']
奻	['奻']
酧	['酧']
濺	['濺']
Ο	['Ο']
鐢	['鐢']
	['\x04', '\x04_', '\x04_']
ㄔ	['ㄔ']
遺	['遺']
О	['О']
Χ	['Χ']
Х	['Х']
魰	['魰']
疍	['疍']
π	['π']
ㄕ	['ㄕ']
R	['kevin-liuningOCR', 'kevin-liuningOCR', 'kevin-liuningOCR', 'CD-ROM', 'CD-ROM', 'CD-ROM', '?R', '?R', 'COOL-FIRE', 'COOL-FIRE', 'COOL-FIRE', '\x06R', '\x06R', '\x1aR', '\x1aR', 'R-U', 'R-U', 'R-U', 'CD-R', 'CD-R', 'CD-R', 'Rolls-Royce', 'Rolls-Royce', 'Rolls-Royce', 'Rolls-Royce', 'Rolls-Royce', 'Rolls-Royce', 'CD-RW', 'CD-RW', 'CD-RW']
熶	['熶']
︰	['︰']
皨	['皨']
ê	['ê']
蠪	['蠪']
橈	['橈']
フ	['フ']
‰	['1‰', '1‰', '‰', '5‰', '5‰', '2‰', '2‰', '3‰', '3‰']
な	['な']
這	['這']
娖	['娖']
髼	['髼']
	['\x17']
筟	['筟']
鈱	['鈱']
鐐	['鐐']
ざ	['ざ']
銐	['銐']
ǘ	['ǘ']
だ	['だ']
┮	['┮']
鍒	['鍒']
兒	['兒']
穇	['穇']
∵	['∵']
鍔	['鍔']
珨	['珨']
蚥	['蚥']
￡	['￡']
櫃	['櫃']
ǜ	['ǜ']
ふ	['ふ']
鏈	['鏈']
樉	['樉']
唴	['唴']
沲	['沲']
┕	['┕']
ヂ	['ヂ']
搧	['搧']
β	['β']
鮛	['鮛']
藌	['藌']
趕	['趕']
顅	['顅']
湊	['湊']
鈋	['鈋']
砙	['砙']
楱	['楱']
┒	['┒']
П	['П']
┎	['┎']
會	['會']
奮	['奮']
镾	['镾']
場	['場']
┤	['┤']
薙	['薙']
蓩	['蓩']
ヒ	['ヒ']
ハ	['ハ']
筩	['筩']
禷	['禷']
齎	['齎']
玡	['玡']
	['\x05', '\x05n', '\x05n', '\x05€', '\x05€', '\x05S', '\x05S']
┬	['┬']
烻	['烻']
鏃	['鏃']
拺	['拺']
蔛	['蔛']
豐	['豐']
λ	['λ']
竴	['竴']
螑	['螑']
鏋	['鏋']
禆	['禆']
阬	['阬']
圼	['圼']
榌	['榌']
瘽	['瘽']
葉	['葉']
ㄩ	['ㄩ']
珄	['珄']
崼	['崼']
褀	['褀']
Ψ	['Ψ']
贏	['贏']
ň	['ň']
無	['無']
醤	['醤']
錝	['錝']
	['\x1bg', '\x1bg', '\x1b', '\x1b?', '\x1b?', '\x1bV', '\x1bV']
勬	['勬']
ν	['ν']
塴	['塴']
銷	['銷']
岆	['岆']
畻	['畻']
ㄓ	['ㄓ']
ぞ	['ぞ']
ɡ	['ɡ']
┱	['┱']
闇	['闇']
怮	['怮']
∝	['∝']
璭	['璭']
仸	['仸']
嵑	['嵑']
ㄎ	['ㄎ']
鎝	['鎝']
娙	['娙']
裡	['裡']
ㄍ	['ㄍ']
畠	['畠']
紆	['紆']
ㄥ	['ㄥ']
ト	['ト']
麼	['麼']
綵	['綵']
苸	['苸']
經	['經']
た	['た']
に	['に']
沵	['沵']
鏍	['鏍']
こ	['こ']
滶	['滶']
婓	['婓']
す	['す']
魯	['魯']
ι	['ι']
諷	['諷']
蝷	['蝷']
貳	['貳']
譏	['譏']
Ч	['Ч']
與	['與']
翫	['翫']
噽	['噽']
じ	['じ']
蠎	['蠎']
長	['長']
稜	['稜']
厷	['厷']
蘏	['蘏']
訸	['訸']
┥	['┥']
е	['е']
権	['権']
岃	['岃']
粂	['粂']
燵	['燵']
躹	['躹']
頬	['頬']
┗	['┗']
é	['é']
矇	['矇']
っ	['っ']
Щ	['Щ']
諎	['諎']
賽	['賽']
乕	['乕']
ス	['ス']
乬	['乬']
蚇	['蚇']
ニ	['ニ']
衜	['衜']
ù	['ù']
憉	['憉']
┖	['┖']
Ρ	['Ρ']
凱	['凱']
闆	['闆']
兘	['兘']
в	['в']
傉	['傉']
δ	['δ']
塚	['塚']
ド	['ド']
ご	['ご']
て	['て']
淸	['淸']
┲	['┲']
傚	['傚']
駇	['駇']
ぶ	['ぶ']
ゲ	['ゲ']
邁	['邁']
は	['は']
撹	['撹']
韕	['韕']
W	['Wing-king', 'Wing-king', 'Wing-king', 'WING-KING', 'WING-KING', 'WING-KING', 'W-N', 'W-N', 'W-N', 'Wi-Fi', 'Wi-Fi', 'Wi-Fi', '?W', '?W', 'Wal-Mart', 'Wal-Mart', 'Wal-Mart', 'CD-RW', 'CD-RW', 'CD-RW']
渻	['渻']
筻	['筻']
鍥	['鍥']
瓙	['瓙']
I	['WING-KING', 'WING-KING', 'WING-KING', 'WING-KING', 'WING-KING', 'WING-KING', 'COOL-FIRE', 'COOL-FIRE', 'COOL-FIRE', 'B-I', 'B-I', 'B-I', 'MMI-M', 'MMI-M', 'MMI-M']
ū	['ū']
陽	['陽']
瑺	['瑺']
と	['と']
鸑	['鸑']
で	['で']
済	['済']
Ш	['Ш']
齮	['齮']
揦	['揦']
メ	['メ']
槍	['槍']
├	['├']
塻	['塻']
僛	['僛']
華	['華']
睶	['睶']
並	['並']
ず	['ず']
軓	['軓']
抺	['抺']
磳	['磳']
頂	['頂']
梖	['梖']
廵	['廵']
軏	['軏']
廕	['廕']
┠	['┠']
敤	['敤']
滿	['滿']
庝	['庝']
碙	['碙']
L	['COOL-FIRE', 'COOL-FIRE', 'COOL-FIRE', 'Minh-Le', 'Minh-Le', 'Minh-Le']
別	['別']
鏄	['鏄']
ケ	['ケ']
張	['張']
ゴ	['ゴ']
炁	['炁']
們	['們']
H	['H-H', 'H-H', 'H-H', 'H-H', 'H-H', 'H-H', 'Hsun-tzu', 'Hsun-tzu', 'Hsun-tzu']
坧	['坧']
兩	['兩']
儚	['儚']
邚	['邚']
睱	['睱']
漁	['漁']
ど	['ど']
┢	['┢']
癳	['癳']
┟	['┟']
偅	['偅']
殐	['殐']
鳋	['鳋']
茐	['茐']
機	['機']
爲	['爲']
昰	['昰']
闈	['闈']
颼	['颼']
斶	['斶']
嶇	['嶇']
伅	['伅']
ε	['ε']
朄	['朄']
ⅱ	['ⅱ']
㈣	['㈣']
ッ	['ッ']
鑳	['鑳']
梘	['梘']
耂	['耂']
ο	['ο']
虁	['虁']
馬	['馬']
ぬ	['ぬ']
帿	['帿']
勣	['勣']
К	['К']
寚	['寚']
勢	['勢']
厀	['厀']
悇	['悇']
競	['競']
戶	['戶']
咶	['咶']
絒	['絒']
嗩	['嗩']
雋	['雋']
鵖	['鵖']
摢	['摢']
涭	['涭']
坢	['坢']
鰲	['鰲']
叡	['叡']
┝	['┝']
慒	['慒']
ね	['ね']
萒	['萒']
琋	['琋']
γ	['γ']
┏	['┏']
袴	['袴']
枂	['枂']
雲	['雲']
タ	['タ']
哷	['哷']
V	['?V', '?V', 'V-', 'V-', '\x1bV', '\x1bV']
綢	['綢']
[	['?[', '?[']
┪	['┪']
敺	['敺']
そ	['そ']
誯	['誯']
姏	['姏']
魜	['魜']
將	['將']
過	['過']
疰	['疰']
憵	['憵']
儛	['儛']
國	['國']
岄	['岄']
秚	['秚']
娡	['娡']
秅	['秅']
┌	['┌']
瓚	['瓚']
睌	['睌']
鯪	['鯪']
┧	['┧']
輗	['輗']
呭	['呭']
纁	['纁']
綑	['綑']
恅	['恅']
顛	['顛']
ゼ	['ゼ']
籝	['籝']
鵣	['鵣']
鎲	['鎲']
淾	['淾']
滆	['滆']
畍	['畍']
┰	['┰']
㈩	['㈩']
┞	['┞']
鎑	['鎑']
總	['總']
鎵	['鎵']
┍	['┍']
┐	['┐']
橯	['橯']
ぴ	['ぴ']
晳	['晳']
崉	['崉']
開	['開']
哬	['哬']
棗	['棗']
親	['親']
鏆	['鏆']
颩	['颩']
緗	['緗']
仛	['仛']
貫	['貫']
鱚	['鱚']
á	['á']
軍	['軍']
┩	['┩']
┙	['┙']
艍	['艍']
齙	['齙']
┫	['┫']
凃	['凃']
せ	['せ']
ㄌ	['ㄌ']
╜	['╜']
膧	['膧']
緳	['緳']
鍧	['鍧']
繯	['繯']
卻	['卻']
宑	['宑']
鐒	['鐒']
額	['額']
發	['發']
鹼	['鹼']
罷	['罷']
檈	['檈']
醕	['醕']
進	['進']
拰	['拰']
鍦	['鍦']
勪	['勪']
嚇	['嚇']
扞	['扞']
隭	['隭']
ㄑ	['ㄑ']
禝	['禝']
鏂	['鏂']
塏	['塏']
粬	['粬']
蕓	['蕓']
ㄆ	['ㄆ']
礠	['礠']
慛	['慛']
埜	['埜']
忶	['忶']
Ⅺ	['Ⅺ']
倆	['倆']
銼	['銼']
咵	['咵']
備	['備']
ズ	['ズ']
紡	['紡']
コ	['コ']
祣	['祣']
宮	['宮']
當	['當']
è	['è']
綋	['綋']
飴	['飴']
啒	['啒']
璗	['璗']
ǚ	['ǚ']
┨	['┨']
驎	['驎']
つ	['つ']
硩	['硩']
庡	['庡']
峈	['峈']
烚	['烚']
迾	['迾']
パ	['パ']
ぜ	['ぜ']
報	['報']
枡	['枡']
倸	['倸']
╟	['╟']
檡	['檡']
龔	['龔']
昖	['昖']
様	['様']
閫	['閫']
郷	['郷']
笢	['笢']
╯	['╯']
桺	['桺']
鍚	['鍚']
講	['講']
㈤	['㈤']
愯	['愯']
ㄇ	['ㄇ']
┚	['┚']
畫	['畫']
頭	['頭']
╕	['╕']
滈	['滈']
┓	['┓']
ヅ	['ヅ']
┘	['┘']
彿	['彿']
綆	['綆']
躟	['躟']
琓	['琓']
ピ	['ピ']
﹢	['﹢']
現	['現']
腉	['腉']
黅	['黅']
靣	['靣']
麐	['麐']
瘇	['瘇']
侞	['侞']
╀	['╀']
洜	['洜']
桜	['桜']
蚫	['蚫']
硜	['硜']
飠	['飠']
資	['資']
–	['–']
鍛	['鍛']
J	['Jic-xiao', 'Jic-xiao', 'Jic-xiao', 'JU-dd', 'JU-dd', 'JU-dd']
駉	['駉']
脋	['脋']
髈	['髈']
車	['車']
墥	['墥']
シ	['シ']
	['\x19']
堔	['堔']
間	['間']
Э	['Э']
唦	['唦']
溰	['溰']
頃	['頃']
鎌	['鎌']
傛	['傛']
ネ	['ネ']
氭	['氭']
湗	['湗']
ひ	['ひ']
φ	['φ']
見	['見']
砇	['砇']
鏬	['鏬']
軆	['軆']
妬	['妬']
纍	['纍']
ㄅ	['ㄅ']
堜	['堜']
ノ	['ノ']
ュ	['ュ']
羮	['羮']
≯	['≯']
處	['處']
哵	['哵']
ダ	['ダ']
讒	['讒']
楧	['楧']
臢	['臢']
槅	['槅']
輳	['輳']
ブ	['ブ']
羪	['羪']
瓔	['瓔']
還	['還']
欏	['欏']
刄	['刄']
Т	['Т']
桵	['桵']
湪	['湪']
Ы	['Ы']
鸞	['鸞']
銅	['銅']
嫥	['嫥']
芠	['芠']
鬿	['鬿']
艙	['艙']
晆	['晆']
厶	['厶']
錱	['錱']
忔	['忔']
愘	['\x12愘', '\x12愘']
戰	['戰']
攽	['攽']
對	['對']
耑	['耑']
廚	['廚']
體	['體']
應	['應']
箼	['箼']
卭	['卭']
墚	['墚']
閣	['閣']
請	['請']
閮	['閮']
薔	['薔']
鍝	['鍝']
衱	['衱']
碁	['碁']
ば	['ば']
И	['И']
鋒	['鋒']
┉	['┉']
晊	['晊']
μ	['μ']
９	['９．５％', '９．５％', '９．５％', '９．５％']
５	['９．５％', '９．５％', '９．５％', '９．５％', '０．５％', '０．５％', '０．５％', '０．５％', '１．５％', '１．５％', '１．５％', '１．５％']
梕	['梕']
饄	['饄']
伝	['伝']
嵿	['嵿']
歋	['歋']
揇	['揇']
穨	['穨']
錢	['錢']
訷	['訷']
ユ	['ユ']
鉔	['鉔']
氣	['氣']
徃	['徃']
鍜	['鍜']
ゾ	['ゾ']
砊	['砊']
呑	['呑']
愛	['愛']
る	['る']
ジ	['ジ']
蠔	['蠔']
寑	['寑']
鏉	['鏉']
騰	['騰']
熕	['熕']
闂	['闂']
眝	['眝']
鴢	['鴢']
嵲	['嵲']
濙	['濙']
Ф	['Ф']
U	['C-CUBE', 'C-CUBE', 'C-CUBE', 'R-U', 'R-U', 'R-U', 'JU-dd', 'JU-dd', 'JU-dd', 'U-Matic', 'U-Matic', 'U-Matic']
慄	['慄']
狟	['狟']
ī	['ī']
凉	['凉']
伨	['伨']
塖	['塖']
拋	['拋']
鉄	['鉄']
躡	['躡']
η	['η']
▼	['▼']
彨	['彨']
寶	['寶']
蒕	['蒕']
愰	['愰']
д	['д']
勭	['勭']
樣	['樣']
毊	['毊']
け	['け']
喲	['喲']
恀	['恀']
鐞	['鐞']
噺	['噺']
仮	['仮']
煵	['煵']
黃	['黃']
ⅹ	['ⅹ']
鏮	['鏮']
を	['を']
り	['り']
讓	['讓']
柟	['柟']
檰	['檰']
楖	['楖']
醼	['醼']
鑨	['鑨']
鎶	['鎶']
└	['└']
鑜	['鑜']
蝀	['蝀']
ぐ	['ぐ']
兗	['兗']
亞	['亞']
┣	['┣']
Ю	['Ю']
朻	['朻']
矌	['矌']
芛	['芛']
棟	['棟']
聣	['聣']
師	['師']
蟼	['蟼']
皬	['皬']
麅	['麅']
Ь	['Ь']
劧	['劧']
訳	['訳']
紅	['紅']
н	['н']
閲	['閲']
譥	['譥']
嶈	['嶈']
亂	['亂']
忚	['忚']
萬	['萬']
刞	['刞']
０	['０．５％', '０．５％', '０．５％', '０．５％']
╔	['╔']
▊	['▊']
﹞	['﹞']
魚	['魚']
湁	['湁']
鐩	['鐩']
婂	['婂']
ρ	['ρ']
圶	['圶']
ō	['ō']
熺	['熺']
吤	['吤']
駮	['駮']
変	['変']
祾	['祾']
ビ	['ビ']
結	['結']
從	['從']
鲺	['鲺']
俽	['俽']
咜	['咜']
虙	['虙']
敗	['敗']
鈥	['鈥']
勝	['勝']
闚	['闚']
獁	['獁']
咲	['咲']
俇	['俇']
則	['則']
Д	['Д']
赽	['赽']
乗	['乗']
製	['製']
Р	['Р']
殘	['殘']
劅	['劅']
ま	['ま']
強	['強']
í	['í']
墤	['墤']
ョ	['ョ']
閭	['閭']
邊	['邊']
碦	['碦']
睷	['睷']
﹃	['﹃']
犲	['犲']
願	['願']
〞	['〞']
祹	['祹']
よ	['よ']
尓	['尓']
鄷	['鄷']
奀	['奀']
鏴	['鏴']
肎	['肎']
ら	['ら']
テ	['テ']
鈚	['鈚']
賀	['賀']
亁	['亁']
墍	['墍']
╭	['╭']
バ	['バ']
樺	['樺']
嫍	['嫍']
竂	['竂']
實	['實']
確	['確']
鎯	['鎯']
倴	['倴']
論	['論']
鐏	['鐏']
髰	['髰']
褳	['褳']
蒫	['蒫']
１	['１．５％', '１．５％', '１．５％', '１．５％']
拏	['拏']
巣	['巣']
軃	['軃']
︿	['︿']
┡	['┡']
佈	['佈']
潖	['潖']
