—	['——', '——', '——', '——', '—']
-	['-', 'text-decoration', 'text-decoration', 'text-decoration', 'font-size', 'font-size', 'font-size', 'TEXT-DECORATION', 'TEXT-DECORATION', 'TEXT-DECORATION', 'z-index', 'z-index', 'z-index', 'font-family', 'font-family', 'font-family', 'background-color', 'background-color', 'background-color', 'FONT-SIZE', 'FONT-SIZE', 'FONT-SIZE', 'E-mail', 'E-mail', 'E-mail', 'line-height', 'line-height', 'line-height', 'GOOD-BOY', 'GOOD-BOY', 'GOOD-BOY', 'T-X', 'T-X', 'F-SK', 'F-SK', 'F-SK', 'NEST-SOUND', 'NEST-SOUND', 'NEST-SOUND', 'e-mail', 'e-mail', 'e-mail', 'com------------------------------------------------------------', 'com------------------------------------------------------------', 'com------------------------------------------------------------', 'com------------------------------------------------------------', 'com------------------------------------------------------------', 'com------------------------------------------------------------', 'com------------------------------------------------------------', 'com------------------------------------------------------------', 'com------------------------------------------------------------', 'com------------------------------------------------------------', 'com------------------------------------------------------------', 'com------------------------------------------------------------', 'com------------------------------------------------------------', 'com------------------------------------------------------------', 'com------------------------------------------------------------', 'com------------------------------------------------------------', 'com------------------------------------------------------------', 'com------------------------------------------------------------', 'com------------------------------------------------------------', 'com------------------------------------------------------------', 'com------------------------------------------------------------', 'com------------------------------------------------------------', 'com------------------------------------------------------------', 'com------------------------------------------------------------', 'com------------------------------------------------------------', 'com------------------------------------------------------------', 'com------------------------------------------------------------', 'com------------------------------------------------------------', 'com------------------------------------------------------------', 'com------------------------------------------------------------', 'com------------------------------------------------------------', 'com------------------------------------------------------------', 'com------------------------------------------------------------', 'com------------------------------------------------------------', 'com------------------------------------------------------------', 'com------------------------------------------------------------', 'com------------------------------------------------------------', 'com------------------------------------------------------------', 'com------------------------------------------------------------', 'com------------------------------------------------------------', 'com------------------------------------------------------------', 'com------------------------------------------------------------', 'com------------------------------------------------------------', 'com------------------------------------------------------------', 'com------------------------------------------------------------', 'com------------------------------------------------------------', 'com------------------------------------------------------------', 'com------------------------------------------------------------', 'com------------------------------------------------------------', 'com------------------------------------------------------------', 'com------------------------------------------------------------', 'com------------------------------------------------------------', 'com------------------------------------------------------------', 'com------------------------------------------------------------', 'com------------------------------------------------------------', 'com------------------------------------------------------------', 'com------------------------------------------------------------', 'com------------------------------------------------------------', 'com------------------------------------------------------------', 'com------------------------------------------------------------', 'com------------------------------------------------------------', 'com------------------------------------------------------------', 'com------------------------------------------------------------', 'com------------------------------------------------------------', 'com------------------------------------------------------------', 'com------------------------------------------------------------', 'com------------------------------------------------------------', 'com------------------------------------------------------------', 'com------------------------------------------------------------', 'com------------------------------------------------------------', 'com------------------------------------------------------------', 'com------------------------------------------------------------', 'com------------------------------------------------------------', 'com------------------------------------------------------------', 'com------------------------------------------------------------', 'com------------------------------------------------------------', 'com------------------------------------------------------------', 'com------------------------------------------------------------', 'com------------------------------------------------------------', 'com------------------------------------------------------------', 'com------------------------------------------------------------', 'com------------------------------------------------------------', 'com------------------------------------------------------------', 'com------------------------------------------------------------', 'com------------------------------------------------------------', 'com------------------------------------------------------------', 'com------------------------------------------------------------', 'com------------------------------------------------------------', 'com------------------------------------------------------------', 'com------------------------------------------------------------', 'com------------------------------------------------------------', 'com------------------------------------------------------------', 'com------------------------------------------------------------', 'com------------------------------------------------------------', 'com------------------------------------------------------------', 'com------------------------------------------------------------', 'com------------------------------------------------------------', 'com------------------------------------------------------------', 'com------------------------------------------------------------', 'com------------------------------------------------------------', 'com------------------------------------------------------------', 'com------------------------------------------------------------', 'com------------------------------------------------------------', 'com------------------------------------------------------------', 'com------------------------------------------------------------', 'com------------------------------------------------------------', 'com------------------------------------------------------------', 'com------------------------------------------------------------', 'com------------------------------------------------------------', 'com------------------------------------------------------------', 'com------------------------------------------------------------', 'com------------------------------------------------------------', 'com------------------------------------------------------------', 'com------------------------------------------------------------', 'com------------------------------------------------------------', 'com------------------------------------------------------------', 'com------------------------------------------------------------', 'com------------------------------------------------------------', 'com------------------------------------------------------------', 'com------------------------------------------------------------', 'shiliu-k', 'shiliu-k', 'shiliu-k', 'Stony-Moon', 'Stony-Moon', 'Stony-Moon', 'font-weight', 'font-weight', 'font-weight', 'BORDER-BOTTOM', 'BORDER-BOTTOM', 'BORDER-BOTTOM', 'FONT-FAMILY', 'FONT-FAMILY', 'FONT-FAMILY', 'MS-DOS', 'MS-DOS', 'MS-DOS', 'Xavier-Bati', 'Xavier-Bati', 'Xavier-Bati', 'TFT-LCD', 'TFT-LCD', 'TFT-LCD', 'K-DASH', 'K-DASH', 'K-DASH', 'SCROLLBAR-ARROW-COLOR', 'SCROLLBAR-ARROW-COLOR', 'SCROLLBAR-ARROW-COLOR', 'SCROLLBAR-ARROW-COLOR', 'SCROLLBAR-ARROW-COLOR', 'SCROLLBAR-ARROW-COLOR', 'SCROLLBAR-ARROW-COLOR', 'SCROLLBAR-ARROW-COLOR', 'SCROLLBAR-ARROW-COLOR', 'SCROLLBAR-ARROW-COLOR', 'E-MAIL', 'E-MAIL', 'E-MAIL', 'T-BAG', 'T-BAG', 'C-Cube', 'C-Cube', 'C-Cube', 'text-align', 'text-align', 'text-align', 'http-equiv', 'http-equiv', 'http-equiv', 'content-type', 'content-type', 'content-type', 'T-shirt', 'T-shirt', 'kevin-liuningOCR', 'kevin-liuningOCR', 'kevin-liuningOCR', 'sans-serif', 'sans-serif', 'sans-serif', 'CD-ROM', 'CD-ROM', 'CD-ROM', 'stay-night', 'stay-night', 'stay-night', 'G-G', 'G-G', 'G-G', 'border-left-color', 'border-left-color', 'border-left-color', 'border-left-color', 'border-left-color', 'border-left-color', 'border-left-color', 'border-left-color', 'border-left-color', 'border-left-color', 'BORDER-TOP-COLOR', 'BORDER-TOP-COLOR', 'BORDER-TOP-COLOR', 'BORDER-TOP-COLOR', 'BORDER-TOP-COLOR', 'BORDER-TOP-COLOR', 'BORDER-TOP-COLOR', 'BORDER-TOP-COLOR', 'BORDER-TOP-COLOR', 'BORDER-TOP-COLOR', 'BORDER-BOTTOM-COLOR', 'BORDER-BOTTOM-COLOR', 'BORDER-BOTTOM-COLOR', 'BORDER-BOTTOM-COLOR', 'BORDER-BOTTOM-COLOR', 'BORDER-BOTTOM-COLOR', 'BORDER-BOTTOM-COLOR', 'BORDER-BOTTOM-COLOR', 'BORDER-BOTTOM-COLOR', 'BORDER-BOTTOM-COLOR', 'BORDER-LEFT-COLOR', 'BORDER-LEFT-COLOR', 'BORDER-LEFT-COLOR', 'BORDER-LEFT-COLOR', 'BORDER-LEFT-COLOR', 'BORDER-LEFT-COLOR', 'BORDER-LEFT-COLOR', 'BORDER-LEFT-COLOR', 'BORDER-LEFT-COLOR', 'BORDER-LEFT-COLOR', 'BORDER-RIGHT-COLOR', 'BORDER-RIGHT-COLOR', 'BORDER-RIGHT-COLOR', 'BORDER-RIGHT-COLOR', 'BORDER-RIGHT-COLOR', 'BORDER-RIGHT-COLOR', 'BORDER-RIGHT-COLOR', 'BORDER-RIGHT-COLOR', 'BORDER-RIGHT-COLOR', 'BORDER-RIGHT-COLOR', 'border-bottom-color', 'border-bottom-color', 'border-bottom-color', 'border-bottom-color', 'border-bottom-color', 'border-bottom-color', 'border-bottom-color', 'border-bottom-color', 'border-bottom-color', 'border-bottom-color', 'MRP-II', 'MRP-II', 'MRP-II', 'A-Level', 'A-Level', 'SS-N', 'SS-N', 'SS-N', 'N-STAR', 'N-STAR', 'N-STAR', 'CLOSE-OPEN', 'CLOSE-OPEN', 'CLOSE-OPEN', 'E-Mail', 'E-Mail', 'E-Mail', 'E--Mail', 'E--Mail', 'E--Mail', 'E--Mail', 'E--Mail', 'E--Mail', 'MA-M', 'MA-M', 'MA-M', 'SCROLLBAR-BASE-COLOR', 'SCROLLBAR-BASE-COLOR', 'SCROLLBAR-BASE-COLOR', 'SCROLLBAR-BASE-COLOR', 'SCROLLBAR-BASE-COLOR', 'SCROLLBAR-BASE-COLOR', 'SCROLLBAR-BASE-COLOR', 'SCROLLBAR-BASE-COLOR', 'SCROLLBAR-BASE-COLOR', 'SCROLLBAR-BASE-COLOR', 'Wing-king', 'Wing-king', 'Wing-king', 'SCROLLBAR-DARKSHADOW-COLOR', 'SCROLLBAR-DARKSHADOW-COLOR', 'SCROLLBAR-DARKSHADOW-COLOR', 'SCROLLBAR-DARKSHADOW-COLOR', 'SCROLLBAR-DARKSHADOW-COLOR', 'SCROLLBAR-DARKSHADOW-COLOR', 'SCROLLBAR-DARKSHADOW-COLOR', 'SCROLLBAR-DARKSHADOW-COLOR', 'SCROLLBAR-DARKSHADOW-COLOR', 'SCROLLBAR-DARKSHADOW-COLOR', 'WING-KING', 'WING-KING', 'WING-KING', 'Bye-Bye', 'Bye-Bye', 'Bye-Bye', 'SPIN-OFF', 'SPIN-OFF', 'SPIN-OFF', 'border-right-color', 'border-right-color', 'border-right-color', 'border-right-color', 'border-right-color', 'border-right-color', 'border-right-color', 'border-right-color', 'border-right-color', 'border-right-color', 'COOL-FIRE', 'COOL-FIRE', 'COOL-FIRE', 'H-H', 'H-H', 'H-H', 'MMI-GAU', 'MMI-GAU', 'MMI-GAU', 'n-e-t', 'n-e-t', 'n-e-t', 'n-e-t', 'n-e-t', 'n-e-t', 'n-e-t', 'n-e-t', 'n-e-t', 'n-e-t', 'PD-Boen', 'PD-Boen', 'PD-Boen', 'rM-rf', 'rM-rf', 'rM-rf', 'T-back', 'T-back', 'border-top-color', 'border-top-color', 'border-top-color', 'border-top-color', 'border-top-color', 'border-top-color', 'border-top-color', 'border-top-color', 'border-top-color', 'border-top-color', 'W-A-p', 'W-A-p', 'W-A-p', 'W-A-p', 'W-A-p', 'W-A-p', 'W-A-p', 'W-A-p', 'G-MAN', 'G-MAN', 'G-MAN', 'KING-CHARLE', 'KING-CHARLE', 'KING-CHARLE', 'W-N', 'W-N', 'W-N', 'Wi-Fi', 'Wi-Fi', 'Wi-Fi', 'B-I', 'B-I', 'B-I', 'Bit-Bit', 'Bit-Bit', 'Bit-Bit', 'Peter-Jacson', 'Peter-Jacson', 'Peter-Jacson', 'Good-bye', 'Good-bye', 'Good-bye', 'V-', 'V-', 'bye-bye', 'bye-bye', 'bye-bye', 'Chibrainbio-Guard', 'Chibrainbio-Guard', 'Chibrainbio-Guard', 'Bye-bye', 'Bye-bye', 'Bye-bye', 'c-n', 'c-n', 'c-n', 'M-Geschss', 'M-Geschss', 'M-Geschss', 'DMP-iplayer', 'DMP-iplayer', 'DMP-iplayer', 'AG-U', 'AG-U', 'AG-U', 'F-X', 'F-X', 'F-X', 'Minh-Le', 'Minh-Le', 'Minh-Le', 'Jic-xiao', 'Jic-xiao', 'Jic-xiao', 'AE-f', 'AE-f', 'AE-f', 'Cold-call', 'Cold-call', 'Cold-call', 'FSN-HOLSTON', 'FSN-HOLSTON', 'FSN-HOLSTON', 'Key-in', 'Key-in', 'Key-in', 'k-g', 'k-g', 'k-g', 'GAT-X', 'GAT-X', 'GAT-X', 'BYE-BYE', 'BYE-BYE', 'BYE-BYE', 'Na-K', 'Na-K', 'Na-K', 'Chuang-tzu', 'Chuang-tzu', 'Chuang-tzu', 'T-Shirt', 'T-Shirt', 'Wal-Mart', 'Wal-Mart', 'Wal-Mart', 'date-n', 'date-n', 'date-n', 'border-left-style', 'border-left-style', 'border-left-style', 'border-left-style', 'border-left-style', 'border-left-style', 'border-left-style', 'border-left-style', 'border-left-style', 'border-left-style', 'Good-by', 'Good-by', 'Good-by', 'C-CUBE', 'C-CUBE', 'C-CUBE', 'R-U', 'R-U', 'R-U', 'McGraw-Hill', 'McGraw-Hill', 'McGraw-Hill', 'CD-R', 'CD-R', 'CD-R', 'go-vern-ment', 'go-vern-ment', 'go-vern-ment', 'go-vern-ment', 'go-vern-ment', 'go-vern-ment', 'go-vern-ment', 'go-vern-ment', 'go-vern-ment', 'go-vern-ment', 'ST-X', 'ST-X', 'ST-X', 'easy-cn', 'easy-cn', 'easy-cn', 'N-N', 'N-N', 'N-N', 'f-N', 'f-N', 'f-N', 'MMI-M', 'MMI-M', 'MMI-M', 'JU-dd', 'JU-dd', 'JU-dd', 'Cola-cola', 'Cola-cola', 'Cola-cola', 'Rolls-Royce', 'Rolls-Royce', 'Rolls-Royce', 'Q-DOS', 'Q-DOS', 'self-educationawareness', 'self-educationawareness', 'self-educationawareness', 'close-ref', 'close-ref', 'close-ref', 'Ex-S', 'Ex-S', 'Ex-S', 'E-Z', 'E-Z', 'E-Z', 'SA-N', 'SA-N', 'SA-N', 'TEXT-ALIGN', 'TEXT-ALIGN', 'TEXT-ALIGN', 'i-mode', 'i-mode', 'i-mode', 'CD-RW', 'CD-RW', 'CD-RW', 'Mad-Eye', 'Mad-Eye', 'Mad-Eye', 'MM-NO', 'MM-NO', 'MM-NO', 'Hsun-tzu', 'Hsun-tzu', 'Hsun-tzu', 'U-Matic', 'U-Matic', 'U-Matic']
「	['「']
」	['」']
!	['!']
交	['交', '深交', '生死之交', '新交', '忘年之交', '攀交', '内外交困', '订交', '初交', '外交团', '刎颈之交', '布衣之交', '交白卷', '免交', '夏秋之交', '夏秋之交', '远交', '平交', '真交', '近交', '缔交', '工交', '双交', '跌交', '刎颈交', '择交', '贫贱之交', '心腹之交', '纳交', '交搭', '善与人交', '烦交', '管鲍之交', '八拜为交', '八拜为交', '国民外交', '割席绝交', '老世交', '拍板成交', '测交', '顶交', '反交', '金石之交', '垫交', '海州市交通局', '凤友鸾交']
鬼	['鬼', '有鬼', '弄鬼', '打鬼', '刀下之鬼', '刀下之鬼', '疑心生暗鬼', '万鬼', '催命鬼', '鬼谷', '和鬼', '大烟鬼', '装神扮鬼', '装神扮鬼', '鬼面', '白日见鬼', '七分像鬼', '七分像鬼', '讨债鬼', '鬼影憧憧', '鬼影憧憧', '鬼影憧憧', '红小鬼', '大鬼', '蛇神牛鬼', '蛇神牛鬼', '见神见鬼', '疑神见鬼', '弄神弄鬼', '青鬼', '做神做鬼', '国贼禄鬼', '三鬼', '疑心生鬼', '油鬼']
呆	['呆', '呆呆', '呆呆', '目定口呆', '目定口呆', '木呆呆', '木呆呆', '滞呆', '假痴假呆', '纳呆', '呆呆板板']
份	['份', '一份', '三份', '第二份', '一份份', '一份份', '一份份', '一份份', '人份', '县份', '一式两份', '半份', '丢份', '等份', '各执一份', '各执一份', '第四份', '第四份', '拔份', '元月份', '第五份', '组份', '第六份', '第六份', '第八份']
．	['．', '0．5％', '0．5％', '0．5％', '0．5％', '2．5％', '2．5％', '2．5％', '2．5％', '1．5％', '1．5％', '1．5％', '1．5％', '９．５％', '９．５％', '９．５％', '９．５％', '3．5％', '3．5％', '3．5％', '3．5％', '0．3％', '0．3％', '0．3％', '0．3％', '7．5％', '7．5％', '7．5％', '7．5％', '０．５％', '０．５％', '０．５％', '０．５％', '4．3％', '4．3％', '4．3％', '4．3％', '0．8％', '0．8％', '0．8％', '0．8％', '１．５％', '１．５％', '１．５％', '１．５％']
陪	['陪', '少陪', '三陪', '恕不奉陪', '陪斗', '伴陪']
~	['~', '?~', '?~', '?~', '?~']
逼	['逼', '被逼', '逼于无奈', '立逼', '胁逼', '诱逼', '煎逼', '年近岁逼']
帐	['帐', '帷帐', '幔帐', '青纱帐', '升帐', '毡帐', '篷帐', '喜帐']
－	['－']
画	['画', '比画', '眉目如画', '古画', '画板', '风景如画', '入画', '肖像画', '风景画', '指画', '江山如画', '人物画', '一笔一画', '铅笔画', '涂画', '挂画', '西洋画', '漆画', '雕画', '西画', '卡通画', '藏画', '白画', '线画', '铁画', '活画', '水粉画', '风情画', '文人画', '裱画', '图案画', '组画', '石版画', '宗教画', '铜版画', '镶嵌画', '诗中有画', '风俗画', '儿童画', '比画比画', '比画比画', '比画比画', '比画比画', '木炭画', '炭画', '第一画', '口讲指画', '瓷板画', '历历如画', '烙画', '临画', '织画']
#	['#']
狠	['狠', '阴狠', '发狠', '心狠', '好勇斗狠', '毒狠', '心辣手狠', '稳准狠', '贪狠', '心毒手狠', '发发狠']
～	['～']
淡	['淡', '黯淡', '平平淡淡', '平平淡淡', '轻淡', '风轻云淡', '素淡', '愁云惨淡', '天高云淡', '很淡很淡', '很淡很淡', '很淡很淡', '很淡很淡', '极淡极淡', '极淡极淡', '极淡极淡', '极淡极淡']
芒	['芒', '麦芒', '夏芒', '厉芒', '刘芒', '金芒', '黑芒', '青芒', '津芒', '白芒', '阿芒', '勒芒', '凌芒', '不露锋芒', '阿尔芒', '芒芒', '芒芒', '小芒', '冷羽芒', '刑芒', '闪津芒', '强芒', '雷芒', '芒克', '秦芒', '小白芒', '陈其芒', '西芒', '克雷芒', '徐芒', '小试锋芒', '郑芒', '科尔芒', '利芒', '何罗芒', '刘典芒', '日芒', '蓝芒', '芒松', '老芒', '厉寒芒', '兰芒', '麦芒怀里', '杜芒', '扎克芒', '扎克芒', '亚芒', '克莱芒']
搭	['搭', '抽抽搭搭', '抽抽搭搭', '配搭', '兜搭', '交搭', '扭搭', '搭筑', '甩搭', '有搭没搭', '有搭没搭', '有搭没搭', '有搭没搭']
後	['後', '善後', '产後', '敌後']
;	[';', '\x1c;', '\x1c;']
羞	['羞', '含羞']
辞	['辞', '固辞', '托辞', '含糊其辞', '一面之辞', '夸大其辞', '卑辞', '祝辞', '何患无辞', '闪烁其辞', '溢美之辞', '贺辞', '欢迎辞', '绝妙好辞', '遁辞', '献辞', '刻辞', '浮辞', '诡辞', '大放厥辞', '过甚其辞', '一诺无辞', '措辞不当', '训辞', '阿谀之辞', '善为说辞', '情见乎辞', '淫辞', '承颜接辞', '承颜接辞']
楞	['楞', '扑楞', '格楞', '拨楞', '装傻充楞', '斜楞']
`	['`', '\x1c`', '\x1c`', '\x15`', '\x15`', '\x0e`', '\x0e`', '\x1d`', '\x1d`', '\x1d\x1c`', '\x1d\x1c`', '\x1d\x1c`', '\x12`', '\x12`', '\x1c\x0e`', '\x1c\x0e`', '\x1c\x0e`']
＂	['＂']
①	['①']
证	['证', '罪证', '力证', '记者证', '质量保证', '作伪证', '离婚证', '搜查证', '身分证', '证圣', '土地证', '原始凭证', '党证', '三媒六证', '认股权证', '赃证', '行驶证', '报到证', '健康证', '案证', '复员证', '退伍证', '飞行证']
翔	['翔', '楚翔', '凌天翔', '苏翔', '周翔', '华天翔', '华天翔', '罗翔', '凤翔', '孙翔', '伏翔', '龙翔', '华云翔', '侯天翔', '林雨翔', '方翔', '文翔', '王子翔', '李翔', '黑季翔', '霍天翔', '韩翔', '仲翔', '叶翔', '刘天翔', '黑龙翔', '黄翔', '白见翔', '宋翔', '孙凤翔', '梁国翔', '梁国翔', '林凤翔', '费翔', '陈翔', '林少翔', '范翔', '赵翔', '李天翔', '云翔', '王翔', '张云翔', '燕翔云', '林翔', '季翔', '黄琪翔', '云鹤翔', '吕翔', '南翔', '萧亦翔', '赵文翔', '蓝翔', '朱龙翔', '曹翔', '丁翔', '金凤翔', '左太翔', '龙天翔', '邱翔', '黄健翔', '王朝翔', '凌翔', '孔翔', '殷仲翔', '王鹤翔', '邹翔', '莫天翔', '葛世翔', '张翔', '温蔚翔', '谢宇翔', '左东翔', '张仲翔', '蓝天翔', '方宇翔', '宣翔', '游风翔', '东翔', '魏凤翔', '卢翔', '陈凤翔', '黎振翔', '尹天翔', '闻人若翔', '胡锐翔', '闵闻翔', '韩孟翔', '金正翔', '齐润翔', '江翔', '魏子翔', '岳凌翔', '雷翔', '慕容翔', '茅理翔', '唐翔', '林宝翔', '龙锦翔', '江天翔', '江天翔', '郭仲翔', '白翔', '燕翔', '耿翔', '叶天翔', '陆翔', '欧翔', '段翔', '蒋南翔', '张昀翔', '玄翔', '朱凤翔', '傅步翔', '景翔', '诸葛翔', '秦海翔', '白凤翔', '吴英翔', '柳燕翔', '丁仲翔', '冷翔', '傅天翔', '李凤翔', '卓翔', '武翔', '夏云翔', '骆翔', '潘翔', '黄伟翔', '唐天翔', '唐天翔', '游力翔', '迹部浩翔', '郭子翔', '龙飞凤翔', '易翔', '卫翔', '海翔', '宗翔', '翔龙集团', '蒋云翔', '冯翔', '唐凤翔', '马吉翔', '李思翔', '龚焕翔', '褚翔', '高宇翔', '毛光翔', '陈康翔', '燕回翔', '游翔', '骆凤翔', '张翼翔', '董永翔', '彭浩翔', '娄嘉翔', '孟翔', '商远翔', '王元翔', '龙翔镖局', '唐健翔', '沈翔', '于翔', '蓝宇翔', '邓翔', '柏鸿翔', '张健翔', '曹远翔', '翔宇集团', '薛凤翔', '林云翔', '金文翔', '戴志翔', '徐翔', '萧翔', '盛翔', '蔡平翔', '何翔', '叶翔云', '宁志翔', '黄天翔', '虞仲翔', '简翔', '秦天翔', '秦天翔', '司马敬翔', '赖彦翔', '甘翔', '姜天翔', '凤翥鸾翔', '王凤翔', '皇翔', '刘云翔', '张凤翔', '陆翔云', '寇凤翔', '李远翔', '李日翔', '季天翔', '冯俊翔', '白剑翔']
希	['希', '云希', '侯希', '古士希', '古士希', '王照希', '王照希', '李希', '狄希', '海德里希', '小希', '小希希', '小希希', '海因里希', '张希', '颜之希', '杨希', '裴大希', '安布劳希', '安布劳希', '奥里马希', '奥里马希', '刘希', '马希广', '迪特里希', '迪特里希', '牛希', '陶希圣', '若希', '张瑞希', '达希', '楚王希', '楚王希', '维希', '马希范', '徐宇希', '皮耶希', '希卡莉', '希卡莉', '长门有希', '长门有希', '洛希', '区希范', '蒙莫兰希', '德里希', '扎依希', '布多戈希', '希希', '希希', '希里', '韩彩希', '王马希', '陈希', '宋希', '林希', '王希', '汪希', '邓希', '莫希', '段希', '吴希', '杨尚希', '范希圣', '德维希', '魏希', '孔希', '王马希范', '王马希范', '姜志希', '狄特里希', '狄特里希', '余希斌', '顾顶希', '顾顶希', '希姆', '陈天希', '邵希', '沙希', '德李希', '希克', '欧阳希', '莱希克', '黄树希', '拉丁希', '瑞德里希', '瑞德里希', '严希', '杜云希', '阿鲁贝里希', '阿鲁贝里希', '阿鲁贝里希', '曾希圣', '约阿希姆', '米尔希', '米尔希', '宋颜希', '谭希松', '蒋雅希', '敬希', '克利希', '克利希', '杨希圣', '莫希斌', '莫希斌', '康成希', '康成希', '石希蒙', '乌鲁瓦希', '孙希', '哈里希', '公孙希', '希丁克', '司马乐希', '瑞希', '弗雷德里希', '弗雷德里希', '摩莫朗希', '摩莫朗希', '克罗希', '克罗希', '兰希', '埃里希', '希芙', '乌尔里希', '乌尔里希', '达维希', '金希', '利希', '格雷希里', '赫希', '白希', '姜正希', '梅利希姆', '梅利希姆', '印拉希', '金泰希', '金泰希', '克里希克', '沃尔里希', '沃尔里希', '基里希', '基里希', '李比希', '古希', '格鲁希', '崔成希', '崔成希', '刘希岳', '里希', '林小希', '库达希', '库达希', '曾希', '莱希', '姚希', '希莱姆', '阿拉希', '汉尼希', '佩希', '柏希', '希鲁芙', '希鲁芙', '巴希', '冉希', '帕齐希', '秦希', '宋希濂集团', '希丝莉', '官希', '朱希', '雅希', '司希', '孙延希', '哈希姆', '波希', '韩希', '车甘希', '何克希', '姜希', '赵希', '阿希', '米考希', '芮希', '罗希', '老希', '因里希', '因里希', '贝希', '巴希姆', '哈比列希', '哈比列希', '珍希', '窦希', '莫莫兰希', '程希', '希洛克', '希洛克', '赛希', '穆罕默德希姆', '尚希', '许鹿希', '赖希', '候刘希', '司马陆希', '付希', '李常希', '伯希', '华尔希', '蒋希', '穆希', '希格玛', '叶希圣', '秋希', '郑希', '英格利希', '英格利希', '古大希', '崔希', '希弗', '希科克', '贡布里希', '马尔古希', '维希尼亚克', '维希尼亚克', '克劳希', '克劳希', '宋希玫', '董宏希', '艾里希', '艾里希', '约希姆', '程秉希', '友野和希', '友野和希', '金哲希', '克里希', '秦彩希', '基希', '施托尔希', '耶里希', '耶里希', '张世希']
_	['_', '\x1f_', '\x1f_', '\x04_', '\x04_', '\x15_', '\x15_', '?_', '?_', '\x02_', '\x02_', '\x03_', '\x03_']
矢	['矢', '染矢', '其直如矢', '其直如矢', '正矢', '矢野丽奈', '流矢', '矢面']
『	['『']
逗	['逗', '哄逗', '耍逗', '打逗']
』	['』']
玛	['玛', '阿玛', '皇阿玛', '艾玛', '桑玛', '卓玛', '迪玛', '苏玛', '帕尔玛', '阿尔玛', '诺玛', '玛莉', '伽玛', '索玛', '拉玛', '诺尔玛', '诺尔玛', '乌玛', '亚加玛', '穆里玛', '沙玛', '圣拉玛', '阿克玛', '阿克玛', '夏玛莉', '玛克', '穆朗玛', '修玛', '哈玛', '西玛', '伊玛', '阿萨玛', '阿萨玛', '格玛', '里玛', '卡玛', '吉玛', '安露蒂玛', '利玛', '埃玛', '卡哈玛', '卡哈玛', '库玛', '多玛', '巴特玛', '依玛', '圣玛', '乌尔玛', '卓玛姆', '塞尔玛', '宾玛', '布茹阿玛', '布茹阿玛', '戴费玛莉', '玛斯克', '琼玛', '瓦尔塞玛', '瓦尔塞玛', '洛科玛', '哈柏玛', '茹阿玛', '安玛莉', '达斯雷玛', '达斯雷玛', '阿斯玛', '捷玛', '妮玛', '穆索玛', '伊拉玛', '伊拉玛', '艾尔玛', '维亚兹玛', '维亚兹玛', '阿连德玛', '阿连德玛', '玛约莉', '雅丽玛', '维尔玛', '维尔玛', '玛里', '菲玛', '卓尔玛', '迦玛', '达媚玛', '努玛', '玛考姆', '沃玛', '莎玛', '尔娜卓玛', '尔娜卓玛', '克拉玛', '赛尔玛', '赛尔玛', '苏格玛', '英格玛', '祖玛', '鄂斯玛', '达拉玛', '西西乌玛', '西西乌玛', '阿库玛', '布玛', '奥格玛', '奥格玛', '姆玛', '姆玛', '奥德玛', '奥德玛', '卡玛里', '依彼玛', '法迪玛', '扎格拉玛', '欧巴玛', '拉阿玛', '龙桑玛', '普列玛', '奥塔玛集团', '乌露玛', '塔莉丝玛', '埃尔玛', '玛瑞克', '玛瑞克', '狄罗德玛', '玛奈', '瑙玛', '瑙玛', '玛杜克', '蒙斯拉玛', '蒙斯拉玛', '潘古玛', '安娜玛莉', '席格玛', '凯玛', '法玛', '莎莉玛', '西尔玛', '西尔玛', '伊诗玛', '穆拉玛', '穆拉玛', '费尔玛', '福玛', '唐玛', '克拉托玛', '玛格拉姆', '玛格拉姆', '柯玛', '费玛', '瑞玛', '科西玛', '科西玛', '宁玛', '扎合玛', '达格玛', '达格玛', '哥吉玛', '阿合玛', '亚玛', '让阿尔玛', '安东诺玛', '安东诺玛', '加玛', '希格玛', '伊图玛', '安德洛玛', '安德洛玛', '印格玛', '卓格玛', '贝莱尔玛', '贝莱尔玛', '万福玛', '万福玛', '奥格瑞玛', '奥格瑞玛', '孙玛莉', '韦尔玛', '萨尔玛', '葛莎玛', '萨玛', '恩克鲁玛', '沙克玛', '小库玛', '玛玛', '玛玛', '史威玛', '奥巴玛', '奥巴玛', '哥尔玛']
^	['^', '\x1d^', '\x1d^', '?^', '?^']
莉	['莉', '莉莉', '莉莉', '艾莉', '张莉', '雪莉', '艾米莉', '贝弗莉', '孙雪莉', '蒋丽莉', '莉莉姆', '莉莉姆', '莉莉姆', '莉莉姆', '莱莉', '恰莉', '韩筱莉', '凯莉', '奈菲莉', '莎莉', '苏小莉', '胡莉莉', '胡莉莉', '奥德莉', '奥德莉', '雪西莉', '萧罗莉', '莉芙', '莉芙', '池莉', '陆莉莉', '陆莉莉', '玛莉', '朱莉', '哈德莉', '哈德莉', '罗莉', '吴绮莉', '娜帕莉', '李莉', '肖莉', '马莉', '童莉', '谢小莉', '徐曼莉', '尤莉', '蔡莉', '庞小莉', '莫莉', '夏玛莉', '依卡莉', '雷莉', '刘晓莉', '田莉', '何莉莉', '何莉莉', '于薇莉', '胡莉', '张玲莉', '尤芬莉', '贝莉', '海莉', '谢莉莉', '谢莉莉', '霍莉', '希卡莉', '希卡莉', '刘小莉', '多莉', '乔莉', '李晓莉', '瞿莉', '冯莉', '夏莉', '瑟莉', '白莉', '朱莉莉', '朱莉莉', '奇莉', '菲莉', '艾莉婕', '波莉', '米莉', '唐莉莉', '唐莉莉', '奈特莉', '奈特莉', '徐莉莉', '徐莉莉', '张小莉', '白萝莉', '梅莉', '阿莉', '杜巴莉', '胡娅莉', '严莉', '卡莉', '杜亚莉', '安莉莉', '安莉莉', '爱莉', '刘莉', '吴小莉', '朴胜莉', '戴费玛莉', '谢莉', '俞莉', '罗莎莉', '毛莉', '罗莉莉', '罗莉莉', '安柏莉', '加莉', '爱米莉', '赫莉', '萨尔巴莉', '查莉', '卓红莉', '拉丝莉', '拉丝莉', '唐莉', '安玛莉', '坂崎由莉', '瓦勒莉', '瓦勒莉', '穆莉', '奥莉', '胡晓莉', '蓝莉', '埃莉', '高莉', '辛曼莉', '顾小莉', '柳莉', '裘莉', '丁莉莉', '丁莉莉', '白亚莉', '方莉', '埃米莉', '埃米莉', '吉莉', '吴莉', '文莉', '土师千莉', '玛约莉', '阿尔莉', '艾波莉', '让莉莉', '让莉莉', '朱莉叶', '哈莉', '吴晓莉', '安吉莉', '施梅莉', '莉弗', '莉弗', '纳塔莉', '秦莉', '沙莉', '让孙雪莉', '西莉', '陈巧莉', '王小莉', '邱莉', '维莉', '单莉', '陈晓莉', '达莱莉', '格洛莉', '苏莉', '麦莉', '凯西莉', '凯西莉', '小罗莉', '罗萨莉', '维伊特莉', '维伊特莉', '姚思莉', '伊莉', '尚笑莉', '于莉莉', '于莉莉', '孙莉', '妮娜莉莉', '妮娜莉莉', '妮娜莉莉', '妮娜莉莉', '简莉', '叶莉', '王莉', '小莉莉', '小莉莉', '焦莉', '莱斯莉', '莱斯莉', '娜莉', '贝芙莉', '泰莉', '塔莉丝玛', '常莉', '兰德莉', '兰德莉', '何莉', '马凯莉', '希丝莉', '陈莉', '依莉', '杜莉莉', '杜莉莉', '杨莉', '艾莉维修厂', '艾莉维修厂', '艾薇莉', '安娜玛莉', '雷亚莉', '德莉', '戴瑟莉', '莉罗莉', '莉罗莉', '姜雅莉', '侯荔莉', '莎莉玛', '葛洛莉', '江莉', '袁莉', '尹莉', '王莉莉', '王莉莉', '楼莉', '郭小莉', '吴莉莉', '吴莉莉', '紫茉莉', '尤拉莉', '雷普莉', '荣莉', '克莉', '梅凯莉', '明莉', '安琪莉', '黄莉', '帕莉', '沈莉莉', '沈莉莉', '朱亚莉', '鲁莉', '郝莉莉', '郝莉莉', '南莉', '康温纳莉', '康温纳莉', '伊妮莉', '胡小莉', '温莉', '让莉莉姆', '让莉莉姆', '让莉莉姆', '让莉莉姆', '孙玛莉', '小艾莉', '依洛莉', '文慧莉', '莉姆', '小莎莉', '玛丽亚凯莉', '西西莉', '庞莉']
★	['★']
姆	['姆', '吉姆', '莉莉姆', '莉莉姆', '萨姆', '克拉姆', '亚修拉姆', '亚修拉姆', '查查姆', '查查姆', '格雷厄姆', '小保姆', '弗雷姆', '哈姆', '蒂姆', '罗姆', '拉姆', '卡姆', '马尔科姆', '马尔科姆', '乔阿姆', '凯姆', '马克西姆', '基多姆', '汉姆', '洛姆', '哈纳姆', '拜纳姆', '高登巴姆', '高登巴姆', '奥多姆', '威廉姆', '西姆', '帕姆', '沙姆', '迪姆', '斯姆', '耶拉姆', '阿姆', '斯约史特洛姆', '斯约史特洛姆', '卡里姆', '詹姆', '阿克苏姆', '格罗姆', '马尔亚姆', '巴斯利姆', '姆拉克', '姆拉克', '塞利姆', '海拉姆', '金姆', '图拉姆', '哈斯勒姆', '杰罗姆', '布鲁姆', '范达姆', '伯林格姆', '阿尔焦姆', '阿尔焦姆', '曼纳海姆', '曼纳海姆', '杰姆', '史雷姆', '米丽艾姆', '米丽艾姆', '安伊姆', '英格拉姆', '夏达姆', '艾利诺姆', '艾利诺姆', '斯坦索姆', '瓦西姆', '小罗姆', '纳吉姆', '奥姆', '皮姆', '奥姆克', '卓玛姆', '威克姆', '威克姆', '诺姆', '海姆', '维亚康姆', '姆岑斯克', '姆岑斯克', '勃罗姆', '凯内尔姆', '凯内尔姆', '诺兹多姆', '诺兹多姆', '克里萨姆', '克里萨姆', '多姆', '沃尔夫拉姆', '阿古达姆', '阿古达姆', '西尔斯特罗姆', '西尔斯特罗姆', '达姆', '格兰瑟姆', '惠特姆', '基姆', '奥卡姆', '布卢姆', '斯塔姆', '阿塔西姆', '阿塔西姆', '卡勒姆', '黑姆', '希姆', '斯利姆', '贾西姆', '麦克埃德姆', '休姆', '克列姆', '阿图姆', '萨姆诺什克', '萨姆诺什克', '巴尔苏姆', '巴尔苏姆', '纳图拉姆', '阿布拉姆', '阿布拉姆', '布罗姆', '布罗姆', '巴姆扎', '马克图姆', '斯特劳姆', '斯特劳姆', '比姆', '加纳姆', '拉达姆', '罗德姆', '叶菲姆', '格瑞姆', '海里姆', '韦尔科姆', '韦尔科姆', '特隆赫姆', '措姆', '克雷姆', '玻姆', '卡西姆', '约阿希姆', '史道姆', '史道姆', '尤拉姆', '姆里', '帕拉姆', '哈克姆', '哈克姆', '霍山姆', '亚那海姆', '亚那海姆', '鲍姆', '撒提姆', '乌达姆', '马卡姆', '艾鲁姆', '葛汗姆', '迦姆', '热罗姆', '霍姆', '鲁姆', '利亚姆', '马尔克姆', '马尔克姆', '恩斯特罗姆', '卡拉姆', '苏克姆', '苏克姆', '塔姆', '英格拉哈姆', '柯兹姆', '科姆', '玛考姆', '摩拉迪姆', '摩拉迪姆', '阿姆迪杰弗里', '阿姆迪杰弗里', '普卢姆', '温达姆', '姆姆', '姆姆', '姆姆', '姆姆', '梅利希姆', '梅利希姆', '霍尔姆', '瓦尔德海姆', '斯洛克姆', '斯洛克姆', '阿尔塔姆', '阿尔塔姆', '卡多姆', '温德姆', '巴图姆', '富勒姆', '米丽阿姆', '米丽阿姆', '阿奇姆', '赫姆', '阿克塞姆', '阿克塞姆', '格雷汉姆', '查姆查姆', '查姆查姆', '查姆查姆', '查姆查姆', '哈茹姆', '努斯鲍姆', '努斯鲍姆', '特隆海姆', '特隆海姆', '宾格哈姆', '巴哈姆', '伦迪纽姆', '伦迪纽姆', '哈卜拉姆', '乌塞得姆', '乌塞得姆', '查姆', '姆玛', '姆玛', '朱姆', '格鲁姆', '谢林汉姆', '谢林汉姆', '卢巴安塔姆', '卢巴安塔姆', '哈图姆', '斯特朗姆', '斯特朗姆', '贾姆', '阿纳姆', '施图姆', '姆哈姆', '姆哈姆', '姆哈姆', '姆哈姆', '德姆', '卡萨姆', '瓦尔海姆', '瓦尔海姆', '马克汉姆', '弗拉汉姆', '弗拉汉姆', '怀恩巴姆', '怀恩巴姆', '科布利姆', '科布利姆', '乌塞姆', '莫特姆', '莫特姆', '绍姆', '高姆', '内厄姆', '威尔海姆', '威尔海姆', '萨利姆', '阿拉姆', '拜斯海姆', '布拉姆', '利姆', '哈希姆', '哈伯斯塔姆', '史利姆', '尼基姆', '库图姆', '沙赫拉姆', '瑞姆', '托姆', '哈勒姆', '塞普提姆', '塞普提姆', '拉吉姆', '老吉姆', '阿托姆', '海利姆', '海利姆', '斯托瓦姆', '斯托瓦姆', '格雷姆', '菲利姆', '菲利姆', '伊拉姆', '弗罗姆', '克利姆', '克利姆', '伯恩汉姆', '莫斯塔加内姆', '莫斯塔加内姆', '玛格拉姆', '玛格拉姆', '萨纳姆', '巴希姆', '戴勒姆', '西汉姆', '尼扎姆', '旺达姆', '沃姆', '小吉姆', '戴拉姆', '特罗姆', '贝姆', '妮姆', '威格拉姆', '德海姆', '德拉姆', '科罗姆', '科罗姆', '阿尔乔姆', '阿尔乔姆', '拜姆', '穆罕默德希姆', '谢里姆', '爱尔姆', '希尔斯特罗姆', '博格勒姆', '诺列斯海姆', '诺列斯海姆', '安姆', '高尔伽弗林查姆', '高尔伽弗林查姆', '高尔伽弗林查姆', '格洛斯鲍姆', '格洛斯鲍姆', '特库塞姆', '特库塞姆', '龙巴姆', '赛利姆', '布伦海姆', '布伦海姆', '肖斯科姆', '肖斯科姆', '勒姆', '格雷哈姆', '布姆松', '赫雷姆', '马利姆', '塞姆', '法尔鲍姆', '法尔鲍姆', '哈那姆', '阿尔海姆', '阿尔海姆', '斯特拉姆', '斯特拉姆', '沃罗科拉姆斯克', '沃罗科拉姆斯克', '维利阿姆', '维利阿姆', '克查姆', '克查姆', '阿沙姆', '格拉姆', '奥塞姆', '穆齐姆', '塞卢姆', '老萨姆', '圣吉罗姆', '圣吉罗姆', '格拉海姆', '安瑟勒姆', '安瑟勒姆', '瓦格拉姆', '安瑟姆', '雷哈瓦姆', '科尔姆', '霍尔海姆', '博姆', '纳斯雷兹姆', '尼普尔海姆', '尼普尔海姆', '沃洛克拉姆斯克', '沃洛克拉姆斯克', '让莉莉姆', '让莉莉姆', '特隆霍姆', '特隆霍姆', '哈拉姆', '艾海姆', '鲍克拉姆', '内森汉姆', '阿达贝姆', '阿达贝姆', '布拉巴姆', '布拉巴姆', '乌拉姆', '哈姆里', '科腊伊姆', '科腊伊姆', '萨拉姆', '里姆', '戈洛姆伯克', '约希姆', '哈基姆', '通斯拉姆', '吉约姆', '斯特里姆', '斯特里姆', '索姆', '费列姆', '克里姆', '伊姆', '安海姆', '乔布汉姆', '乔布汉姆', '盖姆', '戈拉姆', '拉姆奈', '拉姆奈', '德纳姆', '德纳姆', '雷姆克', '贝格斯特姆', '贝格斯特姆', '贝格斯特姆', '莉姆', '阿里姆', '阿基姆', '温斯特罗姆', '丹纳姆', '丹纳姆', '杜格姆', '阿尔博姆', '阿尔博姆', '马斯塔霍姆', '马斯塔霍姆', '法尤姆', '埃姆', '梅利姆', '戈姆', '阿齐姆', '亚姆', '维姆萨拉克', '维姆萨拉克', '比尔姆']
?	['??', '??', '??', '??', '??', '??', '??', '??', '?', '??', '??', '??', '??', '\x1a?', '\x1a?', '??', '??', '??', '??', '?@', '?@', '??', '??', '??', '??', '??', '??', '??', '??', '??', '??', '??', '??', '??', '??', '??', '??', '??', '??', '??', '??', '\x1f?', '\x1f?', '??', '??', '??', '??', '??', '??', '??', '??', '??', '??', '??', '??', '??', '??', '??', '??', '??', '??', '??', '??', '??', '??', '??', '??', '??', '??', '??', '??', '??', '??', '??', '??', '??', '??', '??', '??', '??', '??', '??', '??', '??', '??', '??', '??', '??', '??', '??', '??', '??', '??', '??', '??', '??', '??', '??', '??', '??', '??', '??', '??', '??', '??', '??', '??', '??', '??', '??', '??', '??', '??', '??', '??', '??', '??', '??', '??', '??', '??', '??', '??', '??', '??', '??', '??', '??', '??', '??', '??', '??', '??', '??', '??', '??', '??', '??', '??', '??', '??', '??', '??', '?l', '?l', '??', '??', '??', '??', '??', '??', '??', '??', '??', '??', '??', '??', '\x01?', '\x01?', '??', '??', '??', '??', '??', '??', '??', '??', '?€', '?€', '??', '??', '??', '??', '??', '??', '??', '??', '??', '??', '??', '??', '??', '??', '??', '??', '??', '??', '??', '??', '??', '??', '??', '??', '??', '??', '??', '??', '??', '??', '??', '??', '??', '??', '??', '??', '??', '??', '??', '??', '??', '??', '??', '??', '??', '??', '??', '??', '??', '??', '??', '??', '??', '??', '??', '??', '??', '??', '??', '??', '??', '??', '??', '??', '??', '??', '??', '??', '??', '??', '??', '??', '??', '??', '??', '??', '??', '??', '??', '??', '??', '??', '??', '??', '??', '??', '??', '??', '??', '??', '??', '??', '??', '??', '??', '??', '??', '??', '??', '??', '??', '??', '??', '??', '??', '??', '??', '??', '??', '??', '??', '??', '??', '??', '??', '??', '??', '??', '??', '??', '??', '??', '??', '??', '??', '??', '??', '??', '??', '??', '??', '??', '??', '??', '??', '??', '??', '??', '??', '??', '??', '??', '??', '??', '??', '??', '??', '??', '??', '??', '??', '??', '??', '??', '??', '??', '??', '??', '??', '??', '??', '??', '??', '??', '??', '??', '??', '??', '??', '??', '??', '??', '??', '??', '??', '??', '??', '??', '??', '??', '??', '??', '??', '??', '??', '??', '??', '??', '??', '??', '??', '??', '??', '??', '??', '??', '??', '??', '??', '??', '??', '??', '??', '??', '??', '??', '??', '??', '??', '??', '??', '??', '??', '??', '??', '??', '??', '??', '??', '??', '??', '??', '??', '??', '??', '??', '??', '??', '??', '??', '??', '??', '??', '??', '??', '??', '??', '??', '??', '??', '??', '??', '??', '??', '??', '??', '??', '??', '??', '??', '??', '??', '??', '??', '??', '??', '??', '??', '??', '??', '??', '??', '??', '??', '??', '??', '??', '??', '??', '??', '??', '??', '??', '??', '??', '??', '??', '??', '??', '??', '??', '??', '??', '??', '??', '??', '??', '??', '??', '??', '??', '??', '??', '??', '??', '??', '??', '??', '??', '??', '??', '??', '??', '??', '??', '??', '??', '??', '??', '??', '??', '??', '??', '??', '??', '??', '??', '??', '??', '??', '??', '??', '??', '??', '??', '??', '??', '??', '??', '??', '??', '??', '??', '??', '??', '??', '?r', '?r', '??', '??', '??', '??', '??', '??', '??', '??', '??', '??', '??', '??', '??', '??', '??', '??', '??', '??', '??', '??', '??', '??', '??', '??', '??', '??', '??', '??', '??', '??', '??', '??', '??', '??', '??', '??', '??', '??', '??', '??', '??', '??', '??', '??', '??', '??', '??', '??', '??', '??', '??', '??', '??', '??', '??', '??', '??', '??', '??', '??', '??', '??', '??', '??', '??', '??', '??', '??', '??', '??', '??', '??', '??', '??', '??', '??', '??', '??', '??', '??', '??', '??', '??', '??', '??', '??', '??', '??', '??', '??', '??', '??', '??', '??', '??', '??', '??', '??', '??', '??', '??', '??', '??', '??', '??', '??', '??', '??', '??', '??', '??', '??', '??', '??', '??', '??', '??', '??', '??', '??', '??', '??', '??', '??', '??', '??', '??', '??', '??', '??', '??', '??', '??', '??', '??', '??', '??', '??', '??', '??', '??', '??', '??', '??', '??', '??', '??', '??', '??', '??', '??', '??', '??', '??', '??', '??', '??', '??', '??', '??', '??', '??', '??', '??', '??', '??', '??', '??', '??', '??', '??', '??', '??', '??', '??', '??', '??', '??', '??', '??', '??', '??', '??', '??', '?{', '?{', '??', '??', '??', '??', '??', '??', '??', '??', '??', '??', '??', '??', '??', '??', '??', '??', '??', '??', '??', '??', '??', '??', '??', '??', '??', '??', '??', '??', '??', '??', '??', '??', '??', '??', '??', '??', '??', '??', '??', '??', '??', '??', '??', '??', '??', '??', '??', '??', '??', '??', '??', '??', '??', '??', '??', '??', '??', '??', '??', '??', '??', '??', '??', '??', '??', '??', '??', '??', '??', '??', '??', '??', '??', '??', '??', '??', '??', '??', '??', '??', '??', '??', '??', '??', '??', '??', '??', '??', '??', '??', '??', '??', '??', '??', '??', '??', '??', '??', '??', '??', '??', '??', '??', '??', '??', '??', '??', '??', '??', '??', '??', '??', '??', '??', '??', '??', '??', '??', '??', '??', '??', '??', '??', '??', '??', '??', '??', '??', '??', '??', '??', '??', '??', '??', '??', '??', '??', '??', '??', '??', '??', '??', '??', '??', '??', '??', '??', '??', '??', '??', '??', '??', '??', '??', '??', '??', '??', '??', '??', '??', '??', '??', '??', '??', '??', '??', '??', '??', '??', '??', '??', '??', '?c', '?c', '??', '??', '??', '??', '??', '??', '??', '??', '??', '??', '??', '??', '??', '??', '??', '??', '??', '??', '??', '??', '??', '??', '??', '??', '??', '??', '??', '??', '??', '??', '??', '??', '??', '??', '??', '??', '??', '??', '??', '??', '??', '??', '??', '??', '??', '??', '??', '??', '??', '??', '??', '??', '??', '??', '??', '??', '??', '??', '??', '??', '??', '??', '??', '??', '??', '??', '??', '??', '??', '??', '??', '??', '??', '??', '??', '??', '??', '??', '??', '??', '??', '??', '??', '??', '??', '??', '??', '??', '??', '??', '??', '??', '??', '??', '??', '??', '??', '??', '??', '??', '??', '??', '??', '??', '??', '??', '??', '??', '??', '??', '??', '??', '??', '??', '??', '??', '??', '??', '??', '??', '??', '??', '??', '??', '??', '??', '??', '??', '??', '??', '??', '??', '??', '??', '??', '??', '??', '??', '??', '??', '??', '??', '??', '??', '??', '??', '??', '??', '??', '??', '??', '??', '??', '??', '??', '??', '??', '??', '??', '??', '??', '??', '??', '??', '??', '??', '??', '??', '??', '??', '??', '??', '??', '??', '??', '??', '??', '??', '??', '??', '??', '??', '??', '??', '??', '??', '??', '??', '??', '??', '??', '??', '??', '??', '??', '??', '??', '??', '??', '??', '??', '??', '??', '??', '??', '??', '??', '??', '??', '??', '??', '??', '??', '??', '??', '??', '??', '??', '??', '??', '?b', '?b', '??', '??', '??', '??', '??', '??', '??', '??', '??', '??', '??', '??', '??', '??', '??', '??', '??', '??', '??', '??', '??', '??', '??', '??', '??', '??', '??', '??', '??', '??', '??', '??', '??', '??', '??', '??', '??', '??', '??', '??', '??', '??', '??', '??', '??', '??', '??', '??', '??', '??', '??', '??', '??', '??', '??', '??', '??', '??', '??', '??', '??', '??', '??', '??', '??', '??', '??', '??', '??', '??', '??', '??', '??', '??', '??', '??', '??', '??', '??', '??', '??', '??', '??', '??', '??', '??', '??', '??', '??', '??', '??', '??', '??', '??', '??', '??', '??', '??', '??', '??', '??', '??', '??', '??', '??', '??', '??', '??', '??', '??', '??', '??', '??', '??', '??', '??', '??', '??', '??', '??', '??', '??', '??', '??', '??', '??', '??', '??', '??', '??', '??', '??', '??', '??', '??', '??', '??', '??', '??', '??', '??', '??', '??', '??', '??', '??', '??', '??', '??', '??', '??', '??', '??', '??', '??', '??', '??', '??', '??', '??', '??', '??', '??', '??', '??', '??', '??', '??', '??', '??', '??', '??', '??', '??', '??', '??', '??', '??', '??', '??', '??', '??', '??', '??', '??', '??', '??', '??', '\x1c??', '\x1c??', '\x1c??', '\x1c??', '\x1c??', '\x1c??', '??', '??', '??', '??', '??', '??', '??', '??', '??', '??', '??', '??', '??', '??', '??', '??', '??', '??', '??', '??', '??', '??', '??', '??', '??', '??', '??', '??', '??', '??', '??', '??', '??', '??', '??', '??', '??', '??', '??', '??', '??', '??', '??', '??', '??', '??', '??', '??', '??', '??', '??', '??', '??', '??', '??', '??', '??', '??', '??', '??', '??', '??', '??', '??', '??', '??', '??', '??', '??', '??', '??', '??', '??', '??', '??', '??', '??', '??', '??', '??', '??', '??', '??', '??', '??', '??', '??', '??', '??', '??', '??', '??', '??', '??', '??', '??', '??', '??', '??', '??', '??', '??', '??', '??', '??', '??', '??', '??', '??', '??', '??', '??', '??', '??', '??', '??', '??', '??', '??', '??', '??', '??', '??', '??', '??', '??', '??', '??', '??', '??', '??', '??', '??', '??', '??', '??', '??', '??', '??', '??', '??', '??', '??', '??', '??', '??', '??', '??', '??', '??', '??', '??', '??', '??', '??', '??', '??', '??', '??', '??', '?N', '?N', '??', '??', '??', '??', '??', '??', '??', '??', '??', '??', '??', '??', '??', '??', '??', '??', '??', '??', '??', '??', '??', '??', '??', '??', '??', '??', '??', '??', '??', '??', '??', '??', '??', '??', '??', '??', '??', '??', '??', '??', '??', '??', '??', '??', '??', '??', '??', '??', '??', '??', '??', '??', '??', '??', '??', '??', '??', '??', '??', '??', '??', '??', '??', '??', '??', '??', '??', '??', '??', '??', '??', '??', '??', '??', '??', '??', '??', '??', '??', '??', '??', '??', '??', '??', '??', '??', '??', '??', '??', '??', '??', '??', '??', '??', '??', '??', '??', '??', '??', '??', '??', '??', '??', '??', '??', '??', '??', '??', '??', '??', '??', '??', '??', '??', '??', '??', '??', '??', '??', '??', '??', '??', '??', '??', '??', '??', '??', '??', '??', '??', '??', '??', '??', '??', '??', '??', '??', '??', '??', '??', '??', '??', '??', '??', '??', '??', '??', '??', '??', '??', '??', '??', '??', '??', '??', '??', '??', '??', '??', '??', '??', '??', '??', '??', '??', '??', '??', '??', '??', '??', '??', '??', '??', '??', '??', '??', '??', '??', '??', '??', '??', '??', '??', '??', '??', '??', '??', '??', '??', '??', '??', '??', '??', '??', '??', '??', '??', '??', '??', '??', '??', '??', '??', '??', '??', '??', '??', '??', '??', '??', '??', '??', '??', '??', '??', '??', '??', '??', '??', '??', '??', '??', '??', '??', '??', '??', '??', '??', '??', '??', '??', '??', '??', '??', '??', '??', '??', '??', '??', '??', '??', '??', '??', '??', '??', '??', '??', '??', '??', '??', '??', '??', '??', '??', '??', '??', '??', '??', '??', '??', '??', '??', '??', '??', '??', '??', '??', '??', '??', '??', '??', '??', '??', '??', '??', '??', '??', '??', '??', '??', '??', '??', '??', '??', '??', '??', '??', '??', '??', '??', '??', '??', '?€', '?€', '??', '??', '??', '??', '??', '??', '??', '??', '??', '??', '??', '??', '??', '??', '??', '??', '?b', '?b', '??', '??', '??', '??', '??', '??', '??', '??', '??', '??', '??', '??', '??', '??', '??', '??', '??', '??', '??', '??', '?N', '?N', '??', '??', '??', '??', '??', '??', '??', '??', '??', '??', '??', '??', '??', '??', '??', '??', '??', '??', '??', '??', '??', '??', '??', '??', '??', '??', '??', '??', '?R', '?R', '??', '??', '??', '??', '?N', '?N', '??', '??', '??', '??', '??', '??', '??', '??', '??', '??', '??', '??', '??', '??', '??', '??', '??', '??', '??', '??', '??', '??', '??', '??', '??', '??', '??', '??', '??', '??', '??', '??', '??', '??', '??', '??', '??', '??', '??', '??', '??', '??', '??', '??', '??', '??', '??', '??', '??', '??', '??', '??', '??', '??', '??', '??', '??', '??', '??', '??', '?~', '?~', '??', '??', '??', '??', '??', '??', '??', '??', '??', '??', '??', '??', '??', '??', '??', '??', '??', '??', '??', '??', '??', '??', '??', '??', '??', '??', '??', '??', '??', '??', '??', '??', '??', '??', '??', '??', '??', '??', '??', '??', '??', '??', '??', '??', '??', '??', '??', '??', '??', '??', '??', '??', '??', '??', '??', '??', '??', '??', '??', '??', '??', '??', '??', '??', '??', '??', '??', '??', '??', '??', '??', '??', '??', '??', '??', '??', '??', '??', '??', '??', '??', '??', '??', '??', '?c', '?c', '??', '??', '??', '??', '??', '??', '??', '??', '??', '??', '??', '??', '??', '??', '??', '??', '??', '??', '??', '??', '??', '??', '??', '??', '??', '??', '??', '??', '??', '??', '??', '??', '??', '??', '??', '??', '??', '??', '??', '??', '??', '??', '??', '??', '??', '??', '??', '??', '??', '??', '??', '??', '??', '??', '??', '??', '??', '??', '??', '??', '??', '??', '??', '??', '??', '??', '??', '??', '??', '??', '??', '??', '??', '??', '??', '??', '?V', '?V', '?[', '?[', '??', '??', '??', '??', '??', '??', '??', '??', '??', '??', '??', '??', '??', '??', '??', '??', '??', '??', '??', '??', '??', '??', '??', '??', '??', '??', '??', '??', '??', '??', '??', '??', '??', '??', '??', '??', '??', '??', '??', '??', '??', '??', '??', '??', '??', '??', '??', '??', '??', '??', '??', '??', '??', '??', '??', '??', '??', '??', '??', '??', '?~', '?~', '??', '??', '??', '??', '??', '??', '??', '??', '??', '??', '??', '??', '?e', '?e', '?_', '?_', '??', '??', '??', '??', '??', '??', '??', '??', '??', '??', '??', '??', '??', '??', '??', '??', '?b', '?b', '?^', '?^', '??', '??', '??', '??', '??', '??', '??', '??', '??', '??', '??', '??', '??', '??', '??', '??', '??', '??', '??', '??', '??', '??', '??', '??', '??', '??', '??', '??', '??', '??', '??', '??', '??', '??', '??', '??', '??', '??', '??', '??', '??', '??', '??', '??', '??', '??', '??', '??', '?W', '?W', '?N', '?N', '??', '??', '??', '??', '??', '??', '??', '??', '??', '??', '??', '??', '??', '??', '??', '??', '??', '??', '??', '??', '\x1d?', '\x1d?', '??', '??', '??', '??', '??', '??', '??', '??', '??', '??', '??', '??', '??', '??', '??', '??', '??', '??', '??', '??', '??', '??', '??', '??', '??', '??', '??', '??', '??', '??', '??', '??', '??', '??', '??', '??', '\x1b?', '\x1b?', '??', '??', '??', '??', '??', '??', '??', '??', '?f', '?f', '??', '??', '??', '??', '??', '??', '??', '??', '??', '??', '??', '??', '??', '??', '??', '??', '??', '??', '??', '??', '??', '??', '??', '??', '??', '??', '??', '??', '??', '??', '??', '??', '??', '??', '??', '??', '??', '??', '??', '??', '??', '??', '??', '??', '??', '??', '??', '??', '??', '??', '??', '??', '??', '??', '??', '??', '??', '??', '??', '??', '??', '??', '??', '??', '??', '??', '??', '??', '?h', '?h', '?K', '?K', '??', '??', '??', '??', '??', '??', '??', '??', '??', '??', '??', '??', '??', '??', '??', '??', '??', '??', '??', '??', '??', '??', '??', '??', '??', '??', '??', '??', '??', '??', '??', '??', '??', '??', '??', '??', '\x08?', '\x08?', '??', '??', '??', '??', '\x1d\x1c??', '\x1d\x1c??', '\x1d\x1c??', '\x1d\x1c??', '\x1d\x1c??', '\x1d\x1c??', '\x1d\x1c??', '\x1d\x1c??', '??', '??', '??', '??', '??', '??', '??', '??', '??', '??', '??', '??', '??', '??', '??', '??', '??', '??', '??', '??', '??', '??', '??', '??', '??', '??', '??', '??', '?X', '?X', '??', '??', '??', '??', '??', '??', '??', '??', '\x1c?l', '\x1c?l', '\x1c?l', '?Y', '?Y', '??', '??', '??', '??', '??', '??', '??', '??', '??', '??', '??', '??', '??', '??', '??', '??', '??', '??', '??', '??', '\x1d??', '\x1d??', '\x1d??', '\x1d??', '\x1d??', '\x1d??', '??', '??', '??', '??', '??', '??', '??', '??']
嵋	['嵋']
弗	['弗', '塞拉弗', '塞拉弗', '贝弗莉', '杰弗里', '奥利弗', '基弗', '詹妮弗', '珍妮弗', '柯利弗', '柯利弗', '弗里', '弗朗克', '铁弗', '弗里克', '巴弗', '韦弗', '詹尼弗', '迪弗', '法斯托尔弗', '法斯托尔弗', '利弗', '贝弗里', '瓦利弗', '切克弗', '切克弗', '贾弗里', '达伦奥利弗', '达伦奥利弗', '奥里弗', '奥里弗', '马弗', '艾弗里', '老弗', '爱弗', '杰弗', '弗兰特里', '弗莱克', '冯素弗', '舍利弗', '弗鲁克', '格卢弗', '孟弗', '特里弗', '特里弗', '弗雷德里希', '弗雷德里希', '巴尔弗', '巴尔弗', '莉弗', '莉弗', '斯奈弗', '阿弗', '阿姆迪杰弗里', '阿姆迪杰弗里', '艾弗', '克洛弗', '弗朗切克', '弗朗切克', '奥弗', '比弗布鲁克', '弗林尼米集团', '弗林尼米集团', '哈弗', '达伦利弗', '达伦利弗', '特雷弗', '特雷弗', '史蒂弗', '罗尔弗', '埃弗里', '比弗', '阿道弗', '阿道弗', '拉弗', '莱纳弗', '莱纳弗', '安迪里弗', '安迪里弗', '弗伦克', '克桑弗', '弗拉汉姆', '弗拉汉姆', '高德弗里', '高德弗里', '伊欧弗', '伊欧弗', '塞弗', '拉弗里', '西尔弗', '西尔弗', '温弗', '亨弗', '弗罗姆', '豪斯霍弗', '柯弗', '让塞拉弗', '让塞拉弗', '小洛弗', '洛弗', '弗列克', '弗林克', '高尔伽弗林查姆', '高尔伽弗林查姆', '高尔伽弗林查姆', '霍弗', '穆斯塔弗', '穆斯塔弗', '凯尔弗', '凯尔弗', '基福弗', '基福弗', '吕弗', '普洛弗', '施赖弗', '施赖弗', '希弗', '弗耶集团', '沃尔弗', '韦尔弗', '弗拉珀', '弗拉珀', '勒费弗', '勒费弗', '齐弗', '斐弗敦古里', '斐弗敦古里', '里科弗', '安格弗', '安格弗', '弗洛里', '乔弗里', '韦弗里', '弗利珀', '弗利珀', '格罗弗', '里弗', '弗克']
奈	['奈', '比奈', '朝比奈', '史奈', '奈菲莉', '出于无奈', '肖奈', '奈奈', '奈奈', '柳奈', '佳奈', '事出无奈', '加奈', '德尔皮奈', '德尔皮奈', '纳奈', '高奈', '格奈森瑙', '格奈森瑙', '温格奈', '温格奈', '伊韦尔奈', '伊韦尔奈', '施奈德造船厂', '奈巴蒙', '奈特莉', '奈特莉', '班奈克', '平奈', '塔菲拉奈', '塔菲拉奈', '急不可奈', '维奈', '宗巴达奈', '宗巴达奈', '奈里', '克奈', '施奈克', '马奈', '埃法拉奈', '迪奈', '雷奈', '斯奈弗', '杜奈', '拉门奈', '拉门奈', '莎里奈', '康奈', '玛奈', '奈克罗曼克', '奈克罗曼克', '可奈', '约瑟夫奈', '李特斯奈克', '李特斯奈克', '小奈', '凯尔奈克', '班奈', '图尔奈', '米奈', '矢野丽奈', '加留奈', '克里奈克', '克里奈克', '奥唐奈', '拉姆奈', '拉姆奈', '傅拉奈', '施奈德船厂']
②	['②']
萌	['萌', '凌小萌', '凌小萌', '章晓萌', '郝萌', '孙萌', '欧阳萌', '徐萌萌', '徐萌萌', '庞萌', '赵萌', '李萌', '伊萌', '林雨萌', '张萌萌', '张萌萌', '蔡萌萌', '蔡萌萌', '蔡一萌', '王萌萌', '王萌萌', '罗萌', '王萌', '赵一萌', '早萌', '夏萌萌', '夏萌萌', '夏萌', '柴萌', '章晋萌', '牛萌萌', '牛萌萌', '徐萌', '英萌', '鲁萌', '龙萌', '董萌', '顾少萌', '赵艺萌', '邱小萌', '朱萌', '律萌', '刘萌', '诸萌', '秦萌', '张萌', '谢萌', '林萌', '苗萌', '潘祖萌', '任萌', '田晓萌', '黎萌', '肖萌', '陈萌', '孟雨萌', '初萌', '王小萌']
砂	['砂', '飞砂', '矿砂', '钨砂', '翻砂', '白砂', '走石飞砂', '走石飞砂', '钢砂', '夹砂', '型砂']
溢	['溢', '流溢', '盈溢', '飘溢', '散溢', '溢美之辞', '泛溢', '才气横溢', '钱谦溢', '章溢', '喷溢', '李溢', '下溢', '满而不溢', '苟子溢', '苟子溢', '华光溢', '华光溢']
螭	['螭']
逍	['逍', '逍遥游', '林逍发']
×	['×']
芙	['芙', '郭芙', '江晓芙', '端木芙', '姬慧芙', '姬慧芙', '拉芙', '莉芙', '莉芙', '达芙', '陶芙', '罗素芙', '李芙', '雪芙', '邵美芙', '邵美芙', '安德罗芙', '安德罗芙', '秋芙', '许丽芙', '许丽芙', '纪晓芙', '舒芙', '张晓芙', '郭子芙', '郭子芙', '张芙', '冷芙', '艾莎妮芙', '艾莎妮芙', '曼丝芙', '曼丝芙', '艾尔芙', '艾尔芙', '艾芙', '小爱芙', '小爱芙', '简玉芙', '简玉芙', '德芙', '凌雅芙', '凌雅芙', '爱芙', '唐晓芙', '耶芙', '岑含芙', '岑含芙', '希芙', '夏清芙', '夏清芙', '华芙玫', '方芙', '青芙', '依芙', '杨玉芙', '杨玉芙', '冀玉芙', '冀玉芙', '项芙', '班海芙', '班海芙', '林秀芙', '林秀芙', '韩玉芙', '韩玉芙', '祖玫芙', '祖玫芙', '白芙', '贝芙莉', '王芙', '克拉芙', '希鲁芙', '希鲁芙', '乔芙', '瑞芙', '杰芙', '夏芙', '海芙', '姬和芙', '丁芙', '蒂芙', '林亚芙', '林亚芙', '金芙', '妮芙', '吉纳维芙', '吉纳维芙', '王雅芙', '王雅芙', '宁可芙', '宁芙', '梅兰芙', '梅兰芙']
［	['［']
※	['※']
―	['―']
→	['→']
］	['］']
斌	['林斌', '斌', '朱斌', '姜斌', '何斌', '谭斌', '叶建斌', '龙成斌', '陈斌', '王斌', '董斌', '李斌', '刘斌', '顾斌', '周全斌', '赵斌', '梁斌', '叶斌', '汤斌', '黄斌', '孙宏斌', '张斌', '黄晓斌', '邵斌', '王全斌', '王宏斌', '朱由斌', '王承斌', '田斌', '陆斌', '杨一斌', '萧斌', '吴斌', '徐斌', '郑斌', '全斌', '翟斌', '洪政斌', '唐斌', '刁斌', '易斌', '华斌', '牟斌', '刘元斌', '孙斌', '崔斌', '孔斌', '冯国斌', '秦斌', '王启斌', '杨岳斌', '薛斌', '邓斌', '沈斌', '钟斌', '任斌', '张承斌', '左宏斌', '徐正斌', '史大斌', '谢斌', '王正斌', '孔云斌', '熊斌', '丁斌', '贾斌', '缪斌', '赵文斌', '石斌', '肖斌', '谭庆斌', '关文斌', '邢怀斌', '田庆斌', '文斌', '邢文斌', '曹斌', '楚文斌', '柳斌', '陈文斌', '孙福斌', '王炎斌', '郝锐斌', '杜斌', '周文斌', '龙斌', '房斌', '文武斌', '余希斌', '诸葛斌', '毛斌', '李绍斌', '范文斌', '范文斌', '黄灵斌', '周斌', '高斌', '周毅斌', '冯智斌', '冷斌', '金俊斌', '庆斌', '于斌', '洪斌', '袁斌', '柴斌', '霍斌', '刘允斌', '韩应斌', '程斌', '林永斌', '俞斌', '王国斌', '乔斌', '袁振斌', '彭义斌', '冉亦斌', '宋斌', '司马斌', '胡斌', '叶祖斌', '唐慕斌', '黄海斌', '汪斌', '赵玄斌', '吴剑斌', '赵茂斌', '梁小斌', '朱成斌', '沈正斌', '范斌', '季天斌', '林成斌', '周友斌', '展斌', '胡建斌', '戚斌', '莫希斌', '莫希斌', '莫文斌', '蒙斌', '张子斌', '吕斌', '蒋斌', '丁利斌', '池尚斌', '杨儒斌', '邢斌', '秦绪斌', '迟尚斌', '钱斌', '国斌', '宋允斌', '海斌', '郑志斌', '傅斌', '苏中斌', '苏中斌', '饶斌', '冯斌', '姚斌', '张志斌', '马斌', '夏斌', '王赞斌', '桑斌', '杨佳斌', '张立斌', '端木斌', '李朝斌', '岳斌', '李学斌', '欧阳斌', '谢智斌', '刘学斌', '史斌', '梁晓斌', '季斌', '裴斌', '董英斌', '张智斌', '延斌', '常斌', '李龙斌', '董晓斌', '上官斌', '刘彦斌', '袁云斌', '刘维斌', '卢斌', '孟斌', '史刘斌', '项斌', '陆元斌', '蔡斌', '兰斌', '常子斌', '纪斌', '席斌', '严斌', '张大斌', '张大斌', '尚文斌', '张国斌', '王元斌', '秦重斌', '杨国斌', '赖红斌', '郭斌', '廖斌', '许斌', '彭毓斌', '尉迟斌', '檀斌', '田吉斌', '王文斌', '刘炜斌', '孙承斌', '甘子斌', '甘子斌', '梁洪斌', '谢洪斌', '张宏斌', '邱洪斌', '林志斌', '燕公斌', '董文斌', '贺斌', '马仁斌', '汪之斌', '尹李斌', '郝斌', '容建斌', '孙广斌', '燕王斌', '林晓斌', '丁奉斌', '孙延斌', '罗斌', '童斌', '舒斌', '王子斌', '孙斌军团', '尚斌', '蒋文斌', '韩斌', '陈源斌', '官斌', '司徒斌', '李永斌', '潘斌', '阳吕斌', '皇甫斌', '许文斌', '李正斌', '乐斌', '陈索斌', '张学斌', '齐斌']
禽	['禽', '珍禽', '陆禽']
＝	['＝']
＿	['＿']
芭	['芭', '芭蕾舞团']
恍	['恍', '恍恍惚惚', '恍恍惚惚', '神情恍惚', '迷离恍惚']
／	['／']
嗦	['嗦', '罗嗦', '哆哆嗦嗦', '哆哆嗦嗦', '啰嗦', '哆里哆嗦', '啰啰嗦嗦', '啰啰嗦嗦']
钞	['钞', '宝钞', '真钞', '外钞']
迳	['迳']
∶	['∶']
戮	['戮', '引颈受戮']
＊	['＊']
玫	['玫', '舒玫', '王玫', '朱玫', '白玫', '蓝玫', '韩雨玫', '韩雨玫', '苏玫', '柳素玫', '柳素玫', '胡玫', '廖小玫', '袁玫', '萧玫', '董清玫', '董清玫', '覃雅玫', '覃雅玫', '邱丽玫', '邱丽玫', '艾惠玫', '艾惠玫', '蔡玫', '刘玫', '艾小玫', '崔玫', '唐玫', '朱敬玫', '朱敬玫', '辛玫', '宛心玫', '宛心玫', '何玫', '明玫', '陈玫', '吴玫', '梅玫', '张玫', '司马玫', '张雪玫', '张雪玫', '卢士玫', '卢士玫', '华芙玫', '吴小玫', '李玫', '朱娇玫', '朱娇玫', '艾玫', '杨全玫', '杨全玫', '诸葛玫', '林玫云', '祖玫芙', '祖玫芙', '韩玫', '单玫', '惠玫', '熊何玫', '熊何玫', '陆欣玫', '陆欣玫', '苑玫', '林怡玫', '林怡玫', '段干玫', '赵玫', '林玫', '乔依玫', '吴月玫', '吴月玫', '程玫', '黑玫', '蒋小玫', '苏小玫', '柳玫', '宋希玫', '韩佩玫', '江玫', '刘书玫', '刘书玫', '易玫']
骚	['骚', '卖弄风骚']
③	['③']
驭	['驭', '秦驭', '龙驭', '制驭', '控驭', '程驭', '仲驭']
〔	['〔']
搔	['搔', '搔首踟蹰']
崧	['崧', '李崧', '唐景崧', '唐景崧', '朱由崧', '朱由崧', '荀崧', '步崧', '华瑶崧', '华瑶崧', '王崧', '胡崧', '田崧', '高崧', '万楚崧', '万楚崧', '陈维崧', '陈维崧', '沈崧', '袁崧', '樊崧', '景崧', '于崧', '韦崧', '阳李崧', '阳李崧', '王由崧', '王由崧']
〕	['〕']
锺	['锺', '龙锺', '所锺']
呦	['呦']
绰	['绰', '影影绰绰', '影影绰绰', '柳公绰', '傅君绰', '叶恭绰', '吕公绰', '孟公绰', '刘孝绰', '保哈绰', '江显绰', '江显绰', '王高绰', '侯元绰', '崔君绰', '绰然有余', '方玄绰']
茧	['茧', '煮茧']
●	['●']
|	['|']
姗	['廖姗', '姗', '蒋芸姗', '岳凤姗', '岳姗', '艾姗', '白姗', '杨姗', '云姗', '吴姗', '赵姗', '苏姗', '韩玉姗', '寇玉姗', '郑如姗', '黄玉姗', '陈慧姗', '刘姗', '陈姗', '陶姗', '江雯姗', '林姗', '陆秀姗', '岳灵姗', '岳风姗', '谢姗', '江姗', '王菁姗', '章慧姗', '文姗', '彭大姗', '袁宛姗', '叶姗', '步姗']
瑚	['瑚', '达珠瑚']
婵	['婵', '李小婵', '涂青婵', '杨婵', '冷冰婵', '罗玉婵', '柳青婵', '邓婵', '杜天婵', '刁玉婵', '云婵', '武月婵', '张月婵', '印婵', '夏婵', '黄一婵', '徐婵', '邵婵', '扬婵', '宋小婵', '安妙婵', '吕秀婵', '古月婵', '古月婵']
搀	['搀']
琊	['琊']
卯	['卯', '子丑寅卯', '卯是卯', '卯是卯', '刘二卯', '误卯']
妤	['妤', '张婕妤', '公孙剑妤', '桑妤', '周妤', '李妤', '张捷妤', '张捷妤', '班婕妤', '张妤', '斯妤', '林妤', '卫婕妤']
④	['④']
啷	['啷']
⑹	['⑹']
ｋ	['ｋ', 'ｋｘｓ', 'ｋｘｓ', 'ｋｘｓ', 'ｋＸＳ', 'ｋＸＳ', 'ｋＸＳ', 'Ｂｌａｃｋ', 'Ｂｌａｃｋ', 'Ｂｌａｃｋ', 'Ｂｌａｃｋ', 'Ｂｌａｃｋ', 'ｋｓ', 'ｋｓ', 'ｋｉｓｓ', 'ｋｉｓｓ', 'ｋｉｓｓ', 'ｋｉｓｓ', 'Ｇｄｅｃｋｅ', 'Ｇｄｅｃｋｅ', 'Ｇｄｅｃｋｅ', 'Ｇｄｅｃｋｅ', 'Ｇｄｅｃｋｅ', 'Ｇｄｅｃｋｅ']
⑥	['⑥']
茉	['茉', '宋茉', '白茉', '明茉', '冯茉', '紫茉莉']
昶	['朱昶', '昶', '孟昶', '王昶', '刘昶', '卢昶', '袁昶', '薛季昶', '徐昶', '季昶', '王刘昶', '郭昶', '赵昶', '吴文昶', '魏昶', '毛昶', '龙昶', '阳王昶', '张昶', '陈昶', '巫昶', '于昶', '史晋昶', '李昶', '阮昶', '秦昶', '马其昶', '闻昶']
婕	['婕', '陈婕', '林雨婕', '司马欣婕', '司马欣婕', '陆婕', '苏婕', '陈小婕', '沈婕', '韩婕', '杨婕', '贾静婕', '张婕妤', '方婕', '尤婕', '陈玮婕', '孔婕', '于婕', '张婕', '艾莉婕', '林婕', '刘婕', '余婕', '宓婕', '袁婕', '郑婕', '吕婕', '邓婕', '程慈婕', '高婕', '严婕', '钟婕', '班婕妤', '张欣婕', '舒婕', '叶婕', '白婕', '叶卡婕', '王敏婕', '吴婕', '周婕', '庄婕', '吉婕', '卫婕妤', '叶文婕', '周吉婕', '程婕', '夏朋婕']
漾	['漾', '碧波荡漾', '春心荡漾', '浮漾', '飘漾', '泛漾']
飚	['飚', '韦飚', '耿飚', '方飚', '董飚', '雷飚', '冷飚', '全飚', '远飚', '彭飚', '傅飚', '金飚', '车飚']
桔	['桔']
晖	['晖', '秦晖', '郑晖', '章云晖', '鲍令晖', '解晖', '林元晖', '邱朝晖', '高晖', '苏晖', '萧凌晖', '玄晖', '张朝晖', '李晖', '尉迟晖', '吴稚晖', '惠晖', '冯晖', '赵晖', '张晖', '王晖', '顾彦晖', '皇甫晖', '章沁晖', '凌晖', '姜晖', '段晖', '陈晖', '云燕晖', '符晖', '刘晖', '尹晖', '王爱晖', '朱晖', '朝晖', '孙嘉晖', '熊向晖', '秦彦晖', '蒋玄晖', '蔡晖', '晋晖', '侯晖', '于晖', '韩年晖', '晨晖', '阴王晖', '居秋晖', '毛晖', '庞晖', '范晖', '夕晖', '苏宏晖', '明晖', '卢晖', '梁晖', '高庭晖', '金日晖', '孟晖', '白从晖', '白晖', '伍泽晖', '王敬晖', '黄立晖', '彭彦晖', '高彦晖', '颜承晖', '翟崇晖', '罗晖', '云晖', '马晖', '全世晖', '景晖', '黄朝晖', '刘晨晖', '薛晖', '丁俊晖', '秦月晖', '卫青晖', '史敬晖', '司马晖', '祖晖', '翟晖', '陈延晖', '夏晖', '程全晖', '谢晖', '石晖', '樊晖', '端木清晖', '延晖', '舒晖', '柳晖', '金晖', '毕祖晖', '吴晖', '崇晖', '卓晖', '邓晖', '刘彦晖', '雷晖', '张云晖', '官解晖', '范延晖', '史桓晖', '邵又晖', '封敬晖', '靳晖', '朱文晖', '朱文晖', '封晖', '廖晖', '黄晖', '黎锦晖']
葵	['葵', '薛葵', '赵葵', '宗葵', '上官葵', '陆葵', '乔钟葵', '刘葵', '穆葵', '阴葵', '吴志葵', '柳葵', '程葵', '莫葵', '马葵', '施若葵', '常丹葵', '彭葵', '施葵', '于葵', '钟绍葵', '陈葵', '郭葵', '冬葵']
@	['@', '?@', '?@']
╰	['╰']
陨	['陨']
捱	['捱']
Ａ	['Ａ', 'ＤＮＡ', 'ＤＮＡ', 'ＤＮＡ', 'ＷＡＰ', 'ＷＡＰ', 'ＷＡＰ', 'ＡＩＤＳ', 'ＡＩＤＳ', 'ＡＩＤＳ', 'ＡＩＤＳ', 'ＲＥＭＡＸ', 'ＲＥＭＡＸ', 'ＲＥＭＡＸ', 'ＲＥＭＡＸ', 'ＲＥＭＡＸ', 'ＬＡ', 'ＬＡ', 'ＡＩ', 'ＡＩ', 'ＳＨＥＲＡ', 'ＳＨＥＲＡ', 'ＳＨＥＲＡ', 'ＳＨＥＲＡ', 'ＳＨＥＲＡ', 'ＡＫ', 'ＡＫ', 'ＭＢＡ', 'ＭＢＡ', 'ＭＢＡ', 'ＡＶ', 'ＡＶ', 'ＭＡＣＤ', 'ＭＡＣＤ', 'ＭＡＣＤ', 'ＭＡＣＤ', 'ＡＤＸ', 'ＡＤＸ', 'ＡＤＸ', 'ＲＥＤＢＡＣＫ', 'ＲＥＤＢＡＣＫ', 'ＲＥＤＢＡＣＫ', 'ＲＥＤＢＡＣＫ', 'ＲＥＤＢＡＣＫ', 'ＲＥＤＢＡＣＫ', 'ＲＥＤＢＡＣＫ', 'ＳＡＲ', 'ＳＡＲ', 'ＳＡＲ', 'ＳＡＲＳ', 'ＳＡＲＳ', 'ＳＡＲＳ', 'ＳＡＲＳ', 'ＡＡ', 'ＡＡ', 'ＡＡ', 'ＡＡ', 'ＡＲ', 'ＡＲ', 'ＮＢＡ', 'ＮＢＡ', 'ＮＢＡ', 'ＡＣ', 'ＡＣ', 'ＡＷＯＲＤ', 'ＡＷＯＲＤ', 'ＡＷＯＲＤ', 'ＡＷＯＲＤ', 'ＡＷＯＲＤ', 'Ａｓｓａｓｓｉｎ', 'Ａｓｓａｓｓｉｎ', 'Ａｓｓａｓｓｉｎ', 'Ａｓｓａｓｓｉｎ', 'Ａｓｓａｓｓｉｎ', 'Ａｓｓａｓｓｉｎ', 'Ａｓｓａｓｓｉｎ', 'Ａｓｓａｓｓｉｎ', 'ＡＢ', 'ＡＢ', 'ＧＡＹ', 'ＧＡＹ', 'ＧＡＹ', 'ＡＭＤ', 'ＡＭＤ', 'ＡＭＤ', 'ＡＢＣ', 'ＡＢＣ', 'ＡＢＣ', 'ＴＡＰＩ', 'ＴＡＰＩ', 'ＴＡＰＩ', 'ＴＡＰＩ', 'ＥＭＡ', 'ＥＭＡ', 'ＥＭＡ', 'ＧＡＣ', 'ＧＡＣ', 'ＧＡＣ', 'ＩＥＡ', 'ＩＥＡ', 'ＩＥＡ', 'ＡＨ', 'ＡＨ', 'ＨＡＮＺ', 'ＨＡＮＺ', 'ＨＡＮＺ', 'ＨＡＮＺ', 'ＡＴ', 'ＡＴ', 'ＥＶＡ', 'ＥＶＡ', 'ＥＶＡ', 'Ａｒｄｏｎ', 'Ａｒｄｏｎ', 'Ａｒｄｏｎ', 'Ａｒｄｏｎ', 'Ａｒｄｏｎ', 'ＳＵＰＥＮＭＡＮ', 'ＳＵＰＥＮＭＡＮ', 'ＳＵＰＥＮＭＡＮ', 'ＳＵＰＥＮＭＡＮ', 'ＳＵＰＥＮＭＡＮ', 'ＳＵＰＥＮＭＡＮ', 'ＳＵＰＥＮＭＡＮ', 'ＳＵＰＥＮＭＡＮ', 'ＪＡＣＫ', 'ＪＡＣＫ', 'ＪＡＣＫ', 'ＪＡＣＫ', 'ＡＫＭＳ', 'ＡＫＭＳ', 'ＡＫＭＳ', 'ＡＫＭＳ', 'ＳＡＳ', 'ＳＡＳ', 'ＳＡＳ', 'ＡＤＬ', 'ＡＤＬ', 'ＡＤＬ', 'ＳＡＳＳ', 'ＳＡＳＳ', 'ＳＡＳＳ', 'ＳＡＳＳ', 'ＨＡ', 'ＨＡ', 'ＩＡＬ', 'ＩＡＬ', 'ＩＡＬ', 'ＣＩＡ', 'ＣＩＡ', 'ＣＩＡ', 'ＮＣＡＡ', 'ＮＣＡＡ', 'ＮＣＡＡ', 'ＮＣＡＡ', 'ＮＣＡＡ', 'ＮＣＡＡ', 'ＮＣＡＡ', 'ＮＣＡＡ', 'ＣＡＰＭ', 'ＣＡＰＭ', 'ＣＡＰＭ', 'ＣＡＰＭ', 'ＦＡＮＳ', 'ＦＡＮＳ', 'ＦＡＮＳ', 'ＦＡＮＳ', 'ＣＩＤＡ', 'ＣＩＤＡ', 'ＣＩＤＡ', 'ＣＩＤＡ', 'ＣＨＩＮＡ', 'ＣＨＩＮＡ', 'ＣＨＩＮＡ', 'ＣＨＩＮＡ', 'ＣＨＩＮＡ', 'ＡＮ', 'ＡＮ', 'ＣＡＳＥ', 'ＣＡＳＥ', 'ＣＡＳＥ', 'ＣＡＳＥ', 'ＨＡＯ', 'ＨＡＯ', 'ＨＡＯ', 'ＲＮＡ', 'ＲＮＡ', 'ＲＮＡ', 'ＣＡＬＬ', 'ＣＡＬＬ', 'ＣＡＬＬ', 'ＣＡＬＬ', 'ＮＥＭＡ', 'ＮＥＭＡ', 'ＮＥＭＡ', 'ＮＥＭＡ', 'ＳＡ', 'ＳＡ', 'ＡＤＸＲ', 'ＡＤＸＲ', 'ＡＤＸＲ', 'ＡＤＸＲ', 'ＰＡＲＴＹ', 'ＰＡＲＴＹ', 'ＰＡＲＴＹ', 'ＰＡＲＴＹ', 'ＰＡＲＴＹ', 'ＡＳＰ', 'ＡＳＰ', 'ＡＳＰ', 'ｔｈｅＦｏｒｇｏｔｔｅｎＡｍｂａｓｓａｄｏｒ', 'ｔｈｅＦｏｒｇｏｔｔｅｎＡｍｂａｓｓａｄｏｒ', 'ｔｈｅＦｏｒｇｏｔｔｅｎＡｍｂａｓｓａｄｏｒ', 'ｔｈｅＦｏｒｇｏｔｔｅｎＡｍｂａｓｓａｄｏｒ', 'ｔｈｅＦｏｒｇｏｔｔｅｎＡｍｂａｓｓａｄｏｒ', 'ｔｈｅＦｏｒｇｏｔｔｅｎＡｍｂａｓｓａｄｏｒ', 'ｔｈｅＦｏｒｇｏｔｔｅｎＡｍｂａｓｓａｄｏｒ', 'ｔｈｅＦｏｒｇｏｔｔｅｎＡｍｂａｓｓａｄｏｒ', 'ｔｈｅＦｏｒｇｏｔｔｅｎＡｍｂａｓｓａｄｏｒ', 'ｔｈｅＦｏｒｇｏｔｔｅｎＡｍｂａｓｓａｄｏｒ', 'ｔｈｅＦｏｒｇｏｔｔｅｎＡｍｂａｓｓａｄｏｒ', 'ｔｈｅＦｏｒｇｏｔｔｅｎＡｍｂａｓｓａｄｏｒ', 'ｔｈｅＦｏｒｇｏｔｔｅｎＡｍｂａｓｓａｄｏｒ', 'ｔｈｅＦｏｒｇｏｔｔｅｎＡｍｂａｓｓａｄｏｒ', 'ｔｈｅＦｏｒｇｏｔｔｅｎＡｍｂａｓｓａｄｏｒ', 'ｔｈｅＦｏｒｇｏｔｔｅｎＡｍｂａｓｓａｄｏｒ', 'ｔｈｅＦｏｒｇｏｔｔｅｎＡｍｂａｓｓａｄｏｒ', 'ｔｈｅＦｏｒｇｏｔｔｅｎＡｍｂａｓｓａｄｏｒ', 'ｔｈｅＦｏｒｇｏｔｔｅｎＡｍｂａｓｓａｄｏｒ', 'ｔｈｅＦｏｒｇｏｔｔｅｎＡｍｂａｓｓａｄｏｒ', 'ｔｈｅＦｏｒｇｏｔｔｅｎＡｍｂａｓｓａｄｏｒ', 'ｔｈｅＦｏｒｇｏｔｔｅｎＡｍｂａｓｓａｄｏｒ', 'ＡＸＥ', 'ＡＸＥ', 'ＡＸＥ', 'ＡＦＨ', 'ＡＦＨ', 'ＡＦＨ', 'ＷＡＲ', 'ＷＡＲ', 'ＷＡＲ', 'ＮＡＳＡ', 'ＮＡＳＡ', 'ＮＡＳＡ', 'ＮＡＳＡ', 'ＮＡＳＡ', 'ＮＡＳＡ', 'ＮＡＳＡ', 'ＮＡＳＡ', 'ＨＡＰＰＹ', 'ＨＡＰＰＹ', 'ＨＡＰＰＹ', 'ＨＡＰＰＹ', 'ＨＡＰＰＹ', 'ＢＡＳＩＣ', 'ＢＡＳＩＣ', 'ＢＡＳＩＣ', 'ＢＡＳＩＣ', 'ＢＡＳＩＣ', 'ＭＵＴＡＴＩＯＮ', 'ＭＵＴＡＴＩＯＮ', 'ＭＵＴＡＴＩＯＮ', 'ＭＵＴＡＴＩＯＮ', 'ＭＵＴＡＴＩＯＮ', 'ＭＵＴＡＴＩＯＮ', 'ＭＵＴＡＴＩＯＮ', 'ＭＵＴＡＴＩＯＮ', 'ＰＤＡ', 'ＰＤＡ', 'ＰＤＡ', 'ＡＢＢ', 'ＡＢＢ', 'ＡＢＢ', 'ＡＲＦ', 'ＡＲＦ', 'ＡＲＦ']
〗	['〗']
＋	['＋']
〖	['〖']
〉	['〉']
〈	['〈']
凰	['凰', '张天凰', '伍晓凰', '司马凰', '张开凰', '唐玉凰', '韦凰', '司徒玉凰']
缈	['缥缈', '缈']
纂	['纂', '修纂']
⑤	['⑤']
Ｂ	['Ｂ', 'ＢＯＳＳ', 'ＢＯＳＳ', 'ＢＯＳＳ', 'ＢＯＳＳ', 'ＩＢＭ', 'ＩＢＭ', 'ＩＢＭ', 'ＩＣＢＣ', 'ＩＣＢＣ', 'ＩＣＢＣ', 'ＩＣＢＣ', 'ＢＢ', 'ＢＢ', 'ＢＢ', 'ＢＢ', 'ＭＢＡ', 'ＭＢＡ', 'ＭＢＡ', 'ＢＵＧ', 'ＢＵＧ', 'ＢＵＧ', 'ＢＴ', 'ＢＴ', 'ＲＥＤＢＡＣＫ', 'ＲＥＤＢＡＣＫ', 'ＲＥＤＢＡＣＫ', 'ＲＥＤＢＡＣＫ', 'ＲＥＤＢＡＣＫ', 'ＲＥＤＢＡＣＫ', 'ＲＥＤＢＡＣＫ', 'ＮＢＡ', 'ＮＢＡ', 'ＮＢＡ', 'ＡＢ', 'ＡＢ', 'ＯＢＶ', 'ＯＢＶ', 'ＯＢＶ', 'ＭＢ', 'ＭＢ', 'ＢＲ', 'ＢＲ', 'ＯＢＯＳ', 'ＯＢＯＳ', 'ＯＢＯＳ', 'ＯＢＯＳ', 'ＢＢＳ', 'ＢＢＳ', 'ＢＢＳ', 'ＢＢＳ', 'ＢＢＳ', 'ＢＢＳ', 'ＡＢＣ', 'ＡＢＣ', 'ＡＢＣ', 'ＢＭ', 'ＢＭ', 'ＫＴＳＢ', 'ＫＴＳＢ', 'ＫＴＳＢ', 'ＫＴＳＢ', 'Ｂｌａｃｋ', 'Ｂｌａｃｋ', 'Ｂｌａｃｋ', 'Ｂｌａｃｋ', 'Ｂｌａｃｋ', 'ＨＢ', 'ＨＢ', 'ＲＭＢ', 'ＲＭＢ', 'ＲＭＢ', 'ＣＢＳ', 'ＣＢＳ', 'ＣＢＳ', 'ＫＧＢ', 'ＫＧＢ', 'ＫＧＢ', 'ＰＵＢ', 'ＰＵＢ', 'ＰＵＢ', 'ＫＢ', 'ＫＢ', 'ＲＢＳ', 'ＲＢＳ', 'ＲＢＳ', 'ＳＢ', 'ＳＢ', 'ＧＢ', 'ＧＢ', 'ＢＩ', 'ＢＩ', 'ＤＶＢ', 'ＤＶＢ', 'ＤＶＢ', 'ＢＪ', 'ＢＪ', 'ＴＭＢ', 'ＴＭＢ', 'ＴＭＢ', 'ＢＨ', 'ＢＨ', 'ＢＸ', 'ＢＸ', 'ＢＬ', 'ＢＬ', 'Ｂａｓｉｃ', 'Ｂａｓｉｃ', 'Ｂａｓｉｃ', 'Ｂａｓｉｃ', 'Ｂａｓｉｃ', 'ＢＡＳＩＣ', 'ＢＡＳＩＣ', 'ＢＡＳＩＣ', 'ＢＡＳＩＣ', 'ＢＡＳＩＣ', 'Ｂｒｅｗｅｒｅｄ', 'Ｂｒｅｗｅｒｅｄ', 'Ｂｒｅｗｅｒｅｄ', 'Ｂｒｅｗｅｒｅｄ', 'Ｂｒｅｗｅｒｅｄ', 'Ｂｒｅｗｅｒｅｄ', 'Ｂｒｅｗｅｒｅｄ', 'Ｂｒｅｗｅｒｅｄ', 'ＣＢＥ', 'ＣＢＥ', 'ＣＢＥ', 'ＡＢＢ', 'ＡＢＢ', 'ＡＢＢ', 'ＡＢＢ', 'ＡＢＢ', 'ＡＢＢ']
｜	['｜']
荭	['荭']
坂	['坂', '远坂', '坂崎由莉', '御坂', '坂垣师团', '坂垣师团']
蓓	['蓓', '黄蓓', '裴蓓', '龚蓓', '秦蓓', '李蓓', '于北蓓', '叶蓓', '林蓓', '古玉蓓', '叶蓓蓓', '叶蓓蓓', '李晓蓓', '郭蓓', '刘蓓', '汪蓓蓓', '汪蓓蓓', '柳蓓', '陶蓓', '张小蓓', '项蓓蓓', '项蓓蓓', '齐思蓓', '鲁蓓', '黄新蓓', '云蓓', '吕蓓', '赵蓓蓓', '赵蓓蓓']
Ｔ	['Ｔ', 'ＩＴ', 'ＩＴ', 'ＴＷ', 'ＴＷ', 'ＴＣＬ', 'ＴＣＬ', 'ＴＣＬ', 'ＴＭＤ', 'ＴＭＤ', 'ＴＭＤ', 'ＴＩＧＥＮＫＩＮＧ', 'ＴＩＧＥＮＫＩＮＧ', 'ＴＩＧＥＮＫＩＮＧ', 'ＴＩＧＥＮＫＩＮＧ', 'ＴＩＧＥＮＫＩＮＧ', 'ＴＩＧＥＮＫＩＮＧ', 'ＴＩＧＥＮＫＩＮＧ', 'ＴＩＧＥＮＫＩＮＧ', 'ＴＩＧＥＮＫＩＮＧ', 'ＴＧＪ', 'ＴＧＪ', 'ＴＧＪ', 'ＫＴＶ', 'ＫＴＶ', 'ＫＴＶ', 'ＷＴＯ', 'ＷＴＯ', 'ＷＴＯ', 'ＤＴ', 'ＤＴ', 'ＴＶ', 'ＴＶ', 'ＢＴ', 'ＢＴ', 'ＴＳ', 'ＴＳ', 'ＴＴ', 'ＴＴ', 'ＴＴ', 'ＴＴ', 'ＮＥＴ', 'ＮＥＴ', 'ＮＥＴ', 'ＴＯＷＥＲ', 'ＴＯＷＥＲ', 'ＴＯＷＥＲ', 'ＴＯＷＥＲ', 'ＴＯＷＥＲ', 'ＴＲ', 'ＴＲ', 'ＴｉＦａｂ', 'ＴｉＦａｂ', 'ＴｉＦａｂ', 'ＴｉＦａｂ', 'ＴｉＦａｂ', 'ＴＡＰＩ', 'ＴＡＰＩ', 'ＴＡＰＩ', 'ＴＡＰＩ', 'ＫＴＳＢ', 'ＫＴＳＢ', 'ＫＴＳＢ', 'ＫＴＳＢ', 'ＸＴ', 'ＸＴ', 'ＴＮ', 'ＴＮ', 'ＳＴＵ', 'ＳＴＵ', 'ＳＴＵ', 'ＳＫＩＬＴＯ', 'ＳＫＩＬＴＯ', 'ＳＫＩＬＴＯ', 'ＳＫＩＬＴＯ', 'ＳＫＩＬＴＯ', 'ＳＫＩＬＴＯ', 'ＴＣＬ集团', 'ＴＣＬ集团', 'ＴＣＬ集团', 'ＴＳＥ', 'ＴＳＥ', 'ＴＳＥ', 'ＡＴ', 'ＡＴ', 'ＯＴＣ', 'ＯＴＣ', 'ＯＴＣ', 'ＩＮＴＥＲＮＥＴ', 'ＩＮＴＥＲＮＥＴ', 'ＩＮＴＥＲＮＥＴ', 'ＩＮＴＥＲＮＥＴ', 'ＩＮＴＥＲＮＥＴ', 'ＩＮＴＥＲＮＥＴ', 'ＩＮＴＥＲＮＥＴ', 'ＩＮＴＥＲＮＥＴ', 'ＩＮＴＥＲＮＥＴ', 'ＩＮＴＥＲＮＥＴ', 'ＩＮＴＥＲＮＥＴ', 'ＩＮＴＥＲＮＥＴ', 'ＩＮＴＥＲＮＥＴ', 'ＩＮＴＥＲＮＥＴ', 'ＩＮＴＥＲＮＥＴ', 'ＩＮＴＥＲＮＥＴ', 'ＭＴＭ', 'ＭＴＭ', 'ＭＴＭ', 'ＳＨＩＴ', 'ＳＨＩＴ', 'ＳＨＩＴ', 'ＳＨＩＴ', 'ＣＴ', 'ＣＴ', 'ｘＴ', 'ｘＴ', 'ＴＮＴ', 'ＴＮＴ', 'ＴＮＴ', 'ＴＮＴ', 'ＴＮＴ', 'ＴＮＴ', 'ＥＴ', 'ＥＴ', 'ＰＴ', 'ＰＴ', 'ＴＭ', 'ＴＭ', 'ＩＴＣ', 'ＩＴＣ', 'ＩＴＣ', 'ＴＭＢ', 'ＴＭＢ', 'ＴＭＢ', 'ＴＥＮ', 'ＴＥＮ', 'ＴＥＮ', 'ＰＡＲＴＹ', 'ＰＡＲＴＹ', 'ＰＡＲＴＹ', 'ＰＡＲＴＹ', 'ＰＡＲＴＹ', 'ＳＴ', 'ＳＴ', 'ＦＴ', 'ＦＴ', 'ＴＮＮＤ', 'ＴＮＮＤ', 'ＴＮＮＤ', 'ＴＮＮＤ', 'ＭＵＴＡＴＩＯＮ', 'ＭＵＴＡＴＩＯＮ', 'ＭＵＴＡＴＩＯＮ', 'ＭＵＴＡＴＩＯＮ', 'ＭＵＴＡＴＩＯＮ', 'ＭＵＴＡＴＩＯＮ', 'ＭＵＴＡＴＩＯＮ', 'ＭＵＴＡＴＩＯＮ', 'ＭＵＴＡＴＩＯＮ', 'ＭＵＴＡＴＩＯＮ', 'ＭＵＴＡＴＩＯＮ', 'ＭＵＴＡＴＩＯＮ', 'ＭＵＴＡＴＩＯＮ', 'ＭＵＴＡＴＩＯＮ', 'ＭＵＴＡＴＩＯＮ', 'ＭＵＴＡＴＩＯＮ']
熳	['熳', '烂熳']
眩	['眩', '昏眩', '迷眩']
＾	['＾']
墟	['墟', '荒墟']
Ｃ	['Ｃ', 'ＮＰＣ', 'ＮＰＣ', 'ＮＰＣ', 'ＯＣＲ', 'ＯＣＲ', 'ＯＣＲ', '维生素Ｃ', 'ＣＤ', 'ＣＤ', 'ＣＮ', 'ＣＮ', 'ＣＣ', 'ＣＣ', 'ＣＣ', 'ＣＣ', 'ＴＣＬ', 'ＴＣＬ', 'ＴＣＬ', 'ＣＥＯ', 'ＣＥＯ', 'ＣＥＯ', 'ＰＣ', 'ＰＣ', 'ＣＰＩ', 'ＣＰＩ', 'ＣＰＩ', 'ＣＮＮ', 'ＣＮＮ', 'ＣＮＮ', 'ＩＣＢＣ', 'ＩＣＢＣ', 'ＩＣＢＣ', 'ＩＣＢＣ', 'ＩＣＢＣ', 'ＩＣＢＣ', 'ＩＣＢＣ', 'ＩＣＢＣ', 'ＶＣＤ', 'ＶＣＤ', 'ＶＣＤ', 'ＭＡＣＤ', 'ＭＡＣＤ', 'ＭＡＣＤ', 'ＭＡＣＤ', 'ＲＥＤＢＡＣＫ', 'ＲＥＤＢＡＣＫ', 'ＲＥＤＢＡＣＫ', 'ＲＥＤＢＡＣＫ', 'ＲＥＤＢＡＣＫ', 'ＲＥＤＢＡＣＫ', 'ＲＥＤＢＡＣＫ', 'ＣＯＤ', 'ＣＯＤ', 'ＣＯＤ', 'Ｃａｓｔｅｒ', 'Ｃａｓｔｅｒ', 'Ｃａｓｔｅｒ', 'Ｃａｓｔｅｒ', 'Ｃａｓｔｅｒ', 'Ｃａｓｔｅｒ', 'ＤＣ', 'ＤＣ', 'ＣＩ', 'ＣＩ', 'ＣＩＳ', 'ＣＩＳ', 'ＣＩＳ', 'ＡＣ', 'ＡＣ', 'ＫＦＣ', 'ＫＦＣ', 'ＫＦＣ', 'ＣＯＭ', 'ＣＯＭ', 'ＣＯＭ', 'ＧＣ', 'ＧＣ', 'Ｃｓ', 'Ｃｓ', 'ＣＭ', 'ＣＭ', 'ＤＭＣ', 'ＤＭＣ', 'ＤＭＣ', 'ＡＢＣ', 'ＡＢＣ', 'ＡＢＣ', 'ＮｅｗＣａｐ', 'ＮｅｗＣａｐ', 'ＮｅｗＣａｐ', 'ＮｅｗＣａｐ', 'ＮｅｗＣａｐ', 'ＮｅｗＣａｐ', 'ＣＩＣ', 'ＣＩＣ', 'ＣＩＣ', 'ＣＩＣ', 'ＣＩＣ', 'ＣＩＣ', 'ＣＳ', 'ＣＳ', 'ＧＡＣ', 'ＧＡＣ', 'ＧＡＣ', 'ＣＲ', 'ＣＲ', 'ＮＦＣ', 'ＮＦＣ', 'ＮＦＣ', 'ＮＥＣ', 'ＮＥＣ', 'ＮＥＣ', 'ＴＣＬ集团', 'ＴＣＬ集团', 'ＴＣＬ集团', 'ＣＰＵ', 'ＣＰＵ', 'ＣＰＵ', 'ＣＢＳ', 'ＣＢＳ', 'ＣＢＳ', 'ＧＶＣ', 'ＧＶＣ', 'ＧＶＣ', 'ＣＨＸ', 'ＣＨＸ', 'ＣＨＸ', 'ＯＴＣ', 'ＯＴＣ', 'ＯＴＣ', 'ＣＰ', 'ＣＰ', 'Ｃｏ', 'Ｃｏ', 'ＣＯ', 'ＣＯ', 'ＫＣ', 'ＫＣ', 'ＪＡＣＫ', 'ＪＡＣＫ', 'ＪＡＣＫ', 'ＪＡＣＫ', 'ＨＳＭＣ', 'ＨＳＭＣ', 'ＨＳＭＣ', 'ＨＳＭＣ', 'Ｃｏｍ', 'Ｃｏｍ', 'Ｃｏｍ', 'ＣＴ', 'ＣＴ', 'ＣＩＡ', 'ＣＩＡ', 'ＣＩＡ', 'ＮＣＡＡ', 'ＮＣＡＡ', 'ＮＣＡＡ', 'ＮＣＡＡ', 'ＣＡＰＭ', 'ＣＡＰＭ', 'ＣＡＰＭ', 'ＣＡＰＭ', 'ＣＹ', 'ＣＹ', 'ＣＩＤＡ', 'ＣＩＤＡ', 'ＣＩＤＡ', 'ＣＩＤＡ', 'ＣＤＰ', 'ＣＤＰ', 'ＣＤＰ', 'ＣａｒｍａｎＬｉｎ', 'ＣａｒｍａｎＬｉｎ', 'ＣａｒｍａｎＬｉｎ', 'ＣａｒｍａｎＬｉｎ', 'ＣａｒｍａｎＬｉｎ', 'ＣａｒｍａｎＬｉｎ', 'ＣａｒｍａｎＬｉｎ', 'ＣａｒｍａｎＬｉｎ', 'ＣａｒｍａｎＬｉｎ', 'ＣＨＩＮＡ', 'ＣＨＩＮＡ', 'ＣＨＩＮＡ', 'ＣＨＩＮＡ', 'ＣＨＩＮＡ', 'ＣＯＳ', 'ＣＯＳ', 'ＣＯＳ', 'Ｃｕ', 'Ｃｕ', 'ＣＨ', 'ＣＨ', 'ＣＡＳＥ', 'ＣＡＳＥ', 'ＣＡＳＥ', 'ＣＡＳＥ', 'Ｃｈａｒｍａｎｔ', 'Ｃｈａｒｍａｎｔ', 'Ｃｈａｒｍａｎｔ', 'Ｃｈａｒｍａｎｔ', 'Ｃｈａｒｍａｎｔ', 'Ｃｈａｒｍａｎｔ', 'Ｃｈａｒｍａｎｔ', 'Ｃｈａｒｍａｎｔ', 'ＩＴＣ', 'ＩＴＣ', 'ＩＴＣ', 'ＶＣ', 'ＶＣ', 'ＩＣ', 'ＩＣ', 'ＣＡＬＬ', 'ＣＡＬＬ', 'ＣＡＬＬ', 'ＣＡＬＬ', 'Ｃｃｃ', 'Ｃｃｃ', 'Ｃｃｃ', 'Ｃａｌｌ', 'Ｃａｌｌ', 'Ｃａｌｌ', 'Ｃａｌｌ', 'ＭＣ', 'ＭＣ', 'ＣＥ', 'ＣＥ', 'ＢＡＳＩＣ', 'ＢＡＳＩＣ', 'ＢＡＳＩＣ', 'ＢＡＳＩＣ', 'ＢＡＳＩＣ', 'ＣＢＥ', 'ＣＢＥ', 'ＣＢＥ']
朦	['朦', '朦朦胧胧', '朦朦胧胧', '暮色朦胧', '何雨朦']
妩	['妩', '媚妩']
猊	['猊']
ｗ	['ｗ', 'ｗｐ', 'ｗｐ', 'ｗａｐ', 'ｗａｐ', 'ｗａｐ', 'ｗｗｗ', 'ｗｗｗ', 'ｗｗｗ', 'ｗｗｗ', 'ｗｗｗ', 'ｗｗｗ', 'ｗｗｗ', 'ｗｗｗ', 'ｗｗｗ', 'ＮｅｗＣａｐ', 'ＮｅｗＣａｐ', 'ＮｅｗＣａｐ', 'ＮｅｗＣａｐ', 'ＮｅｗＣａｐ', 'ＮｅｗＣａｐ', 'ｗｎ', 'ｗｎ', 'Ｗｉｎｄｏｗｓ', 'Ｗｉｎｄｏｗｓ', 'Ｗｉｎｄｏｗｓ', 'Ｗｉｎｄｏｗｓ', 'Ｗｉｎｄｏｗｓ', 'Ｗｉｎｄｏｗｓ', 'Ｗｉｎｄｏｗｓ', 'ｗｗｗｎｅｔ', 'ｗｗｗｎｅｔ', 'ｗｗｗｎｅｔ', 'ｗｗｗｎｅｔ', 'ｗｗｗｎｅｔ', 'ｗｗｗｎｅｔ', 'ｗｗｗｎｅｔ', 'ｗｗｗｎｅｔ', 'ｗｗｗｎｅｔ', 'ｗｗｗｎｅｔ', 'ｗｗｗｎｅｔ', 'ｗｗｗｎｅｔ', 'ｗｗｗｎｅｔ', 'ｗｗｗｎｅｔ', 'ｗｗｗｎｅｔ', 'ｗｗｗｎｅｔ', 'ｗｗｗｎｅｔ', 'ｗｗｗｎｅｔ', 'ｗｏｅ', 'ｗｏｅ', 'ｗｏｅ', 'ｗｗ', 'ｗｗ', 'ｗｗ', 'ｗｗ', 'Ｂｒｅｗｅｒｅｄ', 'Ｂｒｅｗｅｒｅｄ', 'Ｂｒｅｗｅｒｅｄ', 'Ｂｒｅｗｅｒｅｄ', 'Ｂｒｅｗｅｒｅｄ', 'Ｂｒｅｗｅｒｅｄ', 'Ｂｒｅｗｅｒｅｄ', 'Ｂｒｅｗｅｒｅｄ']
淤	['淤', '淤地坝', '积淤', '化淤']
翡	['翡']
罔	['罔', '欺罔']
卟	['卟']
钜	['钜', '李泽钜', '扬钜', '梁章钜', '梁章钜', '杨钜', '费钜', '王钜', '张钜']
徇	['徇']
■	['■']
蜈	['蜈']
＞	['＞']
胧	['朦朦胧胧', '朦朦胧胧', '胧', '暮色朦胧']
狻	['狻']
t	['text-decoration', 'text-decoration', 'text-decoration', 'text-decoration', 'text-decoration', 'text-decoration', 'text-decoration', 'text-decoration', 'text-decoration', 'font-size', 'font-size', 'font-size', 'font-family', 'font-family', 'font-family', 'line-height', 'line-height', 'line-height', 'Stony-Moon', 'Stony-Moon', 'Stony-Moon', 'font-weight', 'font-weight', 'font-weight', 'font-weight', 'font-weight', 'font-weight', 'Xavier-Bati', 'Xavier-Bati', 'Xavier-Bati', '\x1aztY', '\x1aztY', 'text-align', 'text-align', 'text-align', 'text-align', 'text-align', 'text-align', 'http-equiv', 'http-equiv', 'http-equiv', 'http-equiv', 'http-equiv', 'http-equiv', 'content-type', 'content-type', 'content-type', 'content-type', 'content-type', 'content-type', 'content-type', 'content-type', 'content-type', 'T-shirt', 'T-shirt', 'stay-night', 'stay-night', 'stay-night', 'stay-night', 'stay-night', 'stay-night', 'border-left-color', 'border-left-color', 'border-left-color', 'border-left-color', 'border-left-color', '\x06t', '\x06t', 'border-bottom-color', 'border-bottom-color', 'border-bottom-color', 'border-bottom-color', 'border-bottom-color', 'border-bottom-color', 'border-bottom-color', 'border-bottom-color', 'border-bottom-color', 'border-bottom-color', '\x1c\x1aztY', '\x1c\x1aztY', '\x1c\x1aztY', 'border-right-color', 'border-right-color', 'border-right-color', 'border-right-color', 'border-right-color', 'n-e-t', 'n-e-t', 'n-e-t', 'n-e-t', 'n-e-t', 'border-top-color', 'border-top-color', 'border-top-color', 'border-top-color', 'border-top-color', 'Bit-Bit', 'Bit-Bit', 'Bit-Bit', 'Bit-Bit', 'Bit-Bit', 'Bit-Bit', 'Peter-Jacson', 'Peter-Jacson', 'Peter-Jacson', 'Chuang-tzu', 'Chuang-tzu', 'Chuang-tzu', 'T-Shirt', 'T-Shirt', 'Wal-Mart', 'Wal-Mart', 'Wal-Mart', 'date-n', 'date-n', 'date-n', 'border-left-style', 'border-left-style', 'border-left-style', 'border-left-style', 'border-left-style', 'border-left-style', 'border-left-style', 'border-left-style', 'border-left-style', 'border-left-style', 'go-vern-ment', 'go-vern-ment', 'go-vern-ment', 'go-vern-ment', 'go-vern-ment', 'self-educationawareness', 'self-educationawareness', 'self-educationawareness', '\x1d\x1c\x1aztY', '\x1d\x1c\x1aztY', '\x1d\x1c\x1aztY', '\x1d\x1c\x1aztY', '\x1ctYbZ', '\x1ctYbZ', 'Hsun-tzu', 'Hsun-tzu', 'Hsun-tzu', 'U-Matic', 'U-Matic', 'U-Matic']
e	['text-decoration', 'text-decoration', 'text-decoration', 'text-decoration', 'text-decoration', 'text-decoration', 'font-size', 'font-size', 'font-size', 'z-index', 'z-index', 'z-index', 'line-height', 'line-height', 'line-height', 'line-height', 'line-height', 'line-height', 'e-mail', 'e-mail', 'e-mail', 'font-weight', 'font-weight', 'font-weight', 'Xavier-Bati', 'Xavier-Bati', 'Xavier-Bati', 'C-Cube', 'C-Cube', 'C-Cube', 'text-align', 'text-align', 'text-align', 'http-equiv', 'http-equiv', 'http-equiv', 'content-type', 'content-type', 'content-type', 'content-type', 'content-type', 'content-type', 'kevin-liuningOCR', 'kevin-liuningOCR', 'kevin-liuningOCR', 'sans-serif', 'sans-serif', 'sans-serif', 'border-left-color', 'border-left-color', 'border-left-color', 'border-left-color', 'border-left-color', 'border-left-color', 'border-left-color', 'border-left-color', 'border-left-color', 'border-left-color', 'border-bottom-color', 'border-bottom-color', 'border-bottom-color', 'border-bottom-color', 'border-bottom-color', 'A-Level', 'A-Level', 'A-Level', 'A-Level', '\x0bNeg', '\x0bNeg', 'Bye-Bye', 'Bye-Bye', 'Bye-Bye', 'Bye-Bye', 'Bye-Bye', 'Bye-Bye', 'border-right-color', 'border-right-color', 'border-right-color', 'border-right-color', 'border-right-color', 'n-e-t', 'n-e-t', 'n-e-t', 'n-e-t', 'n-e-t', 'PD-Boen', 'PD-Boen', 'PD-Boen', 'border-top-color', 'border-top-color', 'border-top-color', 'border-top-color', 'border-top-color', '?e', '?e', 'Peter-Jacson', 'Peter-Jacson', 'Peter-Jacson', 'Peter-Jacson', 'Peter-Jacson', 'Peter-Jacson', 'Good-bye', 'Good-bye', 'Good-bye', 'bye-bye', 'bye-bye', 'bye-bye', 'bye-bye', 'bye-bye', 'bye-bye', 'Bye-bye', 'Bye-bye', 'Bye-bye', 'Bye-bye', 'Bye-bye', 'Bye-bye', 'M-Geschss', 'M-Geschss', 'M-Geschss', 'DMP-iplayer', 'DMP-iplayer', 'DMP-iplayer', 'Minh-Le', 'Minh-Le', 'Minh-Le', 'Key-in', 'Key-in', 'Key-in', 'date-n', 'date-n', 'date-n', 'border-left-style', 'border-left-style', 'border-left-style', 'border-left-style', 'border-left-style', 'border-left-style', 'border-left-style', 'border-left-style', 'border-left-style', 'border-left-style', 'border-left-style', 'border-left-style', 'border-left-style', 'border-left-style', 'border-left-style', 'go-vern-ment', 'go-vern-ment', 'go-vern-ment', 'go-vern-ment', 'go-vern-ment', 'go-vern-ment', 'go-vern-ment', 'go-vern-ment', 'go-vern-ment', 'go-vern-ment', 'easy-cn', 'easy-cn', 'easy-cn', 'Rolls-Royce', 'Rolls-Royce', 'Rolls-Royce', 'self-educationawareness', 'self-educationawareness', 'self-educationawareness', 'self-educationawareness', 'self-educationawareness', 'self-educationawareness', 'self-educationawareness', 'self-educationawareness', 'self-educationawareness', 'self-educationawareness', 'self-educationawareness', 'self-educationawareness', 'close-ref', 'close-ref', 'close-ref', 'close-ref', 'close-ref', 'close-ref', 'i-mode', 'i-mode', 'i-mode', '\x0bweg', '\x0bweg', 'Mad-Eye', 'Mad-Eye', 'Mad-Eye']
x	['text-decoration', 'text-decoration', 'text-decoration', 'z-index', 'z-index', 'z-index', 'text-align', 'text-align', 'text-align', 'Jic-xiao', 'Jic-xiao', 'Jic-xiao', 'Ex-S', 'Ex-S', 'Ex-S']
d	['text-decoration', 'text-decoration', 'text-decoration', 'z-index', 'z-index', 'z-index', 'background-color', 'background-color', 'background-color', 'border-left-color', 'border-left-color', 'border-left-color', 'border-left-color', 'border-left-color', 'border-bottom-color', 'border-bottom-color', 'border-bottom-color', 'border-bottom-color', 'border-bottom-color', 'border-right-color', 'border-right-color', 'border-right-color', 'border-right-color', 'border-right-color', 'border-top-color', 'border-top-color', 'border-top-color', 'border-top-color', 'border-top-color', 'Good-bye', 'Good-bye', 'Good-bye', 'Chibrainbio-Guard', 'Chibrainbio-Guard', 'Chibrainbio-Guard', 'Cold-call', 'Cold-call', 'Cold-call', 'date-n', 'date-n', 'date-n', 'border-left-style', 'border-left-style', 'border-left-style', 'border-left-style', 'border-left-style', 'Good-by', 'Good-by', 'Good-by', 'JU-dd', 'JU-dd', 'JU-dd', 'JU-dd', 'JU-dd', 'JU-dd', 'self-educationawareness', 'self-educationawareness', 'self-educationawareness', '\x02d', '\x02d', 'i-mode', 'i-mode', 'i-mode', 'Mad-Eye', 'Mad-Eye', 'Mad-Eye']
c	['text-decoration', 'text-decoration', 'text-decoration', 'background-color', 'background-color', 'background-color', 'background-color', 'background-color', 'background-color', 'com------------------------------------------------------------', 'com------------------------------------------------------------', '?c', '?c', 'content-type', 'content-type', 'content-type', 'border-left-color', 'border-left-color', 'border-left-color', 'border-left-color', 'border-left-color', 'border-bottom-color', 'border-bottom-color', 'border-bottom-color', 'border-bottom-color', 'border-bottom-color', 'border-right-color', 'border-right-color', 'border-right-color', 'border-right-color', 'border-right-color', '?c', '?c', 'T-back', 'T-back', 'border-top-color', 'border-top-color', 'border-top-color', 'border-top-color', 'border-top-color', 'Peter-Jacson', 'Peter-Jacson', 'Peter-Jacson', 'c-n', 'c-n', 'c-n', 'M-Geschss', 'M-Geschss', 'M-Geschss', 'Jic-xiao', 'Jic-xiao', 'Jic-xiao', 'Cold-call', 'Cold-call', 'Cold-call', '\x07c', '\x07c', 'McGraw-Hill', 'McGraw-Hill', 'McGraw-Hill', 'easy-cn', 'easy-cn', 'easy-cn', 'Cola-cola', 'Cola-cola', 'Cola-cola', 'Rolls-Royce', 'Rolls-Royce', 'Rolls-Royce', 'self-educationawareness', 'self-educationawareness', 'self-educationawareness', 'close-ref', 'close-ref', 'close-ref', 'U-Matic', 'U-Matic', 'U-Matic']
o	['text-decoration', 'text-decoration', 'text-decoration', 'text-decoration', 'text-decoration', 'text-decoration', 'font-size', 'font-size', 'font-size', 'font-family', 'font-family', 'font-family', 'background-color', 'background-color', 'background-color', 'background-color', 'background-color', 'background-color', 'background-color', 'background-color', 'background-color', 'com------------------------------------------------------------', 'com------------------------------------------------------------', 'Stony-Moon', 'Stony-Moon', 'Stony-Moon', 'Stony-Moon', 'Stony-Moon', 'Stony-Moon', 'Stony-Moon', 'Stony-Moon', 'Stony-Moon', 'font-weight', 'font-weight', 'font-weight', 'content-type', 'content-type', 'content-type', 'border-left-color', 'border-left-color', 'border-left-color', 'border-left-color', 'border-left-color', 'border-left-color', 'border-left-color', 'border-left-color', 'border-left-color', 'border-left-color', 'border-left-color', 'border-left-color', 'border-left-color', 'border-left-color', 'border-left-color', 'border-bottom-color', 'border-bottom-color', 'border-bottom-color', 'border-bottom-color', 'border-bottom-color', 'border-bottom-color', 'border-bottom-color', 'border-bottom-color', 'border-bottom-color', 'border-bottom-color', 'border-bottom-color', 'border-bottom-color', 'border-bottom-color', 'border-bottom-color', 'border-bottom-color', 'border-bottom-color', 'border-bottom-color', 'border-bottom-color', 'border-bottom-color', 'border-bottom-color', 'border-bottom-color', 'border-bottom-color', 'border-bottom-color', 'border-bottom-color', 'border-bottom-color', 'border-right-color', 'border-right-color', 'border-right-color', 'border-right-color', 'border-right-color', 'border-right-color', 'border-right-color', 'border-right-color', 'border-right-color', 'border-right-color', 'border-right-color', 'border-right-color', 'border-right-color', 'border-right-color', 'border-right-color', 'PD-Boen', 'PD-Boen', 'PD-Boen', 'border-top-color', 'border-top-color', 'border-top-color', 'border-top-color', 'border-top-color', 'border-top-color', 'border-top-color', 'border-top-color', 'border-top-color', 'border-top-color', 'border-top-color', 'border-top-color', 'border-top-color', 'border-top-color', 'border-top-color', 'border-top-color', 'border-top-color', 'border-top-color', 'border-top-color', 'border-top-color', '\x11Oo', '\x11Oo', 'Peter-Jacson', 'Peter-Jacson', 'Peter-Jacson', 'Good-bye', 'Good-bye', 'Good-bye', 'Good-bye', 'Good-bye', 'Good-bye', 'Chibrainbio-Guard', 'Chibrainbio-Guard', 'Chibrainbio-Guard', 'Jic-xiao', 'Jic-xiao', 'Jic-xiao', 'Cold-call', 'Cold-call', 'Cold-call', 'border-left-style', 'border-left-style', 'border-left-style', 'border-left-style', 'border-left-style', 'Good-by', 'Good-by', 'Good-by', 'Good-by', 'Good-by', 'Good-by', 'go-vern-ment', 'go-vern-ment', 'go-vern-ment', 'go-vern-ment', 'go-vern-ment', 'Cola-cola', 'Cola-cola', 'Cola-cola', 'Cola-cola', 'Cola-cola', 'Cola-cola', 'Rolls-Royce', 'Rolls-Royce', 'Rolls-Royce', 'Rolls-Royce', 'Rolls-Royce', 'Rolls-Royce', 'self-educationawareness', 'self-educationawareness', 'self-educationawareness', 'close-ref', 'close-ref', 'close-ref', 'i-mode', 'i-mode', 'i-mode']
r	['text-decoration', 'text-decoration', 'text-decoration', 'background-color', 'background-color', 'background-color', 'background-color', 'background-color', 'background-color', '?r', '?r', 'Xavier-Bati', 'Xavier-Bati', 'Xavier-Bati', 'T-shirt', 'T-shirt', 'sans-serif', 'sans-serif', 'sans-serif', 'border-left-color', 'border-left-color', 'border-left-color', 'border-left-color', 'border-left-color', 'border-left-color', 'border-left-color', 'border-left-color', 'border-left-color', 'border-left-color', 'border-left-color', 'border-left-color', 'border-left-color', 'border-left-color', 'border-left-color', 'border-bottom-color', 'border-bottom-color', 'border-bottom-color', 'border-bottom-color', 'border-bottom-color', 'border-bottom-color', 'border-bottom-color', 'border-bottom-color', 'border-bottom-color', 'border-bottom-color', 'border-bottom-color', 'border-bottom-color', 'border-bottom-color', 'border-bottom-color', 'border-bottom-color', 'border-right-color', 'border-right-color', 'border-right-color', 'border-right-color', 'border-right-color', 'border-right-color', 'border-right-color', 'border-right-color', 'border-right-color', 'border-right-color', 'border-right-color', 'border-right-color', 'border-right-color', 'border-right-color', 'border-right-color', 'border-right-color', 'border-right-color', 'border-right-color', 'border-right-color', 'border-right-color', 'rM-rf', 'rM-rf', 'rM-rf', 'rM-rf', 'rM-rf', 'rM-rf', 'border-top-color', 'border-top-color', 'border-top-color', 'border-top-color', 'border-top-color', 'border-top-color', 'border-top-color', 'border-top-color', 'border-top-color', 'border-top-color', 'border-top-color', 'border-top-color', 'border-top-color', 'border-top-color', 'border-top-color', 'Peter-Jacson', 'Peter-Jacson', 'Peter-Jacson', 'Chibrainbio-Guard', 'Chibrainbio-Guard', 'Chibrainbio-Guard', 'Chibrainbio-Guard', 'Chibrainbio-Guard', 'Chibrainbio-Guard', 'DMP-iplayer', 'DMP-iplayer', 'DMP-iplayer', 'T-Shirt', 'T-Shirt', 'Wal-Mart', 'Wal-Mart', 'Wal-Mart', 'border-left-style', 'border-left-style', 'border-left-style', 'border-left-style', 'border-left-style', 'border-left-style', 'border-left-style', 'border-left-style', 'border-left-style', 'border-left-style', 'McGraw-Hill', 'McGraw-Hill', 'McGraw-Hill', 'go-vern-ment', 'go-vern-ment', 'go-vern-ment', 'go-vern-ment', 'go-vern-ment', 'self-educationawareness', 'self-educationawareness', 'self-educationawareness', 'close-ref', 'close-ref', 'close-ref']
a	['text-decoration', 'text-decoration', 'text-decoration', 'font-family', 'font-family', 'font-family', 'background-color', 'background-color', 'background-color', 'E-mail', 'E-mail', 'E-mail', 'e-mail', 'e-mail', 'e-mail', '\x0fa', '\x0fa', 'Xavier-Bati', 'Xavier-Bati', 'Xavier-Bati', 'Xavier-Bati', 'Xavier-Bati', 'Xavier-Bati', 'text-align', 'text-align', 'text-align', 'sans-serif', 'sans-serif', 'sans-serif', 'stay-night', 'stay-night', 'stay-night', 'E-Mail', 'E-Mail', 'E-Mail', 'E--Mail', 'E--Mail', 'E--Mail', 'T-back', 'T-back', '\x1fa', '\x1fa', 'Peter-Jacson', 'Peter-Jacson', 'Peter-Jacson', 'Chibrainbio-Guard', 'Chibrainbio-Guard', 'Chibrainbio-Guard', 'Chibrainbio-Guard', 'Chibrainbio-Guard', 'Chibrainbio-Guard', 'DMP-iplayer', 'DMP-iplayer', 'DMP-iplayer', 'Jic-xiao', 'Jic-xiao', 'Jic-xiao', 'Cold-call', 'Cold-call', 'Cold-call', 'Na-K', 'Na-K', 'Na-K', 'Chuang-tzu', 'Chuang-tzu', 'Chuang-tzu', 'Wal-Mart', 'Wal-Mart', 'Wal-Mart', 'Wal-Mart', 'Wal-Mart', 'Wal-Mart', 'date-n', 'date-n', 'date-n', 'McGraw-Hill', 'McGraw-Hill', 'McGraw-Hill', 'easy-cn', 'easy-cn', 'easy-cn', 'Cola-cola', 'Cola-cola', 'Cola-cola', 'Cola-cola', 'Cola-cola', 'Cola-cola', 'self-educationawareness', 'self-educationawareness', 'self-educationawareness', 'self-educationawareness', 'self-educationawareness', 'self-educationawareness', 'self-educationawareness', 'self-educationawareness', 'self-educationawareness', 'Mad-Eye', 'Mad-Eye', 'Mad-Eye', 'U-Matic', 'U-Matic', 'U-Matic']
i	['text-decoration', 'text-decoration', 'text-decoration', 'font-size', 'font-size', 'font-size', 'z-index', 'z-index', 'z-index', 'font-family', 'font-family', 'font-family', 'E-mail', 'E-mail', 'E-mail', 'line-height', 'line-height', 'line-height', 'line-height', 'line-height', 'line-height', 'e-mail', 'e-mail', 'e-mail', 'shiliu-k', 'shiliu-k', 'shiliu-k', 'shiliu-k', 'shiliu-k', 'shiliu-k', 'font-weight', 'font-weight', 'font-weight', 'Xavier-Bati', 'Xavier-Bati', 'Xavier-Bati', 'Xavier-Bati', 'Xavier-Bati', 'Xavier-Bati', 'text-align', 'text-align', 'text-align', 'http-equiv', 'http-equiv', 'http-equiv', 'T-shirt', 'T-shirt', 'kevin-liuningOCR', 'kevin-liuningOCR', 'kevin-liuningOCR', 'kevin-liuningOCR', 'kevin-liuningOCR', 'kevin-liuningOCR', 'kevin-liuningOCR', 'kevin-liuningOCR', 'kevin-liuningOCR', 'sans-serif', 'sans-serif', 'sans-serif', 'stay-night', 'stay-night', 'stay-night', 'E-Mail', 'E-Mail', 'E-Mail', 'E--Mail', 'E--Mail', 'E--Mail', 'Wing-king', 'Wing-king', 'Wing-king', 'Wing-king', 'Wing-king', 'Wing-king', 'border-right-color', 'border-right-color', 'border-right-color', 'border-right-color', 'border-right-color', 'Wi-Fi', 'Wi-Fi', 'Wi-Fi', 'Wi-Fi', 'Wi-Fi', 'Wi-Fi', 'Bit-Bit', 'Bit-Bit', 'Bit-Bit', 'Bit-Bit', 'Bit-Bit', 'Bit-Bit', 'Chibrainbio-Guard', 'Chibrainbio-Guard', 'Chibrainbio-Guard', 'Chibrainbio-Guard', 'Chibrainbio-Guard', 'Chibrainbio-Guard', 'Chibrainbio-Guard', 'Chibrainbio-Guard', 'Chibrainbio-Guard', 'DMP-iplayer', 'DMP-iplayer', 'DMP-iplayer', 'Minh-Le', 'Minh-Le', 'Minh-Le', 'Jic-xiao', 'Jic-xiao', 'Jic-xiao', 'Jic-xiao', 'Jic-xiao', 'Jic-xiao', 'Key-in', 'Key-in', 'Key-in', 'T-Shirt', 'T-Shirt', 'McGraw-Hill', 'McGraw-Hill', 'McGraw-Hill', 'self-educationawareness', 'self-educationawareness', 'self-educationawareness', 'i-mode', 'i-mode', 'i-mode', 'U-Matic', 'U-Matic', 'U-Matic']
n	['text-decoration', 'text-decoration', 'text-decoration', 'font-size', 'font-size', 'font-size', 'z-index', 'z-index', 'z-index', 'font-family', 'font-family', 'font-family', 'background-color', 'background-color', 'background-color', 'line-height', 'line-height', 'line-height', 'Stony-Moon', 'Stony-Moon', 'Stony-Moon', 'Stony-Moon', 'Stony-Moon', 'Stony-Moon', 'font-weight', 'font-weight', 'font-weight', 'text-align', 'text-align', 'text-align', 'content-type', 'content-type', 'content-type', 'content-type', 'content-type', 'content-type', 'kevin-liuningOCR', 'kevin-liuningOCR', 'kevin-liuningOCR', 'kevin-liuningOCR', 'kevin-liuningOCR', 'kevin-liuningOCR', 'kevin-liuningOCR', 'kevin-liuningOCR', 'kevin-liuningOCR', 'sans-serif', 'sans-serif', 'sans-serif', 'stay-night', 'stay-night', 'stay-night', '\x05n', '\x05n', 'Wing-king', 'Wing-king', 'Wing-king', 'Wing-king', 'Wing-king', 'Wing-king', 'n-e-t', 'n-e-t', 'n-e-t', 'n-e-t', 'n-e-t', 'PD-Boen', 'PD-Boen', 'PD-Boen', 'Peter-Jacson', 'Peter-Jacson', 'Peter-Jacson', 'Chibrainbio-Guard', 'Chibrainbio-Guard', 'Chibrainbio-Guard', 'c-n', 'c-n', 'c-n', 'Minh-Le', 'Minh-Le', 'Minh-Le', 'Key-in', 'Key-in', 'Key-in', 'Chuang-tzu', 'Chuang-tzu', 'Chuang-tzu', 'date-n', 'date-n', 'date-n', 'go-vern-ment', 'go-vern-ment', 'go-vern-ment', 'go-vern-ment', 'go-vern-ment', 'go-vern-ment', 'go-vern-ment', 'go-vern-ment', 'go-vern-ment', 'go-vern-ment', 'easy-cn', 'easy-cn', 'easy-cn', 'self-educationawareness', 'self-educationawareness', 'self-educationawareness', 'self-educationawareness', 'self-educationawareness', 'self-educationawareness', '\x10n', '\x10n', 'Hsun-tzu', 'Hsun-tzu', 'Hsun-tzu']
睥	['睥']
嫦	['嫦']
─	['─']
麒	['麒', '谷家麒', '谷家麒', '岳钟麒', '岳钟麒', '张若麒', '张若麒', '伍天麒', '伍天麒', '简麒', '范思麒', '范思麒', '慕容灵麒', '马麒', '董麒', '卢麒', '白麒', '阎玉麒', '阎玉麒', '岳仲麒', '伍晓麒', '杨麒', '华麒', '徐石麒', '徐石麒', '黑麒', '袁麒', '洪宗麒', '江麒', '李玉麒', '李玉麒', '黄麒', '钟麒', '武麒', '吴应麒', '吴应麒', '陈岳麒', '陈岳麒', '朱麒', '赵麒', '庄麒', '贺麒', '姜麒', '王麒', '钱四麒', '欧阳麒', '刘麒']
ｃ	['ｃ', 'ｃｎ', 'ｃｎ', 'ｃＯｍ', 'ｃＯｍ', 'ｃＯｍ', 'ｃＮ', 'ｃＮ', 'ｃｏｍ', 'ｃｏｍ', 'ｃｏｍ', 'ｃｅ', 'ｃｅ', 'Ｕｃｓ', 'Ｕｃｓ', 'Ｕｃｓ', 'Ｅｃｈｏ', 'Ｅｃｈｏ', 'Ｅｃｈｏ', 'Ｅｃｈｏ', 'ｃＯ', 'ｃＯ', 'Ｐｃｓ', 'Ｐｃｓ', 'Ｐｃｓ', 'ｍｃ', 'ｍｃ', 'ｃｍ', 'ｃｍ', 'Ｂｌａｃｋ', 'Ｂｌａｃｋ', 'Ｂｌａｃｋ', 'Ｂｌａｃｋ', 'Ｂｌａｃｋ', 'ｃｃ', 'ｃｃ', 'ｃｃ', 'ｃｃ', 'ｃａ', 'ｃａ', 'ｃｏ', 'ｃｏ', 'ＷＰＳＯｆｆｉｃｅ', 'ＷＰＳＯｆｆｉｃｅ', 'ＷＰＳＯｆｆｉｃｅ', 'ＷＰＳＯｆｆｉｃｅ', 'ＷＰＳＯｆｆｉｃｅ', 'ＷＰＳＯｆｆｉｃｅ', 'ＷＰＳＯｆｆｉｃｅ', 'ＷＰＳＯｆｆｉｃｅ', 'ＷＰＳＯｆｆｉｃｅ', 'ｃｈ', 'ｃｈ', 'Ｓｉｌｅｎｃｅｒ', 'Ｓｉｌｅｎｃｅｒ', 'Ｓｉｌｅｎｃｅｒ', 'Ｓｉｌｅｎｃｅｒ', 'Ｓｉｌｅｎｃｅｒ', 'Ｓｉｌｅｎｃｅｒ', 'Ｓｉｌｅｎｃｅｒ', 'Ｓｉｌｅｎｃｅｒ', 'ｉＭａｃ', 'ｉＭａｃ', 'ｉＭａｃ', 'ｉＭａｃ', 'Ｎａｒｃｉｓｓｕｓ', 'Ｎａｒｃｉｓｓｕｓ', 'Ｎａｒｃｉｓｓｕｓ', 'Ｎａｒｃｉｓｓｕｓ', 'Ｎａｒｃｉｓｓｕｓ', 'Ｎａｒｃｉｓｓｕｓ', 'Ｎａｒｃｉｓｓｕｓ', 'Ｎａｒｃｉｓｓｕｓ', 'Ｎａｒｃｉｓｓｕｓ', 'Ｃｃｃ', 'Ｃｃｃ', 'Ｃｃｃ', 'Ｃｃｃ', 'Ｃｃｃ', 'Ｃｃｃ', 'ｃｃｃ', 'ｃｃｃ', 'ｃｃｃ', 'ｃｃｃ', 'ｃｃｃ', 'ｃｃｃ', 'ｃｃｃ', 'ｃｃｃ', 'ｃｃｃ', 'Ｂａｓｉｃ', 'Ｂａｓｉｃ', 'Ｂａｓｉｃ', 'Ｂａｓｉｃ', 'Ｂａｓｉｃ', 'Ｇｄｅｃｋｅ', 'Ｇｄｅｃｋｅ', 'Ｇｄｅｃｋｅ', 'Ｇｄｅｃｋｅ', 'Ｇｄｅｃｋｅ', 'Ｇｄｅｃｋｅ', 'ｅｃ', 'ｅｃ', 'ｃＯＭ', 'ｃＯＭ', 'ｃＯＭ']
￣	['￣']
绔	['纨绔', '绔']
Ｄ	['Ｄ', 'ＣＤ', 'ＣＤ', 'ＥＤ', 'ＥＤ', 'ＤＮＡ', 'ＤＮＡ', 'ＤＮＡ', 'ＧＤＰ', 'ＧＤＰ', 'ＧＤＰ', 'ＮＮＤ', 'ＮＮＤ', 'ＮＮＤ', 'ＩＤ', 'ＩＤ', 'ＡＩＤＳ', 'ＡＩＤＳ', 'ＡＩＤＳ', 'ＡＩＤＳ', 'ＴＭＤ', 'ＴＭＤ', 'ＴＭＤ', 'ＤＥＭＯ', 'ＤＥＭＯ', 'ＤＥＭＯ', 'ＤＥＭＯ', 'ＫＩＤ', 'ＫＩＤ', 'ＫＩＤ', 'ＤＩ', 'ＤＩ', 'ＤＭ', 'ＤＭ', 'ＤＴ', 'ＤＴ', 'ＶＣＤ', 'ＶＣＤ', 'ＶＣＤ', 'ＤＶＤ', 'ＤＶＤ', 'ＤＶＤ', 'ＤＶＤ', 'ＤＶＤ', 'ＤＶＤ', 'ＤＪ', 'ＤＪ', 'ＭＡＣＤ', 'ＭＡＣＤ', 'ＭＡＣＤ', 'ＭＡＣＤ', 'ＡＤＸ', 'ＡＤＸ', 'ＡＤＸ', 'ＲＥＤＢＡＣＫ', 'ＲＥＤＢＡＣＫ', 'ＲＥＤＢＡＣＫ', 'ＲＥＤＢＡＣＫ', 'ＲＥＤＢＡＣＫ', 'ＲＥＤＢＡＣＫ', 'ＲＥＤＢＡＣＫ', 'ＣＯＤ', 'ＣＯＤ', 'ＣＯＤ', 'ＤＣ', 'ＤＣ', 'ＩＤＧ', 'ＩＤＧ', 'ＩＤＧ', 'ＤＫ', 'ＤＫ', 'ＡＷＯＲＤ', 'ＡＷＯＲＤ', 'ＡＷＯＲＤ', 'ＡＷＯＲＤ', 'ＡＷＯＲＤ', 'Ｄａｏ', 'Ｄａｏ', 'Ｄａｏ', 'ＤＶ', 'ＤＶ', 'ＤＬＳ', 'ＤＬＳ', 'ＤＬＳ', 'ＤＵ', 'ＤＵ', 'ＡＭＤ', 'ＡＭＤ', 'ＡＭＤ', 'ＤＭＣ', 'ＤＭＣ', 'ＤＭＣ', 'ＤＬ', 'ＤＬ', 'Ｄｕｓｔｉｎ', 'Ｄｕｓｔｉｎ', 'Ｄｕｓｔｉｎ', 'Ｄｕｓｔｉｎ', 'Ｄｕｓｔｉｎ', 'Ｄｕｓｔｉｎ', 'ＤＩＦ', 'ＤＩＦ', 'ＤＩＦ', 'ＯＤ', 'ＯＤ', 'ＮＤＤ', 'ＮＤＤ', 'ＮＤＤ', 'ＮＤＤ', 'ＮＤＤ', 'ＮＤＤ', 'ＧＤ', 'ＧＤ', 'ＤＨ', 'ＤＨ', 'ＭＤ', 'ＭＤ', 'ＳＤ', 'ＳＤ', 'ＤＨＬ', 'ＤＨＬ', 'ＤＨＬ', 'ＤＸ', 'ＤＸ', 'ＥＳＤ', 'ＥＳＤ', 'ＥＳＤ', 'ＡＤＬ', 'ＡＤＬ', 'ＡＤＬ', 'ＣＩＤＡ', 'ＣＩＤＡ', 'ＣＩＤＡ', 'ＣＩＤＡ', 'ＣＤＰ', 'ＣＤＰ', 'ＣＤＰ', 'ＤＫＬ', 'ＤＫＬ', 'ＤＫＬ', 'ＤＶＢ', 'ＤＶＢ', 'ＤＶＢ', 'ＬＭＤＳ', 'ＬＭＤＳ', 'ＬＭＤＳ', 'ＬＭＤＳ', 'ＹＤ', 'ＹＤ', 'ＤＦ', 'ＤＦ', 'ＤＯＳ', 'ＤＯＳ', 'ＤＯＳ', 'ＡＤＸＲ', 'ＡＤＸＲ', 'ＡＤＸＲ', 'ＡＤＸＲ', 'ＭＲＤ', 'ＭＲＤ', 'ＭＲＤ', 'ＴＮＮＤ', 'ＴＮＮＤ', 'ＴＮＮＤ', 'ＴＮＮＤ', 'ＰＤＡ', 'ＰＤＡ', 'ＰＤＡ', 'ＫＤ', 'ＫＤ']
兖	['兖']
咤	['咤']
俐	['俐', '卫敏俐', '麦俐', '千伶百俐', '李天俐', '秦可俐', '麻俐', '百伶百俐', '金玲俐']
咭	['咭']
堇	['堇']
◆	['◆']
萄	['萄', '野葡萄']
☆	['☆']
愍	['愍']
	['\x020', '\x020', '\x020\x1d8', '\x020\x1d8', '\x020\x1d8', '\x020\x1d8', '\x0208', '\x0208', '\x02', '\x02_', '\x02_', '\x02d', '\x02d']
0	['\x020', '\x020', '20％', '20％', '10％', '10％', '50％', '50％', '30％', '30％', '80％', '80％', '40％', '40％', '90％', '90％', '60％', '60％', '100％', '100％', '100％', '100％', '70％', '70％', '第106师团', '第106师团', '第04卷', '第01卷', '第101师团', '第101师团', '第10师团', '第10师团', '第06卷', '\x020\x1d8', '\x020\x1d8', '\x020\x1d8', '\x020\x1d8', '第40师团', '第40师团', '0％', '0％', '第301团', '\x0208', '\x0208', '第305团', '第10兵团', '第10团', '第20团', '第20师团', '第20师团', '200％', '200％', '200％', '200％', '第302团', '第10卷', '第20兵团', '第104师团', '第104师团', '第50团', '150％', '150％', '\x010', '\x010', '第20卷', '第20军团', '300％', '300％', '300％', '300％', '第0团', '0．5％', '0．5％', '0．5％', '0．5％', '第30团', '第306团', '\x0b0', '\x0b0', '01％', '01％', '400％', '400％', '400％', '400％', '02％', '02％', '第704团', '03％', '03％', '第10回', '500％', '500％', '500％', '500％', '0．3％', '0．3％', '0．3％', '0．3％', '第20回', '第405团', '第30卷', '06％', '06％', '第105团', '第40团', '05％', '05％', '130％', '130％', '0．8％', '0．8％', '0．8％', '0．8％', '第200团', '第200团']
犟	['犟', '犯犟']
⑦	['⑦']
褴	['衣衫褴褛', '褴']
褛	['衣衫褴褛', '褛']
＜	['＜']
茱	['茱']
抒	['抒', '文抒', '发抒', '李抒']
荻	['荻', '赵一荻', '白荻', '慕容秋荻', '吴荻', '于荻', '朱荻', '燕荻', '钟荻', '仇荻', '叶荻', '徐荻', '韦雪荻', '许子荻', '许子荻', '辛荻', '戚心荻', '伍荻', '卫荻', '马鸣荻']
Ｋ	['Ｋ', 'ＰＫ', 'ＰＫ', 'ＯＫ', 'ＯＫ', 'ＸＫＩＮＧ', 'ＸＫＩＮＧ', 'ＸＫＩＮＧ', 'ＸＫＩＮＧ', 'ＸＫＩＮＧ', 'ＴＩＧＥＮＫＩＮＧ', 'ＴＩＧＥＮＫＩＮＧ', 'ＴＩＧＥＮＫＩＮＧ', 'ＴＩＧＥＮＫＩＮＧ', 'ＴＩＧＥＮＫＩＮＧ', 'ＴＩＧＥＮＫＩＮＧ', 'ＴＩＧＥＮＫＩＮＧ', 'ＴＩＧＥＮＫＩＮＧ', 'ＴＩＧＥＮＫＩＮＧ', 'ＫＩＤ', 'ＫＩＤ', 'ＫＩＤ', 'ＫＴＶ', 'ＫＴＶ', 'ＫＴＶ', 'ＫＩＮＧ', 'ＫＩＮＧ', 'ＫＩＮＧ', 'ＫＩＮＧ', 'ＡＫ', 'ＡＫ', '卡拉ＯＫ', '卡拉ＯＫ', 'ＲＥＤＢＡＣＫ', 'ＲＥＤＢＡＣＫ', 'ＲＥＤＢＡＣＫ', 'ＲＥＤＢＡＣＫ', 'ＲＥＤＢＡＣＫ', 'ＲＥＤＢＡＣＫ', 'ＲＥＤＢＡＣＫ', 'ＷＩＮＧＫＩＮＧ', 'ＷＩＮＧＫＩＮＧ', 'ＷＩＮＧＫＩＮＧ', 'ＷＩＮＧＫＩＮＧ', 'ＷＩＮＧＫＩＮＧ', 'ＷＩＮＧＫＩＮＧ', 'ＷＩＮＧＫＩＮＧ', 'ＷＩＮＧＫＩＮＧ', 'ＤＫ', 'ＤＫ', 'ＫＲＨ', 'ＫＲＨ', 'ＫＲＨ', 'ＫＹＯＵＫＯ', 'ＫＹＯＵＫＯ', 'ＫＹＯＵＫＯ', 'ＫＹＯＵＫＯ', 'ＫＹＯＵＫＯ', 'ＫＹＯＵＫＯ', 'ＫＹＯＵＫＯ', 'ＫＹＯＵＫＯ', 'ＫＹＯＵＫＯ', 'ＫＹＯＵＫＯ', 'ＫＹＯＵＫＯ', 'ＫＹＯＵＫＯ', 'ＯＫＰＯＷＥＲ', 'ＯＫＰＯＷＥＲ', 'ＯＫＰＯＷＥＲ', 'ＯＫＰＯＷＥＲ', 'ＯＫＰＯＷＥＲ', 'ＯＫＰＯＷＥＲ', 'ＯＫＰＯＷＥＲ', 'ＫＦＣ', 'ＫＦＣ', 'ＫＦＣ', 'ＯＫＦＩＲＥ', 'ＯＫＦＩＲＥ', 'ＯＫＦＩＲＥ', 'ＯＫＦＩＲＥ', 'ＯＫＦＩＲＥ', 'ＯＫＦＩＲＥ', 'ＳＯＫＥ', 'ＳＯＫＥ', 'ＳＯＫＥ', 'ＳＯＫＥ', 'Ｋｉｎ', 'Ｋｉｎ', 'Ｋｉｎ', 'ＫＧ', 'ＫＧ', 'ＫＴＳＢ', 'ＫＴＳＢ', 'ＫＴＳＢ', 'ＫＴＳＢ', 'ＳＫＩＬＴＯ', 'ＳＫＩＬＴＯ', 'ＳＫＩＬＴＯ', 'ＳＫＩＬＴＯ', 'ＳＫＩＬＴＯ', 'ＳＫＩＬＴＯ', 'ＫＭ', 'ＫＭ', 'ＫＩＳＳ', 'ＫＩＳＳ', 'ＫＩＳＳ', 'ＫＩＳＳ', 'ＭＫ', 'ＭＫ', 'ＫＧＢ', 'ＫＧＢ', 'ＫＧＢ', 'ＳＫ', 'ＳＫ', 'ＫＣ', 'ＫＣ', 'ＪＡＣＫ', 'ＪＡＣＫ', 'ＪＡＣＫ', 'ＪＡＣＫ', 'ＡＫＭＳ', 'ＡＫＭＳ', 'ＡＫＭＳ', 'ＡＫＭＳ', 'ＫＯ', 'ＫＯ', 'ＫＢ', 'ＫＢ', 'ＤＫＬ', 'ＤＫＬ', 'ＤＫＬ', 'Ｋｏｏ', 'Ｋｏｏ', 'Ｋｏｏ', 'ＫＤ', 'ＫＤ']
涿	['涿']
魑	['魑']
＃	['＃']
哆	['哆哆嗦嗦', '哆哆嗦嗦', '哆', '哆里哆嗦', '哆里哆嗦']
Ｓ	['Ｓ', 'ＢＯＳＳ', 'ＢＯＳＳ', 'ＢＯＳＳ', 'ＢＯＳＳ', 'ＢＯＳＳ', 'ＢＯＳＳ', 'ＢＯＳＳ', 'ＢＯＳＳ', 'ｘＳ', 'ｘＳ', 'ＰＳ', 'ＰＳ', 'ＳＨ', 'ＳＨ', 'ＳＹ', 'ＳＹ', 'ＡＩＤＳ', 'ＡＩＤＳ', 'ＡＩＤＳ', 'ＡＩＤＳ', 'ＳＨＥＲＡ', 'ＳＨＥＲＡ', 'ＳＨＥＲＡ', 'ＳＨＥＲＡ', 'ＳＨＥＲＡ', 'ＧＰＳ', 'ＧＰＳ', 'ＧＰＳ', 'Ｓａｂｅｒ', 'Ｓａｂｅｒ', 'Ｓａｂｅｒ', 'Ｓａｂｅｒ', 'Ｓａｂｅｒ', 'ＳＯＳ', 'ＳＯＳ', 'ＳＯＳ', 'ＳＯＳ', 'ＳＯＳ', 'ＳＯＳ', 'ＶＳ', 'ＶＳ', 'ＲＳＩ', 'ＲＳＩ', 'ＲＳＩ', 'ＴＳ', 'ＴＳ', 'ＳＡＲ', 'ＳＡＲ', 'ＳＡＲ', 'ＳＭ', 'ＳＭ', 'ＳＡＲＳ', 'ＳＡＲＳ', 'ＳＡＲＳ', 'ＳＡＲＳ', 'ＳＡＲＳ', 'ＳＡＲＳ', 'ＳＡＲＳ', 'ＳＡＲＳ', 'ＣＩＳ', 'ＣＩＳ', 'ＣＩＳ', 'ｋＸＳ', 'ｋＸＳ', 'ｋＸＳ', 'ＳＬＩ', 'ＳＬＩ', 'ＳＬＩ', 'ＳＵ', 'ＳＵ', 'ＳＭＩＬＥ', 'ＳＭＩＬＥ', 'ＳＭＩＬＥ', 'ＳＭＩＬＥ', 'ＳＭＩＬＥ', 'ＤＬＳ', 'ＤＬＳ', 'ＤＬＳ', 'ＨＳ', 'ＨＳ', 'ＳＯＫＥ', 'ＳＯＫＥ', 'ＳＯＫＥ', 'ＳＯＫＥ', 'ＩＳ', 'ＩＳ', 'ＳＳ', 'ＳＳ', 'ＳＳ', 'ＳＳ', 'ＯＢＯＳ', 'ＯＢＯＳ', 'ＯＢＯＳ', 'ＯＢＯＳ', 'ＩＳＯ', 'ＩＳＯ', 'ＩＳＯ', 'ＢＢＳ', 'ＢＢＳ', 'ＢＢＳ', 'ＭＳＬ', 'ＭＳＬ', 'ＭＳＬ', 'ＫＴＳＢ', 'ＫＴＳＢ', 'ＫＴＳＢ', 'ＫＴＳＢ', 'ＹＥＳ', 'ＹＥＳ', 'ＹＥＳ', 'ＳＧ', 'ＳＧ', 'ＣＳ', 'ＣＳ', 'ＰＯＳＥ', 'ＰＯＳＥ', 'ＰＯＳＥ', 'ＰＯＳＥ', 'ＦＳ', 'ＦＳ', 'ＳＴＵ', 'ＳＴＵ', 'ＳＴＵ', 'ＪＳＦ', 'ＪＳＦ', 'ＪＳＦ', 'ＳＫＩＬＴＯ', 'ＳＫＩＬＴＯ', 'ＳＫＩＬＴＯ', 'ＳＫＩＬＴＯ', 'ＳＫＩＬＴＯ', 'ＳＫＩＬＴＯ', 'ＳＤ', 'ＳＤ', 'ＫＩＳＳ', 'ＫＩＳＳ', 'ＫＩＳＳ', 'ＫＩＳＳ', 'ＫＩＳＳ', 'ＫＩＳＳ', 'ＫＩＳＳ', 'ＫＩＳＳ', 'ＴＳＥ', 'ＴＳＥ', 'ＴＳＥ', 'ＣＢＳ', 'ＣＢＳ', 'ＣＢＳ', 'ＳＵＰＥＮＭＡＮ', 'ＳＵＰＥＮＭＡＮ', 'ＳＵＰＥＮＭＡＮ', 'ＳＵＰＥＮＭＡＮ', 'ＳＵＰＥＮＭＡＮ', 'ＳＵＰＥＮＭＡＮ', 'ＳＵＰＥＮＭＡＮ', 'ＳＵＰＥＮＭＡＮ', 'ＭＳＮ', 'ＭＳＮ', 'ＭＳＮ', 'ＳＫ', 'ＳＫ', 'ＰＨＳ', 'ＰＨＳ', 'ＰＨＳ', 'ＨＳＭＣ', 'ＨＳＭＣ', 'ＨＳＭＣ', 'ＨＳＭＣ', 'ＡＫＭＳ', 'ＡＫＭＳ', 'ＡＫＭＳ', 'ＡＫＭＳ', 'ＷＰＳＯｆｆｉｃｅ', 'ＷＰＳＯｆｆｉｃｅ', 'ＷＰＳＯｆｆｉｃｅ', 'ＷＰＳＯｆｆｉｃｅ', 'ＷＰＳＯｆｆｉｃｅ', 'ＷＰＳＯｆｆｉｃｅ', 'ＷＰＳＯｆｆｉｃｅ', 'ＷＰＳＯｆｆｉｃｅ', 'ＷＰＳＯｆｆｉｃｅ', 'ＥＳＤ', 'ＥＳＤ', 'ＥＳＤ', 'ＳＡＳ', 'ＳＡＳ', 'ＳＡＳ', 'ＳＡＳ', 'ＳＡＳ', 'ＳＡＳ', 'ＩＳＰ', 'ＩＳＰ', 'ＩＳＰ', 'ＳＡＳＳ', 'ＳＡＳＳ', 'ＳＡＳＳ', 'ＳＡＳＳ', 'ＳＡＳＳ', 'ＳＡＳＳ', 'ＳＡＳＳ', 'ＳＡＳＳ', 'ＳＡＳＳ', 'ＳＡＳＳ', 'ＳＡＳＳ', 'ＳＡＳＳ', 'ＳＨＩＴ', 'ＳＨＩＴ', 'ＳＨＩＴ', 'ＳＨＩＴ', 'ＥＰＳ', 'ＥＰＳ', 'ＥＰＳ', 'ＲＢＳ', 'ＲＢＳ', 'ＲＢＳ', 'ＳＢ', 'ＳＢ', 'ＦＡＮＳ', 'ＦＡＮＳ', 'ＦＡＮＳ', 'ＦＡＮＳ', 'Ｓｉｌｅｎｃｅｒ', 'Ｓｉｌｅｎｃｅｒ', 'Ｓｉｌｅｎｃｅｒ', 'Ｓｉｌｅｎｃｅｒ', 'Ｓｉｌｅｎｃｅｒ', 'Ｓｉｌｅｎｃｅｒ', 'Ｓｉｌｅｎｃｅｒ', 'Ｓｉｌｅｎｃｅｒ', 'ＳＵＶ', 'ＳＵＶ', 'ＳＵＶ', 'ＣＯＳ', 'ＣＯＳ', 'ＣＯＳ', 'ＭＳ', 'ＭＳ', 'ＬＭＤＳ', 'ＬＭＤＳ', 'ＬＭＤＳ', 'ＬＭＤＳ', 'ＣＡＳＥ', 'ＣＡＳＥ', 'ＣＡＳＥ', 'ＣＡＳＥ', 'Ｓｏｎａｘ', 'Ｓｏｎａｘ', 'Ｓｏｎａｘ', 'Ｓｏｎａｘ', 'Ｓｏｎａｘ', 'ＤＯＳ', 'ＤＯＳ', 'ＤＯＳ', 'ＳＥＸ', 'ＳＥＸ', 'ＳＥＸ', 'ＯＳＩ', 'ＯＳＩ', 'ＯＳＩ', 'ＳＯＮＹ', 'ＳＯＮＹ', 'ＳＯＮＹ', 'ＳＯＮＹ', 'ＯＳ', 'ＯＳ', 'Ｓｔ', 'Ｓｔ', 'ＳＡ', 'ＳＡ', 'Ｓｅｒｖａｎｔ', 'Ｓｅｒｖａｎｔ', 'Ｓｅｒｖａｎｔ', 'Ｓｅｒｖａｎｔ', 'Ｓｅｒｖａｎｔ', 'Ｓｅｒｖａｎｔ', 'Ｓｅｒｖａｎｔ', 'ＳＴ', 'ＳＴ', 'Ｓｕ', 'Ｓｕ', 'ＪＥＳ', 'ＪＥＳ', 'ＪＥＳ', 'ＰＯＳＳ', 'ＰＯＳＳ', 'ＰＯＳＳ', 'ＰＯＳＳ', 'ＰＯＳＳ', 'ＰＯＳＳ', 'ＰＯＳＳ', 'ＰＯＳＳ', 'ＰＳＰ', 'ＰＳＰ', 'ＰＳＰ', 'ＡＳＰ', 'ＡＳＰ', 'ＡＳＰ', 'ＳＳＳ', 'ＳＳＳ', 'ＳＳＳ', 'ＳＳＳ', 'ＳＳＳ', 'ＳＳＳ', 'ＳＳＳ', 'ＳＳＳ', 'ＳＳＳ', 'ＷＵＳＨＩ', 'ＷＵＳＨＩ', 'ＷＵＳＨＩ', 'ＷＵＳＨＩ', 'ＷＵＳＨＩ', 'ＮＡＳＡ', 'ＮＡＳＡ', 'ＮＡＳＡ', 'ＮＡＳＡ', 'ＢＡＳＩＣ', 'ＢＡＳＩＣ', 'ＢＡＳＩＣ', 'ＢＡＳＩＣ', 'ＢＡＳＩＣ', 'ＲＵＳＨ', 'ＲＵＳＨ', 'ＲＵＳＨ', 'ＲＵＳＨ']
呱	['呱', '咕呱', '呱嗒板']
孜	['孜', '田令孜', '夏侯孜', '金幼孜', '张孜', '哈里孜', '王孜', '龙孜', '吴孜', '哈孜', '孟克孜', '哈则孜', '哈则孜', '李幼孜']
呤	['呤']
焱	['焱', '祝焱', '萧焱', '李焱', '姬焱', '龙绍焱', '尚焱', '岑焱', '岳焱', '朱慈焱', '石中焱', '黄焱', '符焱', '陈焱', '程焱', '张绍焱', '肖海焱', '杨焱焱', '杨焱焱', '金焱', '廖焱']
夯	['夯']
碹	['碹']
檬	['檬']
⑴	['⑴']
蜒	['蜒']
澎	['汹涌澎湃', '澎', '黄澎', '张荣澎', '祝家澎', '思潮澎湃', '龚澎', '岑澎', '丁澎', '官黄澎', '陈恭澎', '朱至澎', '朱至澎']
湃	['汹涌澎湃', '彭湃', '湃', '思潮澎湃']
⑧	['⑧']
ａ	['ａｎｄ', 'ａｎｄ', 'ａｎｄ', 'ａ', 'ｗａｐ', 'ｗａｐ', 'ｗａｐ', 'ｍａ', 'ｍａ', 'ａｍ', 'ａｍ', 'Ｓａｂｅｒ', 'Ｓａｂｅｒ', 'Ｓａｂｅｒ', 'Ｓａｂｅｒ', 'Ｓａｂｅｒ', 'ｄａｏ', 'ｄａｏ', 'ｄａｏ', 'Ｃａｓｔｅｒ', 'Ｃａｓｔｅｒ', 'Ｃａｓｔｅｒ', 'Ｃａｓｔｅｒ', 'Ｃａｓｔｅｒ', 'Ｃａｓｔｅｒ', 'Ｊａｍｅｓ', 'Ｊａｍｅｓ', 'Ｊａｍｅｓ', 'Ｊａｍｅｓ', 'Ｊａｍｅｓ', 'Ｄａｏ', 'Ｄａｏ', 'Ｄａｏ', 'Ａｓｓａｓｓｉｎ', 'Ａｓｓａｓｓｉｎ', 'Ａｓｓａｓｓｉｎ', 'Ａｓｓａｓｓｉｎ', 'Ａｓｓａｓｓｉｎ', 'Ａｓｓａｓｓｉｎ', 'Ａｓｓａｓｓｉｎ', 'Ａｓｓａｓｓｉｎ', 'ＴｉＦａｂ', 'ＴｉＦａｂ', 'ＴｉＦａｂ', 'ＴｉＦａｂ', 'ＴｉＦａｂ', 'ｅａ', 'ｅａ', 'ＮｅｗＣａｐ', 'ＮｅｗＣａｐ', 'ＮｅｗＣａｐ', 'ＮｅｗＣａｐ', 'ＮｅｗＣａｐ', 'ＮｅｗＣａｐ', 'Ｂｌａｃｋ', 'Ｂｌａｃｋ', 'Ｂｌａｃｋ', 'Ｂｌａｃｋ', 'Ｂｌａｃｋ', 'ｓａｍａ', 'ｓａｍａ', 'ｓａｍａ', 'ｓａｍａ', 'ｓａｍａ', 'ｓａｍａ', 'ｓａｍａ', 'ｓａｍａ', 'ａｎｄａｎｄ', 'ａｎｄａｎｄ', 'ａｎｄａｎｄ', 'ａｎｄａｎｄ', 'ａｎｄａｎｄ', 'ａｎｄａｎｄ', 'ａｎｄａｎｄ', 'ａｎｄａｎｄ', 'ａｎｄａｎｄ', 'ａｎｄａｎｄ', 'ａｎｄａｎｄ', 'ａｎｄａｎｄ', 'ｃａ', 'ｃａ', 'Ｊｕｎｚｉｔａｎｇ', 'Ｊｕｎｚｉｔａｎｇ', 'Ｊｕｎｚｉｔａｎｇ', 'Ｊｕｎｚｉｔａｎｇ', 'Ｊｕｎｚｉｔａｎｇ', 'Ｊｕｎｚｉｔａｎｇ', 'Ｊｕｎｚｉｔａｎｇ', 'Ｊｕｎｚｉｔａｎｇ', 'Ｊｕｎｚｉｔａｎｇ', 'Ｇａｙ', 'Ｇａｙ', 'Ｇａｙ', 'Ｙａｈｏｏ', 'Ｙａｈｏｏ', 'Ｙａｈｏｏ', 'Ｙａｈｏｏ', 'Ｙａｈｏｏ', 'ｍｅｄｉａ', 'ｍｅｄｉａ', 'ｍｅｄｉａ', 'ｍｅｄｉａ', 'ｍｅｄｉａ', 'ｓｈｕｄａｏ', 'ｓｈｕｄａｏ', 'ｓｈｕｄａｏ', 'ｓｈｕｄａｏ', 'ｓｈｕｄａｏ', 'ｓｈｕｄａｏ', 'ＣａｒｍａｎＬｉｎ', 'ＣａｒｍａｎＬｉｎ', 'ＣａｒｍａｎＬｉｎ', 'ＣａｒｍａｎＬｉｎ', 'ＣａｒｍａｎＬｉｎ', 'ＣａｒｍａｎＬｉｎ', 'ＣａｒｍａｎＬｉｎ', 'ＣａｒｍａｎＬｉｎ', 'ＣａｒｍａｎＬｉｎ', 'ＣａｒｍａｎＬｉｎ', 'ＣａｒｍａｎＬｉｎ', 'ＣａｒｍａｎＬｉｎ', 'ＣａｒｍａｎＬｉｎ', 'ＣａｒｍａｎＬｉｎ', 'ＣａｒｍａｎＬｉｎ', 'ＣａｒｍａｎＬｉｎ', 'ＣａｒｍａｎＬｉｎ', 'ＣａｒｍａｎＬｉｎ', 'Ｌｉｎａ', 'Ｌｉｎａ', 'Ｌｉｎａ', 'Ｌｉｎａ', 'ｖａ', 'ｖａ', 'ｉＭａｃ', 'ｉＭａｃ', 'ｉＭａｃ', 'ｉＭａｃ', 'Ｓｏｎａｘ', 'Ｓｏｎａｘ', 'Ｓｏｎａｘ', 'Ｓｏｎａｘ', 'Ｓｏｎａｘ', 'Ｃｈａｒｍａｎｔ', 'Ｃｈａｒｍａｎｔ', 'Ｃｈａｒｍａｎｔ', 'Ｃｈａｒｍａｎｔ', 'Ｃｈａｒｍａｎｔ', 'Ｃｈａｒｍａｎｔ', 'Ｃｈａｒｍａｎｔ', 'Ｃｈａｒｍａｎｔ', 'Ｃｈａｒｍａｎｔ', 'Ｃｈａｒｍａｎｔ', 'Ｃｈａｒｍａｎｔ', 'Ｃｈａｒｍａｎｔ', 'Ｃｈａｒｍａｎｔ', 'Ｃｈａｒｍａｎｔ', 'Ｃｈａｒｍａｎｔ', 'Ｃｈａｒｍａｎｔ', 'ｕｎｚｉｔａｎｇ', 'ｕｎｚｉｔａｎｇ', 'ｕｎｚｉｔａｎｇ', 'ｕｎｚｉｔａｎｇ', 'ｕｎｚｉｔａｎｇ', 'ｕｎｚｉｔａｎｇ', 'ｕｎｚｉｔａｎｇ', 'ｕｎｚｉｔａｎｇ', 'Ｍａｑｕｉｌａｄｏｒａ', 'Ｍａｑｕｉｌａｄｏｒａ', 'Ｍａｑｕｉｌａｄｏｒａ', 'Ｍａｑｕｉｌａｄｏｒａ', 'Ｍａｑｕｉｌａｄｏｒａ', 'Ｍａｑｕｉｌａｄｏｒａ', 'Ｍａｑｕｉｌａｄｏｒａ', 'Ｍａｑｕｉｌａｄｏｒａ', 'Ｍａｑｕｉｌａｄｏｒａ', 'Ｍａｑｕｉｌａｄｏｒａ', 'Ｍａｑｕｉｌａｄｏｒａ', 'Ｍａｑｕｉｌａｄｏｒａ', 'Ｍａｑｕｉｌａｄｏｒａ', 'Ｍａｑｕｉｌａｄｏｒａ', 'Ｍａｑｕｉｌａｄｏｒａ', 'Ｍａｑｕｉｌａｄｏｒａ', 'Ｍａｑｕｉｌａｄｏｒａ', 'Ｍａｑｕｉｌａｄｏｒａ', 'Ｍａｑｕｉｌａｄｏｒａ', 'Ｍａｑｕｉｌａｄｏｒａ', 'Ｍａｑｕｉｌａｄｏｒａ', 'Ｍａｑｕｉｌａｄｏｒａ', 'Ｍａｑｕｉｌａｄｏｒａ', 'Ｍａｑｕｉｌａｄｏｒａ', 'Ｍａｑｕｉｌａｄｏｒａ', 'Ｍａｑｕｉｌａｄｏｒａ', 'Ｍａｑｕｉｌａｄｏｒａ', 'Ｍａｑｕｉｌａｄｏｒａ', 'Ｍａｑｕｉｌａｄｏｒａ', 'Ｍａｑｕｉｌａｄｏｒａ', 'Ｍａｑｕｉｌａｄｏｒａ', 'Ｍａｑｕｉｌａｄｏｒａ', 'Ｍａｑｕｉｌａｄｏｒａ', 'Ｒｅａ', 'Ｒｅａ', 'Ｒｅａ', 'Ｎａｒｃｉｓｓｕｓ', 'Ｎａｒｃｉｓｓｕｓ', 'Ｎａｒｃｉｓｓｕｓ', 'Ｎａｒｃｉｓｓｕｓ', 'Ｎａｒｃｉｓｓｕｓ', 'Ｎａｒｃｉｓｓｕｓ', 'Ｎａｒｃｉｓｓｕｓ', 'Ｎａｒｃｉｓｓｕｓ', 'Ｎａｒｃｉｓｓｕｓ', 'ａｍｅ', 'ａｍｅ', 'ａｍｅ', 'Ｐａｌａｄｉｎ', 'Ｐａｌａｄｉｎ', 'Ｐａｌａｄｉｎ', 'Ｐａｌａｄｉｎ', 'Ｐａｌａｄｉｎ', 'Ｐａｌａｄｉｎ', 'Ｐａｌａｄｉｎ', 'Ｐａｌａｄｉｎ', 'Ｐａｌａｄｉｎ', 'Ｐａｌａｄｉｎ', 'Ｐａｌａｄｉｎ', 'Ｐａｌａｄｉｎ', 'Ｐａｌａｄｉｎ', 'Ｐａｌａｄｉｎ', 'Ｓｅｒｖａｎｔ', 'Ｓｅｒｖａｎｔ', 'Ｓｅｒｖａｎｔ', 'Ｓｅｒｖａｎｔ', 'Ｓｅｒｖａｎｔ', 'Ｓｅｒｖａｎｔ', 'Ｓｅｒｖａｎｔ', 'ａｎ', 'ａｎ', 'Ｃａｌｌ', 'Ｃａｌｌ', 'Ｃａｌｌ', 'Ｃａｌｌ', 'ｔｈｅＦｏｒｇｏｔｔｅｎＡｍｂａｓｓａｄｏｒ', 'ｔｈｅＦｏｒｇｏｔｔｅｎＡｍｂａｓｓａｄｏｒ', 'ｔｈｅＦｏｒｇｏｔｔｅｎＡｍｂａｓｓａｄｏｒ', 'ｔｈｅＦｏｒｇｏｔｔｅｎＡｍｂａｓｓａｄｏｒ', 'ｔｈｅＦｏｒｇｏｔｔｅｎＡｍｂａｓｓａｄｏｒ', 'ｔｈｅＦｏｒｇｏｔｔｅｎＡｍｂａｓｓａｄｏｒ', 'ｔｈｅＦｏｒｇｏｔｔｅｎＡｍｂａｓｓａｄｏｒ', 'ｔｈｅＦｏｒｇｏｔｔｅｎＡｍｂａｓｓａｄｏｒ', 'ｔｈｅＦｏｒｇｏｔｔｅｎＡｍｂａｓｓａｄｏｒ', 'ｔｈｅＦｏｒｇｏｔｔｅｎＡｍｂａｓｓａｄｏｒ', 'ｔｈｅＦｏｒｇｏｔｔｅｎＡｍｂａｓｓａｄｏｒ', 'ｔｈｅＦｏｒｇｏｔｔｅｎＡｍｂａｓｓａｄｏｒ', 'ｔｈｅＦｏｒｇｏｔｔｅｎＡｍｂａｓｓａｄｏｒ', 'ｔｈｅＦｏｒｇｏｔｔｅｎＡｍｂａｓｓａｄｏｒ', 'ｔｈｅＦｏｒｇｏｔｔｅｎＡｍｂａｓｓａｄｏｒ', 'ｔｈｅＦｏｒｇｏｔｔｅｎＡｍｂａｓｓａｄｏｒ', 'ｔｈｅＦｏｒｇｏｔｔｅｎＡｍｂａｓｓａｄｏｒ', 'ｔｈｅＦｏｒｇｏｔｔｅｎＡｍｂａｓｓａｄｏｒ', 'ｔｈｅＦｏｒｇｏｔｔｅｎＡｍｂａｓｓａｄｏｒ', 'ｔｈｅＦｏｒｇｏｔｔｅｎＡｍｂａｓｓａｄｏｒ', 'ｔｈｅＦｏｒｇｏｔｔｅｎＡｍｂａｓｓａｄｏｒ', 'ｔｈｅＦｏｒｇｏｔｔｅｎＡｍｂａｓｓａｄｏｒ', 'ｔｈｅＦｏｒｇｏｔｔｅｎＡｍｂａｓｓａｄｏｒ', 'ｔｈｅＦｏｒｇｏｔｔｅｎＡｍｂａｓｓａｄｏｒ', 'ｔｈｅＦｏｒｇｏｔｔｅｎＡｍｂａｓｓａｄｏｒ', 'ｔｈｅＦｏｒｇｏｔｔｅｎＡｍｂａｓｓａｄｏｒ', 'ｔｈｅＦｏｒｇｏｔｔｅｎＡｍｂａｓｓａｄｏｒ', 'ｔｈｅＦｏｒｇｏｔｔｅｎＡｍｂａｓｓａｄｏｒ', 'ｔｈｅＦｏｒｇｏｔｔｅｎＡｍｂａｓｓａｄｏｒ', 'ｔｈｅＦｏｒｇｏｔｔｅｎＡｍｂａｓｓａｄｏｒ', 'ｔｈｅＦｏｒｇｏｔｔｅｎＡｍｂａｓｓａｄｏｒ', 'ｔｈｅＦｏｒｇｏｔｔｅｎＡｍｂａｓｓａｄｏｒ', 'ｔｈｅＦｏｒｇｏｔｔｅｎＡｍｂａｓｓａｄｏｒ', 'ｔｈｅＦｏｒｇｏｔｔｅｎＡｍｂａｓｓａｄｏｒ', 'ｔｈｅＦｏｒｇｏｔｔｅｎＡｍｂａｓｓａｄｏｒ', 'ｔｈｅＦｏｒｇｏｔｔｅｎＡｍｂａｓｓａｄｏｒ', 'ｔｈｅＦｏｒｇｏｔｔｅｎＡｍｂａｓｓａｄｏｒ', 'ｔｈｅＦｏｒｇｏｔｔｅｎＡｍｂａｓｓａｄｏｒ', 'ｔｈｅＦｏｒｇｏｔｔｅｎＡｍｂａｓｓａｄｏｒ', 'ｔｈｅＦｏｒｇｏｔｔｅｎＡｍｂａｓｓａｄｏｒ', 'ｔｈｅＦｏｒｇｏｔｔｅｎＡｍｂａｓｓａｄｏｒ', 'ｔｈｅＦｏｒｇｏｔｔｅｎＡｍｂａｓｓａｄｏｒ', 'ｔｈｅＦｏｒｇｏｔｔｅｎＡｍｂａｓｓａｄｏｒ', 'ｔｈｅＦｏｒｇｏｔｔｅｎＡｍｂａｓｓａｄｏｒ', 'Ｂａｓｉｃ', 'Ｂａｓｉｃ', 'Ｂａｓｉｃ', 'Ｂａｓｉｃ', 'Ｂａｓｉｃ', 'ｈｕａ', 'ｈｕａ', 'ｈｕａ']
ｎ	['ａｎｄ', 'ａｎｄ', 'ａｎｄ', 'ｃｎ', 'ｃｎ', 'ｎ', 'Ｍｉｎｉ', 'Ｍｉｎｉ', 'Ｍｉｎｉ', 'Ｍｉｎｉ', 'ｎｅｔ', 'ｎｅｔ', 'ｎｅｔ', 'Ａｓｓａｓｓｉｎ', 'Ａｓｓａｓｓｉｎ', 'Ａｓｓａｓｓｉｎ', 'Ａｓｓａｓｓｉｎ', 'Ａｓｓａｓｓｉｎ', 'Ａｓｓａｓｓｉｎ', 'Ａｓｓａｓｓｉｎ', 'Ａｓｓａｓｓｉｎ', 'Ｋｉｎ', 'Ｋｉｎ', 'Ｋｉｎ', 'Ｄｕｓｔｉｎ', 'Ｄｕｓｔｉｎ', 'Ｄｕｓｔｉｎ', 'Ｄｕｓｔｉｎ', 'Ｄｕｓｔｉｎ', 'Ｄｕｓｔｉｎ', 'ｙｎ', 'ｙｎ', 'ｎｎ', 'ｎｎ', 'ｎｎ', 'ｎｎ', 'ｕｎ', 'ｕｎ', 'ａｎｄａｎｄ', 'ａｎｄａｎｄ', 'ａｎｄａｎｄ', 'ａｎｄａｎｄ', 'ａｎｄａｎｄ', 'ａｎｄａｎｄ', 'ａｎｄａｎｄ', 'ａｎｄａｎｄ', 'ａｎｄａｎｄ', 'ａｎｄａｎｄ', 'ａｎｄａｎｄ', 'ａｎｄａｎｄ', 'Ｊｕｎｚｉｔａｎｇ', 'Ｊｕｎｚｉｔａｎｇ', 'Ｊｕｎｚｉｔａｎｇ', 'Ｊｕｎｚｉｔａｎｇ', 'Ｊｕｎｚｉｔａｎｇ', 'Ｊｕｎｚｉｔａｎｇ', 'Ｊｕｎｚｉｔａｎｇ', 'Ｊｕｎｚｉｔａｎｇ', 'Ｊｕｎｚｉｔａｎｇ', 'Ｊｕｎｚｉｔａｎｇ', 'Ｊｕｎｚｉｔａｎｇ', 'Ｊｕｎｚｉｔａｎｇ', 'Ｊｕｎｚｉｔａｎｇ', 'Ｊｕｎｚｉｔａｎｇ', 'Ｊｕｎｚｉｔａｎｇ', 'Ｊｕｎｚｉｔａｎｇ', 'Ｊｕｎｚｉｔａｎｇ', 'Ｊｕｎｚｉｔａｎｇ', 'Ａｒｄｏｎ', 'Ａｒｄｏｎ', 'Ａｒｄｏｎ', 'Ａｒｄｏｎ', 'Ａｒｄｏｎ', 'ｗｎ', 'ｗｎ', 'Ｗｉｎｄｏｗｓ', 'Ｗｉｎｄｏｗｓ', 'Ｗｉｎｄｏｗｓ', 'Ｗｉｎｄｏｗｓ', 'Ｗｉｎｄｏｗｓ', 'Ｗｉｎｄｏｗｓ', 'Ｗｉｎｄｏｗｓ', 'ｓｈｎ', 'ｓｈｎ', 'ｓｈｎ', 'ｄｎ', 'ｄｎ', 'Ｓｉｌｅｎｃｅｒ', 'Ｓｉｌｅｎｃｅｒ', 'Ｓｉｌｅｎｃｅｒ', 'Ｓｉｌｅｎｃｅｒ', 'Ｓｉｌｅｎｃｅｒ', 'Ｓｉｌｅｎｃｅｒ', 'Ｓｉｌｅｎｃｅｒ', 'Ｓｉｌｅｎｃｅｒ', 'ＣａｒｍａｎＬｉｎ', 'ＣａｒｍａｎＬｉｎ', 'ＣａｒｍａｎＬｉｎ', 'ＣａｒｍａｎＬｉｎ', 'ＣａｒｍａｎＬｉｎ', 'ＣａｒｍａｎＬｉｎ', 'ＣａｒｍａｎＬｉｎ', 'ＣａｒｍａｎＬｉｎ', 'ＣａｒｍａｎＬｉｎ', 'ＣａｒｍａｎＬｉｎ', 'ＣａｒｍａｎＬｉｎ', 'ＣａｒｍａｎＬｉｎ', 'ＣａｒｍａｎＬｉｎ', 'ＣａｒｍａｎＬｉｎ', 'ＣａｒｍａｎＬｉｎ', 'ＣａｒｍａｎＬｉｎ', 'ＣａｒｍａｎＬｉｎ', 'ＣａｒｍａｎＬｉｎ', 'ｗｗｗｎｅｔ', 'ｗｗｗｎｅｔ', 'ｗｗｗｎｅｔ', 'ｗｗｗｎｅｔ', 'ｗｗｗｎｅｔ', 'ｗｗｗｎｅｔ', 'Ｌｉｎａ', 'Ｌｉｎａ', 'Ｌｉｎａ', 'Ｌｉｎａ', 'Ｓｏｎａｘ', 'Ｓｏｎａｘ', 'Ｓｏｎａｘ', 'Ｓｏｎａｘ', 'Ｓｏｎａｘ', 'Ｃｈａｒｍａｎｔ', 'Ｃｈａｒｍａｎｔ', 'Ｃｈａｒｍａｎｔ', 'Ｃｈａｒｍａｎｔ', 'Ｃｈａｒｍａｎｔ', 'Ｃｈａｒｍａｎｔ', 'Ｃｈａｒｍａｎｔ', 'Ｃｈａｒｍａｎｔ', 'ｕｎｚｉｔａｎｇ', 'ｕｎｚｉｔａｎｇ', 'ｕｎｚｉｔａｎｇ', 'ｕｎｚｉｔａｎｇ', 'ｕｎｚｉｔａｎｇ', 'ｕｎｚｉｔａｎｇ', 'ｕｎｚｉｔａｎｇ', 'ｕｎｚｉｔａｎｇ', 'ｕｎｚｉｔａｎｇ', 'ｕｎｚｉｔａｎｇ', 'ｕｎｚｉｔａｎｇ', 'ｕｎｚｉｔａｎｇ', 'ｕｎｚｉｔａｎｇ', 'ｕｎｚｉｔａｎｇ', 'ｕｎｚｉｔａｎｇ', 'ｕｎｚｉｔａｎｇ', 'ｊｉｎ', 'ｊｉｎ', 'ｊｉｎ', 'Ｐａｌａｄｉｎ', 'Ｐａｌａｄｉｎ', 'Ｐａｌａｄｉｎ', 'Ｐａｌａｄｉｎ', 'Ｐａｌａｄｉｎ', 'Ｐａｌａｄｉｎ', 'Ｐａｌａｄｉｎ', 'Ｓｅｒｖａｎｔ', 'Ｓｅｒｖａｎｔ', 'Ｓｅｒｖａｎｔ', 'Ｓｅｒｖａｎｔ', 'Ｓｅｒｖａｎｔ', 'Ｓｅｒｖａｎｔ', 'Ｓｅｒｖａｎｔ', 'ａｎ', 'ａｎ', 'Ｉｎｔｅｌ', 'Ｉｎｔｅｌ', 'Ｉｎｔｅｌ', 'Ｉｎｔｅｌ', 'Ｉｎｔｅｌ', 'Ｉｎｔｅｒｎｅｔ', 'Ｉｎｔｅｒｎｅｔ', 'Ｉｎｔｅｒｎｅｔ', 'Ｉｎｔｅｒｎｅｔ', 'Ｉｎｔｅｒｎｅｔ', 'Ｉｎｔｅｒｎｅｔ', 'Ｉｎｔｅｒｎｅｔ', 'Ｉｎｔｅｒｎｅｔ', 'Ｉｎｔｅｒｎｅｔ', 'Ｉｎｔｅｒｎｅｔ', 'Ｉｎｔｅｒｎｅｔ', 'Ｉｎｔｅｒｎｅｔ', 'Ｉｎｔｅｒｎｅｔ', 'Ｉｎｔｅｒｎｅｔ', 'Ｉｎｔｅｒｎｅｔ', 'Ｉｎｔｅｒｎｅｔ', 'ｔｈｅＦｏｒｇｏｔｔｅｎＡｍｂａｓｓａｄｏｒ', 'ｔｈｅＦｏｒｇｏｔｔｅｎＡｍｂａｓｓａｄｏｒ', 'ｔｈｅＦｏｒｇｏｔｔｅｎＡｍｂａｓｓａｄｏｒ', 'ｔｈｅＦｏｒｇｏｔｔｅｎＡｍｂａｓｓａｄｏｒ', 'ｔｈｅＦｏｒｇｏｔｔｅｎＡｍｂａｓｓａｄｏｒ', 'ｔｈｅＦｏｒｇｏｔｔｅｎＡｍｂａｓｓａｄｏｒ', 'ｔｈｅＦｏｒｇｏｔｔｅｎＡｍｂａｓｓａｄｏｒ', 'ｔｈｅＦｏｒｇｏｔｔｅｎＡｍｂａｓｓａｄｏｒ', 'ｔｈｅＦｏｒｇｏｔｔｅｎＡｍｂａｓｓａｄｏｒ', 'ｔｈｅＦｏｒｇｏｔｔｅｎＡｍｂａｓｓａｄｏｒ', 'ｔｈｅＦｏｒｇｏｔｔｅｎＡｍｂａｓｓａｄｏｒ', 'ｔｈｅＦｏｒｇｏｔｔｅｎＡｍｂａｓｓａｄｏｒ', 'ｔｈｅＦｏｒｇｏｔｔｅｎＡｍｂａｓｓａｄｏｒ', 'ｔｈｅＦｏｒｇｏｔｔｅｎＡｍｂａｓｓａｄｏｒ', 'ｔｈｅＦｏｒｇｏｔｔｅｎＡｍｂａｓｓａｄｏｒ', 'ｔｈｅＦｏｒｇｏｔｔｅｎＡｍｂａｓｓａｄｏｒ', 'ｔｈｅＦｏｒｇｏｔｔｅｎＡｍｂａｓｓａｄｏｒ', 'ｔｈｅＦｏｒｇｏｔｔｅｎＡｍｂａｓｓａｄｏｒ', 'ｔｈｅＦｏｒｇｏｔｔｅｎＡｍｂａｓｓａｄｏｒ', 'ｔｈｅＦｏｒｇｏｔｔｅｎＡｍｂａｓｓａｄｏｒ', 'ｔｈｅＦｏｒｇｏｔｔｅｎＡｍｂａｓｓａｄｏｒ', 'ｔｈｅＦｏｒｇｏｔｔｅｎＡｍｂａｓｓａｄｏｒ', 'ｍｎ', 'ｍｎ', 'ｙｎｇ', 'ｙｎｇ', 'ｙｎｇ', 'Ｌｉｎｕｘ', 'Ｌｉｎｕｘ', 'Ｌｉｎｕｘ', 'Ｌｉｎｕｘ', 'Ｌｉｎｕｘ']
ｄ	['ａｎｄ', 'ａｎｄ', 'ａｎｄ', 'ｄｕ', 'ｄｕ', 'ｄ', 'ｄａｏ', 'ｄａｏ', 'ｄａｏ', 'ｄＵ', 'ｄＵ', 'ａｎｄａｎｄ', 'ａｎｄａｎｄ', 'ａｎｄａｎｄ', 'ａｎｄａｎｄ', 'ａｎｄａｎｄ', 'ａｎｄａｎｄ', 'ａｎｄａｎｄ', 'ａｎｄａｎｄ', 'ａｎｄａｎｄ', 'ａｎｄａｎｄ', 'ａｎｄａｎｄ', 'ａｎｄａｎｄ', 'Ａｒｄｏｎ', 'Ａｒｄｏｎ', 'Ａｒｄｏｎ', 'Ａｒｄｏｎ', 'Ａｒｄｏｎ', 'Ｗｉｎｄｏｗｓ', 'Ｗｉｎｄｏｗｓ', 'Ｗｉｎｄｏｗｓ', 'Ｗｉｎｄｏｗｓ', 'Ｗｉｎｄｏｗｓ', 'Ｗｉｎｄｏｗｓ', 'Ｗｉｎｄｏｗｓ', 'ｍｅｄｉａ', 'ｍｅｄｉａ', 'ｍｅｄｉａ', 'ｍｅｄｉａ', 'ｍｅｄｉａ', 'ｓｈｕｄａｏ', 'ｓｈｕｄａｏ', 'ｓｈｕｄａｏ', 'ｓｈｕｄａｏ', 'ｓｈｕｄａｏ', 'ｓｈｕｄａｏ', 'ｄｎ', 'ｄｎ', 'Ｍａｑｕｉｌａｄｏｒａ', 'Ｍａｑｕｉｌａｄｏｒａ', 'Ｍａｑｕｉｌａｄｏｒａ', 'Ｍａｑｕｉｌａｄｏｒａ', 'Ｍａｑｕｉｌａｄｏｒａ', 'Ｍａｑｕｉｌａｄｏｒａ', 'Ｍａｑｕｉｌａｄｏｒａ', 'Ｍａｑｕｉｌａｄｏｒａ', 'Ｍａｑｕｉｌａｄｏｒａ', 'Ｍａｑｕｉｌａｄｏｒａ', 'Ｍａｑｕｉｌａｄｏｒａ', 'Ｐａｌａｄｉｎ', 'Ｐａｌａｄｉｎ', 'Ｐａｌａｄｉｎ', 'Ｐａｌａｄｉｎ', 'Ｐａｌａｄｉｎ', 'Ｐａｌａｄｉｎ', 'Ｐａｌａｄｉｎ', 'ｔｈｅＦｏｒｇｏｔｔｅｎＡｍｂａｓｓａｄｏｒ', 'ｔｈｅＦｏｒｇｏｔｔｅｎＡｍｂａｓｓａｄｏｒ', 'ｔｈｅＦｏｒｇｏｔｔｅｎＡｍｂａｓｓａｄｏｒ', 'ｔｈｅＦｏｒｇｏｔｔｅｎＡｍｂａｓｓａｄｏｒ', 'ｔｈｅＦｏｒｇｏｔｔｅｎＡｍｂａｓｓａｄｏｒ', 'ｔｈｅＦｏｒｇｏｔｔｅｎＡｍｂａｓｓａｄｏｒ', 'ｔｈｅＦｏｒｇｏｔｔｅｎＡｍｂａｓｓａｄｏｒ', 'ｔｈｅＦｏｒｇｏｔｔｅｎＡｍｂａｓｓａｄｏｒ', 'ｔｈｅＦｏｒｇｏｔｔｅｎＡｍｂａｓｓａｄｏｒ', 'ｔｈｅＦｏｒｇｏｔｔｅｎＡｍｂａｓｓａｄｏｒ', 'ｔｈｅＦｏｒｇｏｔｔｅｎＡｍｂａｓｓａｄｏｒ', 'ｔｈｅＦｏｒｇｏｔｔｅｎＡｍｂａｓｓａｄｏｒ', 'ｔｈｅＦｏｒｇｏｔｔｅｎＡｍｂａｓｓａｄｏｒ', 'ｔｈｅＦｏｒｇｏｔｔｅｎＡｍｂａｓｓａｄｏｒ', 'ｔｈｅＦｏｒｇｏｔｔｅｎＡｍｂａｓｓａｄｏｒ', 'ｔｈｅＦｏｒｇｏｔｔｅｎＡｍｂａｓｓａｄｏｒ', 'ｔｈｅＦｏｒｇｏｔｔｅｎＡｍｂａｓｓａｄｏｒ', 'ｔｈｅＦｏｒｇｏｔｔｅｎＡｍｂａｓｓａｄｏｒ', 'ｔｈｅＦｏｒｇｏｔｔｅｎＡｍｂａｓｓａｄｏｒ', 'ｔｈｅＦｏｒｇｏｔｔｅｎＡｍｂａｓｓａｄｏｒ', 'ｔｈｅＦｏｒｇｏｔｔｅｎＡｍｂａｓｓａｄｏｒ', 'ｔｈｅＦｏｒｇｏｔｔｅｎＡｍｂａｓｓａｄｏｒ', 'Ｇｄｅｃｋｅ', 'Ｇｄｅｃｋｅ', 'Ｇｄｅｃｋｅ', 'Ｇｄｅｃｋｅ', 'Ｇｄｅｃｋｅ', 'Ｇｄｅｃｋｅ', 'Ｂｒｅｗｅｒｅｄ', 'Ｂｒｅｗｅｒｅｄ', 'Ｂｒｅｗｅｒｅｄ', 'Ｂｒｅｗｅｒｅｄ', 'Ｂｒｅｗｅｒｅｄ', 'Ｂｒｅｗｅｒｅｄ', 'Ｂｒｅｗｅｒｅｄ', 'Ｂｒｅｗｅｒｅｄ']
惚	['恍恍惚惚', '恍恍惚惚', '神情恍惚', '惚', '迷离恍惚']
鎏	['鎏']
抟	['抟']
鸯	['鸯', '乱点鸳鸯']
昀	['叶昀', '赵昀', '昀', '邹昀', '陆昀', '卫昀', '扈昀', '朱载昀', '朱载昀', '高昀', '张其昀', '方昀', '张昀翔', '孙继昀', '程奇昀', '于向昀', '吴昀', '伍伯昀', '骆昀', '杨晓昀']
剉	['剉']
琥	['琥', '金琥']
哊	['哊']
彷	['彷']
蛤	['蛤']
蔷	['晏蔷', '萧蔷', '蔷', '黄蔷', '云蔷', '贾蔷', '肖蔷', '沈蔷', '周蔷', '廖蔷', '傅君蔷', '傅君蔷', '岳蔷', '吕蔷蔷', '吕蔷蔷', '吕蔷蔷', '吕蔷蔷', '陈蔷蔷', '陈蔷蔷', '陈蔷蔷', '陈蔷蔷', '黑蔷', '白蔷', '慕容蔷', '王人蔷', '王人蔷', '姜蔷']
⑨	['⑨']
←	['←']
℃	['℃']
柠	['方柠', '甘柠', '简柠', '柠', '张柠']
ω	['ω']
f	['font-size', 'font-size', 'font-size', 'font-family', 'font-family', 'font-family', 'font-family', 'font-family', 'font-family', 'font-weight', 'font-weight', 'font-weight', '\x0ef', '\x0ef', 'sans-serif', 'sans-serif', 'sans-serif', 'border-left-color', 'border-left-color', 'border-left-color', 'border-left-color', 'border-left-color', 'rM-rf', 'rM-rf', 'rM-rf', 'AE-f', 'AE-f', 'AE-f', '?f', '?f', 'border-left-style', 'border-left-style', 'border-left-style', 'border-left-style', 'border-left-style', 'f-N', 'f-N', 'f-N', 'self-educationawareness', 'self-educationawareness', 'self-educationawareness', 'close-ref', 'close-ref', 'close-ref']
s	['font-size', 'font-size', 'font-size', 'shiliu-k', 'shiliu-k', 'shiliu-k', 'T-shirt', 'T-shirt', 'sans-serif', 'sans-serif', 'sans-serif', 'sans-serif', 'sans-serif', 'sans-serif', 'sans-serif', 'sans-serif', 'sans-serif', 'stay-night', 'stay-night', 'stay-night', '\x1ds', '\x1ds', 'Peter-Jacson', 'Peter-Jacson', 'Peter-Jacson', 'M-Geschss', 'M-Geschss', 'M-Geschss', 'M-Geschss', 'M-Geschss', 'M-Geschss', 'M-Geschss', 'M-Geschss', 'M-Geschss', 'border-left-style', 'border-left-style', 'border-left-style', 'border-left-style', 'border-left-style', 'easy-cn', 'easy-cn', 'easy-cn', 'Rolls-Royce', 'Rolls-Royce', 'Rolls-Royce', 'self-educationawareness', 'self-educationawareness', 'self-educationawareness', 'self-educationawareness', 'self-educationawareness', 'self-educationawareness', 'self-educationawareness', 'self-educationawareness', 'self-educationawareness', 'close-ref', 'close-ref', 'close-ref', 'Hsun-tzu', 'Hsun-tzu', 'Hsun-tzu']
z	['font-size', 'font-size', 'font-size', 'z-index', 'z-index', 'z-index', '\x1aztY', '\x1aztY', '\x1c\x1aztY', '\x1c\x1aztY', '\x1c\x1aztY', 'Chuang-tzu', 'Chuang-tzu', 'Chuang-tzu', '\x1d\x1c\x1aztY', '\x1d\x1c\x1aztY', '\x1d\x1c\x1aztY', '\x1d\x1c\x1aztY', 'Hsun-tzu', 'Hsun-tzu', 'Hsun-tzu']
埔	['埔']
	['\x1a?', '\x1a?', '\x1a', '\x1aO', '\x1aO', '\x1aY', '\x1aY', '\x1aztY', '\x1aztY', '\x1c\x1aztY', '\x1c\x1aztY', '\x1c\x1aztY', '\x1au', '\x1au', '\x1aR', '\x1aR', '\x1d\x1c\x1aztY', '\x1d\x1c\x1aztY', '\x1d\x1c\x1aztY', '\x1d\x1c\x1aztY']
▲	['▲']
κ	['κ']
瑙	['瑙', '格奈森瑙', '格奈森瑙', '莱西瑙', '比克瑙', '比克瑙', '勒克瑙', '瑙玛', '瑙玛', '布劳瑙', '布赖瑙', '布赖瑙', '赖歇瑙', '赖兴瑙', '赖兴瑙']
Ｈ	['Ｈ', 'ＨＩＶ', 'ＨＩＶ', 'ＨＩＶ', 'ＳＨ', 'ＳＨ', 'ＨＥＬＬ', 'ＨＥＬＬ', 'ＨＥＬＬ', 'ＨＥＬＬ', 'ＳＨＥＲＡ', 'ＳＨＥＲＡ', 'ＳＨＥＲＡ', 'ＳＨＥＲＡ', 'ＳＨＥＲＡ', 'ＨＰ', 'ＨＰ', 'Ｈｅｒｍｉｔ', 'Ｈｅｒｍｉｔ', 'Ｈｅｒｍｉｔ', 'Ｈｅｒｍｉｔ', 'Ｈｅｒｍｉｔ', 'Ｈｅｒｍｉｔ', 'ＫＲＨ', 'ＫＲＨ', 'ＫＲＨ', 'ＨＳ', 'ＨＳ', 'ＨＢ', 'ＨＢ', 'ＡＨ', 'ＡＨ', 'ＤＨ', 'ＤＨ', 'ＨＡＮＺ', 'ＨＡＮＺ', 'ＨＡＮＺ', 'ＨＡＮＺ', 'ＤＨＬ', 'ＤＨＬ', 'ＤＨＬ', 'ＨＥＲＯ', 'ＨＥＲＯ', 'ＨＥＲＯ', 'ＨＥＲＯ', 'ＣＨＸ', 'ＣＨＸ', 'ＣＨＸ', 'ＰＨＳ', 'ＰＨＳ', 'ＰＨＳ', 'ＨＹ', 'ＨＹ', 'ＨＳＭＣ', 'ＨＳＭＣ', 'ＨＳＭＣ', 'ＨＳＭＣ', 'ＪＨ', 'ＪＨ', 'ＳＨＩＴ', 'ＳＨＩＴ', 'ＳＨＩＴ', 'ＳＨＩＴ', 'ＨＡ', 'ＨＡ', 'ＺＨ', 'ＺＨ', 'ＣＨＩＮＡ', 'ＣＨＩＮＡ', 'ＣＨＩＮＡ', 'ＣＨＩＮＡ', 'ＣＨＩＮＡ', 'ＯＨ', 'ＯＨ', 'ＣＨ', 'ＣＨ', 'ＨＩ', 'ＨＩ', 'Ｈｉ', 'Ｈｉ', 'ＨＡＯ', 'ＨＡＯ', 'ＨＡＯ', 'ＭＨ', 'ＭＨ', 'ＢＨ', 'ＢＨ', 'ＨＷ', 'ＨＷ', 'ＮＨ', 'ＮＨ', 'ＨＰＬ', 'ＨＰＬ', 'ＨＰＬ', 'ＱＨ', 'ＱＨ', 'ＶＭＨ', 'ＶＭＨ', 'ＶＭＨ', 'ＨＺ', 'ＨＺ', 'ＷＵＳＨＩ', 'ＷＵＳＨＩ', 'ＷＵＳＨＩ', 'ＷＵＳＨＩ', 'ＷＵＳＨＩ', 'ＡＦＨ', 'ＡＦＨ', 'ＡＦＨ', 'ＨＯＨＯ', 'ＨＯＨＯ', 'ＨＯＨＯ', 'ＨＯＨＯ', 'ＨＯＨＯ', 'ＨＯＨＯ', 'ＨＯＨＯ', 'ＨＯＨＯ', 'ＨＡＰＰＹ', 'ＨＡＰＰＹ', 'ＨＡＰＰＹ', 'ＨＡＰＰＹ', 'ＨＡＰＰＹ', 'ＲＵＳＨ', 'ＲＵＳＨ', 'ＲＵＳＨ', 'ＲＵＳＨ']
煊	['岑春煊', '唐煊', '煊', '方文煊', '王煊', '姜煊', '张煊', '姬煊', '罗煊', '任逸煊', '岑椿煊', '李煊', '郑煊', '穆煊', '陈宝煊', '韩煊', '梁煊', '洪颐煊', '林煊']
斓	['斓', '五彩斑斓', '色彩斑斓']
峥	['云峥', '关峥谷', '田峥', '峥', '卫峥', '徐峥', '关峥', '秦峥', '文峥', '何守峥', '梁峥', '居峥', '雷峥', '汪峥', '张铁峥', '石峥', '铁峥峥', '铁峥峥', '古永峥', '丰峥', '万云峥', '钦峥']
楔	['楔', '加楔']
Ⅱ	['Ⅱ']
Ｏ	['ＢＯＳＳ', 'ＢＯＳＳ', 'ＢＯＳＳ', 'ＢＯＳＳ', 'Ｏ', 'ＯＣＲ', 'ＯＣＲ', 'ＯＣＲ', 'ＯＭ', 'ＯＭ', 'ｃＯｍ', 'ｃＯｍ', 'ｃＯｍ', 'ＯＫ', 'ＯＫ', 'ＯＰ', 'ＯＰ', 'ＣＥＯ', 'ＣＥＯ', 'ＣＥＯ', 'ＮＯ', 'ＮＯ', 'ＤＥＭＯ', 'ＤＥＭＯ', 'ＤＥＭＯ', 'ＤＥＭＯ', 'ＯＭＧ', 'ＯＭＧ', 'ＯＭＧ', 'ＷＴＯ', 'ＷＴＯ', 'ＷＴＯ', 'ＯＯ', 'ＯＯ', 'ＯＯ', 'ＯＯ', 'ＳＯＳ', 'ＳＯＳ', 'ＳＯＳ', '卡拉ＯＫ', '卡拉ＯＫ', 'ＣＯＤ', 'ＣＯＤ', 'ＣＯＤ', 'ｃＯ', 'ｃＯ', 'ＡＷＯＲＤ', 'ＡＷＯＲＤ', 'ＡＷＯＲＤ', 'ＡＷＯＲＤ', 'ＡＷＯＲＤ', 'ＫＹＯＵＫＯ', 'ＫＹＯＵＫＯ', 'ＫＹＯＵＫＯ', 'ＫＹＯＵＫＯ', 'ＫＹＯＵＫＯ', 'ＫＹＯＵＫＯ', 'ＫＹＯＵＫＯ', 'ＫＹＯＵＫＯ', 'ＫＹＯＵＫＯ', 'ＫＹＯＵＫＯ', 'ＫＹＯＵＫＯ', 'ＫＹＯＵＫＯ', 'ＬＯＬＩ', 'ＬＯＬＩ', 'ＬＯＬＩ', 'ＬＯＬＩ', 'ＴＯＷＥＲ', 'ＴＯＷＥＲ', 'ＴＯＷＥＲ', 'ＴＯＷＥＲ', 'ＴＯＷＥＲ', 'ＯＫＰＯＷＥＲ', 'ＯＫＰＯＷＥＲ', 'ＯＫＰＯＷＥＲ', 'ＯＫＰＯＷＥＲ', 'ＯＫＰＯＷＥＲ', 'ＯＫＰＯＷＥＲ', 'ＯＫＰＯＷＥＲ', 'ＯＫＰＯＷＥＲ', 'ＯＫＰＯＷＥＲ', 'ＯＫＰＯＷＥＲ', 'ＯＫＰＯＷＥＲ', 'ＯＫＰＯＷＥＲ', 'ＯＫＰＯＷＥＲ', 'ＯＫＰＯＷＥＲ', 'ＯＫＦＩＲＥ', 'ＯＫＦＩＲＥ', 'ＯＫＦＩＲＥ', 'ＯＫＦＩＲＥ', 'ＯＫＦＩＲＥ', 'ＯＫＦＩＲＥ', 'ＣＯＭ', 'ＣＯＭ', 'ＣＯＭ', 'ＯＢＶ', 'ＯＢＶ', 'ＯＢＶ', 'ＳＯＫＥ', 'ＳＯＫＥ', 'ＳＯＫＥ', 'ＳＯＫＥ', 'ＯＢＯＳ', 'ＯＢＯＳ', 'ＯＢＯＳ', 'ＯＢＯＳ', 'ＯＢＯＳ', 'ＯＢＯＳ', 'ＯＢＯＳ', 'ＯＢＯＳ', 'ＩＳＯ', 'ＩＳＯ', 'ＩＳＯ', 'ＯＤ', 'ＯＤ', 'ＰＯＳＥ', 'ＰＯＳＥ', 'ＰＯＳＥ', 'ＰＯＳＥ', 'ＸＯ', 'ＸＯ', 'ＳＫＩＬＴＯ', 'ＳＫＩＬＴＯ', 'ＳＫＩＬＴＯ', 'ＳＫＩＬＴＯ', 'ＳＫＩＬＴＯ', 'ＳＫＩＬＴＯ', 'ＯＸ', 'ＯＸ', 'ＨＥＲＯ', 'ＨＥＲＯ', 'ＨＥＲＯ', 'ＨＥＲＯ', 'ＯＲＺ', 'ＯＲＺ', 'ＯＲＺ', 'ＺＩＰＰＯ', 'ＺＩＰＰＯ', 'ＺＩＰＰＯ', 'ＺＩＰＰＯ', 'ＺＩＰＰＯ', 'ＷＥＯ', 'ＷＥＯ', 'ＷＥＯ', 'ＯＴＣ', 'ＯＴＣ', 'ＯＴＣ', 'ＣＯ', 'ＣＯ', 'ＰＯＰ', 'ＰＯＰ', 'ＰＯＰ', 'ＸＸＯＯ', 'ＸＸＯＯ', 'ＸＸＯＯ', 'ＸＸＯＯ', 'ＸＸＯＯ', 'ＸＸＯＯ', 'ＸＸＯＯ', 'ＸＸＯＯ', 'ＲＯＹ', 'ＲＯＹ', 'ＲＯＹ', 'ＷＰＳＯｆｆｉｃｅ', 'ＷＰＳＯｆｆｉｃｅ', 'ＷＰＳＯｆｆｉｃｅ', 'ＷＰＳＯｆｆｉｃｅ', 'ＷＰＳＯｆｆｉｃｅ', 'ＷＰＳＯｆｆｉｃｅ', 'ＷＰＳＯｆｆｉｃｅ', 'ＷＰＳＯｆｆｉｃｅ', 'ＷＰＳＯｆｆｉｃｅ', 'ＧＯ', 'ＧＯ', 'ＫＯ', 'ＫＯ', 'ＯＬ', 'ＯＬ', 'ＯＨ', 'ＯＨ', 'ＣＯＳ', 'ＣＯＳ', 'ＣＯＳ', 'ＯＥＭ', 'ＯＥＭ', 'ＯＥＭ', 'ＨＡＯ', 'ＨＡＯ', 'ＨＡＯ', 'ＤＯＳ', 'ＤＯＳ', 'ＤＯＳ', 'Ｏｍ', 'Ｏｍ', 'ＯＳＩ', 'ＯＳＩ', 'ＯＳＩ', 'ＳＯＮＹ', 'ＳＯＮＹ', 'ＳＯＮＹ', 'ＳＯＮＹ', 'ＯＳ', 'ＯＳ', 'ＵＦＯ', 'ＵＦＯ', 'ＵＦＯ', 'ＰＯＳＳ', 'ＰＯＳＳ', 'ＰＯＳＳ', 'ＰＯＳＳ', 'ＨＯＨＯ', 'ＨＯＨＯ', 'ＨＯＨＯ', 'ＨＯＨＯ', 'ＨＯＨＯ', 'ＨＯＨＯ', 'ＨＯＨＯ', 'ＨＯＨＯ', 'ＷＯＷ', 'ＷＯＷ', 'ＷＯＷ', 'ＭＵＴＡＴＩＯＮ', 'ＭＵＴＡＴＩＯＮ', 'ＭＵＴＡＴＩＯＮ', 'ＭＵＴＡＴＩＯＮ', 'ＭＵＴＡＴＩＯＮ', 'ＭＵＴＡＴＩＯＮ', 'ＭＵＴＡＴＩＯＮ', 'ＭＵＴＡＴＩＯＮ', 'ｃＯＭ', 'ｃＯＭ', 'ｃＯＭ']
2	['20％', '20％', '第2卷', '第2团', '第2师团', '第2师团', '第2兵团', '第27师团', '第27师团', '第12兵团', '第20团', '第20师团', '第20师团', '200％', '200％', '第302团', '第12卷', '第27军团', '第26师团', '第26师团', '第24团', '第20兵团', '第23团', '第12团', '第20卷', '第20军团', '第42团', '第23师团', '第23师团', '第22师团', '第22师团', '第22师团', '第22师团', '第772团', '第23卷', '第26卷', '第24卷', '第12师团', '第12师团', '第21卷', '2．5％', '2．5％', '2．5％', '2．5％', '第28卷', '第22卷', '第22卷', '第62师团', '第62师团', '第25卷', '第32团', '第25团', '第21团', '第22团', '第22团', '第21师团', '第21师团', '第29卷', '第28团', '第27团', '第264团', '2‰', '2‰', '第12回', '第24师团', '第24师团', '02％', '02％', '第21回', '第27分钟', '第27卷', '第20回', '第112团', '第25分钟', '第72团', '第22兵团', '第22兵团', '第23回', '第12分钟', '第26回', '第21兵团', '第524团', '第32卷', '第200团', '第28回']
％	['20％', '20％', '10％', '10％', '50％', '50％', '30％', '30％', '80％', '80％', '40％', '40％', '90％', '90％', '60％', '60％', '100％', '100％', '70％', '70％', '0％', '0％', '200％', '200％', '120％', '150％', '150％', '300％', '300％', '0．5％', '0．5％', '0．5％', '0．5％', '2．5％', '2．5％', '2．5％', '2．5％', '1．5％', '1．5％', '1．5％', '1．5％', '01％', '01％', '９．５％', '９．５％', '９．５％', '９．５％', '400％', '400％', '02％', '02％', '3．5％', '3．5％', '3．5％', '3．5％', '03％', '03％', '500％', '500％', '0．3％', '0．3％', '0．3％', '0．3％', '7．5％', '7．5％', '7．5％', '7．5％', '０．５％', '０．５％', '０．５％', '０．５％', '4．3％', '4．3％', '4．3％', '4．3％', '06％', '06％', '05％', '05％', '130％', '130％', '0．8％', '0．8％', '0．8％', '0．8％', '１．５％', '１．５％', '１．５％', '１．５％']
1	['10％', '10％', '100％', '100％', '第1卷', '第106师团', '第106师团', '第01卷', '第18师团', '第18师团', '第13师团', '第13师团', '第11师团', '第11师团', '第11师团', '第11师团', '第1军团', '第1团', '第101师团', '第101师团', '第101师团', '第101师团', '第10师团', '第10师团', '第1兵团', '第14卷', '第14师团', '第14师团', '第19兵团', '第12兵团', '第16师团', '第16师团', '第1师团', '第1师团', '第301团', '第114师团', '第114师团', '第114师团', '第114师团', '第18团', '第18兵团', '第15兵团', '第15卷', '第10兵团', '第16卷', '第10团', '第19师团', '第19师团', '第116师团', '第116师团', '第116师团', '第116师团', '第15师团', '第15师团', '第13团', '第13兵团', '第12卷', '第15团', '1‰', '1‰', '第17卷', '第10卷', '第11卷', '第11卷', '第104师团', '第104师团', '第13卷', '第12团', '150％', '150％', '第17师团', '第17师团', '第113团', '第113团', '第16兵团', '第14团', '第41团', '第114团', '第114团', '第12师团', '第12师团', '第19团', '第16团', '第21卷', '第14兵团', '第17团', '第19卷', '第11团', '第11团', '1．5％', '1．5％', '1．5％', '1．5％', '第17兵团', '第21团', '第18卷', '第51团', '第21师团', '第21师团', '第17军团', '第18回', '第31卷', '第31团', '第155团', '第12回', '第11兵团', '第11兵团', '01％', '01％', '第21回', '第15回', '第14回', '第13回', '第10回', '第19回', '第51回', '第112团', '第112团', '第105团', '第18分钟', '130％', '130％', '第12分钟', '\x1c1', '\x1c1', '第21兵团']
狰	['狰']
魈	['魈']
缤	['缤']
霹	['霹']
辗	['辗']
〓	['〓']
菩	['菩']
咐	['咐']
衿	['衿']
◎	['◎']
赀	['赀', '所费不赀']
踉	['踉', '跄跄踉踉', '跄跄踉踉', '跄跄踉踉', '跄跄踉踉']
顒	['顒']
怂	['怂']
眈	['眈']
Ｘ	['Ｘ', 'ＸＧ', 'ＸＧ', 'Ｘｓ', 'Ｘｓ', 'ＸＸ', 'ＸＸ', 'ＸＸ', 'ＸＸ', 'ＸＸＸ', 'ＸＸＸ', 'ＸＸＸ', 'ＸＸＸ', 'ＸＸＸ', 'ＸＸＸ', 'ＸＸＸ', 'ＸＸＸ', 'ＸＸＸ', 'ＸＫＩＮＧ', 'ＸＫＩＮＧ', 'ＸＫＩＮＧ', 'ＸＫＩＮＧ', 'ＸＫＩＮＧ', 'ＬＸ', 'ＬＸ', 'ＲＥＭＡＸ', 'ＲＥＭＡＸ', 'ＲＥＭＡＸ', 'ＲＥＭＡＸ', 'ＲＥＭＡＸ', 'ＡＤＸ', 'ＡＤＸ', 'ＡＤＸ', 'ｋＸＳ', 'ｋＸＳ', 'ｋＸＳ', 'ＸＥ', 'ＸＥ', 'ＺＸ', 'ＺＸ', 'ＸＹ', 'ＸＹ', 'ＸＴ', 'ＸＴ', 'ＸＯ', 'ＸＯ', 'ＯＸ', 'ＯＸ', 'ＸＲ', 'ＸＲ', 'ＣＨＸ', 'ＣＨＸ', 'ＣＨＸ', 'ＸＪ', 'ＸＪ', 'ＤＸ', 'ＤＸ', 'ＸＸＯＯ', 'ＸＸＯＯ', 'ＸＸＯＯ', 'ＸＸＯＯ', 'ＸＸＯＯ', 'ＸＸＯＯ', 'ＸＸＯＯ', 'ＸＸＯＯ', 'ＮＸ', 'ＮＸ', 'ＷＸ', 'ＷＸ', 'ＧＸ', 'ＧＸ', 'ＳＥＸ', 'ＳＥＸ', 'ＳＥＸ', 'ＢＸ', 'ＢＸ', 'ＡＤＸＲ', 'ＡＤＸＲ', 'ＡＤＸＲ', 'ＡＤＸＲ', 'ＸＸＸＸ', 'ＸＸＸＸ', 'ＸＸＸＸ', 'ＸＸＸＸ', 'ＸＸＸＸ', 'ＸＸＸＸ', 'ＸＸＸＸ', 'ＸＸＸＸ', 'ＸＸＸＸ', 'ＸＸＸＸ', 'ＸＸＸＸ', 'ＸＸＸＸ', 'ＸＸＸＸ', 'ＸＸＸＸ', 'ＸＸＸＸ', 'ＸＸＸＸ', 'Ｘｔ', 'Ｘｔ', 'ＡＸＥ', 'ＡＸＥ', 'ＡＸＥ']
ｏ	['ｏ', 'ｏｍ', 'ｏｍ', 'ｃｏｍ', 'ｃｏｍ', 'ｃｏｍ', 'ｂｏｓｓ', 'ｂｏｓｓ', 'ｂｏｓｓ', 'ｂｏｓｓ', 'ｄａｏ', 'ｄａｏ', 'ｄａｏ', 'Ｅｃｈｏ', 'Ｅｃｈｏ', 'Ｅｃｈｏ', 'Ｅｃｈｏ', 'Ｄａｏ', 'Ｄａｏ', 'Ｄａｏ', 'Ａｒｄｏｎ', 'Ａｒｄｏｎ', 'Ａｒｄｏｎ', 'Ａｒｄｏｎ', 'Ａｒｄｏｎ', 'ｃｏ', 'ｃｏ', 'Ｃｏ', 'Ｃｏ', 'Ｙａｈｏｏ', 'Ｙａｈｏｏ', 'Ｙａｈｏｏ', 'Ｙａｈｏｏ', 'Ｙａｈｏｏ', 'Ｙａｈｏｏ', 'Ｙａｈｏｏ', 'Ｙａｈｏｏ', 'Ｙａｈｏｏ', 'Ｙａｈｏｏ', 'Ｗｉｎｄｏｗｓ', 'Ｗｉｎｄｏｗｓ', 'Ｗｉｎｄｏｗｓ', 'Ｗｉｎｄｏｗｓ', 'Ｗｉｎｄｏｗｓ', 'Ｗｉｎｄｏｗｓ', 'Ｗｉｎｄｏｗｓ', 'Ｃｏｍ', 'Ｃｏｍ', 'Ｃｏｍ', 'ｓｈｕｄａｏ', 'ｓｈｕｄａｏ', 'ｓｈｕｄａｏ', 'ｓｈｕｄａｏ', 'ｓｈｕｄａｏ', 'ｓｈｕｄａｏ', 'ｏＭ', 'ｏＭ', 'ｗｏｅ', 'ｗｏｅ', 'ｗｏｅ', 'Ｓｏｎａｘ', 'Ｓｏｎａｘ', 'Ｓｏｎａｘ', 'Ｓｏｎａｘ', 'Ｓｏｎａｘ', 'ｏｏ', 'ｏｏ', 'ｏｏ', 'ｏｏ', 'Ｍａｑｕｉｌａｄｏｒａ', 'Ｍａｑｕｉｌａｄｏｒａ', 'Ｍａｑｕｉｌａｄｏｒａ', 'Ｍａｑｕｉｌａｄｏｒａ', 'Ｍａｑｕｉｌａｄｏｒａ', 'Ｍａｑｕｉｌａｄｏｒａ', 'Ｍａｑｕｉｌａｄｏｒａ', 'Ｍａｑｕｉｌａｄｏｒａ', 'Ｍａｑｕｉｌａｄｏｒａ', 'Ｍａｑｕｉｌａｄｏｒａ', 'Ｍａｑｕｉｌａｄｏｒａ', 'ｔｈｅＦｏｒｇｏｔｔｅｎＡｍｂａｓｓａｄｏｒ', 'ｔｈｅＦｏｒｇｏｔｔｅｎＡｍｂａｓｓａｄｏｒ', 'ｔｈｅＦｏｒｇｏｔｔｅｎＡｍｂａｓｓａｄｏｒ', 'ｔｈｅＦｏｒｇｏｔｔｅｎＡｍｂａｓｓａｄｏｒ', 'ｔｈｅＦｏｒｇｏｔｔｅｎＡｍｂａｓｓａｄｏｒ', 'ｔｈｅＦｏｒｇｏｔｔｅｎＡｍｂａｓｓａｄｏｒ', 'ｔｈｅＦｏｒｇｏｔｔｅｎＡｍｂａｓｓａｄｏｒ', 'ｔｈｅＦｏｒｇｏｔｔｅｎＡｍｂａｓｓａｄｏｒ', 'ｔｈｅＦｏｒｇｏｔｔｅｎＡｍｂａｓｓａｄｏｒ', 'ｔｈｅＦｏｒｇｏｔｔｅｎＡｍｂａｓｓａｄｏｒ', 'ｔｈｅＦｏｒｇｏｔｔｅｎＡｍｂａｓｓａｄｏｒ', 'ｔｈｅＦｏｒｇｏｔｔｅｎＡｍｂａｓｓａｄｏｒ', 'ｔｈｅＦｏｒｇｏｔｔｅｎＡｍｂａｓｓａｄｏｒ', 'ｔｈｅＦｏｒｇｏｔｔｅｎＡｍｂａｓｓａｄｏｒ', 'ｔｈｅＦｏｒｇｏｔｔｅｎＡｍｂａｓｓａｄｏｒ', 'ｔｈｅＦｏｒｇｏｔｔｅｎＡｍｂａｓｓａｄｏｒ', 'ｔｈｅＦｏｒｇｏｔｔｅｎＡｍｂａｓｓａｄｏｒ', 'ｔｈｅＦｏｒｇｏｔｔｅｎＡｍｂａｓｓａｄｏｒ', 'ｔｈｅＦｏｒｇｏｔｔｅｎＡｍｂａｓｓａｄｏｒ', 'ｔｈｅＦｏｒｇｏｔｔｅｎＡｍｂａｓｓａｄｏｒ', 'ｔｈｅＦｏｒｇｏｔｔｅｎＡｍｂａｓｓａｄｏｒ', 'ｔｈｅＦｏｒｇｏｔｔｅｎＡｍｂａｓｓａｄｏｒ', 'ｔｈｅＦｏｒｇｏｔｔｅｎＡｍｂａｓｓａｄｏｒ', 'ｔｈｅＦｏｒｇｏｔｔｅｎＡｍｂａｓｓａｄｏｒ', 'ｔｈｅＦｏｒｇｏｔｔｅｎＡｍｂａｓｓａｄｏｒ', 'ｔｈｅＦｏｒｇｏｔｔｅｎＡｍｂａｓｓａｄｏｒ', 'ｔｈｅＦｏｒｇｏｔｔｅｎＡｍｂａｓｓａｄｏｒ', 'ｔｈｅＦｏｒｇｏｔｔｅｎＡｍｂａｓｓａｄｏｒ', 'ｔｈｅＦｏｒｇｏｔｔｅｎＡｍｂａｓｓａｄｏｒ', 'ｔｈｅＦｏｒｇｏｔｔｅｎＡｍｂａｓｓａｄｏｒ', 'ｔｈｅＦｏｒｇｏｔｔｅｎＡｍｂａｓｓａｄｏｒ', 'ｔｈｅＦｏｒｇｏｔｔｅｎＡｍｂａｓｓａｄｏｒ', 'ｔｈｅＦｏｒｇｏｔｔｅｎＡｍｂａｓｓａｄｏｒ', 'ｔｈｅＦｏｒｇｏｔｔｅｎＡｍｂａｓｓａｄｏｒ', 'ｔｈｅＦｏｒｇｏｔｔｅｎＡｍｂａｓｓａｄｏｒ', 'ｔｈｅＦｏｒｇｏｔｔｅｎＡｍｂａｓｓａｄｏｒ', 'ｔｈｅＦｏｒｇｏｔｔｅｎＡｍｂａｓｓａｄｏｒ', 'ｔｈｅＦｏｒｇｏｔｔｅｎＡｍｂａｓｓａｄｏｒ', 'ｔｈｅＦｏｒｇｏｔｔｅｎＡｍｂａｓｓａｄｏｒ', 'ｔｈｅＦｏｒｇｏｔｔｅｎＡｍｂａｓｓａｄｏｒ', 'ｔｈｅＦｏｒｇｏｔｔｅｎＡｍｂａｓｓａｄｏｒ', 'ｔｈｅＦｏｒｇｏｔｔｅｎＡｍｂａｓｓａｄｏｒ', 'ｔｈｅＦｏｒｇｏｔｔｅｎＡｍｂａｓｓａｄｏｒ', 'ｔｈｅＦｏｒｇｏｔｔｅｎＡｍｂａｓｓａｄｏｒ', 'ｔｈｅＦｏｒｇｏｔｔｅｎＡｍｂａｓｓａｄｏｒ', 'ｔｈｅＦｏｒｇｏｔｔｅｎＡｍｂａｓｓａｄｏｒ', 'ｔｈｅＦｏｒｇｏｔｔｅｎＡｍｂａｓｓａｄｏｒ', 'ｔｈｅＦｏｒｇｏｔｔｅｎＡｍｂａｓｓａｄｏｒ', 'ｔｈｅＦｏｒｇｏｔｔｅｎＡｍｂａｓｓａｄｏｒ', 'ｔｈｅＦｏｒｇｏｔｔｅｎＡｍｂａｓｓａｄｏｒ', 'ｔｈｅＦｏｒｇｏｔｔｅｎＡｍｂａｓｓａｄｏｒ', 'ｔｈｅＦｏｒｇｏｔｔｅｎＡｍｂａｓｓａｄｏｒ', 'ｔｈｅＦｏｒｇｏｔｔｅｎＡｍｂａｓｓａｄｏｒ', 'ｔｈｅＦｏｒｇｏｔｔｅｎＡｍｂａｓｓａｄｏｒ', 'ｔｈｅＦｏｒｇｏｔｔｅｎＡｍｂａｓｓａｄｏｒ', 'ｔｈｅＦｏｒｇｏｔｔｅｎＡｍｂａｓｓａｄｏｒ', 'ｔｈｅＦｏｒｇｏｔｔｅｎＡｍｂａｓｓａｄｏｒ', 'ｔｈｅＦｏｒｇｏｔｔｅｎＡｍｂａｓｓａｄｏｒ', 'ｔｈｅＦｏｒｇｏｔｔｅｎＡｍｂａｓｓａｄｏｒ', 'ｔｈｅＦｏｒｇｏｔｔｅｎＡｍｂａｓｓａｄｏｒ', 'ｔｈｅＦｏｒｇｏｔｔｅｎＡｍｂａｓｓａｄｏｒ', 'ｔｈｅＦｏｒｇｏｔｔｅｎＡｍｂａｓｓａｄｏｒ', 'ｔｈｅＦｏｒｇｏｔｔｅｎＡｍｂａｓｓａｄｏｒ', 'ｔｈｅＦｏｒｇｏｔｔｅｎＡｍｂａｓｓａｄｏｒ', 'ｔｈｅＦｏｒｇｏｔｔｅｎＡｍｂａｓｓａｄｏｒ', 'ｔｈｅＦｏｒｇｏｔｔｅｎＡｍｂａｓｓａｄｏｒ', 'Ｋｏｏ', 'Ｋｏｏ', 'Ｋｏｏ', 'Ｋｏｏ', 'Ｋｏｏ', 'Ｋｏｏ']
砦	['砦', '鹿砦']
礴	['气势磅礴', '大气磅礴', '礴']
⑩	['⑩']
＆	['＆']
氲	['氲', '氤氤氲氲', '氤氤氲氲']
栩	['赵栩', '栩', '姬栩', '杨栩', '程栩', '涂栩', '许栩', '韩栩', '周栩', '贾栩', '王赵栩', '刘栩', '李栩', '秦栩']
◇	['◇']
岘	['岘']
ｍ	['ｍ', 'ｃＯｍ', 'ｃＯｍ', 'ｃＯｍ', 'ｏｍ', 'ｏｍ', 'ｍｍ', 'ｍｍ', 'ｍｍ', 'ｍｍ', 'ｃｏｍ', 'ｃｏｍ', 'ｃｏｍ', 'ｍａ', 'ｍａ', 'ａｍ', 'ａｍ', 'Ｊａｍｅｓ', 'Ｊａｍｅｓ', 'Ｊａｍｅｓ', 'Ｊａｍｅｓ', 'Ｊａｍｅｓ', 'Ｈｅｒｍｉｔ', 'Ｈｅｒｍｉｔ', 'Ｈｅｒｍｉｔ', 'Ｈｅｒｍｉｔ', 'Ｈｅｒｍｉｔ', 'Ｈｅｒｍｉｔ', 'ｍｃ', 'ｍｃ', 'ｃｍ', 'ｃｍ', 'ｓａｍａ', 'ｓａｍａ', 'ｓａｍａ', 'ｓａｍａ', 'ｍｅ', 'ｍｅ', 'Ｃｏｍ', 'Ｃｏｍ', 'Ｃｏｍ', 'ｍｅｄｉａ', 'ｍｅｄｉａ', 'ｍｅｄｉａ', 'ｍｅｄｉａ', 'ｍｅｄｉａ', 'ｍｚ', 'ｍｚ', 'ＣａｒｍａｎＬｉｎ', 'ＣａｒｍａｎＬｉｎ', 'ＣａｒｍａｎＬｉｎ', 'ＣａｒｍａｎＬｉｎ', 'ＣａｒｍａｎＬｉｎ', 'ＣａｒｍａｎＬｉｎ', 'ＣａｒｍａｎＬｉｎ', 'ＣａｒｍａｎＬｉｎ', 'ＣａｒｍａｎＬｉｎ', 'Ｃｈａｒｍａｎｔ', 'Ｃｈａｒｍａｎｔ', 'Ｃｈａｒｍａｎｔ', 'Ｃｈａｒｍａｎｔ', 'Ｃｈａｒｍａｎｔ', 'Ｃｈａｒｍａｎｔ', 'Ｃｈａｒｍａｎｔ', 'Ｃｈａｒｍａｎｔ', 'Ｏｍ', 'Ｏｍ', 'ａｍｅ', 'ａｍｅ', 'ａｍｅ', 'ｔｈｅＦｏｒｇｏｔｔｅｎＡｍｂａｓｓａｄｏｒ', 'ｔｈｅＦｏｒｇｏｔｔｅｎＡｍｂａｓｓａｄｏｒ', 'ｔｈｅＦｏｒｇｏｔｔｅｎＡｍｂａｓｓａｄｏｒ', 'ｔｈｅＦｏｒｇｏｔｔｅｎＡｍｂａｓｓａｄｏｒ', 'ｔｈｅＦｏｒｇｏｔｔｅｎＡｍｂａｓｓａｄｏｒ', 'ｔｈｅＦｏｒｇｏｔｔｅｎＡｍｂａｓｓａｄｏｒ', 'ｔｈｅＦｏｒｇｏｔｔｅｎＡｍｂａｓｓａｄｏｒ', 'ｔｈｅＦｏｒｇｏｔｔｅｎＡｍｂａｓｓａｄｏｒ', 'ｔｈｅＦｏｒｇｏｔｔｅｎＡｍｂａｓｓａｄｏｒ', 'ｔｈｅＦｏｒｇｏｔｔｅｎＡｍｂａｓｓａｄｏｒ', 'ｔｈｅＦｏｒｇｏｔｔｅｎＡｍｂａｓｓａｄｏｒ', 'ｔｈｅＦｏｒｇｏｔｔｅｎＡｍｂａｓｓａｄｏｒ', 'ｔｈｅＦｏｒｇｏｔｔｅｎＡｍｂａｓｓａｄｏｒ', 'ｔｈｅＦｏｒｇｏｔｔｅｎＡｍｂａｓｓａｄｏｒ', 'ｔｈｅＦｏｒｇｏｔｔｅｎＡｍｂａｓｓａｄｏｒ', 'ｔｈｅＦｏｒｇｏｔｔｅｎＡｍｂａｓｓａｄｏｒ', 'ｔｈｅＦｏｒｇｏｔｔｅｎＡｍｂａｓｓａｄｏｒ', 'ｔｈｅＦｏｒｇｏｔｔｅｎＡｍｂａｓｓａｄｏｒ', 'ｔｈｅＦｏｒｇｏｔｔｅｎＡｍｂａｓｓａｄｏｒ', 'ｔｈｅＦｏｒｇｏｔｔｅｎＡｍｂａｓｓａｄｏｒ', 'ｔｈｅＦｏｒｇｏｔｔｅｎＡｍｂａｓｓａｄｏｒ', 'ｔｈｅＦｏｒｇｏｔｔｅｎＡｍｂａｓｓａｄｏｒ', 'ｍｎ', 'ｍｎ']
ˇ	['ˇ']
5	['50％', '50％', '第5师团', '第5师团', '第56师团', '第56师团', '第5团', '第5卷', '第5兵团', '第15兵团', '第15卷', '第305团', '第15师团', '第15师团', '第15团', '第58师团', '第58师团', '第55师团', '第55师团', '第55师团', '第55师团', '第50团', '150％', '150％', '0．5％', '0．5％', '0．5％', '0．5％', '2．5％', '2．5％', '2．5％', '2．5％', '第25卷', '1．5％', '1．5％', '1．5％', '1．5％', '第25团', '第51团', '5‰', '5‰', '\x1c5', '\x1c5', '第56团', '第155团', '第155团', '第55卷', '第55卷', '第65团', '第53师团', '第53师团', '第65师团', '第65师团', '3．5％', '3．5％', '3．5％', '3．5％', '第15回', '500％', '500％', '第555团', '第555团', '第555团', '第51回', '第405团', '7．5％', '7．5％', '7．5％', '7．5％', '第25分钟', '第105团', '05％', '05％', '第53团', '第524团']
Ｍ	['Ｍ', 'ＯＭ', 'ＯＭ', 'Ｍｉｎｉ', 'Ｍｉｎｉ', 'Ｍｉｎｉ', 'Ｍｉｎｉ', 'ＭＭ', 'ＭＭ', 'ＭＭ', 'ＭＭ', 'ＧＭ', 'ＧＭ', 'ＩＢＭ', 'ＩＢＭ', 'ＩＢＭ', 'ＭＰ', 'ＭＰ', 'ＰＭＦ', 'ＰＭＦ', 'ＰＭＦ', 'ＴＭＤ', 'ＴＭＤ', 'ＴＭＤ', 'ＭＩ', 'ＭＩ', 'ＲＥＭＡＸ', 'ＲＥＭＡＸ', 'ＲＥＭＡＸ', 'ＲＥＭＡＸ', 'ＲＥＭＡＸ', 'ＤＥＭＯ', 'ＤＥＭＯ', 'ＤＥＭＯ', 'ＤＥＭＯ', 'ＯＭＧ', 'ＯＭＧ', 'ＯＭＧ', 'ＤＭ', 'ＤＭ', 'ＭＢＡ', 'ＭＢＡ', 'ＭＢＡ', 'ＭＡＣＤ', 'ＭＡＣＤ', 'ＭＡＣＤ', 'ＭＡＣＤ', 'ＳＭ', 'ＳＭ', 'ＳＭＩＬＥ', 'ＳＭＩＬＥ', 'ＳＭＩＬＥ', 'ＳＭＩＬＥ', 'ＳＭＩＬＥ', 'ＣＯＭ', 'ＣＯＭ', 'ＣＯＭ', 'ＭＢ', 'ＭＢ', 'ＡＭＤ', 'ＡＭＤ', 'ＡＭＤ', 'ＣＭ', 'ＣＭ', 'ＤＭＣ', 'ＤＭＣ', 'ＤＭＣ', 'ＭＳＬ', 'ＭＳＬ', 'ＭＳＬ', 'ＢＭ', 'ＢＭ', 'ＥＭＡ', 'ＥＭＡ', 'ＥＭＡ', 'ＱＭ', 'ＱＭ', 'ＭＤ', 'ＭＤ', 'ＲＭＢ', 'ＲＭＢ', 'ＲＭＢ', 'ＫＭ', 'ＫＭ', 'ＭＦ', 'ＭＦ', 'ＭＫ', 'ＭＫ', 'ＳＵＰＥＮＭＡＮ', 'ＳＵＰＥＮＭＡＮ', 'ＳＵＰＥＮＭＡＮ', 'ＳＵＰＥＮＭＡＮ', 'ＳＵＰＥＮＭＡＮ', 'ＳＵＰＥＮＭＡＮ', 'ＳＵＰＥＮＭＡＮ', 'ＳＵＰＥＮＭＡＮ', 'ＭＳＮ', 'ＭＳＮ', 'ＭＳＮ', 'ＩＧＭ', 'ＩＧＭ', 'ＩＧＭ', 'ＭＴＭ', 'ＭＴＭ', 'ＭＴＭ', 'ＭＴＭ', 'ＭＴＭ', 'ＭＴＭ', 'ＨＳＭＣ', 'ＨＳＭＣ', 'ＨＳＭＣ', 'ＨＳＭＣ', 'ＡＫＭＳ', 'ＡＫＭＳ', 'ＡＫＭＳ', 'ＡＫＭＳ', 'ＦＭ', 'ＦＭ', 'ＣＡＰＭ', 'ＣＡＰＭ', 'ＣＡＰＭ', 'ＣＡＰＭ', 'ｏＭ', 'ｏＭ', 'ＭＳ', 'ＭＳ', 'ＬＭＤＳ', 'ＬＭＤＳ', 'ＬＭＤＳ', 'ＬＭＤＳ', 'ＴＭ', 'ＴＭ', 'ＯＥＭ', 'ＯＥＭ', 'ＯＥＭ', 'ＭＨ', 'ＭＨ', 'ｉＭａｃ', 'ｉＭａｃ', 'ｉＭａｃ', 'ｉＭａｃ', 'ＴＭＢ', 'ＴＭＢ', 'ＴＭＢ', 'Ｍａｑｕｉｌａｄｏｒａ', 'Ｍａｑｕｉｌａｄｏｒａ', 'Ｍａｑｕｉｌａｄｏｒａ', 'Ｍａｑｕｉｌａｄｏｒａ', 'Ｍａｑｕｉｌａｄｏｒａ', 'Ｍａｑｕｉｌａｄｏｒａ', 'Ｍａｑｕｉｌａｄｏｒａ', 'Ｍａｑｕｉｌａｄｏｒａ', 'Ｍａｑｕｉｌａｄｏｒａ', 'Ｍａｑｕｉｌａｄｏｒａ', 'Ｍａｑｕｉｌａｄｏｒａ', 'ＮＥＭＡ', 'ＮＥＭＡ', 'ＮＥＭＡ', 'ＮＥＭＡ', 'ＶＭＨ', 'ＶＭＨ', 'ＶＭＨ', 'ＭＲＤ', 'ＭＲＤ', 'ＭＲＤ', 'ＭＶ', 'ＭＶ', 'ＭＣ', 'ＭＣ', 'Ｍｒ', 'Ｍｒ', 'ＭＵＴＡＴＩＯＮ', 'ＭＵＴＡＴＩＯＮ', 'ＭＵＴＡＴＩＯＮ', 'ＭＵＴＡＴＩＯＮ', 'ＭＵＴＡＴＩＯＮ', 'ＭＵＴＡＴＩＯＮ', 'ＭＵＴＡＴＩＯＮ', 'ＭＵＴＡＴＩＯＮ', 'ｃＯＭ', 'ｃＯＭ', 'ｃＯＭ']
噻	['噻']
彀	['彀']
ｐ	['ｗｐ', 'ｗｐ', 'ｐ', 'ｗａｐ', 'ｗａｐ', 'ｗａｐ', 'ＮｅｗＣａｐ', 'ＮｅｗＣａｐ', 'ＮｅｗＣａｐ', 'ＮｅｗＣａｐ', 'ＮｅｗＣａｐ', 'ＮｅｗＣａｐ', 'ｐｓ', 'ｐｓ']
旖	['旖']
ｘ	['ｘｓ', 'ｘｓ', 'ｋｘｓ', 'ｋｘｓ', 'ｋｘｓ', 'ｘＳ', 'ｘＳ', 'ｘ', 'ｘｙｚ', 'ｘｙｚ', 'ｘｙｚ', 'ｘｘ', 'ｘｘ', 'ｘｘ', 'ｘｘ', 'ｘｘｘ', 'ｘｘｘ', 'ｘｘｘ', 'ｘｘｘ', 'ｘｘｘ', 'ｘｘｘ', 'ｘｘｘ', 'ｘｘｘ', 'ｘｘｘ', 'ｘｔ', 'ｘｔ', 'ｈｘ', 'ｈｘ', 'ｘｉ', 'ｘｉ', 'ｘＴ', 'ｘＴ', 'Ｓｏｎａｘ', 'Ｓｏｎａｘ', 'Ｓｏｎａｘ', 'Ｓｏｎａｘ', 'Ｓｏｎａｘ', 'ｔｘ', 'ｔｘ', 'Ｌｉｎｕｘ', 'Ｌｉｎｕｘ', 'Ｌｉｎｕｘ', 'Ｌｉｎｕｘ', 'Ｌｉｎｕｘ']
ｓ	['ｘｓ', 'ｘｓ', 'ｋｘｓ', 'ｋｘｓ', 'ｋｘｓ', 'Ｘｓ', 'Ｘｓ', 'ｓ', 'ｂｏｓｓ', 'ｂｏｓｓ', 'ｂｏｓｓ', 'ｂｏｓｓ', 'ｂｏｓｓ', 'ｂｏｓｓ', 'ｂｏｓｓ', 'ｂｏｓｓ', 'Ｕｃｓ', 'Ｕｃｓ', 'Ｕｃｓ', 'Ｃａｓｔｅｒ', 'Ｃａｓｔｅｒ', 'Ｃａｓｔｅｒ', 'Ｃａｓｔｅｒ', 'Ｃａｓｔｅｒ', 'Ｃａｓｔｅｒ', 'Ｊａｍｅｓ', 'Ｊａｍｅｓ', 'Ｊａｍｅｓ', 'Ｊａｍｅｓ', 'Ｊａｍｅｓ', 'Ａｓｓａｓｓｉｎ', 'Ａｓｓａｓｓｉｎ', 'Ａｓｓａｓｓｉｎ', 'Ａｓｓａｓｓｉｎ', 'Ａｓｓａｓｓｉｎ', 'Ａｓｓａｓｓｉｎ', 'Ａｓｓａｓｓｉｎ', 'Ａｓｓａｓｓｉｎ', 'Ａｓｓａｓｓｉｎ', 'Ａｓｓａｓｓｉｎ', 'Ａｓｓａｓｓｉｎ', 'Ａｓｓａｓｓｉｎ', 'Ａｓｓａｓｓｉｎ', 'Ａｓｓａｓｓｉｎ', 'Ａｓｓａｓｓｉｎ', 'Ａｓｓａｓｓｉｎ', 'Ａｓｓａｓｓｉｎ', 'Ａｓｓａｓｓｉｎ', 'Ａｓｓａｓｓｉｎ', 'Ａｓｓａｓｓｉｎ', 'Ａｓｓａｓｓｉｎ', 'Ａｓｓａｓｓｉｎ', 'Ａｓｓａｓｓｉｎ', 'Ａｓｓａｓｓｉｎ', 'Ａｓｓａｓｓｉｎ', 'Ａｓｓａｓｓｉｎ', 'Ａｓｓａｓｓｉｎ', 'Ａｓｓａｓｓｉｎ', 'Ａｓｓａｓｓｉｎ', 'Ａｓｓａｓｓｉｎ', 'Ａｓｓａｓｓｉｎ', 'Ａｓｓａｓｓｉｎ', 'Ｐｃｓ', 'Ｐｃｓ', 'Ｐｃｓ', 'Ｃｓ', 'Ｃｓ', 'Ｄｕｓｔｉｎ', 'Ｄｕｓｔｉｎ', 'Ｄｕｓｔｉｎ', 'Ｄｕｓｔｉｎ', 'Ｄｕｓｔｉｎ', 'Ｄｕｓｔｉｎ', 'ｓａｍａ', 'ｓａｍａ', 'ｓａｍａ', 'ｓａｍａ', 'ｓｈ', 'ｓｈ', 'ｐｓ', 'ｐｓ', 'Ｗｉｎｄｏｗｓ', 'Ｗｉｎｄｏｗｓ', 'Ｗｉｎｄｏｗｓ', 'Ｗｉｎｄｏｗｓ', 'Ｗｉｎｄｏｗｓ', 'Ｗｉｎｄｏｗｓ', 'Ｗｉｎｄｏｗｓ', 'Ｙｅｓ', 'Ｙｅｓ', 'Ｙｅｓ', 'ｓｈｎ', 'ｓｈｎ', 'ｓｈｎ', 'ｋｓ', 'ｋｓ', 'ｓｈｕｄａｏ', 'ｓｈｕｄａｏ', 'ｓｈｕｄａｏ', 'ｓｈｕｄａｏ', 'ｓｈｕｄａｏ', 'ｓｈｕｄａｏ', 'ｋｉｓｓ', 'ｋｉｓｓ', 'ｋｉｓｓ', 'ｋｉｓｓ', 'ｋｉｓｓ', 'ｋｉｓｓ', 'ｋｉｓｓ', 'ｋｉｓｓ', 'Ｎａｒｃｉｓｓｕｓ', 'Ｎａｒｃｉｓｓｕｓ', 'Ｎａｒｃｉｓｓｕｓ', 'Ｎａｒｃｉｓｓｕｓ', 'Ｎａｒｃｉｓｓｕｓ', 'Ｎａｒｃｉｓｓｕｓ', 'Ｎａｒｃｉｓｓｕｓ', 'Ｎａｒｃｉｓｓｕｓ', 'Ｎａｒｃｉｓｓｕｓ', 'Ｎａｒｃｉｓｓｕｓ', 'Ｎａｒｃｉｓｓｕｓ', 'Ｎａｒｃｉｓｓｕｓ', 'Ｎａｒｃｉｓｓｕｓ', 'Ｎａｒｃｉｓｓｕｓ', 'Ｎａｒｃｉｓｓｕｓ', 'Ｎａｒｃｉｓｓｕｓ', 'Ｎａｒｃｉｓｓｕｓ', 'Ｎａｒｃｉｓｓｕｓ', 'Ｎａｒｃｉｓｓｕｓ', 'Ｎａｒｃｉｓｓｕｓ', 'Ｎａｒｃｉｓｓｕｓ', 'Ｎａｒｃｉｓｓｕｓ', 'Ｎａｒｃｉｓｓｕｓ', 'Ｎａｒｃｉｓｓｕｓ', 'Ｎａｒｃｉｓｓｕｓ', 'Ｎａｒｃｉｓｓｕｓ', 'Ｎａｒｃｉｓｓｕｓ', 'ｂｂｓ', 'ｂｂｓ', 'ｂｂｓ', 'ｔｈｅＦｏｒｇｏｔｔｅｎＡｍｂａｓｓａｄｏｒ', 'ｔｈｅＦｏｒｇｏｔｔｅｎＡｍｂａｓｓａｄｏｒ', 'ｔｈｅＦｏｒｇｏｔｔｅｎＡｍｂａｓｓａｄｏｒ', 'ｔｈｅＦｏｒｇｏｔｔｅｎＡｍｂａｓｓａｄｏｒ', 'ｔｈｅＦｏｒｇｏｔｔｅｎＡｍｂａｓｓａｄｏｒ', 'ｔｈｅＦｏｒｇｏｔｔｅｎＡｍｂａｓｓａｄｏｒ', 'ｔｈｅＦｏｒｇｏｔｔｅｎＡｍｂａｓｓａｄｏｒ', 'ｔｈｅＦｏｒｇｏｔｔｅｎＡｍｂａｓｓａｄｏｒ', 'ｔｈｅＦｏｒｇｏｔｔｅｎＡｍｂａｓｓａｄｏｒ', 'ｔｈｅＦｏｒｇｏｔｔｅｎＡｍｂａｓｓａｄｏｒ', 'ｔｈｅＦｏｒｇｏｔｔｅｎＡｍｂａｓｓａｄｏｒ', 'ｔｈｅＦｏｒｇｏｔｔｅｎＡｍｂａｓｓａｄｏｒ', 'ｔｈｅＦｏｒｇｏｔｔｅｎＡｍｂａｓｓａｄｏｒ', 'ｔｈｅＦｏｒｇｏｔｔｅｎＡｍｂａｓｓａｄｏｒ', 'ｔｈｅＦｏｒｇｏｔｔｅｎＡｍｂａｓｓａｄｏｒ', 'ｔｈｅＦｏｒｇｏｔｔｅｎＡｍｂａｓｓａｄｏｒ', 'ｔｈｅＦｏｒｇｏｔｔｅｎＡｍｂａｓｓａｄｏｒ', 'ｔｈｅＦｏｒｇｏｔｔｅｎＡｍｂａｓｓａｄｏｒ', 'ｔｈｅＦｏｒｇｏｔｔｅｎＡｍｂａｓｓａｄｏｒ', 'ｔｈｅＦｏｒｇｏｔｔｅｎＡｍｂａｓｓａｄｏｒ', 'ｔｈｅＦｏｒｇｏｔｔｅｎＡｍｂａｓｓａｄｏｒ', 'ｔｈｅＦｏｒｇｏｔｔｅｎＡｍｂａｓｓａｄｏｒ', 'ｔｈｅＦｏｒｇｏｔｔｅｎＡｍｂａｓｓａｄｏｒ', 'ｔｈｅＦｏｒｇｏｔｔｅｎＡｍｂａｓｓａｄｏｒ', 'ｔｈｅＦｏｒｇｏｔｔｅｎＡｍｂａｓｓａｄｏｒ', 'ｔｈｅＦｏｒｇｏｔｔｅｎＡｍｂａｓｓａｄｏｒ', 'ｔｈｅＦｏｒｇｏｔｔｅｎＡｍｂａｓｓａｄｏｒ', 'ｔｈｅＦｏｒｇｏｔｔｅｎＡｍｂａｓｓａｄｏｒ', 'ｔｈｅＦｏｒｇｏｔｔｅｎＡｍｂａｓｓａｄｏｒ', 'ｔｈｅＦｏｒｇｏｔｔｅｎＡｍｂａｓｓａｄｏｒ', 'ｔｈｅＦｏｒｇｏｔｔｅｎＡｍｂａｓｓａｄｏｒ', 'ｔｈｅＦｏｒｇｏｔｔｅｎＡｍｂａｓｓａｄｏｒ', 'ｔｈｅＦｏｒｇｏｔｔｅｎＡｍｂａｓｓａｄｏｒ', 'ｔｈｅＦｏｒｇｏｔｔｅｎＡｍｂａｓｓａｄｏｒ', 'ｔｈｅＦｏｒｇｏｔｔｅｎＡｍｂａｓｓａｄｏｒ', 'ｔｈｅＦｏｒｇｏｔｔｅｎＡｍｂａｓｓａｄｏｒ', 'ｔｈｅＦｏｒｇｏｔｔｅｎＡｍｂａｓｓａｄｏｒ', 'ｔｈｅＦｏｒｇｏｔｔｅｎＡｍｂａｓｓａｄｏｒ', 'ｔｈｅＦｏｒｇｏｔｔｅｎＡｍｂａｓｓａｄｏｒ', 'ｔｈｅＦｏｒｇｏｔｔｅｎＡｍｂａｓｓａｄｏｒ', 'ｔｈｅＦｏｒｇｏｔｔｅｎＡｍｂａｓｓａｄｏｒ', 'ｔｈｅＦｏｒｇｏｔｔｅｎＡｍｂａｓｓａｄｏｒ', 'ｔｈｅＦｏｒｇｏｔｔｅｎＡｍｂａｓｓａｄｏｒ', 'ｔｈｅＦｏｒｇｏｔｔｅｎＡｍｂａｓｓａｄｏｒ', 'Ｂａｓｉｃ', 'Ｂａｓｉｃ', 'Ｂａｓｉｃ', 'Ｂａｓｉｃ', 'Ｂａｓｉｃ']
Ｎ	['Ｎ', 'ＮＰＣ', 'ＮＰＣ', 'ＮＰＣ', 'ｃＮ', 'ｃＮ', 'ＣＮ', 'ＣＮ', 'ＤＮＡ', 'ＤＮＡ', 'ＤＮＡ', 'ＮＮＤ', 'ＮＮＤ', 'ＮＮＤ', 'ＮＮＤ', 'ＮＮＤ', 'ＮＮＤ', 'ＸＫＩＮＧ', 'ＸＫＩＮＧ', 'ＸＫＩＮＧ', 'ＸＫＩＮＧ', 'ＸＫＩＮＧ', 'ＮＯ', 'ＮＯ', 'ＴＩＧＥＮＫＩＮＧ', 'ＴＩＧＥＮＫＩＮＧ', 'ＴＩＧＥＮＫＩＮＧ', 'ＴＩＧＥＮＫＩＮＧ', 'ＴＩＧＥＮＫＩＮＧ', 'ＴＩＧＥＮＫＩＮＧ', 'ＴＩＧＥＮＫＩＮＧ', 'ＴＩＧＥＮＫＩＮＧ', 'ＴＩＧＥＮＫＩＮＧ', 'ＴＩＧＥＮＫＩＮＧ', 'ＴＩＧＥＮＫＩＮＧ', 'ＴＩＧＥＮＫＩＮＧ', 'ＴＩＧＥＮＫＩＮＧ', 'ＴＩＧＥＮＫＩＮＧ', 'ＴＩＧＥＮＫＩＮＧ', 'ＴＩＧＥＮＫＩＮＧ', 'ＴＩＧＥＮＫＩＮＧ', 'ＴＩＧＥＮＫＩＮＧ', 'ＫＩＮＧ', 'ＫＩＮＧ', 'ＫＩＮＧ', 'ＫＩＮＧ', 'ＲＩＮＧ', 'ＲＩＮＧ', 'ＲＩＮＧ', 'ＲＩＮＧ', 'ＣＮＮ', 'ＣＮＮ', 'ＣＮＮ', 'ＣＮＮ', 'ＣＮＮ', 'ＣＮＮ', 'Ｎｅｔ', 'Ｎｅｔ', 'Ｎｅｔ', 'ＷＩＮＧＫＩＮＧ', 'ＷＩＮＧＫＩＮＧ', 'ＷＩＮＧＫＩＮＧ', 'ＷＩＮＧＫＩＮＧ', 'ＷＩＮＧＫＩＮＧ', 'ＷＩＮＧＫＩＮＧ', 'ＷＩＮＧＫＩＮＧ', 'ＷＩＮＧＫＩＮＧ', 'ＷＩＮＧＫＩＮＧ', 'ＷＩＮＧＫＩＮＧ', 'ＷＩＮＧＫＩＮＧ', 'ＷＩＮＧＫＩＮＧ', 'ＷＩＮＧＫＩＮＧ', 'ＷＩＮＧＫＩＮＧ', 'ＷＩＮＧＫＩＮＧ', 'ＷＩＮＧＫＩＮＧ', 'ＮＢＡ', 'ＮＢＡ', 'ＮＢＡ', 'ＮＥＴ', 'ＮＥＴ', 'ＮＥＴ', 'ＬＮ', 'ＬＮ', 'ＮｅｗＣａｐ', 'ＮｅｗＣａｐ', 'ＮｅｗＣａｐ', 'ＮｅｗＣａｐ', 'ＮｅｗＣａｐ', 'ＮｅｗＣａｐ', 'ＮＤＤ', 'ＮＤＤ', 'ＮＤＤ', 'ＮＦＣ', 'ＮＦＣ', 'ＮＦＣ', 'ＶＬＮ', 'ＶＬＮ', 'ＶＬＮ', 'ＴＮ', 'ＴＮ', 'ＨＡＮＺ', 'ＨＡＮＺ', 'ＨＡＮＺ', 'ＨＡＮＺ', 'ＮＥＣ', 'ＮＥＣ', 'ＮＥＣ', 'ＳＵＰＥＮＭＡＮ', 'ＳＵＰＥＮＭＡＮ', 'ＳＵＰＥＮＭＡＮ', 'ＳＵＰＥＮＭＡＮ', 'ＳＵＰＥＮＭＡＮ', 'ＳＵＰＥＮＭＡＮ', 'ＳＵＰＥＮＭＡＮ', 'ＳＵＰＥＮＭＡＮ', 'ＳＵＰＥＮＭＡＮ', 'ＳＵＰＥＮＭＡＮ', 'ＳＵＰＥＮＭＡＮ', 'ＳＵＰＥＮＭＡＮ', 'ＳＵＰＥＮＭＡＮ', 'ＳＵＰＥＮＭＡＮ', 'ＳＵＰＥＮＭＡＮ', 'ＳＵＰＥＮＭＡＮ', 'ＭＳＮ', 'ＭＳＮ', 'ＭＳＮ', 'ＩＮＴＥＲＮＥＴ', 'ＩＮＴＥＲＮＥＴ', 'ＩＮＴＥＲＮＥＴ', 'ＩＮＴＥＲＮＥＴ', 'ＩＮＴＥＲＮＥＴ', 'ＩＮＴＥＲＮＥＴ', 'ＩＮＴＥＲＮＥＴ', 'ＩＮＴＥＲＮＥＴ', 'ＩＮＴＥＲＮＥＴ', 'ＩＮＴＥＲＮＥＴ', 'ＩＮＴＥＲＮＥＴ', 'ＩＮＴＥＲＮＥＴ', 'ＩＮＴＥＲＮＥＴ', 'ＩＮＴＥＲＮＥＴ', 'ＩＮＴＥＲＮＥＴ', 'ＩＮＴＥＲＮＥＴ', 'ＹＮ', 'ＹＮ', 'ＮＥ', 'ＮＥ', 'ＮＣＡＡ', 'ＮＣＡＡ', 'ＮＣＡＡ', 'ＮＣＡＡ', 'ＴＮＴ', 'ＴＮＴ', 'ＴＮＴ', 'ＦＡＮＳ', 'ＦＡＮＳ', 'ＦＡＮＳ', 'ＦＡＮＳ', 'ＮＧ', 'ＮＧ', 'ＣＨＩＮＡ', 'ＣＨＩＮＡ', 'ＣＨＩＮＡ', 'ＣＨＩＮＡ', 'ＣＨＩＮＡ', 'ＮＸ', 'ＮＸ', 'ＩＮＧ', 'ＩＮＧ', 'ＩＮＧ', 'ＡＮ', 'ＡＮ', 'ＳＯＮＹ', 'ＳＯＮＹ', 'ＳＯＮＹ', 'ＳＯＮＹ', 'ＲＮＡ', 'ＲＮＡ', 'ＲＮＡ', 'Ｎａｒｃｉｓｓｕｓ', 'Ｎａｒｃｉｓｓｕｓ', 'Ｎａｒｃｉｓｓｕｓ', 'Ｎａｒｃｉｓｓｕｓ', 'Ｎａｒｃｉｓｓｕｓ', 'Ｎａｒｃｉｓｓｕｓ', 'Ｎａｒｃｉｓｓｕｓ', 'Ｎａｒｃｉｓｓｕｓ', 'Ｎａｒｃｉｓｓｕｓ', 'ＧＮＰ', 'ＧＮＰ', 'ＧＮＰ', 'ＴＥＮ', 'ＴＥＮ', 'ＴＥＮ', 'ＮＥＭＡ', 'ＮＥＭＡ', 'ＮＥＭＡ', 'ＮＥＭＡ', 'ＮＥｔ', 'ＮＥｔ', 'ＮＥｔ', 'ＮＨ', 'ＮＨ', 'ＮＡＳＡ', 'ＮＡＳＡ', 'ＮＡＳＡ', 'ＮＡＳＡ', 'ＴＮＮＤ', 'ＴＮＮＤ', 'ＴＮＮＤ', 'ＴＮＮＤ', 'ＴＮＮＤ', 'ＴＮＮＤ', 'ＴＮＮＤ', 'ＴＮＮＤ', 'ＭＵＴＡＴＩＯＮ', 'ＭＵＴＡＴＩＯＮ', 'ＭＵＴＡＴＩＯＮ', 'ＭＵＴＡＴＩＯＮ', 'ＭＵＴＡＴＩＯＮ', 'ＭＵＴＡＴＩＯＮ', 'ＭＵＴＡＴＩＯＮ', 'ＭＵＴＡＴＩＯＮ']
沌	['沌']
♂	['♂']
蚂	['蚂']
嫒	['嫒', '董淑嫒', '周嫒嫒', '周嫒嫒', '周嫒嫒', '周嫒嫒', '江文嫒', '白嫒', '徐嫒', '宫嫒', '司马修嫒', '甘二嫒']
珀	['珀', '库珀', '查珀', '珀涅罗珀', '珀涅罗珀', '蒂珀', '田珀', '张珀', '格里珀', '格里珀', '王珀', '佩珀', '邓珀', '塔尔奎尼珀', '塔尔奎尼珀', '刘珀', '胡珀', '许珀', '弗拉珀', '弗拉珀', '菲珀', '弗利珀', '弗利珀', '瑞珀']
Ｇ	['ＸＧ', 'ＸＧ', 'Ｇ', 'ＧＭ', 'ＧＭ', 'ＧＤＰ', 'ＧＤＰ', 'ＧＤＰ', 'ＸＫＩＮＧ', 'ＸＫＩＮＧ', 'ＸＫＩＮＧ', 'ＸＫＩＮＧ', 'ＸＫＩＮＧ', 'ＬＧ', 'ＬＧ', 'ＴＩＧＥＮＫＩＮＧ', 'ＴＩＧＥＮＫＩＮＧ', 'ＴＩＧＥＮＫＩＮＧ', 'ＴＩＧＥＮＫＩＮＧ', 'ＴＩＧＥＮＫＩＮＧ', 'ＴＩＧＥＮＫＩＮＧ', 'ＴＩＧＥＮＫＩＮＧ', 'ＴＩＧＥＮＫＩＮＧ', 'ＴＩＧＥＮＫＩＮＧ', 'ＴＩＧＥＮＫＩＮＧ', 'ＴＩＧＥＮＫＩＮＧ', 'ＴＩＧＥＮＫＩＮＧ', 'ＴＩＧＥＮＫＩＮＧ', 'ＴＩＧＥＮＫＩＮＧ', 'ＴＩＧＥＮＫＩＮＧ', 'ＴＩＧＥＮＫＩＮＧ', 'ＴＩＧＥＮＫＩＮＧ', 'ＴＩＧＥＮＫＩＮＧ', 'ＴＧＪ', 'ＴＧＪ', 'ＴＧＪ', 'ＯＭＧ', 'ＯＭＧ', 'ＯＭＧ', 'ＫＩＮＧ', 'ＫＩＮＧ', 'ＫＩＮＧ', 'ＫＩＮＧ', 'ＲＩＮＧ', 'ＲＩＮＧ', 'ＲＩＮＧ', 'ＲＩＮＧ', 'ＰＩＧＧ', 'ＰＩＧＧ', 'ＰＩＧＧ', 'ＰＩＧＧ', 'ＰＩＧＧ', 'ＰＩＧＧ', 'ＰＩＧＧ', 'ＰＩＧＧ', 'ＧＰＳ', 'ＧＰＳ', 'ＧＰＳ', 'ＢＵＧ', 'ＢＵＧ', 'ＢＵＧ', 'ＷＩＮＧＫＩＮＧ', 'ＷＩＮＧＫＩＮＧ', 'ＷＩＮＧＫＩＮＧ', 'ＷＩＮＧＫＩＮＧ', 'ＷＩＮＧＫＩＮＧ', 'ＷＩＮＧＫＩＮＧ', 'ＷＩＮＧＫＩＮＧ', 'ＷＩＮＧＫＩＮＧ', 'ＷＩＮＧＫＩＮＧ', 'ＷＩＮＧＫＩＮＧ', 'ＷＩＮＧＫＩＮＧ', 'ＷＩＮＧＫＩＮＧ', 'ＷＩＮＧＫＩＮＧ', 'ＷＩＮＧＫＩＮＧ', 'ＷＩＮＧＫＩＮＧ', 'ＷＩＮＧＫＩＮＧ', 'ＩＤＧ', 'ＩＤＧ', 'ＩＤＧ', 'ＧＧ', 'ＧＧ', 'ＧＧ', 'ＧＧ', 'ＧＡＹ', 'ＧＡＹ', 'ＧＡＹ', 'ＧＣ', 'ＧＣ', 'ＫＧ', 'ＫＧ', 'ＳＧ', 'ＳＧ', 'ＧＡＣ', 'ＧＡＣ', 'ＧＡＣ', 'ＰＧ', 'ＰＧ', 'ＧＤ', 'ＧＤ', 'ＧＶＣ', 'ＧＶＣ', 'ＧＶＣ', 'ＧＦ', 'ＧＦ', 'ＫＧＢ', 'ＫＧＢ', 'ＫＧＢ', 'ＧＺ', 'ＧＺ', 'Ｇａｙ', 'Ｇａｙ', 'Ｇａｙ', 'ＩＧＭ', 'ＩＧＭ', 'ＩＧＭ', 'ＷＧ', 'ＷＧ', 'ＧＯ', 'ＧＯ', 'ＧＢ', 'ＧＢ', 'ＲＰＧ', 'ＲＰＧ', 'ＲＰＧ', 'ＮＧ', 'ＮＧ', 'ＩＮＧ', 'ＩＮＧ', 'ＩＮＧ', 'ＧＲＥ', 'ＧＲＥ', 'ＧＲＥ', 'ＧＸ', 'ＧＸ', 'ＧＮＰ', 'ＧＮＰ', 'ＧＮＰ', 'Ｇｄｅｃｋｅ', 'Ｇｄｅｃｋｅ', 'Ｇｄｅｃｋｅ', 'Ｇｄｅｃｋｅ', 'Ｇｄｅｃｋｅ', 'Ｇｄｅｃｋｅ']
汕	['汕']
馒	['馒']
猢	['猢']
簌	['扑簌簌', '扑簌簌', '簌', '扑簌', '扑簌扑簌', '扑簌扑簌', '扑簌扑簌', '扑簌扑簌']
§	['§']
°	['°']
Ｒ	['Ｒ', 'ＯＣＲ', 'ＯＣＲ', 'ＯＣＲ', 'ＲＥＭＡＸ', 'ＲＥＭＡＸ', 'ＲＥＭＡＸ', 'ＲＥＭＡＸ', 'ＲＥＭＡＸ', 'ＳＨＥＲＡ', 'ＳＨＥＲＡ', 'ＳＨＥＲＡ', 'ＳＨＥＲＡ', 'ＳＨＥＲＡ', 'ＲＩＮＧ', 'ＲＩＮＧ', 'ＲＩＮＧ', 'ＲＩＮＧ', 'ＲＳＩ', 'ＲＳＩ', 'ＲＳＩ', 'ＲＥＤＢＡＣＫ', 'ＲＥＤＢＡＣＫ', 'ＲＥＤＢＡＣＫ', 'ＲＥＤＢＡＣＫ', 'ＲＥＤＢＡＣＫ', 'ＲＥＤＢＡＣＫ', 'ＲＥＤＢＡＣＫ', 'ＳＡＲ', 'ＳＡＲ', 'ＳＡＲ', 'ＲＪＲ', 'ＲＪＲ', 'ＲＪＲ', 'ＲＪＲ', 'ＲＪＲ', 'ＲＪＲ', 'ＳＡＲＳ', 'ＳＡＲＳ', 'ＳＡＲＳ', 'ＳＡＲＳ', 'ＶＲ', 'ＶＲ', 'ＡＲ', 'ＡＲ', 'ＫＲＨ', 'ＫＲＨ', 'ＫＲＨ', 'ＡＷＯＲＤ', 'ＡＷＯＲＤ', 'ＡＷＯＲＤ', 'ＡＷＯＲＤ', 'ＡＷＯＲＤ', 'ＴＯＷＥＲ', 'ＴＯＷＥＲ', 'ＴＯＷＥＲ', 'ＴＯＷＥＲ', 'ＴＯＷＥＲ', 'ＯＫＰＯＷＥＲ', 'ＯＫＰＯＷＥＲ', 'ＯＫＰＯＷＥＲ', 'ＯＫＰＯＷＥＲ', 'ＯＫＰＯＷＥＲ', 'ＯＫＰＯＷＥＲ', 'ＯＫＰＯＷＥＲ', 'ＴＲ', 'ＴＲ', 'ＯＫＦＩＲＥ', 'ＯＫＦＩＲＥ', 'ＯＫＦＩＲＥ', 'ＯＫＦＩＲＥ', 'ＯＫＦＩＲＥ', 'ＯＫＦＩＲＥ', 'ＢＲ', 'ＢＲ', 'ＣＲ', 'ＣＲ', 'ＲＭＢ', 'ＲＭＢ', 'ＲＭＢ', 'ＨＥＲＯ', 'ＨＥＲＯ', 'ＨＥＲＯ', 'ＨＥＲＯ', 'ＯＲＺ', 'ＯＲＺ', 'ＯＲＺ', 'ＸＲ', 'ＸＲ', 'ＩＮＴＥＲＮＥＴ', 'ＩＮＴＥＲＮＥＴ', 'ＩＮＴＥＲＮＥＴ', 'ＩＮＴＥＲＮＥＴ', 'ＩＮＴＥＲＮＥＴ', 'ＩＮＴＥＲＮＥＴ', 'ＩＮＴＥＲＮＥＴ', 'ＩＮＴＥＲＮＥＴ', 'ＲＯＹ', 'ＲＯＹ', 'ＲＯＹ', 'ＲＢＳ', 'ＲＢＳ', 'ＲＢＳ', 'ＲＰＧ', 'ＲＰＧ', 'ＲＰＧ', 'ＧＲＥ', 'ＧＲＥ', 'ＧＲＥ', 'ＲＮＡ', 'ＲＮＡ', 'ＲＮＡ', 'Ｒｅａ', 'Ｒｅａ', 'Ｒｅａ', 'ＡＤＸＲ', 'ＡＤＸＲ', 'ＡＤＸＲ', 'ＡＤＸＲ', 'ＰＡＲＴＹ', 'ＰＡＲＴＹ', 'ＰＡＲＴＹ', 'ＰＡＲＴＹ', 'ＰＡＲＴＹ', 'ＭＲＤ', 'ＭＲＤ', 'ＭＲＤ', 'ＷＡＲ', 'ＷＡＲ', 'ＷＡＲ', 'ＲＵＳＨ', 'ＲＵＳＨ', 'ＲＵＳＨ', 'ＲＵＳＨ', 'ＡＲＦ', 'ＡＲＦ', 'ＡＲＦ']
龢	['龢']
Ｐ	['ＮＰＣ', 'ＮＰＣ', 'ＮＰＣ', 'Ｐ', 'ＰＫ', 'ＰＫ', 'ＰＳ', 'ＰＳ', 'ＯＰ', 'ＯＰ', 'ＷＡＰ', 'ＷＡＰ', 'ＷＡＰ', 'ＧＤＰ', 'ＧＤＰ', 'ＧＤＰ', 'ＭＰ', 'ＭＰ', 'ＰＭＦ', 'ＰＭＦ', 'ＰＭＦ', 'ＰＣ', 'ＰＣ', 'ＬＰ', 'ＬＰ', 'ＣＰＩ', 'ＣＰＩ', 'ＣＰＩ', 'ＰＩＧＧ', 'ＰＩＧＧ', 'ＰＩＧＧ', 'ＰＩＧＧ', 'ＧＰＳ', 'ＧＰＳ', 'ＧＰＳ', 'ＶＩＰ', 'ＶＩＰ', 'ＶＩＰ', 'ＰＰ', 'ＰＰ', 'ＰＰ', 'ＰＰ', 'ＨＰ', 'ＨＰ', 'ＯＫＰＯＷＥＲ', 'ＯＫＰＯＷＥＲ', 'ＯＫＰＯＷＥＲ', 'ＯＫＰＯＷＥＲ', 'ＯＫＰＯＷＥＲ', 'ＯＫＰＯＷＥＲ', 'ＯＫＰＯＷＥＲ', 'Ｐｃｓ', 'Ｐｃｓ', 'Ｐｃｓ', 'ＴＡＰＩ', 'ＴＡＰＩ', 'ＴＡＰＩ', 'ＴＡＰＩ', 'ＰＯＳＥ', 'ＰＯＳＥ', 'ＰＯＳＥ', 'ＰＯＳＥ', 'ＰＧ', 'ＰＧ', 'ＩＰ', 'ＩＰ', 'ＣＰＵ', 'ＣＰＵ', 'ＣＰＵ', 'ＺＩＰＰＯ', 'ＺＩＰＰＯ', 'ＺＩＰＰＯ', 'ＺＩＰＰＯ', 'ＺＩＰＰＯ', 'ＺＩＰＰＯ', 'ＺＩＰＰＯ', 'ＺＩＰＰＯ', 'ＺＩＰＰＯ', 'ＺＩＰＰＯ', 'ＳＵＰＥＮＭＡＮ', 'ＳＵＰＥＮＭＡＮ', 'ＳＵＰＥＮＭＡＮ', 'ＳＵＰＥＮＭＡＮ', 'ＳＵＰＥＮＭＡＮ', 'ＳＵＰＥＮＭＡＮ', 'ＳＵＰＥＮＭＡＮ', 'ＳＵＰＥＮＭＡＮ', 'ＣＰ', 'ＣＰ', 'ＰＨＳ', 'ＰＨＳ', 'ＰＨＳ', 'ＰＯＰ', 'ＰＯＰ', 'ＰＯＰ', 'ＰＯＰ', 'ＰＯＰ', 'ＰＯＰ', 'ＰＵＢ', 'ＰＵＢ', 'ＰＵＢ', 'ＷＰＳＯｆｆｉｃｅ', 'ＷＰＳＯｆｆｉｃｅ', 'ＷＰＳＯｆｆｉｃｅ', 'ＷＰＳＯｆｆｉｃｅ', 'ＷＰＳＯｆｆｉｃｅ', 'ＷＰＳＯｆｆｉｃｅ', 'ＷＰＳＯｆｆｉｃｅ', 'ＷＰＳＯｆｆｉｃｅ', 'ＷＰＳＯｆｆｉｃｅ', 'ＩＳＰ', 'ＩＳＰ', 'ＩＳＰ', 'ＥＰＳ', 'ＥＰＳ', 'ＥＰＳ', 'ＣＡＰＭ', 'ＣＡＰＭ', 'ＣＡＰＭ', 'ＣＡＰＭ', 'ＲＰＧ', 'ＲＰＧ', 'ＲＰＧ', 'ＣＤＰ', 'ＣＤＰ', 'ＣＤＰ', 'ＰＥ', 'ＰＥ', 'ＰＴ', 'ＰＴ', 'ＰＬ', 'ＰＬ', 'ＧＮＰ', 'ＧＮＰ', 'ＧＮＰ', 'Ｐａｌａｄｉｎ', 'Ｐａｌａｄｉｎ', 'Ｐａｌａｄｉｎ', 'Ｐａｌａｄｉｎ', 'Ｐａｌａｄｉｎ', 'Ｐａｌａｄｉｎ', 'Ｐａｌａｄｉｎ', 'ＰＡＲＴＹ', 'ＰＡＲＴＹ', 'ＰＡＲＴＹ', 'ＰＡＲＴＹ', 'ＰＡＲＴＹ', 'ＨＰＬ', 'ＨＰＬ', 'ＨＰＬ', 'ＷＰ', 'ＷＰ', 'ＰＯＳＳ', 'ＰＯＳＳ', 'ＰＯＳＳ', 'ＰＯＳＳ', 'ＰＳＰ', 'ＰＳＰ', 'ＰＳＰ', 'ＰＳＰ', 'ＰＳＰ', 'ＰＳＰ', 'ＡＳＰ', 'ＡＳＰ', 'ＡＳＰ', 'ＥＰ', 'ＥＰ', 'ＨＡＰＰＹ', 'ＨＡＰＰＹ', 'ＨＡＰＰＹ', 'ＨＡＰＰＹ', 'ＨＡＰＰＹ', 'ＨＡＰＰＹ', 'ＨＡＰＰＹ', 'ＨＡＰＰＹ', 'ＨＡＰＰＹ', 'ＨＡＰＰＹ', 'ＰＤＡ', 'ＰＤＡ', 'ＰＤＡ']
Ｆ	['Ｆ', 'ＰＭＦ', 'ＰＭＦ', 'ＰＭＦ', 'ＫＦＣ', 'ＫＦＣ', 'ＫＦＣ', 'ＯＫＦＩＲＥ', 'ＯＫＦＩＲＥ', 'ＯＫＦＩＲＥ', 'ＯＫＦＩＲＥ', 'ＯＫＦＩＲＥ', 'ＯＫＦＩＲＥ', 'ＴｉＦａｂ', 'ＴｉＦａｂ', 'ＴｉＦａｂ', 'ＴｉＦａｂ', 'ＴｉＦａｂ', 'ＤＩＦ', 'ＤＩＦ', 'ＤＩＦ', 'ＮＦＣ', 'ＮＦＣ', 'ＮＦＣ', 'ＦＳ', 'ＦＳ', 'ＪＳＦ', 'ＪＳＦ', 'ＪＳＦ', 'ＭＦ', 'ＭＦ', 'ＧＦ', 'ＧＦ', 'ＦＪ', 'ＦＪ', 'ＦＭ', 'ＦＭ', 'ＦＡＮＳ', 'ＦＡＮＳ', 'ＦＡＮＳ', 'ＦＡＮＳ', 'ＦＬＹ', 'ＦＬＹ', 'ＦＬＹ', 'ＤＦ', 'ＤＦ', 'ＦＥ', 'ＦＥ', 'ＵＦＯ', 'ＵＦＯ', 'ＵＦＯ', 'ＦＴ', 'ＦＴ', 'ｔｈｅＦｏｒｇｏｔｔｅｎＡｍｂａｓｓａｄｏｒ', 'ｔｈｅＦｏｒｇｏｔｔｅｎＡｍｂａｓｓａｄｏｒ', 'ｔｈｅＦｏｒｇｏｔｔｅｎＡｍｂａｓｓａｄｏｒ', 'ｔｈｅＦｏｒｇｏｔｔｅｎＡｍｂａｓｓａｄｏｒ', 'ｔｈｅＦｏｒｇｏｔｔｅｎＡｍｂａｓｓａｄｏｒ', 'ｔｈｅＦｏｒｇｏｔｔｅｎＡｍｂａｓｓａｄｏｒ', 'ｔｈｅＦｏｒｇｏｔｔｅｎＡｍｂａｓｓａｄｏｒ', 'ｔｈｅＦｏｒｇｏｔｔｅｎＡｍｂａｓｓａｄｏｒ', 'ｔｈｅＦｏｒｇｏｔｔｅｎＡｍｂａｓｓａｄｏｒ', 'ｔｈｅＦｏｒｇｏｔｔｅｎＡｍｂａｓｓａｄｏｒ', 'ｔｈｅＦｏｒｇｏｔｔｅｎＡｍｂａｓｓａｄｏｒ', 'ｔｈｅＦｏｒｇｏｔｔｅｎＡｍｂａｓｓａｄｏｒ', 'ｔｈｅＦｏｒｇｏｔｔｅｎＡｍｂａｓｓａｄｏｒ', 'ｔｈｅＦｏｒｇｏｔｔｅｎＡｍｂａｓｓａｄｏｒ', 'ｔｈｅＦｏｒｇｏｔｔｅｎＡｍｂａｓｓａｄｏｒ', 'ｔｈｅＦｏｒｇｏｔｔｅｎＡｍｂａｓｓａｄｏｒ', 'ｔｈｅＦｏｒｇｏｔｔｅｎＡｍｂａｓｓａｄｏｒ', 'ｔｈｅＦｏｒｇｏｔｔｅｎＡｍｂａｓｓａｄｏｒ', 'ｔｈｅＦｏｒｇｏｔｔｅｎＡｍｂａｓｓａｄｏｒ', 'ｔｈｅＦｏｒｇｏｔｔｅｎＡｍｂａｓｓａｄｏｒ', 'ｔｈｅＦｏｒｇｏｔｔｅｎＡｍｂａｓｓａｄｏｒ', 'ｔｈｅＦｏｒｇｏｔｔｅｎＡｍｂａｓｓａｄｏｒ', 'ＡＦＨ', 'ＡＦＨ', 'ＡＦＨ', 'ＡＲＦ', 'ＡＲＦ', 'ＡＲＦ']
Ｚ	['Ｚ', 'ＺＺ', 'ＺＺ', 'ＺＺ', 'ＺＺ', 'ＱＺ', 'ＱＺ', 'ＺＸ', 'ＺＸ', 'ＨＡＮＺ', 'ＨＡＮＺ', 'ＨＡＮＺ', 'ＨＡＮＺ', 'ＯＲＺ', 'ＯＲＺ', 'ＯＲＺ', 'ＺＩＰＰＯ', 'ＺＩＰＰＯ', 'ＺＩＰＰＯ', 'ＺＩＰＰＯ', 'ＺＩＰＰＯ', 'ＧＺ', 'ＧＺ', 'ＺＨ', 'ＺＨ', 'ＨＺ', 'ＨＺ']
骷	['骷']
諲	['諲', '\x1d諲', '\x1d諲', '\x1c諲', '\x1c諲']
ｅ	['ｅ', 'ｎｅｔ', 'ｎｅｔ', 'ｎｅｔ', 'ｂｅ', 'ｂｅ', 'ｃｅ', 'ｃｅ', 'Ｎｅｔ', 'Ｎｅｔ', 'Ｎｅｔ', 'Ｓａｂｅｒ', 'Ｓａｂｅｒ', 'Ｓａｂｅｒ', 'Ｓａｂｅｒ', 'Ｓａｂｅｒ', 'Ｃａｓｔｅｒ', 'Ｃａｓｔｅｒ', 'Ｃａｓｔｅｒ', 'Ｃａｓｔｅｒ', 'Ｃａｓｔｅｒ', 'Ｃａｓｔｅｒ', 'Ｊａｍｅｓ', 'Ｊａｍｅｓ', 'Ｊａｍｅｓ', 'Ｊａｍｅｓ', 'Ｊａｍｅｓ', 'Ｈｅｒｍｉｔ', 'Ｈｅｒｍｉｔ', 'Ｈｅｒｍｉｔ', 'Ｈｅｒｍｉｔ', 'Ｈｅｒｍｉｔ', 'Ｈｅｒｍｉｔ', 'ｅａ', 'ｅａ', 'ＮｅｗＣａｐ', 'ＮｅｗＣａｐ', 'ＮｅｗＣａｐ', 'ＮｅｗＣａｐ', 'ＮｅｗＣａｐ', 'ＮｅｗＣａｐ', 'ｍｅ', 'ｍｅ', 'ｂｙｅ', 'ｂｙｅ', 'ｂｙｅ', 'ＷＰＳＯｆｆｉｃｅ', 'ＷＰＳＯｆｆｉｃｅ', 'ＷＰＳＯｆｆｉｃｅ', 'ＷＰＳＯｆｆｉｃｅ', 'ＷＰＳＯｆｆｉｃｅ', 'ＷＰＳＯｆｆｉｃｅ', 'ＷＰＳＯｆｆｉｃｅ', 'ＷＰＳＯｆｆｉｃｅ', 'ＷＰＳＯｆｆｉｃｅ', 'Ｙｅｓ', 'Ｙｅｓ', 'Ｙｅｓ', 'ｍｅｄｉａ', 'ｍｅｄｉａ', 'ｍｅｄｉａ', 'ｍｅｄｉａ', 'ｍｅｄｉａ', 'Ｓｉｌｅｎｃｅｒ', 'Ｓｉｌｅｎｃｅｒ', 'Ｓｉｌｅｎｃｅｒ', 'Ｓｉｌｅｎｃｅｒ', 'Ｓｉｌｅｎｃｅｒ', 'Ｓｉｌｅｎｃｅｒ', 'Ｓｉｌｅｎｃｅｒ', 'Ｓｉｌｅｎｃｅｒ', 'Ｓｉｌｅｎｃｅｒ', 'Ｓｉｌｅｎｃｅｒ', 'Ｓｉｌｅｎｃｅｒ', 'Ｓｉｌｅｎｃｅｒ', 'Ｓｉｌｅｎｃｅｒ', 'Ｓｉｌｅｎｃｅｒ', 'Ｓｉｌｅｎｃｅｒ', 'Ｓｉｌｅｎｃｅｒ', 'ｗｗｗｎｅｔ', 'ｗｗｗｎｅｔ', 'ｗｗｗｎｅｔ', 'ｗｗｗｎｅｔ', 'ｗｗｗｎｅｔ', 'ｗｗｗｎｅｔ', 'ｗｏｅ', 'ｗｏｅ', 'ｗｏｅ', 'Ｒｅａ', 'Ｒｅａ', 'Ｒｅａ', 'ａｍｅ', 'ａｍｅ', 'ａｍｅ', 'Ｓｅｒｖａｎｔ', 'Ｓｅｒｖａｎｔ', 'Ｓｅｒｖａｎｔ', 'Ｓｅｒｖａｎｔ', 'Ｓｅｒｖａｎｔ', 'Ｓｅｒｖａｎｔ', 'Ｓｅｒｖａｎｔ', 'Ｉｎｔｅｌ', 'Ｉｎｔｅｌ', 'Ｉｎｔｅｌ', 'Ｉｎｔｅｌ', 'Ｉｎｔｅｌ', 'Ｉｎｔｅｒｎｅｔ', 'Ｉｎｔｅｒｎｅｔ', 'Ｉｎｔｅｒｎｅｔ', 'Ｉｎｔｅｒｎｅｔ', 'Ｉｎｔｅｒｎｅｔ', 'Ｉｎｔｅｒｎｅｔ', 'Ｉｎｔｅｒｎｅｔ', 'Ｉｎｔｅｒｎｅｔ', 'Ｉｎｔｅｒｎｅｔ', 'Ｉｎｔｅｒｎｅｔ', 'Ｉｎｔｅｒｎｅｔ', 'Ｉｎｔｅｒｎｅｔ', 'Ｉｎｔｅｒｎｅｔ', 'Ｉｎｔｅｒｎｅｔ', 'Ｉｎｔｅｒｎｅｔ', 'Ｉｎｔｅｒｎｅｔ', 'ｔｈｅＦｏｒｇｏｔｔｅｎＡｍｂａｓｓａｄｏｒ', 'ｔｈｅＦｏｒｇｏｔｔｅｎＡｍｂａｓｓａｄｏｒ', 'ｔｈｅＦｏｒｇｏｔｔｅｎＡｍｂａｓｓａｄｏｒ', 'ｔｈｅＦｏｒｇｏｔｔｅｎＡｍｂａｓｓａｄｏｒ', 'ｔｈｅＦｏｒｇｏｔｔｅｎＡｍｂａｓｓａｄｏｒ', 'ｔｈｅＦｏｒｇｏｔｔｅｎＡｍｂａｓｓａｄｏｒ', 'ｔｈｅＦｏｒｇｏｔｔｅｎＡｍｂａｓｓａｄｏｒ', 'ｔｈｅＦｏｒｇｏｔｔｅｎＡｍｂａｓｓａｄｏｒ', 'ｔｈｅＦｏｒｇｏｔｔｅｎＡｍｂａｓｓａｄｏｒ', 'ｔｈｅＦｏｒｇｏｔｔｅｎＡｍｂａｓｓａｄｏｒ', 'ｔｈｅＦｏｒｇｏｔｔｅｎＡｍｂａｓｓａｄｏｒ', 'ｔｈｅＦｏｒｇｏｔｔｅｎＡｍｂａｓｓａｄｏｒ', 'ｔｈｅＦｏｒｇｏｔｔｅｎＡｍｂａｓｓａｄｏｒ', 'ｔｈｅＦｏｒｇｏｔｔｅｎＡｍｂａｓｓａｄｏｒ', 'ｔｈｅＦｏｒｇｏｔｔｅｎＡｍｂａｓｓａｄｏｒ', 'ｔｈｅＦｏｒｇｏｔｔｅｎＡｍｂａｓｓａｄｏｒ', 'ｔｈｅＦｏｒｇｏｔｔｅｎＡｍｂａｓｓａｄｏｒ', 'ｔｈｅＦｏｒｇｏｔｔｅｎＡｍｂａｓｓａｄｏｒ', 'ｔｈｅＦｏｒｇｏｔｔｅｎＡｍｂａｓｓａｄｏｒ', 'ｔｈｅＦｏｒｇｏｔｔｅｎＡｍｂａｓｓａｄｏｒ', 'ｔｈｅＦｏｒｇｏｔｔｅｎＡｍｂａｓｓａｄｏｒ', 'ｔｈｅＦｏｒｇｏｔｔｅｎＡｍｂａｓｓａｄｏｒ', 'ｔｈｅＦｏｒｇｏｔｔｅｎＡｍｂａｓｓａｄｏｒ', 'ｔｈｅＦｏｒｇｏｔｔｅｎＡｍｂａｓｓａｄｏｒ', 'ｔｈｅＦｏｒｇｏｔｔｅｎＡｍｂａｓｓａｄｏｒ', 'ｔｈｅＦｏｒｇｏｔｔｅｎＡｍｂａｓｓａｄｏｒ', 'ｔｈｅＦｏｒｇｏｔｔｅｎＡｍｂａｓｓａｄｏｒ', 'ｔｈｅＦｏｒｇｏｔｔｅｎＡｍｂａｓｓａｄｏｒ', 'ｔｈｅＦｏｒｇｏｔｔｅｎＡｍｂａｓｓａｄｏｒ', 'ｔｈｅＦｏｒｇｏｔｔｅｎＡｍｂａｓｓａｄｏｒ', 'ｔｈｅＦｏｒｇｏｔｔｅｎＡｍｂａｓｓａｄｏｒ', 'ｔｈｅＦｏｒｇｏｔｔｅｎＡｍｂａｓｓａｄｏｒ', 'ｔｈｅＦｏｒｇｏｔｔｅｎＡｍｂａｓｓａｄｏｒ', 'ｔｈｅＦｏｒｇｏｔｔｅｎＡｍｂａｓｓａｄｏｒ', 'ｔｈｅＦｏｒｇｏｔｔｅｎＡｍｂａｓｓａｄｏｒ', 'ｔｈｅＦｏｒｇｏｔｔｅｎＡｍｂａｓｓａｄｏｒ', 'ｔｈｅＦｏｒｇｏｔｔｅｎＡｍｂａｓｓａｄｏｒ', 'ｔｈｅＦｏｒｇｏｔｔｅｎＡｍｂａｓｓａｄｏｒ', 'ｔｈｅＦｏｒｇｏｔｔｅｎＡｍｂａｓｓａｄｏｒ', 'ｔｈｅＦｏｒｇｏｔｔｅｎＡｍｂａｓｓａｄｏｒ', 'ｔｈｅＦｏｒｇｏｔｔｅｎＡｍｂａｓｓａｄｏｒ', 'ｔｈｅＦｏｒｇｏｔｔｅｎＡｍｂａｓｓａｄｏｒ', 'ｔｈｅＦｏｒｇｏｔｔｅｎＡｍｂａｓｓａｄｏｒ', 'ｔｈｅＦｏｒｇｏｔｔｅｎＡｍｂａｓｓａｄｏｒ', 'Ｇｄｅｃｋｅ', 'Ｇｄｅｃｋｅ', 'Ｇｄｅｃｋｅ', 'Ｇｄｅｃｋｅ', 'Ｇｄｅｃｋｅ', 'Ｇｄｅｃｋｅ', 'Ｇｄｅｃｋｅ', 'Ｇｄｅｃｋｅ', 'Ｇｄｅｃｋｅ', 'Ｇｄｅｃｋｅ', 'Ｇｄｅｃｋｅ', 'Ｇｄｅｃｋｅ', 'Ｂｒｅｗｅｒｅｄ', 'Ｂｒｅｗｅｒｅｄ', 'Ｂｒｅｗｅｒｅｄ', 'Ｂｒｅｗｅｒｅｄ', 'Ｂｒｅｗｅｒｅｄ', 'Ｂｒｅｗｅｒｅｄ', 'Ｂｒｅｗｅｒｅｄ', 'Ｂｒｅｗｅｒｅｄ', 'Ｂｒｅｗｅｒｅｄ', 'Ｂｒｅｗｅｒｅｄ', 'Ｂｒｅｗｅｒｅｄ', 'Ｂｒｅｗｅｒｅｄ', 'Ｂｒｅｗｅｒｅｄ', 'Ｂｒｅｗｅｒｅｄ', 'Ｂｒｅｗｅｒｅｄ', 'Ｂｒｅｗｅｒｅｄ', 'Ｂｒｅｗｅｒｅｄ', 'Ｂｒｅｗｅｒｅｄ', 'Ｂｒｅｗｅｒｅｄ', 'Ｂｒｅｗｅｒｅｄ', 'Ｂｒｅｗｅｒｅｄ', 'Ｂｒｅｗｅｒｅｄ', 'Ｂｒｅｗｅｒｅｄ', 'Ｂｒｅｗｅｒｅｄ', 'ｅｃ', 'ｅｃ']
憧	['憧', '人影憧憧', '人影憧憧', '鬼影憧憧', '鬼影憧憧', '鬼影憧憧', '鬼影憧憧', '鬼影憧憧', '鬼影憧憧']
徨	['徨', '徨徨', '徨徨', '徨徨', '徨徨']
勐	['勐', '万勐']
р	['р']
3	['30％', '30％', '第3师团', '第3师团', '第3团', '第13师团', '第13师团', '第3卷', '第3兵团', '第301团', '第33师团', '第33师团', '第33师团', '第33师团', '第34师团', '第34师团', '第39师团', '第39师团', '第305团', '第37师团', '第37师团', '第13团', '第13兵团', '第302团', '第33团', '第33团', '第13卷', '第23团', '300％', '300％', '第113团', '第23师团', '第23师团', '第23卷', '第33卷', '第33卷', '第38师团', '第38师团', '第30团', '第32团', '第306团', '第34团', '第38团', '第36师团', '第36师团', '第31卷', '第31团', '第53师团', '第53师团', '3．5％', '3．5％', '3．5％', '3．5％', '第13回', '第34回', '03％', '03％', '0．3％', '0．3％', '0．3％', '0．3％', '第43卷', '3‰', '3‰', '第30卷', '4．3％', '4．3％', '4．3％', '4．3％', '第36团', '130％', '130％', '第23回', '第53团', '第32卷']
匐	['匐']
Ⅲ	['Ⅲ']
飓	['飓']
甯	['甯']
徊	['徊']
﹐	['﹐']
Ｊ	['Ｊ', 'ＴＧＪ', 'ＴＧＪ', 'ＴＧＪ', 'ＤＪ', 'ＤＪ', 'ＲＪＲ', 'ＲＪＲ', 'ＲＪＲ', 'Ｊａｍｅｓ', 'Ｊａｍｅｓ', 'Ｊａｍｅｓ', 'Ｊａｍｅｓ', 'Ｊａｍｅｓ', 'ＪＳＦ', 'ＪＳＦ', 'ＪＳＦ', 'ＪＪ', 'ＪＪ', 'ＪＪ', 'ＪＪ', 'Ｊｕｎｚｉｔａｎｇ', 'Ｊｕｎｚｉｔａｎｇ', 'Ｊｕｎｚｉｔａｎｇ', 'Ｊｕｎｚｉｔａｎｇ', 'Ｊｕｎｚｉｔａｎｇ', 'Ｊｕｎｚｉｔａｎｇ', 'Ｊｕｎｚｉｔａｎｇ', 'Ｊｕｎｚｉｔａｎｇ', 'Ｊｕｎｚｉｔａｎｇ', 'ＪＬ', 'ＪＬ', 'ＸＪ', 'ＸＪ', 'ＪＡＣＫ', 'ＪＡＣＫ', 'ＪＡＣＫ', 'ＪＡＣＫ', 'ＪＨ', 'ＪＨ', 'ＹＪ', 'ＹＪ', 'ＦＪ', 'ＦＪ', 'ＢＪ', 'ＢＪ', 'ＪＥＳ', 'ＪＥＳ', 'ＪＥＳ']
狲	['狲']
轶	['轶', '李轶', '杜之轶', '海轶', '窦轶', '华轶', '林轶']
⊙	['⊙']
噕	['噕', '\x1c噕', '\x1c噕', '\x1d\x1c噕', '\x1d\x1c噕', '\x1d\x1c噕']
坷	['坷', '坎坎坷坷', '坎坎坷坷']
诒	['诒']
8	['80％', '80％', '第18师团', '第18师团', '\x020\x1d8', '\x020\x1d8', '\x020\x1d8', '\x020\x1d8', '\x1d8', '\x1d8', '第18团', '第18兵团', '\x0208', '\x0208', '第8团', '第8师团', '第8师团', '第68师团', '第68师团', '第8卷', '第58师团', '第58师团', '第8兵团', '第38师团', '第38师团', '第28卷', '第18卷', '第38团', '第28团', '第18回', '第48师团', '第48师团', '第18分钟', '0．8％', '0．8％', '0．8％', '0．8％', '第28回']
雳	['雳']
⑾	['⑾']
慷	['慷', '慨当以慷']
镳	['镳', '分路扬镳']
α	['α']
匍	['匍']
≈	['≈']
芶	['芶']
喋	['喋']
煅	['煅']
吩	['吩']
珪	['珪']
鳅	['鳅']
€	['€', '?€', '?€', '\x01€', '\x01€', '?€', '?€', '\x10€', '\x10€', '\x05€', '\x05€', '\x03€', '\x03€']
婠	['婠']
б	['б']
4	['40％', '40％', '第4师团', '第4师团', '第4卷', '第04卷', '第14卷', '第14师团', '第14师团', '第4团', '第4兵团', '第40师团', '第40师团', '第114师团', '第114师团', '第34师团', '第34师团', '第24团', '第104师团', '第104师团', '第42团', '第14团', '第24卷', '第41团', '第114团', '第14兵团', '第34团', '第48师团', '第48师团', '第264团', '第49师团', '第49师团', '第24师团', '第24师团', '400％', '400％', '第704团', '第14回', '第34回', '第405团', '第43卷', '4．3％', '4．3％', '4．3％', '4．3％', '第40团', '第44回', '第44回', '第524团']
箴	['箴', '陈宝箴', '陈宝箴', '周灵箴', '周灵箴', '赵廷箴', '赵廷箴']
∩	['∩']
	['\x1f?', '\x1f?', '\x1f', '\x1fu', '\x1fu', '\x1f_', '\x1f_', '\x1fa', '\x1fa', '\x1fY', '\x1fY']
	['\x11b', '\x11b', '\x1d\x11b', '\x1d\x11b', '\x1d\x11b', '\x11', '\x1d\x11bS', '\x1d\x11bS', '\x1d\x11bS', '\x11bS', '\x11bS', '\x1c\x11b', '\x1c\x11b', '\x1c\x11b', '\x11bN', '\x11bN', '\x11Oo', '\x11Oo']
b	['\x11b', '\x11b', '\x1d\x11b', '\x1d\x11b', '\x1d\x11b', 'background-color', 'background-color', 'background-color', '\x1d\x11bS', '\x1d\x11bS', '\x1d\x11bS', '\x11bS', '\x11bS', '?b', '?b', '\x1c\x11b', '\x1c\x11b', '\x1c\x11b', '\x10b', '\x10b', 'C-Cube', 'C-Cube', 'C-Cube', 'border-left-color', 'border-left-color', 'border-left-color', 'border-left-color', 'border-left-color', 'border-bottom-color', 'border-bottom-color', 'border-bottom-color', 'border-bottom-color', 'border-bottom-color', 'border-bottom-color', 'border-bottom-color', 'border-bottom-color', 'border-bottom-color', 'border-bottom-color', '\x11bN', '\x11bN', '?b', '?b', 'border-right-color', 'border-right-color', 'border-right-color', 'border-right-color', 'border-right-color', 'T-back', 'T-back', 'border-top-color', 'border-top-color', 'border-top-color', 'border-top-color', 'border-top-color', 'Good-bye', 'Good-bye', 'Good-bye', '?b', '?b', 'bye-bye', 'bye-bye', 'bye-bye', 'bye-bye', 'bye-bye', 'bye-bye', '\x16b', '\x16b', 'Chibrainbio-Guard', 'Chibrainbio-Guard', 'Chibrainbio-Guard', 'Chibrainbio-Guard', 'Chibrainbio-Guard', 'Chibrainbio-Guard', 'Bye-bye', 'Bye-bye', 'Bye-bye', 'border-left-style', 'border-left-style', 'border-left-style', 'border-left-style', 'border-left-style', 'Good-by', 'Good-by', 'Good-by', '\x1ctYbZ', '\x1ctYbZ']
蔻	['蔻']
⑿	['⑿']
¨	['¨']
Ⅰ	['Ⅰ']
冑	['冑']
網	['網']
學	['學']
藐	['藐', '轻藐']
艨	['艨']
峋	['峋', '怪石嶙峋', '傲骨嶙峋']
＄	['＄']
豳	['豳']
Ｗ	['Ｗ', 'ＷＡＰ', 'ＷＡＰ', 'ＷＡＰ', 'ＷＷＷ', 'ＷＷＷ', 'ＷＷＷ', 'ＷＷＷ', 'ＷＷＷ', 'ＷＷＷ', 'ＷＷＷ', 'ＷＷＷ', 'ＷＷＷ', 'ＴＷ', 'ＴＷ', 'ＷＴＯ', 'ＷＴＯ', 'ＷＴＯ', 'ＷＩＮＧＫＩＮＧ', 'ＷＩＮＧＫＩＮＧ', 'ＷＩＮＧＫＩＮＧ', 'ＷＩＮＧＫＩＮＧ', 'ＷＩＮＧＫＩＮＧ', 'ＷＩＮＧＫＩＮＧ', 'ＷＩＮＧＫＩＮＧ', 'ＷＩＮＧＫＩＮＧ', 'ＡＷＯＲＤ', 'ＡＷＯＲＤ', 'ＡＷＯＲＤ', 'ＡＷＯＲＤ', 'ＡＷＯＲＤ', 'ＴＯＷＥＲ', 'ＴＯＷＥＲ', 'ＴＯＷＥＲ', 'ＴＯＷＥＲ', 'ＴＯＷＥＲ', 'ＯＫＰＯＷＥＲ', 'ＯＫＰＯＷＥＲ', 'ＯＫＰＯＷＥＲ', 'ＯＫＰＯＷＥＲ', 'ＯＫＰＯＷＥＲ', 'ＯＫＰＯＷＥＲ', 'ＯＫＰＯＷＥＲ', 'ＷＥＯ', 'ＷＥＯ', 'ＷＥＯ', 'ＷＰＳＯｆｆｉｃｅ', 'ＷＰＳＯｆｆｉｃｅ', 'ＷＰＳＯｆｆｉｃｅ', 'ＷＰＳＯｆｆｉｃｅ', 'ＷＰＳＯｆｆｉｃｅ', 'ＷＰＳＯｆｆｉｃｅ', 'ＷＰＳＯｆｆｉｃｅ', 'ＷＰＳＯｆｆｉｃｅ', 'ＷＰＳＯｆｆｉｃｅ', 'Ｗｉｎｄｏｗｓ', 'Ｗｉｎｄｏｗｓ', 'Ｗｉｎｄｏｗｓ', 'Ｗｉｎｄｏｗｓ', 'Ｗｉｎｄｏｗｓ', 'Ｗｉｎｄｏｗｓ', 'Ｗｉｎｄｏｗｓ', 'ＷＧ', 'ＷＧ', 'ＷＸ', 'ＷＸ', 'ＨＷ', 'ＨＷ', 'ＷＰ', 'ＷＰ', 'ＷＵＳＨＩ', 'ＷＵＳＨＩ', 'ＷＵＳＨＩ', 'ＷＵＳＨＩ', 'ＷＵＳＨＩ', 'ＷＷ', 'ＷＷ', 'ＷＷ', 'ＷＷ', 'ＷＡＲ', 'ＷＡＲ', 'ＷＡＲ', 'ＷＯＷ', 'ＷＯＷ', 'ＷＯＷ', 'ＷＯＷ', 'ＷＯＷ', 'ＷＯＷ']
購	['購', '\x1c購', '\x1c購', '\x1d\x1c購', '\x1d\x1c購', '\x1d\x1c購']
倮	['倮']
＠	['＠']
6	['第6师团', '第6师团', '60％', '60％', '第106师团', '第106师团', '第56师团', '第56师团', '第06卷', '第6卷', '第16师团', '第16师团', '第6团', '第16卷', '第68师团', '第68师团', '第116师团', '第116师团', '第26师团', '第26师团', '第16兵团', '第26卷', '第16团', '第62师团', '第62师团', '第306团', '第6兵团', '第36师团', '第36师团', '第56团', '第264团', '第65团', '第65师团', '第65师团', '06％', '06％', '第36团', '第26回']
9	['90％', '90％', '第9师团', '第9师团', '第19兵团', '第39师团', '第39师团', '第19师团', '第19师团', '第9卷', '第9团', '第9兵团', '第19团', '第19卷', '第29卷', '第9分钟', '第49师团', '第49师团', '第19回']
饨	['饨']
狴	['狴']
仝	['朱仝', '颜仝', '仝振云', '仝', '卢仝', '王仝', '关仝']
挲	['挲']
Ｖ	['Ｖ', 'ＨＩＶ', 'ＨＩＶ', 'ＨＩＶ', 'ＬＶ', 'ＬＶ', 'ＫＴＶ', 'ＫＴＶ', 'ＫＴＶ', 'ＴＶ', 'ＴＶ', 'ＩＶ', 'ＩＶ', 'ＶＣＤ', 'ＶＣＤ', 'ＶＣＤ', 'ＶＩＰ', 'ＶＩＰ', 'ＶＩＰ', 'ＡＶ', 'ＡＶ', 'ＤＶＤ', 'ＤＶＤ', 'ＤＶＤ', 'ＶＳ', 'ＶＳ', 'ＶＲ', 'ＶＲ', 'ＤＶ', 'ＤＶ', 'ＯＢＶ', 'ＯＢＶ', 'ＯＢＶ', 'ＶＩ', 'ＶＩ', 'ＶＬＮ', 'ＶＬＮ', 'ＶＬＮ', 'ＧＶＣ', 'ＧＶＣ', 'ＧＶＣ', 'ＥＶＡ', 'ＥＶＡ', 'ＥＶＡ', 'ＳＵＶ', 'ＳＵＶ', 'ＳＵＶ', 'ＤＶＢ', 'ＤＶＢ', 'ＤＶＢ', 'ＶＣ', 'ＶＣ', 'ＶＭＨ', 'ＶＭＨ', 'ＶＭＨ', 'ＭＶ', 'ＭＶ']
醍	['醍']
ㄧ	['ㄧ']
窈	['窈']
犴	['犴']
篘	['篘']
蟀	['蟀', '斗蟋蟀']
躇	['躇']
′	['′']
	['\x7f', '\x13\x7f', '\x13\x7f', '\x18\x7f', '\x18\x7f']
椋	['椋']
⒁	['⒁']
魉	['魉']
醐	['醐']
螅	['螅']
7	['70％', '70％', '第27师团', '第27师团', '第7卷', '第7兵团', '第37师团', '第37师团', '第7团', '第17卷', '第27军团', '第17师团', '第17师团', '第772团', '第772团', '第17团', '第17兵团', '第7师团', '第7师团', '第17军团', '第27团', '第704团', '第27分钟', '第27卷', '7．5％', '7．5％', '7．5％', '7．5％', '第72团']
葫	['葫']
Ｌ	['Ｌ', 'ＴＣＬ', 'ＴＣＬ', 'ＴＣＬ', 'ＬＶ', 'ＬＶ', 'ＬＧ', 'ＬＧ', 'ＨＥＬＬ', 'ＨＥＬＬ', 'ＨＥＬＬ', 'ＨＥＬＬ', 'ＨＥＬＬ', 'ＨＥＬＬ', 'ＨＥＬＬ', 'ＨＥＬＬ', 'ＬＸ', 'ＬＸ', 'ＬＡ', 'ＬＡ', 'ＬＰ', 'ＬＰ', 'ＬＯＬＩ', 'ＬＯＬＩ', 'ＬＯＬＩ', 'ＬＯＬＩ', 'ＬＯＬＩ', 'ＬＯＬＩ', 'ＬＯＬＩ', 'ＬＯＬＩ', 'ＳＬＩ', 'ＳＬＩ', 'ＳＬＩ', 'ＳＭＩＬＥ', 'ＳＭＩＬＥ', 'ＳＭＩＬＥ', 'ＳＭＩＬＥ', 'ＳＭＩＬＥ', 'ＤＬＳ', 'ＤＬＳ', 'ＤＬＳ', 'ＬＮ', 'ＬＮ', 'ＤＬ', 'ＤＬ', 'ＭＳＬ', 'ＭＳＬ', 'ＭＳＬ', 'ＶＬＮ', 'ＶＬＮ', 'ＶＬＮ', 'ＳＫＩＬＴＯ', 'ＳＫＩＬＴＯ', 'ＳＫＩＬＴＯ', 'ＳＫＩＬＴＯ', 'ＳＫＩＬＴＯ', 'ＳＫＩＬＴＯ', 'ＤＨＬ', 'ＤＨＬ', 'ＤＨＬ', 'ＴＣＬ集团', 'ＴＣＬ集团', 'ＴＣＬ集团', 'ＪＬ', 'ＪＬ', 'ＩＬ', 'ＩＬ', 'ＡＤＬ', 'ＡＤＬ', 'ＡＤＬ', 'ＩＡＬ', 'ＩＡＬ', 'ＩＡＬ', 'ＯＬ', 'ＯＬ', 'ＣａｒｍａｎＬｉｎ', 'ＣａｒｍａｎＬｉｎ', 'ＣａｒｍａｎＬｉｎ', 'ＣａｒｍａｎＬｉｎ', 'ＣａｒｍａｎＬｉｎ', 'ＣａｒｍａｎＬｉｎ', 'ＣａｒｍａｎＬｉｎ', 'ＣａｒｍａｎＬｉｎ', 'ＣａｒｍａｎＬｉｎ', 'ＦＬＹ', 'ＦＬＹ', 'ＦＬＹ', 'ＤＫＬ', 'ＤＫＬ', 'ＤＫＬ', 'Ｌｉｎａ', 'Ｌｉｎａ', 'Ｌｉｎａ', 'Ｌｉｎａ', 'ＬＭＤＳ', 'ＬＭＤＳ', 'ＬＭＤＳ', 'ＬＭＤＳ', 'ＰＬ', 'ＰＬ', 'ＣＡＬＬ', 'ＣＡＬＬ', 'ＣＡＬＬ', 'ＣＡＬＬ', 'ＣＡＬＬ', 'ＣＡＬＬ', 'ＣＡＬＬ', 'ＣＡＬＬ', 'ＨＰＬ', 'ＨＰＬ', 'ＨＰＬ', 'ＢＬ', 'ＢＬ', 'Ｌｉｎｕｘ', 'Ｌｉｎｕｘ', 'Ｌｉｎｕｘ', 'Ｌｉｎｕｘ', 'Ｌｉｎｕｘ']
⌒	['⌒']
囧	['囧']
礻	['礻']
豲	['豲']
肮	['肮', '肮肮脏脏', '肮肮脏脏']
钴	['钴']
Ｅ	['Ｅ', 'ＥＤ', 'ＥＤ', 'ＣＥＯ', 'ＣＥＯ', 'ＣＥＯ', 'ＨＥＬＬ', 'ＨＥＬＬ', 'ＨＥＬＬ', 'ＨＥＬＬ', 'ＲＥＭＡＸ', 'ＲＥＭＡＸ', 'ＲＥＭＡＸ', 'ＲＥＭＡＸ', 'ＲＥＭＡＸ', 'ＤＥＭＯ', 'ＤＥＭＯ', 'ＤＥＭＯ', 'ＤＥＭＯ', 'ＴＩＧＥＮＫＩＮＧ', 'ＴＩＧＥＮＫＩＮＧ', 'ＴＩＧＥＮＫＩＮＧ', 'ＴＩＧＥＮＫＩＮＧ', 'ＴＩＧＥＮＫＩＮＧ', 'ＴＩＧＥＮＫＩＮＧ', 'ＴＩＧＥＮＫＩＮＧ', 'ＴＩＧＥＮＫＩＮＧ', 'ＴＩＧＥＮＫＩＮＧ', 'ＳＨＥＲＡ', 'ＳＨＥＲＡ', 'ＳＨＥＲＡ', 'ＳＨＥＲＡ', 'ＳＨＥＲＡ', 'ＲＥＤＢＡＣＫ', 'ＲＥＤＢＡＣＫ', 'ＲＥＤＢＡＣＫ', 'ＲＥＤＢＡＣＫ', 'ＲＥＤＢＡＣＫ', 'ＲＥＤＢＡＣＫ', 'ＲＥＤＢＡＣＫ', 'Ｅｃｈｏ', 'Ｅｃｈｏ', 'Ｅｃｈｏ', 'Ｅｃｈｏ', 'ＮＥＴ', 'ＮＥＴ', 'ＮＥＴ', 'ＴＯＷＥＲ', 'ＴＯＷＥＲ', 'ＴＯＷＥＲ', 'ＴＯＷＥＲ', 'ＴＯＷＥＲ', 'ＯＫＰＯＷＥＲ', 'ＯＫＰＯＷＥＲ', 'ＯＫＰＯＷＥＲ', 'ＯＫＰＯＷＥＲ', 'ＯＫＰＯＷＥＲ', 'ＯＫＰＯＷＥＲ', 'ＯＫＰＯＷＥＲ', 'ＳＭＩＬＥ', 'ＳＭＩＬＥ', 'ＳＭＩＬＥ', 'ＳＭＩＬＥ', 'ＳＭＩＬＥ', 'ＯＫＦＩＲＥ', 'ＯＫＦＩＲＥ', 'ＯＫＦＩＲＥ', 'ＯＫＦＩＲＥ', 'ＯＫＦＩＲＥ', 'ＯＫＦＩＲＥ', 'ＳＯＫＥ', 'ＳＯＫＥ', 'ＳＯＫＥ', 'ＳＯＫＥ', 'ＸＥ', 'ＸＥ', 'ＥＭＡ', 'ＥＭＡ', 'ＥＭＡ', 'ＹＥＳ', 'ＹＥＳ', 'ＹＥＳ', 'ＰＯＳＥ', 'ＰＯＳＥ', 'ＰＯＳＥ', 'ＰＯＳＥ', 'ＩＥＡ', 'ＩＥＡ', 'ＩＥＡ', 'ＮＥＣ', 'ＮＥＣ', 'ＮＥＣ', 'ＨＥＲＯ', 'ＨＥＲＯ', 'ＨＥＲＯ', 'ＨＥＲＯ', 'ＴＳＥ', 'ＴＳＥ', 'ＴＳＥ', 'ＥＶＡ', 'ＥＶＡ', 'ＥＶＡ', 'ＷＥＯ', 'ＷＥＯ', 'ＷＥＯ', 'ＳＵＰＥＮＭＡＮ', 'ＳＵＰＥＮＭＡＮ', 'ＳＵＰＥＮＭＡＮ', 'ＳＵＰＥＮＭＡＮ', 'ＳＵＰＥＮＭＡＮ', 'ＳＵＰＥＮＭＡＮ', 'ＳＵＰＥＮＭＡＮ', 'ＳＵＰＥＮＭＡＮ', 'ＥＱ', 'ＥＱ', 'ＩＮＴＥＲＮＥＴ', 'ＩＮＴＥＲＮＥＴ', 'ＩＮＴＥＲＮＥＴ', 'ＩＮＴＥＲＮＥＴ', 'ＩＮＴＥＲＮＥＴ', 'ＩＮＴＥＲＮＥＴ', 'ＩＮＴＥＲＮＥＴ', 'ＩＮＴＥＲＮＥＴ', 'ＩＮＴＥＲＮＥＴ', 'ＩＮＴＥＲＮＥＴ', 'ＩＮＴＥＲＮＥＴ', 'ＩＮＴＥＲＮＥＴ', 'ＩＮＴＥＲＮＥＴ', 'ＩＮＴＥＲＮＥＴ', 'ＩＮＴＥＲＮＥＴ', 'ＩＮＴＥＲＮＥＴ', 'ＥＳＤ', 'ＥＳＤ', 'ＥＳＤ', 'ＮＥ', 'ＮＥ', 'ＥＰＳ', 'ＥＰＳ', 'ＥＰＳ', 'ＥＴ', 'ＥＴ', 'ＧＲＥ', 'ＧＲＥ', 'ＧＲＥ', 'ＰＥ', 'ＰＥ', 'ＣＡＳＥ', 'ＣＡＳＥ', 'ＣＡＳＥ', 'ＣＡＳＥ', 'ＯＥＭ', 'ＯＥＭ', 'ＯＥＭ', 'ＳＥＸ', 'ＳＥＸ', 'ＳＥＸ', 'ＦＥ', 'ＦＥ', 'ＴＥＮ', 'ＴＥＮ', 'ＴＥＮ', 'ＮＥＭＡ', 'ＮＥＭＡ', 'ＮＥＭＡ', 'ＮＥＭＡ', 'ＮＥｔ', 'ＮＥｔ', 'ＮＥｔ', 'ＪＥＳ', 'ＪＥＳ', 'ＪＥＳ', 'ＡＸＥ', 'ＡＸＥ', 'ＡＸＥ', 'ＣＥ', 'ＣＥ', 'ＥＰ', 'ＥＰ', 'ＣＢＥ', 'ＣＢＥ', 'ＣＢＥ']
＇	['＇']
螂	['螂']
垭	['垭']
＼	['＼']
徘	['徘']
濞	['濞']
⒀	['⒀']
囓	['囓']
咙	['咙']
à	['à']
垅	['垅', '一垅']
E	['TEXT-DECORATION', 'TEXT-DECORATION', 'TEXT-DECORATION', 'TEXT-DECORATION', 'TEXT-DECORATION', 'TEXT-DECORATION', 'FONT-SIZE', 'FONT-SIZE', 'FONT-SIZE', 'E-mail', 'E-mail', 'E-mail', 'NEST-SOUND', 'NEST-SOUND', 'NEST-SOUND', 'BORDER-BOTTOM', 'BORDER-BOTTOM', 'BORDER-BOTTOM', 'E-MAIL', 'E-MAIL', 'E-MAIL', 'BORDER-TOP-COLOR', 'BORDER-TOP-COLOR', 'BORDER-TOP-COLOR', 'BORDER-TOP-COLOR', 'BORDER-TOP-COLOR', 'BORDER-BOTTOM-COLOR', 'BORDER-BOTTOM-COLOR', 'BORDER-BOTTOM-COLOR', 'BORDER-BOTTOM-COLOR', 'BORDER-BOTTOM-COLOR', 'BORDER-LEFT-COLOR', 'BORDER-LEFT-COLOR', 'BORDER-LEFT-COLOR', 'BORDER-LEFT-COLOR', 'BORDER-LEFT-COLOR', 'BORDER-LEFT-COLOR', 'BORDER-LEFT-COLOR', 'BORDER-LEFT-COLOR', 'BORDER-LEFT-COLOR', 'BORDER-LEFT-COLOR', 'BORDER-RIGHT-COLOR', 'BORDER-RIGHT-COLOR', 'BORDER-RIGHT-COLOR', 'BORDER-RIGHT-COLOR', 'BORDER-RIGHT-COLOR', 'CLOSE-OPEN', 'CLOSE-OPEN', 'CLOSE-OPEN', 'CLOSE-OPEN', 'CLOSE-OPEN', 'CLOSE-OPEN', 'E-Mail', 'E-Mail', 'E-Mail', 'E--Mail', 'E--Mail', 'E--Mail', 'SCROLLBAR-BASE-COLOR', 'SCROLLBAR-BASE-COLOR', 'SCROLLBAR-BASE-COLOR', 'SCROLLBAR-BASE-COLOR', 'SCROLLBAR-BASE-COLOR', 'COOL-FIRE', 'COOL-FIRE', 'COOL-FIRE', 'KING-CHARLE', 'KING-CHARLE', 'KING-CHARLE', 'AE-f', 'AE-f', 'AE-f', 'BYE-BYE', 'BYE-BYE', 'BYE-BYE', 'BYE-BYE', 'BYE-BYE', 'BYE-BYE', 'C-CUBE', 'C-CUBE', 'C-CUBE', 'Ex-S', 'Ex-S', 'Ex-S', 'E-Z', 'E-Z', 'E-Z', 'TEXT-ALIGN', 'TEXT-ALIGN', 'TEXT-ALIGN', 'Mad-Eye', 'Mad-Eye', 'Mad-Eye']
X	['TEXT-DECORATION', 'TEXT-DECORATION', 'TEXT-DECORATION', 'T-X', 'T-X', 'Xavier-Bati', 'Xavier-Bati', 'Xavier-Bati', 'F-X', 'F-X', 'F-X', 'GAT-X', 'GAT-X', 'GAT-X', 'ST-X', 'ST-X', 'ST-X', '?X', '?X', 'TEXT-ALIGN', 'TEXT-ALIGN', 'TEXT-ALIGN']
D	['TEXT-DECORATION', 'TEXT-DECORATION', 'TEXT-DECORATION', 'GOOD-BOY', 'GOOD-BOY', 'GOOD-BOY', 'NEST-SOUND', 'NEST-SOUND', 'NEST-SOUND', 'BORDER-BOTTOM', 'BORDER-BOTTOM', 'BORDER-BOTTOM', 'MS-DOS', 'MS-DOS', 'MS-DOS', 'TFT-LCD', 'TFT-LCD', 'TFT-LCD', 'K-DASH', 'K-DASH', 'K-DASH', 'CD-ROM', 'CD-ROM', 'CD-ROM', 'BORDER-TOP-COLOR', 'BORDER-TOP-COLOR', 'BORDER-TOP-COLOR', 'BORDER-TOP-COLOR', 'BORDER-TOP-COLOR', 'BORDER-BOTTOM-COLOR', 'BORDER-BOTTOM-COLOR', 'BORDER-BOTTOM-COLOR', 'BORDER-BOTTOM-COLOR', 'BORDER-BOTTOM-COLOR', 'BORDER-LEFT-COLOR', 'BORDER-LEFT-COLOR', 'BORDER-LEFT-COLOR', 'BORDER-LEFT-COLOR', 'BORDER-LEFT-COLOR', 'BORDER-RIGHT-COLOR', 'BORDER-RIGHT-COLOR', 'BORDER-RIGHT-COLOR', 'BORDER-RIGHT-COLOR', 'BORDER-RIGHT-COLOR', 'SCROLLBAR-DARKSHADOW-COLOR', 'SCROLLBAR-DARKSHADOW-COLOR', 'SCROLLBAR-DARKSHADOW-COLOR', 'SCROLLBAR-DARKSHADOW-COLOR', 'SCROLLBAR-DARKSHADOW-COLOR', 'SCROLLBAR-DARKSHADOW-COLOR', 'SCROLLBAR-DARKSHADOW-COLOR', 'SCROLLBAR-DARKSHADOW-COLOR', 'SCROLLBAR-DARKSHADOW-COLOR', 'SCROLLBAR-DARKSHADOW-COLOR', 'PD-Boen', 'PD-Boen', 'PD-Boen', 'DMP-iplayer', 'DMP-iplayer', 'DMP-iplayer', 'CD-R', 'CD-R', 'CD-R', 'Q-DOS', 'Q-DOS', 'CD-RW', 'CD-RW', 'CD-RW']
C	['TEXT-DECORATION', 'TEXT-DECORATION', 'TEXT-DECORATION', 'TFT-LCD', 'TFT-LCD', 'TFT-LCD', 'SCROLLBAR-ARROW-COLOR', 'SCROLLBAR-ARROW-COLOR', 'SCROLLBAR-ARROW-COLOR', 'SCROLLBAR-ARROW-COLOR', 'SCROLLBAR-ARROW-COLOR', 'SCROLLBAR-ARROW-COLOR', 'SCROLLBAR-ARROW-COLOR', 'SCROLLBAR-ARROW-COLOR', 'SCROLLBAR-ARROW-COLOR', 'SCROLLBAR-ARROW-COLOR', 'C-Cube', 'C-Cube', 'C-Cube', 'C-Cube', 'C-Cube', 'C-Cube', 'kevin-liuningOCR', 'kevin-liuningOCR', 'kevin-liuningOCR', 'CD-ROM', 'CD-ROM', 'CD-ROM', 'BORDER-TOP-COLOR', 'BORDER-TOP-COLOR', 'BORDER-TOP-COLOR', 'BORDER-TOP-COLOR', 'BORDER-TOP-COLOR', 'BORDER-BOTTOM-COLOR', 'BORDER-BOTTOM-COLOR', 'BORDER-BOTTOM-COLOR', 'BORDER-BOTTOM-COLOR', 'BORDER-BOTTOM-COLOR', 'BORDER-LEFT-COLOR', 'BORDER-LEFT-COLOR', 'BORDER-LEFT-COLOR', 'BORDER-LEFT-COLOR', 'BORDER-LEFT-COLOR', 'BORDER-RIGHT-COLOR', 'BORDER-RIGHT-COLOR', 'BORDER-RIGHT-COLOR', 'BORDER-RIGHT-COLOR', 'BORDER-RIGHT-COLOR', 'CLOSE-OPEN', 'CLOSE-OPEN', 'CLOSE-OPEN', 'SCROLLBAR-BASE-COLOR', 'SCROLLBAR-BASE-COLOR', 'SCROLLBAR-BASE-COLOR', 'SCROLLBAR-BASE-COLOR', 'SCROLLBAR-BASE-COLOR', 'SCROLLBAR-BASE-COLOR', 'SCROLLBAR-BASE-COLOR', 'SCROLLBAR-BASE-COLOR', 'SCROLLBAR-BASE-COLOR', 'SCROLLBAR-BASE-COLOR', 'SCROLLBAR-DARKSHADOW-COLOR', 'SCROLLBAR-DARKSHADOW-COLOR', 'SCROLLBAR-DARKSHADOW-COLOR', 'SCROLLBAR-DARKSHADOW-COLOR', 'SCROLLBAR-DARKSHADOW-COLOR', 'SCROLLBAR-DARKSHADOW-COLOR', 'SCROLLBAR-DARKSHADOW-COLOR', 'SCROLLBAR-DARKSHADOW-COLOR', 'SCROLLBAR-DARKSHADOW-COLOR', 'SCROLLBAR-DARKSHADOW-COLOR', 'COOL-FIRE', 'COOL-FIRE', 'COOL-FIRE', 'KING-CHARLE', 'KING-CHARLE', 'KING-CHARLE', 'Chibrainbio-Guard', 'Chibrainbio-Guard', 'Chibrainbio-Guard', 'Cold-call', 'Cold-call', 'Cold-call', 'Chuang-tzu', 'Chuang-tzu', 'Chuang-tzu', 'C-CUBE', 'C-CUBE', 'C-CUBE', 'C-CUBE', 'C-CUBE', 'C-CUBE', 'CD-R', 'CD-R', 'CD-R', 'Cola-cola', 'Cola-cola', 'Cola-cola', 'CD-RW', 'CD-RW', 'CD-RW']
O	['TEXT-DECORATION', 'TEXT-DECORATION', 'TEXT-DECORATION', 'TEXT-DECORATION', 'TEXT-DECORATION', 'TEXT-DECORATION', 'FONT-SIZE', 'FONT-SIZE', 'FONT-SIZE', 'GOOD-BOY', 'GOOD-BOY', 'GOOD-BOY', 'GOOD-BOY', 'GOOD-BOY', 'GOOD-BOY', 'GOOD-BOY', 'GOOD-BOY', 'GOOD-BOY', 'NEST-SOUND', 'NEST-SOUND', 'NEST-SOUND', '\x1aO', '\x1aO', 'BORDER-BOTTOM', 'BORDER-BOTTOM', 'BORDER-BOTTOM', 'BORDER-BOTTOM', 'BORDER-BOTTOM', 'BORDER-BOTTOM', 'BORDER-BOTTOM', 'BORDER-BOTTOM', 'BORDER-BOTTOM', 'FONT-FAMILY', 'FONT-FAMILY', 'FONT-FAMILY', 'MS-DOS', 'MS-DOS', 'MS-DOS', 'SCROLLBAR-ARROW-COLOR', 'SCROLLBAR-ARROW-COLOR', 'SCROLLBAR-ARROW-COLOR', 'SCROLLBAR-ARROW-COLOR', 'SCROLLBAR-ARROW-COLOR', 'SCROLLBAR-ARROW-COLOR', 'SCROLLBAR-ARROW-COLOR', 'SCROLLBAR-ARROW-COLOR', 'SCROLLBAR-ARROW-COLOR', 'SCROLLBAR-ARROW-COLOR', 'SCROLLBAR-ARROW-COLOR', 'SCROLLBAR-ARROW-COLOR', 'SCROLLBAR-ARROW-COLOR', 'SCROLLBAR-ARROW-COLOR', 'SCROLLBAR-ARROW-COLOR', 'SCROLLBAR-ARROW-COLOR', 'SCROLLBAR-ARROW-COLOR', 'SCROLLBAR-ARROW-COLOR', 'SCROLLBAR-ARROW-COLOR', 'SCROLLBAR-ARROW-COLOR', 'kevin-liuningOCR', 'kevin-liuningOCR', 'kevin-liuningOCR', 'CD-ROM', 'CD-ROM', 'CD-ROM', 'BORDER-TOP-COLOR', 'BORDER-TOP-COLOR', 'BORDER-TOP-COLOR', 'BORDER-TOP-COLOR', 'BORDER-TOP-COLOR', 'BORDER-TOP-COLOR', 'BORDER-TOP-COLOR', 'BORDER-TOP-COLOR', 'BORDER-TOP-COLOR', 'BORDER-TOP-COLOR', 'BORDER-TOP-COLOR', 'BORDER-TOP-COLOR', 'BORDER-TOP-COLOR', 'BORDER-TOP-COLOR', 'BORDER-TOP-COLOR', 'BORDER-TOP-COLOR', 'BORDER-TOP-COLOR', 'BORDER-TOP-COLOR', 'BORDER-TOP-COLOR', 'BORDER-TOP-COLOR', 'BORDER-BOTTOM-COLOR', 'BORDER-BOTTOM-COLOR', 'BORDER-BOTTOM-COLOR', 'BORDER-BOTTOM-COLOR', 'BORDER-BOTTOM-COLOR', 'BORDER-BOTTOM-COLOR', 'BORDER-BOTTOM-COLOR', 'BORDER-BOTTOM-COLOR', 'BORDER-BOTTOM-COLOR', 'BORDER-BOTTOM-COLOR', 'BORDER-BOTTOM-COLOR', 'BORDER-BOTTOM-COLOR', 'BORDER-BOTTOM-COLOR', 'BORDER-BOTTOM-COLOR', 'BORDER-BOTTOM-COLOR', 'BORDER-BOTTOM-COLOR', 'BORDER-BOTTOM-COLOR', 'BORDER-BOTTOM-COLOR', 'BORDER-BOTTOM-COLOR', 'BORDER-BOTTOM-COLOR', 'BORDER-BOTTOM-COLOR', 'BORDER-BOTTOM-COLOR', 'BORDER-BOTTOM-COLOR', 'BORDER-BOTTOM-COLOR', 'BORDER-BOTTOM-COLOR', 'BORDER-LEFT-COLOR', 'BORDER-LEFT-COLOR', 'BORDER-LEFT-COLOR', 'BORDER-LEFT-COLOR', 'BORDER-LEFT-COLOR', 'BORDER-LEFT-COLOR', 'BORDER-LEFT-COLOR', 'BORDER-LEFT-COLOR', 'BORDER-LEFT-COLOR', 'BORDER-LEFT-COLOR', 'BORDER-LEFT-COLOR', 'BORDER-LEFT-COLOR', 'BORDER-LEFT-COLOR', 'BORDER-LEFT-COLOR', 'BORDER-LEFT-COLOR', 'BORDER-RIGHT-COLOR', 'BORDER-RIGHT-COLOR', 'BORDER-RIGHT-COLOR', 'BORDER-RIGHT-COLOR', 'BORDER-RIGHT-COLOR', 'BORDER-RIGHT-COLOR', 'BORDER-RIGHT-COLOR', 'BORDER-RIGHT-COLOR', 'BORDER-RIGHT-COLOR', 'BORDER-RIGHT-COLOR', 'BORDER-RIGHT-COLOR', 'BORDER-RIGHT-COLOR', 'BORDER-RIGHT-COLOR', 'BORDER-RIGHT-COLOR', 'BORDER-RIGHT-COLOR', 'CLOSE-OPEN', 'CLOSE-OPEN', 'CLOSE-OPEN', 'CLOSE-OPEN', 'CLOSE-OPEN', 'CLOSE-OPEN', 'SCROLLBAR-BASE-COLOR', 'SCROLLBAR-BASE-COLOR', 'SCROLLBAR-BASE-COLOR', 'SCROLLBAR-BASE-COLOR', 'SCROLLBAR-BASE-COLOR', 'SCROLLBAR-BASE-COLOR', 'SCROLLBAR-BASE-COLOR', 'SCROLLBAR-BASE-COLOR', 'SCROLLBAR-BASE-COLOR', 'SCROLLBAR-BASE-COLOR', 'SCROLLBAR-BASE-COLOR', 'SCROLLBAR-BASE-COLOR', 'SCROLLBAR-BASE-COLOR', 'SCROLLBAR-BASE-COLOR', 'SCROLLBAR-BASE-COLOR', 'SCROLLBAR-DARKSHADOW-COLOR', 'SCROLLBAR-DARKSHADOW-COLOR', 'SCROLLBAR-DARKSHADOW-COLOR', 'SCROLLBAR-DARKSHADOW-COLOR', 'SCROLLBAR-DARKSHADOW-COLOR', 'SCROLLBAR-DARKSHADOW-COLOR', 'SCROLLBAR-DARKSHADOW-COLOR', 'SCROLLBAR-DARKSHADOW-COLOR', 'SCROLLBAR-DARKSHADOW-COLOR', 'SCROLLBAR-DARKSHADOW-COLOR', 'SCROLLBAR-DARKSHADOW-COLOR', 'SCROLLBAR-DARKSHADOW-COLOR', 'SCROLLBAR-DARKSHADOW-COLOR', 'SCROLLBAR-DARKSHADOW-COLOR', 'SCROLLBAR-DARKSHADOW-COLOR', 'SCROLLBAR-DARKSHADOW-COLOR', 'SCROLLBAR-DARKSHADOW-COLOR', 'SCROLLBAR-DARKSHADOW-COLOR', 'SCROLLBAR-DARKSHADOW-COLOR', 'SCROLLBAR-DARKSHADOW-COLOR', 'SPIN-OFF', 'SPIN-OFF', 'SPIN-OFF', 'COOL-FIRE', 'COOL-FIRE', 'COOL-FIRE', 'COOL-FIRE', 'COOL-FIRE', 'COOL-FIRE', '\x11Oo', '\x11Oo', 'FSN-HOLSTON', 'FSN-HOLSTON', 'FSN-HOLSTON', 'FSN-HOLSTON', 'FSN-HOLSTON', 'FSN-HOLSTON', 'Q-DOS', 'Q-DOS', 'MM-NO', 'MM-NO', 'MM-NO']
R	['TEXT-DECORATION', 'TEXT-DECORATION', 'TEXT-DECORATION', 'BORDER-BOTTOM', 'BORDER-BOTTOM', 'BORDER-BOTTOM', 'BORDER-BOTTOM', 'BORDER-BOTTOM', 'BORDER-BOTTOM', 'SCROLLBAR-ARROW-COLOR', 'SCROLLBAR-ARROW-COLOR', 'SCROLLBAR-ARROW-COLOR', 'SCROLLBAR-ARROW-COLOR', 'SCROLLBAR-ARROW-COLOR', 'SCROLLBAR-ARROW-COLOR', 'SCROLLBAR-ARROW-COLOR', 'SCROLLBAR-ARROW-COLOR', 'SCROLLBAR-ARROW-COLOR', 'SCROLLBAR-ARROW-COLOR', 'SCROLLBAR-ARROW-COLOR', 'SCROLLBAR-ARROW-COLOR', 'SCROLLBAR-ARROW-COLOR', 'SCROLLBAR-ARROW-COLOR', 'SCROLLBAR-ARROW-COLOR', 'SCROLLBAR-ARROW-COLOR', 'SCROLLBAR-ARROW-COLOR', 'SCROLLBAR-ARROW-COLOR', 'SCROLLBAR-ARROW-COLOR', 'SCROLLBAR-ARROW-COLOR', 'SCROLLBAR-ARROW-COLOR', 'SCROLLBAR-ARROW-COLOR', 'SCROLLBAR-ARROW-COLOR', 'SCROLLBAR-ARROW-COLOR', 'SCROLLBAR-ARROW-COLOR', 'kevin-liuningOCR', 'kevin-liuningOCR', 'kevin-liuningOCR', 'CD-ROM', 'CD-ROM', 'CD-ROM', 'BORDER-TOP-COLOR', 'BORDER-TOP-COLOR', 'BORDER-TOP-COLOR', 'BORDER-TOP-COLOR', 'BORDER-TOP-COLOR', 'BORDER-TOP-COLOR', 'BORDER-TOP-COLOR', 'BORDER-TOP-COLOR', 'BORDER-TOP-COLOR', 'BORDER-TOP-COLOR', 'BORDER-TOP-COLOR', 'BORDER-TOP-COLOR', 'BORDER-TOP-COLOR', 'BORDER-TOP-COLOR', 'BORDER-TOP-COLOR', 'BORDER-BOTTOM-COLOR', 'BORDER-BOTTOM-COLOR', 'BORDER-BOTTOM-COLOR', 'BORDER-BOTTOM-COLOR', 'BORDER-BOTTOM-COLOR', 'BORDER-BOTTOM-COLOR', 'BORDER-BOTTOM-COLOR', 'BORDER-BOTTOM-COLOR', 'BORDER-BOTTOM-COLOR', 'BORDER-BOTTOM-COLOR', 'BORDER-BOTTOM-COLOR', 'BORDER-BOTTOM-COLOR', 'BORDER-BOTTOM-COLOR', 'BORDER-BOTTOM-COLOR', 'BORDER-BOTTOM-COLOR', 'BORDER-LEFT-COLOR', 'BORDER-LEFT-COLOR', 'BORDER-LEFT-COLOR', 'BORDER-LEFT-COLOR', 'BORDER-LEFT-COLOR', 'BORDER-LEFT-COLOR', 'BORDER-LEFT-COLOR', 'BORDER-LEFT-COLOR', 'BORDER-LEFT-COLOR', 'BORDER-LEFT-COLOR', 'BORDER-LEFT-COLOR', 'BORDER-LEFT-COLOR', 'BORDER-LEFT-COLOR', 'BORDER-LEFT-COLOR', 'BORDER-LEFT-COLOR', 'BORDER-RIGHT-COLOR', 'BORDER-RIGHT-COLOR', 'BORDER-RIGHT-COLOR', 'BORDER-RIGHT-COLOR', 'BORDER-RIGHT-COLOR', 'BORDER-RIGHT-COLOR', 'BORDER-RIGHT-COLOR', 'BORDER-RIGHT-COLOR', 'BORDER-RIGHT-COLOR', 'BORDER-RIGHT-COLOR', 'BORDER-RIGHT-COLOR', 'BORDER-RIGHT-COLOR', 'BORDER-RIGHT-COLOR', 'BORDER-RIGHT-COLOR', 'BORDER-RIGHT-COLOR', 'BORDER-RIGHT-COLOR', 'BORDER-RIGHT-COLOR', 'BORDER-RIGHT-COLOR', 'BORDER-RIGHT-COLOR', 'BORDER-RIGHT-COLOR', 'MRP-II', 'MRP-II', 'MRP-II', 'N-STAR', 'N-STAR', 'N-STAR', '?R', '?R', 'SCROLLBAR-BASE-COLOR', 'SCROLLBAR-BASE-COLOR', 'SCROLLBAR-BASE-COLOR', 'SCROLLBAR-BASE-COLOR', 'SCROLLBAR-BASE-COLOR', 'SCROLLBAR-BASE-COLOR', 'SCROLLBAR-BASE-COLOR', 'SCROLLBAR-BASE-COLOR', 'SCROLLBAR-BASE-COLOR', 'SCROLLBAR-BASE-COLOR', 'SCROLLBAR-BASE-COLOR', 'SCROLLBAR-BASE-COLOR', 'SCROLLBAR-BASE-COLOR', 'SCROLLBAR-BASE-COLOR', 'SCROLLBAR-BASE-COLOR', 'SCROLLBAR-DARKSHADOW-COLOR', 'SCROLLBAR-DARKSHADOW-COLOR', 'SCROLLBAR-DARKSHADOW-COLOR', 'SCROLLBAR-DARKSHADOW-COLOR', 'SCROLLBAR-DARKSHADOW-COLOR', 'SCROLLBAR-DARKSHADOW-COLOR', 'SCROLLBAR-DARKSHADOW-COLOR', 'SCROLLBAR-DARKSHADOW-COLOR', 'SCROLLBAR-DARKSHADOW-COLOR', 'SCROLLBAR-DARKSHADOW-COLOR', 'SCROLLBAR-DARKSHADOW-COLOR', 'SCROLLBAR-DARKSHADOW-COLOR', 'SCROLLBAR-DARKSHADOW-COLOR', 'SCROLLBAR-DARKSHADOW-COLOR', 'SCROLLBAR-DARKSHADOW-COLOR', 'SCROLLBAR-DARKSHADOW-COLOR', 'SCROLLBAR-DARKSHADOW-COLOR', 'SCROLLBAR-DARKSHADOW-COLOR', 'SCROLLBAR-DARKSHADOW-COLOR', 'SCROLLBAR-DARKSHADOW-COLOR', 'COOL-FIRE', 'COOL-FIRE', 'COOL-FIRE', '\x06R', '\x06R', 'KING-CHARLE', 'KING-CHARLE', 'KING-CHARLE', '\x1aR', '\x1aR', 'R-U', 'R-U', 'R-U', 'CD-R', 'CD-R', 'CD-R', 'Rolls-Royce', 'Rolls-Royce', 'Rolls-Royce', 'Rolls-Royce', 'Rolls-Royce', 'Rolls-Royce', 'CD-RW', 'CD-RW', 'CD-RW']
I	['TEXT-DECORATION', 'TEXT-DECORATION', 'TEXT-DECORATION', 'FONT-SIZE', 'FONT-SIZE', 'FONT-SIZE', 'FONT-FAMILY', 'FONT-FAMILY', 'FONT-FAMILY', 'E-MAIL', 'E-MAIL', 'E-MAIL', 'BORDER-RIGHT-COLOR', 'BORDER-RIGHT-COLOR', 'BORDER-RIGHT-COLOR', 'BORDER-RIGHT-COLOR', 'BORDER-RIGHT-COLOR', 'MRP-II', 'MRP-II', 'MRP-II', 'MRP-II', 'MRP-II', 'MRP-II', 'WING-KING', 'WING-KING', 'WING-KING', 'WING-KING', 'WING-KING', 'WING-KING', 'SPIN-OFF', 'SPIN-OFF', 'SPIN-OFF', 'COOL-FIRE', 'COOL-FIRE', 'COOL-FIRE', 'MMI-GAU', 'MMI-GAU', 'MMI-GAU', 'KING-CHARLE', 'KING-CHARLE', 'KING-CHARLE', 'B-I', 'B-I', 'B-I', 'MMI-M', 'MMI-M', 'MMI-M', 'TEXT-ALIGN', 'TEXT-ALIGN', 'TEXT-ALIGN']
N	['TEXT-DECORATION', 'TEXT-DECORATION', 'TEXT-DECORATION', 'FONT-SIZE', 'FONT-SIZE', 'FONT-SIZE', '\x0bN', '\x0bN', 'NEST-SOUND', 'NEST-SOUND', 'NEST-SOUND', 'NEST-SOUND', 'NEST-SOUND', 'NEST-SOUND', '\x1dN', '\x1dN', 'FONT-FAMILY', 'FONT-FAMILY', 'FONT-FAMILY', '\x1cN', '\x1cN', '?N', '?N', '\x0eN', '\x0eN', '\x11bN', '\x11bN', 'SS-N', 'SS-N', 'SS-N', 'N-STAR', 'N-STAR', 'N-STAR', 'CLOSE-OPEN', 'CLOSE-OPEN', 'CLOSE-OPEN', '?N', '?N', '?N', '?N', '\x0bNeg', '\x0bNeg', 'WING-KING', 'WING-KING', 'WING-KING', 'WING-KING', 'WING-KING', 'WING-KING', 'SPIN-OFF', 'SPIN-OFF', 'SPIN-OFF', '\x07N', '\x07N', '\x14N', '\x14N', 'G-MAN', 'G-MAN', 'G-MAN', 'KING-CHARLE', 'KING-CHARLE', 'KING-CHARLE', 'W-N', 'W-N', 'W-N', '\x1d\x1cN', '\x1d\x1cN', '\x1d\x1cN', '\x15gN', '\x15gN', '?N', '?N', '\x16N', '\x16N', 'FSN-HOLSTON', 'FSN-HOLSTON', 'FSN-HOLSTON', 'FSN-HOLSTON', 'FSN-HOLSTON', 'FSN-HOLSTON', 'Na-K', 'Na-K', 'Na-K', 'N-N', 'N-N', 'N-N', 'N-N', 'N-N', 'N-N', 'f-N', 'f-N', 'f-N', 'SA-N', 'SA-N', 'SA-N', 'TEXT-ALIGN', 'TEXT-ALIGN', 'TEXT-ALIGN', '\x12PN', '\x12PN', 'MM-NO', 'MM-NO', 'MM-NO']
	['\x1d諲', '\x1d諲', '\x1d\x11b', '\x1d\x11b', '\x1d\x11b', '\x1d\x11bS', '\x1d\x11bS', '\x1d\x11bS', '\x020\x1d8', '\x020\x1d8', '\x020\x1d8', '\x020\x1d8', '\x1dN', '\x1dN', '\x1d8', '\x1d8', '\x1d^', '\x1d^', '\x1dyY', '\x1dyY', '\x1d`', '\x1d`', '\x1d', '\x1ds', '\x1ds', '\x1d\x1c噕', '\x1d\x1c噕', '\x1d\x1c噕', '\x1d\x1c`', '\x1d\x1c`', '\x1d\x1c`', '\x1dg', '\x1dg', '\x1d\x1c\x15g', '\x1d\x1c\x15g', '\x1d\x1c\x15g', '\x1d\x1c\x15g', '\x1dyYS', '\x1dyYS', '\x1d\x1cN', '\x1d\x1cN', '\x1d\x1cN', '\x1d?', '\x1d?', '\x1d\x1c購', '\x1d\x1c購', '\x1d\x1c購', '\x1d塠', '\x1d塠', '\x1d\x1c??', '\x1d\x1c??', '\x1d\x1c??', '\x1d\x1c??', '\x1d\x1c\x1aztY', '\x1d\x1c\x1aztY', '\x1d\x1c\x1aztY', '\x1d\x1c\x1aztY', '\x1d隨', '\x1d隨', '\x1d??', '\x1d??', '\x1d??']
ｉ	['Ｍｉｎｉ', 'Ｍｉｎｉ', 'Ｍｉｎｉ', 'Ｍｉｎｉ', 'Ｍｉｎｉ', 'Ｍｉｎｉ', 'Ｍｉｎｉ', 'Ｍｉｎｉ', 'ｉ', 'Ｈｅｒｍｉｔ', 'Ｈｅｒｍｉｔ', 'Ｈｅｒｍｉｔ', 'Ｈｅｒｍｉｔ', 'Ｈｅｒｍｉｔ', 'Ｈｅｒｍｉｔ', 'Ａｓｓａｓｓｉｎ', 'Ａｓｓａｓｓｉｎ', 'Ａｓｓａｓｓｉｎ', 'Ａｓｓａｓｓｉｎ', 'Ａｓｓａｓｓｉｎ', 'Ａｓｓａｓｓｉｎ', 'Ａｓｓａｓｓｉｎ', 'Ａｓｓａｓｓｉｎ', 'Ｋｉｎ', 'Ｋｉｎ', 'Ｋｉｎ', 'ＴｉＦａｂ', 'ＴｉＦａｂ', 'ＴｉＦａｂ', 'ＴｉＦａｂ', 'ＴｉＦａｂ', 'Ｄｕｓｔｉｎ', 'Ｄｕｓｔｉｎ', 'Ｄｕｓｔｉｎ', 'Ｄｕｓｔｉｎ', 'Ｄｕｓｔｉｎ', 'Ｄｕｓｔｉｎ', 'Ｊｕｎｚｉｔａｎｇ', 'Ｊｕｎｚｉｔａｎｇ', 'Ｊｕｎｚｉｔａｎｇ', 'Ｊｕｎｚｉｔａｎｇ', 'Ｊｕｎｚｉｔａｎｇ', 'Ｊｕｎｚｉｔａｎｇ', 'Ｊｕｎｚｉｔａｎｇ', 'Ｊｕｎｚｉｔａｎｇ', 'Ｊｕｎｚｉｔａｎｇ', 'ｘｉ', 'ｘｉ', 'ＷＰＳＯｆｆｉｃｅ', 'ＷＰＳＯｆｆｉｃｅ', 'ＷＰＳＯｆｆｉｃｅ', 'ＷＰＳＯｆｆｉｃｅ', 'ＷＰＳＯｆｆｉｃｅ', 'ＷＰＳＯｆｆｉｃｅ', 'ＷＰＳＯｆｆｉｃｅ', 'ＷＰＳＯｆｆｉｃｅ', 'ＷＰＳＯｆｆｉｃｅ', 'Ｗｉｎｄｏｗｓ', 'Ｗｉｎｄｏｗｓ', 'Ｗｉｎｄｏｗｓ', 'Ｗｉｎｄｏｗｓ', 'Ｗｉｎｄｏｗｓ', 'Ｗｉｎｄｏｗｓ', 'Ｗｉｎｄｏｗｓ', 'ｍｅｄｉａ', 'ｍｅｄｉａ', 'ｍｅｄｉａ', 'ｍｅｄｉａ', 'ｍｅｄｉａ', 'ｊｉ', 'ｊｉ', 'Ｓｉｌｅｎｃｅｒ', 'Ｓｉｌｅｎｃｅｒ', 'Ｓｉｌｅｎｃｅｒ', 'Ｓｉｌｅｎｃｅｒ', 'Ｓｉｌｅｎｃｅｒ', 'Ｓｉｌｅｎｃｅｒ', 'Ｓｉｌｅｎｃｅｒ', 'Ｓｉｌｅｎｃｅｒ', 'ＣａｒｍａｎＬｉｎ', 'ＣａｒｍａｎＬｉｎ', 'ＣａｒｍａｎＬｉｎ', 'ＣａｒｍａｎＬｉｎ', 'ＣａｒｍａｎＬｉｎ', 'ＣａｒｍａｎＬｉｎ', 'ＣａｒｍａｎＬｉｎ', 'ＣａｒｍａｎＬｉｎ', 'ＣａｒｍａｎＬｉｎ', 'Ｌｉｎａ', 'Ｌｉｎａ', 'Ｌｉｎａ', 'Ｌｉｎａ', 'Ｈｉ', 'Ｈｉ', 'ｉＭａｃ', 'ｉＭａｃ', 'ｉＭａｃ', 'ｉＭａｃ', 'ｕｎｚｉｔａｎｇ', 'ｕｎｚｉｔａｎｇ', 'ｕｎｚｉｔａｎｇ', 'ｕｎｚｉｔａｎｇ', 'ｕｎｚｉｔａｎｇ', 'ｕｎｚｉｔａｎｇ', 'ｕｎｚｉｔａｎｇ', 'ｕｎｚｉｔａｎｇ', 'Ｍａｑｕｉｌａｄｏｒａ', 'Ｍａｑｕｉｌａｄｏｒａ', 'Ｍａｑｕｉｌａｄｏｒａ', 'Ｍａｑｕｉｌａｄｏｒａ', 'Ｍａｑｕｉｌａｄｏｒａ', 'Ｍａｑｕｉｌａｄｏｒａ', 'Ｍａｑｕｉｌａｄｏｒａ', 'Ｍａｑｕｉｌａｄｏｒａ', 'Ｍａｑｕｉｌａｄｏｒａ', 'Ｍａｑｕｉｌａｄｏｒａ', 'Ｍａｑｕｉｌａｄｏｒａ', 'ｙｉ', 'ｙｉ', 'ｊｉｎ', 'ｊｉｎ', 'ｊｉｎ', 'ｋｉｓｓ', 'ｋｉｓｓ', 'ｋｉｓｓ', 'ｋｉｓｓ', 'Ｎａｒｃｉｓｓｕｓ', 'Ｎａｒｃｉｓｓｕｓ', 'Ｎａｒｃｉｓｓｕｓ', 'Ｎａｒｃｉｓｓｕｓ', 'Ｎａｒｃｉｓｓｕｓ', 'Ｎａｒｃｉｓｓｕｓ', 'Ｎａｒｃｉｓｓｕｓ', 'Ｎａｒｃｉｓｓｕｓ', 'Ｎａｒｃｉｓｓｕｓ', 'Ｐａｌａｄｉｎ', 'Ｐａｌａｄｉｎ', 'Ｐａｌａｄｉｎ', 'Ｐａｌａｄｉｎ', 'Ｐａｌａｄｉｎ', 'Ｐａｌａｄｉｎ', 'Ｐａｌａｄｉｎ', 'Ｂａｓｉｃ', 'Ｂａｓｉｃ', 'Ｂａｓｉｃ', 'Ｂａｓｉｃ', 'Ｂａｓｉｃ', 'ｌｉ', 'ｌｉ', 'Ｌｉｎｕｘ', 'Ｌｉｎｕｘ', 'Ｌｉｎｕｘ', 'Ｌｉｎｕｘ', 'Ｌｉｎｕｘ']
踌	['踌']
稣	['稣']
憔	['憔']
鹈	['鹈']
說	['說']
膑	['膑']
籗	['籗']
荞	['荞']
С	['С']
￠	['￠']
褆	['褆']
蚣	['蚣']
绻	['绻']
痪	['痪']
Ｙ	['Ｙ', 'ＹＹ', 'ＹＹ', 'ＹＹ', 'ＹＹ', 'ＳＹ', 'ＳＹ', 'ＫＹＯＵＫＯ', 'ＫＹＯＵＫＯ', 'ＫＹＯＵＫＯ', 'ＫＹＯＵＫＯ', 'ＫＹＯＵＫＯ', 'ＫＹＯＵＫＯ', 'ＧＡＹ', 'ＧＡＹ', 'ＧＡＹ', 'ＹＥＳ', 'ＹＥＳ', 'ＹＥＳ', 'ＸＹ', 'ＸＹ', 'ＨＹ', 'ＨＹ', 'Ｙａｈｏｏ', 'Ｙａｈｏｏ', 'Ｙａｈｏｏ', 'Ｙａｈｏｏ', 'Ｙａｈｏｏ', 'ＲＯＹ', 'ＲＯＹ', 'ＲＯＹ', 'ＹＮ', 'ＹＮ', 'Ｙｅｓ', 'Ｙｅｓ', 'Ｙｅｓ', 'ＹＪ', 'ＹＪ', 'ＣＹ', 'ＣＹ', 'ＦＬＹ', 'ＦＬＹ', 'ＦＬＹ', 'ＹＤ', 'ＹＤ', 'ＳＯＮＹ', 'ＳＯＮＹ', 'ＳＯＮＹ', 'ＳＯＮＹ', 'ＰＡＲＴＹ', 'ＰＡＲＴＹ', 'ＰＡＲＴＹ', 'ＰＡＲＴＹ', 'ＰＡＲＴＹ', 'ＨＡＰＰＹ', 'ＨＡＰＰＹ', 'ＨＡＰＰＹ', 'ＨＡＰＰＹ', 'ＨＡＰＰＹ', 'ＹＵ', 'ＹＵ']
讀	['讀']
樂	['樂']
盡	['盡']
閱	['閱']
蜿	['蜿']
｀	['｀']
銆	['銆']
Ω	['Ω']
骼	['骼', '内骨骼']
Ｕ	['Ｕ', 'ＢＵＧ', 'ＢＵＧ', 'ＢＵＧ', 'Ｕｃｓ', 'Ｕｃｓ', 'Ｕｃｓ', 'ｄＵ', 'ｄＵ', 'ＫＹＯＵＫＯ', 'ＫＹＯＵＫＯ', 'ＫＹＯＵＫＯ', 'ＫＹＯＵＫＯ', 'ＫＹＯＵＫＯ', 'ＫＹＯＵＫＯ', 'ＳＵ', 'ＳＵ', 'ＤＵ', 'ＤＵ', 'ＳＴＵ', 'ＳＴＵ', 'ＳＴＵ', 'ＣＰＵ', 'ＣＰＵ', 'ＣＰＵ', 'ＳＵＰＥＮＭＡＮ', 'ＳＵＰＥＮＭＡＮ', 'ＳＵＰＥＮＭＡＮ', 'ＳＵＰＥＮＭＡＮ', 'ＳＵＰＥＮＭＡＮ', 'ＳＵＰＥＮＭＡＮ', 'ＳＵＰＥＮＭＡＮ', 'ＳＵＰＥＮＭＡＮ', 'ＰＵＢ', 'ＰＵＢ', 'ＰＵＢ', 'ｕＵ', 'ｕＵ', 'ＵＵ', 'ＵＵ', 'ＵＵ', 'ＵＵ', 'ＳＵＶ', 'ＳＵＶ', 'ＳＵＶ', 'ＵＦＯ', 'ＵＦＯ', 'ＵＦＯ', 'Ｕｕ', 'Ｕｕ', 'ＷＵＳＨＩ', 'ＷＵＳＨＩ', 'ＷＵＳＨＩ', 'ＷＵＳＨＩ', 'ＷＵＳＨＩ', 'ＭＵＴＡＴＩＯＮ', 'ＭＵＴＡＴＩＯＮ', 'ＭＵＴＡＴＩＯＮ', 'ＭＵＴＡＴＩＯＮ', 'ＭＵＴＡＴＩＯＮ', 'ＭＵＴＡＴＩＯＮ', 'ＭＵＴＡＴＩＯＮ', 'ＭＵＴＡＴＩＯＮ', 'ＲＵＳＨ', 'ＲＵＳＨ', 'ＲＵＳＨ', 'ＲＵＳＨ', 'ＹＵ', 'ＹＵ']
Γ	['Γ']
趔	['趔']
	['\x0b', '\x0bN', '\x0bN', '\x0bNeg', '\x0bNeg', '\x0b0', '\x0b0', '\x0bg', '\x0bg', '\x0bweg', '\x0bweg']
尴	['尴']
倧	['倧']
淦	['淦', '孙嘉淦', '严家淦', '张国淦', '章淦', '张淦', '杨淦', '季淦', '张淦兵团', '纪淦', '卜秋淦', '邹存淦', '邹存淦']
蠃	['蠃']
綴	['綴']
亯	['亯']
佝	['佝']
榯	['榯']
ｕ	['ｕ', 'ｄｕ', 'ｄｕ', 'Ｄｕｓｔｉｎ', 'Ｄｕｓｔｉｎ', 'Ｄｕｓｔｉｎ', 'Ｄｕｓｔｉｎ', 'Ｄｕｓｔｉｎ', 'Ｄｕｓｔｉｎ', 'ｕｕ', 'ｕｕ', 'ｕｕ', 'ｕｕ', 'ｕｎ', 'ｕｎ', 'Ｊｕｎｚｉｔａｎｇ', 'Ｊｕｎｚｉｔａｎｇ', 'Ｊｕｎｚｉｔａｎｇ', 'Ｊｕｎｚｉｔａｎｇ', 'Ｊｕｎｚｉｔａｎｇ', 'Ｊｕｎｚｉｔａｎｇ', 'Ｊｕｎｚｉｔａｎｇ', 'Ｊｕｎｚｉｔａｎｇ', 'Ｊｕｎｚｉｔａｎｇ', 'ｚｕ', 'ｚｕ', 'ｕＵ', 'ｕＵ', 'ｓｈｕｄａｏ', 'ｓｈｕｄａｏ', 'ｓｈｕｄａｏ', 'ｓｈｕｄａｏ', 'ｓｈｕｄａｏ', 'ｓｈｕｄａｏ', 'ｙｕ', 'ｙｕ', 'Ｃｕ', 'Ｃｕ', 'ｕｎｚｉｔａｎｇ', 'ｕｎｚｉｔａｎｇ', 'ｕｎｚｉｔａｎｇ', 'ｕｎｚｉｔａｎｇ', 'ｕｎｚｉｔａｎｇ', 'ｕｎｚｉｔａｎｇ', 'ｕｎｚｉｔａｎｇ', 'ｕｎｚｉｔａｎｇ', 'Ｍａｑｕｉｌａｄｏｒａ', 'Ｍａｑｕｉｌａｄｏｒａ', 'Ｍａｑｕｉｌａｄｏｒａ', 'Ｍａｑｕｉｌａｄｏｒａ', 'Ｍａｑｕｉｌａｄｏｒａ', 'Ｍａｑｕｉｌａｄｏｒａ', 'Ｍａｑｕｉｌａｄｏｒａ', 'Ｍａｑｕｉｌａｄｏｒａ', 'Ｍａｑｕｉｌａｄｏｒａ', 'Ｍａｑｕｉｌａｄｏｒａ', 'Ｍａｑｕｉｌａｄｏｒａ', 'Ｎａｒｃｉｓｓｕｓ', 'Ｎａｒｃｉｓｓｕｓ', 'Ｎａｒｃｉｓｓｕｓ', 'Ｎａｒｃｉｓｓｕｓ', 'Ｎａｒｃｉｓｓｕｓ', 'Ｎａｒｃｉｓｓｕｓ', 'Ｎａｒｃｉｓｓｕｓ', 'Ｎａｒｃｉｓｓｕｓ', 'Ｎａｒｃｉｓｓｕｓ', 'Ｓｕ', 'Ｓｕ', 'Ｕｕ', 'Ｕｕ', 'ｈｕａ', 'ｈｕａ', 'ｈｕａ', 'Ｌｉｎｕｘ', 'Ｌｉｎｕｘ', 'Ｌｉｎｕｘ', 'Ｌｉｎｕｘ', 'Ｌｉｎｕｘ']
蜘	['蜘']
胈	['胈']
Ⅳ	['Ⅳ']
硷	['硷']
⒂	['⒂']
銇	['銇', '\x1c銇', '\x1c銇']
瞌	['瞌']
氤	['氤', '氤氤氲氲', '氤氤氲氲']
髅	['髅']
腼	['腼']
陸	['陸']
蝰	['蝰']
⒆	['⒆']
÷	['÷']
Ｉ	['Ｉ', 'ＨＩＶ', 'ＨＩＶ', 'ＨＩＶ', 'ＩＢＭ', 'ＩＢＭ', 'ＩＢＭ', 'ＩＴ', 'ＩＴ', 'ＸＫＩＮＧ', 'ＸＫＩＮＧ', 'ＸＫＩＮＧ', 'ＸＫＩＮＧ', 'ＸＫＩＮＧ', 'ＩＤ', 'ＩＤ', 'ＡＩＤＳ', 'ＡＩＤＳ', 'ＡＩＤＳ', 'ＡＩＤＳ', 'ＭＩ', 'ＭＩ', 'ＡＩ', 'ＡＩ', 'ＴＩＧＥＮＫＩＮＧ', 'ＴＩＧＥＮＫＩＮＧ', 'ＴＩＧＥＮＫＩＮＧ', 'ＴＩＧＥＮＫＩＮＧ', 'ＴＩＧＥＮＫＩＮＧ', 'ＴＩＧＥＮＫＩＮＧ', 'ＴＩＧＥＮＫＩＮＧ', 'ＴＩＧＥＮＫＩＮＧ', 'ＴＩＧＥＮＫＩＮＧ', 'ＴＩＧＥＮＫＩＮＧ', 'ＴＩＧＥＮＫＩＮＧ', 'ＴＩＧＥＮＫＩＮＧ', 'ＴＩＧＥＮＫＩＮＧ', 'ＴＩＧＥＮＫＩＮＧ', 'ＴＩＧＥＮＫＩＮＧ', 'ＴＩＧＥＮＫＩＮＧ', 'ＴＩＧＥＮＫＩＮＧ', 'ＴＩＧＥＮＫＩＮＧ', 'ＫＩＤ', 'ＫＩＤ', 'ＫＩＤ', 'ＩＩＩ', 'ＩＩＩ', 'ＩＩＩ', 'ＩＩＩ', 'ＩＩＩ', 'ＩＩＩ', 'ＩＩＩ', 'ＩＩＩ', 'ＩＩＩ', 'ＤＩ', 'ＤＩ', 'ＣＰＩ', 'ＣＰＩ', 'ＣＰＩ', 'ＫＩＮＧ', 'ＫＩＮＧ', 'ＫＩＮＧ', 'ＫＩＮＧ', 'ＩＩ', 'ＩＩ', 'ＩＩ', 'ＩＩ', 'ＲＩＮＧ', 'ＲＩＮＧ', 'ＲＩＮＧ', 'ＲＩＮＧ', 'ＩＣＢＣ', 'ＩＣＢＣ', 'ＩＣＢＣ', 'ＩＣＢＣ', 'ＩＶ', 'ＩＶ', 'ＰＩＧＧ', 'ＰＩＧＧ', 'ＰＩＧＧ', 'ＰＩＧＧ', 'ＶＩＰ', 'ＶＩＰ', 'ＶＩＰ', 'ＲＳＩ', 'ＲＳＩ', 'ＲＳＩ', 'ＷＩＮＧＫＩＮＧ', 'ＷＩＮＧＫＩＮＧ', 'ＷＩＮＧＫＩＮＧ', 'ＷＩＮＧＫＩＮＧ', 'ＷＩＮＧＫＩＮＧ', 'ＷＩＮＧＫＩＮＧ', 'ＷＩＮＧＫＩＮＧ', 'ＷＩＮＧＫＩＮＧ', 'ＷＩＮＧＫＩＮＧ', 'ＷＩＮＧＫＩＮＧ', 'ＷＩＮＧＫＩＮＧ', 'ＷＩＮＧＫＩＮＧ', 'ＷＩＮＧＫＩＮＧ', 'ＷＩＮＧＫＩＮＧ', 'ＷＩＮＧＫＩＮＧ', 'ＷＩＮＧＫＩＮＧ', 'ＣＩ', 'ＣＩ', 'ＩＤＧ', 'ＩＤＧ', 'ＩＤＧ', 'ＣＩＳ', 'ＣＩＳ', 'ＣＩＳ', 'ＬＯＬＩ', 'ＬＯＬＩ', 'ＬＯＬＩ', 'ＬＯＬＩ', 'ＳＬＩ', 'ＳＬＩ', 'ＳＬＩ', 'ＳＭＩＬＥ', 'ＳＭＩＬＥ', 'ＳＭＩＬＥ', 'ＳＭＩＬＥ', 'ＳＭＩＬＥ', 'ＯＫＦＩＲＥ', 'ＯＫＦＩＲＥ', 'ＯＫＦＩＲＥ', 'ＯＫＦＩＲＥ', 'ＯＫＦＩＲＥ', 'ＯＫＦＩＲＥ', 'ＩＳ', 'ＩＳ', 'ＩＳＯ', 'ＩＳＯ', 'ＩＳＯ', 'ＶＩ', 'ＶＩ', 'ＤＩＦ', 'ＤＩＦ', 'ＤＩＦ', 'ＴＡＰＩ', 'ＴＡＰＩ', 'ＴＡＰＩ', 'ＴＡＰＩ', 'ＣＩＣ', 'ＣＩＣ', 'ＣＩＣ', 'ＩＱ', 'ＩＱ', 'ＩＥＡ', 'ＩＥＡ', 'ＩＥＡ', 'ＩＰ', 'ＩＰ', 'ＳＫＩＬＴＯ', 'ＳＫＩＬＴＯ', 'ＳＫＩＬＴＯ', 'ＳＫＩＬＴＯ', 'ＳＫＩＬＴＯ', 'ＳＫＩＬＴＯ', 'ＫＩＳＳ', 'ＫＩＳＳ', 'ＫＩＳＳ', 'ＫＩＳＳ', 'ＺＩＰＰＯ', 'ＺＩＰＰＯ', 'ＺＩＰＰＯ', 'ＺＩＰＰＯ', 'ＺＩＰＰＯ', 'ＩＧＭ', 'ＩＧＭ', 'ＩＧＭ', 'ＩＮＴＥＲＮＥＴ', 'ＩＮＴＥＲＮＥＴ', 'ＩＮＴＥＲＮＥＴ', 'ＩＮＴＥＲＮＥＴ', 'ＩＮＴＥＲＮＥＴ', 'ＩＮＴＥＲＮＥＴ', 'ＩＮＴＥＲＮＥＴ', 'ＩＮＴＥＲＮＥＴ', 'ＩＬ', 'ＩＬ', 'ＩＳＰ', 'ＩＳＰ', 'ＩＳＰ', 'ＳＨＩＴ', 'ＳＨＩＴ', 'ＳＨＩＴ', 'ＳＨＩＴ', 'ＩＡＬ', 'ＩＡＬ', 'ＩＡＬ', 'ＣＩＡ', 'ＣＩＡ', 'ＣＩＡ', 'ＣＩＤＡ', 'ＣＩＤＡ', 'ＣＩＤＡ', 'ＣＩＤＡ', 'ＣＨＩＮＡ', 'ＣＨＩＮＡ', 'ＣＨＩＮＡ', 'ＣＨＩＮＡ', 'ＣＨＩＮＡ', 'ＢＩ', 'ＢＩ', 'ＩＮＧ', 'ＩＮＧ', 'ＩＮＧ', 'ＨＩ', 'ＨＩ', 'ＩＴＣ', 'ＩＴＣ', 'ＩＴＣ', 'ＯＳＩ', 'ＯＳＩ', 'ＯＳＩ', 'ＩＣ', 'ＩＣ', 'Ｉｎｔｅｌ', 'Ｉｎｔｅｌ', 'Ｉｎｔｅｌ', 'Ｉｎｔｅｌ', 'Ｉｎｔｅｌ', 'Ｉｎｔｅｒｎｅｔ', 'Ｉｎｔｅｒｎｅｔ', 'Ｉｎｔｅｒｎｅｔ', 'Ｉｎｔｅｒｎｅｔ', 'Ｉｎｔｅｒｎｅｔ', 'Ｉｎｔｅｒｎｅｔ', 'Ｉｎｔｅｒｎｅｔ', 'Ｉｎｔｅｒｎｅｔ', 'ＷＵＳＨＩ', 'ＷＵＳＨＩ', 'ＷＵＳＨＩ', 'ＷＵＳＨＩ', 'ＷＵＳＨＩ', 'ＢＡＳＩＣ', 'ＢＡＳＩＣ', 'ＢＡＳＩＣ', 'ＢＡＳＩＣ', 'ＢＡＳＩＣ', 'ＭＵＴＡＴＩＯＮ', 'ＭＵＴＡＴＩＯＮ', 'ＭＵＴＡＴＩＯＮ', 'ＭＵＴＡＴＩＯＮ', 'ＭＵＴＡＴＩＯＮ', 'ＭＵＴＡＴＩＯＮ', 'ＭＵＴＡＴＩＯＮ', 'ＭＵＴＡＴＩＯＮ']
恿	['恿']
藁	['藁']
鑛	['鑛']
徕	['徕']
魍	['魍']
郞	['郞']
跚	['跚']
钅	['钅']
Ｑ	['Ｑ', 'ＱＱ', 'ＱＱ', 'ＱＱ', 'ＱＱ', '阿Ｑ', 'ＱＺ', 'ＱＺ', 'ＩＱ', 'ＩＱ', 'ＱＭ', 'ＱＭ', 'ＥＱ', 'ＥＱ', 'ＱＨ', 'ＱＨ']
	['\x15g', '\x15g', '\x15`', '\x15`', '\x15', '\x1c\x15g', '\x1c\x15g', '\x1c\x15g', '\x1d\x1c\x15g', '\x1d\x1c\x15g', '\x1d\x1c\x15g', '\x1d\x1c\x15g', '\x15_', '\x15_', '\x15gN', '\x15gN']
g	['\x15g', '\x15g', 'background-color', 'background-color', 'background-color', 'line-height', 'line-height', 'line-height', '\x1c\x15g', '\x1c\x15g', '\x1c\x15g', 'font-weight', 'font-weight', 'font-weight', 'text-align', 'text-align', 'text-align', 'kevin-liuningOCR', 'kevin-liuningOCR', 'kevin-liuningOCR', 'stay-night', 'stay-night', 'stay-night', '\x1bg', '\x1bg', '\x1dg', '\x1dg', '\x0bNeg', '\x0bNeg', 'Wing-king', 'Wing-king', 'Wing-king', 'Wing-king', 'Wing-king', 'Wing-king', 'border-right-color', 'border-right-color', 'border-right-color', 'border-right-color', 'border-right-color', '\x1d\x1c\x15g', '\x1d\x1c\x15g', '\x1d\x1c\x15g', '\x1d\x1c\x15g', '\x15gN', '\x15gN', 'k-g', 'k-g', 'k-g', 'Chuang-tzu', 'Chuang-tzu', 'Chuang-tzu', '\x1cg', '\x1cg', '\x0bg', '\x0bg', 'go-vern-ment', 'go-vern-ment', 'go-vern-ment', 'go-vern-ment', 'go-vern-ment', '\x0bweg', '\x0bweg']
荥	['荥']
⒃	['⒃']
裟	['裟']
	['\x0e', '\x0e`', '\x0e`', '\x0ef', '\x0ef', '\x0eN', '\x0eN', '\x1c\x0e`', '\x1c\x0e`', '\x1c\x0e`']
婲	['婲']
矸	['矸']
⒄	['⒄']
埽	['埽']
瑊	['瑊']
禩	['禩']
妳	['妳']
⑸	['⑸']
蟋	['蟋', '斗蟋蟀']
m	['font-family', 'font-family', 'font-family', 'E-mail', 'E-mail', 'E-mail', 'e-mail', 'e-mail', 'e-mail', 'com------------------------------------------------------------', 'com------------------------------------------------------------', 'border-bottom-color', 'border-bottom-color', 'border-bottom-color', 'border-bottom-color', 'border-bottom-color', 'go-vern-ment', 'go-vern-ment', 'go-vern-ment', 'go-vern-ment', 'go-vern-ment', 'i-mode', 'i-mode', 'i-mode']
l	['font-family', 'font-family', 'font-family', '?l', '?l', 'background-color', 'background-color', 'background-color', 'E-mail', 'E-mail', 'E-mail', 'line-height', 'line-height', 'line-height', 'e-mail', 'e-mail', 'e-mail', 'shiliu-k', 'shiliu-k', 'shiliu-k', '\x14l', '\x14l', 'text-align', 'text-align', 'text-align', 'kevin-liuningOCR', 'kevin-liuningOCR', 'kevin-liuningOCR', 'border-left-color', 'border-left-color', 'border-left-color', 'border-left-color', 'border-left-color', 'border-left-color', 'border-left-color', 'border-left-color', 'border-left-color', 'border-left-color', 'border-bottom-color', 'border-bottom-color', 'border-bottom-color', 'border-bottom-color', 'border-bottom-color', 'A-Level', 'A-Level', 'E-Mail', 'E-Mail', 'E-Mail', 'E--Mail', 'E--Mail', 'E--Mail', 'border-right-color', 'border-right-color', 'border-right-color', 'border-right-color', 'border-right-color', 'border-top-color', 'border-top-color', 'border-top-color', 'border-top-color', 'border-top-color', 'DMP-iplayer', 'DMP-iplayer', 'DMP-iplayer', 'Cold-call', 'Cold-call', 'Cold-call', 'Cold-call', 'Cold-call', 'Cold-call', 'Cold-call', 'Cold-call', 'Cold-call', 'Wal-Mart', 'Wal-Mart', 'Wal-Mart', 'border-left-style', 'border-left-style', 'border-left-style', 'border-left-style', 'border-left-style', 'border-left-style', 'border-left-style', 'border-left-style', 'border-left-style', 'border-left-style', 'McGraw-Hill', 'McGraw-Hill', 'McGraw-Hill', 'McGraw-Hill', 'McGraw-Hill', 'McGraw-Hill', 'Cola-cola', 'Cola-cola', 'Cola-cola', 'Cola-cola', 'Cola-cola', 'Cola-cola', 'Rolls-Royce', 'Rolls-Royce', 'Rolls-Royce', 'Rolls-Royce', 'Rolls-Royce', 'Rolls-Royce', 'self-educationawareness', 'self-educationawareness', 'self-educationawareness', 'close-ref', 'close-ref', 'close-ref', '\x1c?l', '\x1c?l', '\x1c?l']
y	['font-family', 'font-family', 'font-family', 'Stony-Moon', 'Stony-Moon', 'Stony-Moon', '\x1dyY', '\x1dyY', 'content-type', 'content-type', 'content-type', 'stay-night', 'stay-night', 'stay-night', 'Bye-Bye', 'Bye-Bye', 'Bye-Bye', 'Bye-Bye', 'Bye-Bye', 'Bye-Bye', 'Good-bye', 'Good-bye', 'Good-bye', 'bye-bye', 'bye-bye', 'bye-bye', 'bye-bye', 'bye-bye', 'bye-bye', '\x1dyYS', '\x1dyYS', 'Bye-bye', 'Bye-bye', 'Bye-bye', 'Bye-bye', 'Bye-bye', 'Bye-bye', 'DMP-iplayer', 'DMP-iplayer', 'DMP-iplayer', '\x1cyY', '\x1cyY', 'Key-in', 'Key-in', 'Key-in', 'border-left-style', 'border-left-style', 'border-left-style', 'border-left-style', 'border-left-style', 'Good-by', 'Good-by', 'Good-by', 'easy-cn', 'easy-cn', 'easy-cn', 'Rolls-Royce', 'Rolls-Royce', 'Rolls-Royce', 'Mad-Eye', 'Mad-Eye', 'Mad-Eye']
苡	['苡']
袷	['袷']
а	['а']
檎	['檎']
ⅴ	['ⅴ']
剀	['剀']
芗	['芗']
忸	['忸']
怩	['怩']
錞	['錞']
圾	['圾']
龊	['龊']
ｚ	['ｚ', 'ｘｙｚ', 'ｘｙｚ', 'ｘｙｚ', 'ｚｈ', 'ｚｈ', 'Ｊｕｎｚｉｔａｎｇ', 'Ｊｕｎｚｉｔａｎｇ', 'Ｊｕｎｚｉｔａｎｇ', 'Ｊｕｎｚｉｔａｎｇ', 'Ｊｕｎｚｉｔａｎｇ', 'Ｊｕｎｚｉｔａｎｇ', 'Ｊｕｎｚｉｔａｎｇ', 'Ｊｕｎｚｉｔａｎｇ', 'Ｊｕｎｚｉｔａｎｇ', 'ｚｕ', 'ｚｕ', 'ｍｚ', 'ｍｚ', 'ｕｎｚｉｔａｎｇ', 'ｕｎｚｉｔａｎｇ', 'ｕｎｚｉｔａｎｇ', 'ｕｎｚｉｔａｎｇ', 'ｕｎｚｉｔａｎｇ', 'ｕｎｚｉｔａｎｇ', 'ｕｎｚｉｔａｎｇ', 'ｕｎｚｉｔａｎｇ']
↓	['↓']
≮	['≮']
⑵	['⑵']
苎	['苎']
仃	['仃']
逅	['逅']
垃	['垃']
書	['書']
載	['載']
⒅	['⒅']
k	['background-color', 'background-color', 'background-color', 'shiliu-k', 'shiliu-k', 'shiliu-k', 'kevin-liuningOCR', 'kevin-liuningOCR', 'kevin-liuningOCR', 'Wing-king', 'Wing-king', 'Wing-king', 'T-back', 'T-back', 'k-g', 'k-g', 'k-g']
u	['background-color', 'background-color', 'background-color', 'shiliu-k', 'shiliu-k', 'shiliu-k', '\x1fu', '\x1fu', 'C-Cube', 'C-Cube', 'C-Cube', 'http-equiv', 'http-equiv', 'http-equiv', 'kevin-liuningOCR', 'kevin-liuningOCR', 'kevin-liuningOCR', '\x1au', '\x1au', 'Chibrainbio-Guard', 'Chibrainbio-Guard', 'Chibrainbio-Guard', 'Chuang-tzu', 'Chuang-tzu', 'Chuang-tzu', 'Chuang-tzu', 'Chuang-tzu', 'Chuang-tzu', 'self-educationawareness', 'self-educationawareness', 'self-educationawareness', 'Hsun-tzu', 'Hsun-tzu', 'Hsun-tzu', 'Hsun-tzu', 'Hsun-tzu', 'Hsun-tzu']
ィ	['ィ']
轉	['轉']
陙	['陙']
缍	['缍']
唣	['唣']
Φ	['Φ']
χ	['χ']
鶴	['鶴']
∷	['∷']
⒉	['⒉']
祅	['祅']
‖	['‖']
骮	['骮']
⑶	['⑶']
旎	['旎']
	['\x01?', '\x01?', '\x01€', '\x01€', '\x01', '\x010', '\x010']
猁	['猁']
с	['с']
槟	['槟']
〃	['〃']
酩	['酩']
蚓	['蚓']
澣	['澣']
裏	['裏']
鹚	['鹚']
蝙	['蝙']
阝	['阝']
踟	['踟', '搔首踟蹰']
哚	['哚']
F	['FONT-SIZE', 'FONT-SIZE', 'FONT-SIZE', 'F-SK', 'F-SK', 'F-SK', 'FONT-FAMILY', 'FONT-FAMILY', 'FONT-FAMILY', 'FONT-FAMILY', 'FONT-FAMILY', 'FONT-FAMILY', 'TFT-LCD', 'TFT-LCD', 'TFT-LCD', 'BORDER-LEFT-COLOR', 'BORDER-LEFT-COLOR', 'BORDER-LEFT-COLOR', 'BORDER-LEFT-COLOR', 'BORDER-LEFT-COLOR', 'SPIN-OFF', 'SPIN-OFF', 'SPIN-OFF', 'SPIN-OFF', 'SPIN-OFF', 'SPIN-OFF', 'COOL-FIRE', 'COOL-FIRE', 'COOL-FIRE', 'Wi-Fi', 'Wi-Fi', 'Wi-Fi', 'F-X', 'F-X', 'F-X', 'FSN-HOLSTON', 'FSN-HOLSTON', 'FSN-HOLSTON']
S	['FONT-SIZE', 'FONT-SIZE', 'FONT-SIZE', 'F-SK', 'F-SK', 'F-SK', 'NEST-SOUND', 'NEST-SOUND', 'NEST-SOUND', 'NEST-SOUND', 'NEST-SOUND', 'NEST-SOUND', '\x1d\x11bS', '\x1d\x11bS', '\x1d\x11bS', 'Stony-Moon', 'Stony-Moon', 'Stony-Moon', 'MS-DOS', 'MS-DOS', 'MS-DOS', 'MS-DOS', 'MS-DOS', 'MS-DOS', 'K-DASH', 'K-DASH', 'K-DASH', 'SCROLLBAR-ARROW-COLOR', 'SCROLLBAR-ARROW-COLOR', 'SCROLLBAR-ARROW-COLOR', 'SCROLLBAR-ARROW-COLOR', 'SCROLLBAR-ARROW-COLOR', '\x11bS', '\x11bS', 'SS-N', 'SS-N', 'SS-N', 'SS-N', 'SS-N', 'SS-N', 'N-STAR', 'N-STAR', 'N-STAR', 'CLOSE-OPEN', 'CLOSE-OPEN', 'CLOSE-OPEN', 'SCROLLBAR-BASE-COLOR', 'SCROLLBAR-BASE-COLOR', 'SCROLLBAR-BASE-COLOR', 'SCROLLBAR-BASE-COLOR', 'SCROLLBAR-BASE-COLOR', 'SCROLLBAR-BASE-COLOR', 'SCROLLBAR-BASE-COLOR', 'SCROLLBAR-BASE-COLOR', 'SCROLLBAR-BASE-COLOR', 'SCROLLBAR-BASE-COLOR', 'SCROLLBAR-DARKSHADOW-COLOR', 'SCROLLBAR-DARKSHADOW-COLOR', 'SCROLLBAR-DARKSHADOW-COLOR', 'SCROLLBAR-DARKSHADOW-COLOR', 'SCROLLBAR-DARKSHADOW-COLOR', 'SCROLLBAR-DARKSHADOW-COLOR', 'SCROLLBAR-DARKSHADOW-COLOR', 'SCROLLBAR-DARKSHADOW-COLOR', 'SCROLLBAR-DARKSHADOW-COLOR', 'SCROLLBAR-DARKSHADOW-COLOR', 'SPIN-OFF', 'SPIN-OFF', 'SPIN-OFF', '\x1dyYS', '\x1dyYS', 'FSN-HOLSTON', 'FSN-HOLSTON', 'FSN-HOLSTON', 'FSN-HOLSTON', 'FSN-HOLSTON', 'FSN-HOLSTON', 'T-Shirt', 'T-Shirt', 'ST-X', 'ST-X', 'ST-X', '\x06S', '\x06S', 'Q-DOS', 'Q-DOS', 'Ex-S', 'Ex-S', 'Ex-S', 'SA-N', 'SA-N', 'SA-N', '\x05S', '\x05S']
Z	['FONT-SIZE', 'FONT-SIZE', 'FONT-SIZE', '\x18Z', '\x18Z', '\x1c\x18Z', '\x1c\x18Z', '\x1c\x18Z', 'E-Z', 'E-Z', 'E-Z', '\x1ctYbZ', '\x1ctYbZ']
傈	['傈']
♀	['♀']
儡	['儡']
蝴	['蝴']
﹌	['﹌']
蜴	['蜴', '虺蜴']
獗	['獗']
闶	['闶']
	['\x18', '\x18Z', '\x18Z', '\x1c\x18Z', '\x1c\x18Z', '\x1c\x18Z', '\x18\x7f', '\x18\x7f']
≡	['≡']
胝	['胝', '手足胼胝']
艼	['艼']
珐	['珐']
椹	['桑椹', '椹']
芎	['芎']
蔲	['蔲']
颯	['颯']
蟑	['蟑']
═	['═']
Κ	['Κ']
荨	['荨']
菰	['菰']
霳	['霳']
⑽	['⑽']
⒌	['⒌']
筽	['筽']
龕	['龕']
蚍	['蚍']
鸬	['鸬']
鰁	['鰁']
М	['М']
馄	['馄']
ｂ	['ｂ', 'ｂｏｓｓ', 'ｂｏｓｓ', 'ｂｏｓｓ', 'ｂｏｓｓ', 'ｂｅ', 'ｂｅ', 'Ｓａｂｅｒ', 'Ｓａｂｅｒ', 'Ｓａｂｅｒ', 'Ｓａｂｅｒ', 'Ｓａｂｅｒ', 'ＴｉＦａｂ', 'ＴｉＦａｂ', 'ＴｉＦａｂ', 'ＴｉＦａｂ', 'ＴｉＦａｂ', 'ｂｙｅ', 'ｂｙｅ', 'ｂｙｅ', 'ｂｂｓ', 'ｂｂｓ', 'ｂｂｓ', 'ｂｂｓ', 'ｂｂｓ', 'ｂｂｓ', 'ｔｈｅＦｏｒｇｏｔｔｅｎＡｍｂａｓｓａｄｏｒ', 'ｔｈｅＦｏｒｇｏｔｔｅｎＡｍｂａｓｓａｄｏｒ', 'ｔｈｅＦｏｒｇｏｔｔｅｎＡｍｂａｓｓａｄｏｒ', 'ｔｈｅＦｏｒｇｏｔｔｅｎＡｍｂａｓｓａｄｏｒ', 'ｔｈｅＦｏｒｇｏｔｔｅｎＡｍｂａｓｓａｄｏｒ', 'ｔｈｅＦｏｒｇｏｔｔｅｎＡｍｂａｓｓａｄｏｒ', 'ｔｈｅＦｏｒｇｏｔｔｅｎＡｍｂａｓｓａｄｏｒ', 'ｔｈｅＦｏｒｇｏｔｔｅｎＡｍｂａｓｓａｄｏｒ', 'ｔｈｅＦｏｒｇｏｔｔｅｎＡｍｂａｓｓａｄｏｒ', 'ｔｈｅＦｏｒｇｏｔｔｅｎＡｍｂａｓｓａｄｏｒ', 'ｔｈｅＦｏｒｇｏｔｔｅｎＡｍｂａｓｓａｄｏｒ', 'ｔｈｅＦｏｒｇｏｔｔｅｎＡｍｂａｓｓａｄｏｒ', 'ｔｈｅＦｏｒｇｏｔｔｅｎＡｍｂａｓｓａｄｏｒ', 'ｔｈｅＦｏｒｇｏｔｔｅｎＡｍｂａｓｓａｄｏｒ', 'ｔｈｅＦｏｒｇｏｔｔｅｎＡｍｂａｓｓａｄｏｒ', 'ｔｈｅＦｏｒｇｏｔｔｅｎＡｍｂａｓｓａｄｏｒ', 'ｔｈｅＦｏｒｇｏｔｔｅｎＡｍｂａｓｓａｄｏｒ', 'ｔｈｅＦｏｒｇｏｔｔｅｎＡｍｂａｓｓａｄｏｒ', 'ｔｈｅＦｏｒｇｏｔｔｅｎＡｍｂａｓｓａｄｏｒ', 'ｔｈｅＦｏｒｇｏｔｔｅｎＡｍｂａｓｓａｄｏｒ', 'ｔｈｅＦｏｒｇｏｔｔｅｎＡｍｂａｓｓａｄｏｒ', 'ｔｈｅＦｏｒｇｏｔｔｅｎＡｍｂａｓｓａｄｏｒ']
镙	['镙']
｝	['｝']
鄞	['鄞']
唃	['唃']
±	['±']
蹰	['蹰', '搔首踟蹰']
ァ	['ァ']
∧	['∧']
郸	['郸']
榘	['榘', '陈士榘', '陈士榘']
｛	['｛']
繬	['繬']
翂	['翂']
ⅲ	['ⅲ']
儁	['儁']
犰	['犰']
⑷	['⑷']
抰	['抰']
鍂	['鍂']
↑	['↑']
	['\x1c`', '\x1c`', '\x1c噕', '\x1c噕', '\x1c銇', '\x1c銇', '\x1c\x15g', '\x1c\x15g', '\x1c\x15g', '\x1cN', '\x1cN', '\x1c購', '\x1c購', '\x1c\x11b', '\x1c\x11b', '\x1c\x11b', '\x1c', '\x1c??', '\x1c??', '\x1c??', '\x1c\x18Z', '\x1c\x18Z', '\x1c\x18Z', '\x1d\x1c噕', '\x1d\x1c噕', '\x1d\x1c噕', '\x1c諲', '\x1c諲', '\x1c\x1aztY', '\x1c\x1aztY', '\x1c\x1aztY', '\x1d\x1c`', '\x1d\x1c`', '\x1d\x1c`', '\x1d\x1c\x15g', '\x1d\x1c\x15g', '\x1d\x1c\x15g', '\x1d\x1c\x15g', '\x1cY', '\x1cY', '\x1d\x1cN', '\x1d\x1cN', '\x1d\x1cN', '\x1c5', '\x1c5', '\x1d\x1c購', '\x1d\x1c購', '\x1d\x1c購', '\x1cyY', '\x1cyY', '\x1c\x0e`', '\x1c\x0e`', '\x1c\x0e`', '\x1cg', '\x1cg', '\x1d\x1c??', '\x1d\x1c??', '\x1d\x1c??', '\x1d\x1c??', '\x1c;', '\x1c;', '\x1d\x1c\x1aztY', '\x1d\x1c\x1aztY', '\x1d\x1c\x1aztY', '\x1d\x1c\x1aztY', '\x1ctYbZ', '\x1ctYbZ', '\x1c?l', '\x1c?l', '\x1c?l', '\x1c1', '\x1c1']
ㄛ	['ㄛ']
袢	['袢', '髓袢']
嵘	['嵘', '万嵘', '彭巨嵘', '钟嵘', '藏嵘', '兰嵘', '景嵘', '宋嵘']
囵	['囵']
箜	['箜']
圳	['圳', '水圳', '深圳市公安局']
镆	['镆']
蛞	['蛞']
忑	['忑']
h	['line-height', 'line-height', 'line-height', 'line-height', 'line-height', 'line-height', 'shiliu-k', 'shiliu-k', 'shiliu-k', 'font-weight', 'font-weight', 'font-weight', 'http-equiv', 'http-equiv', 'http-equiv', 'T-shirt', 'T-shirt', 'stay-night', 'stay-night', 'stay-night', 'border-right-color', 'border-right-color', 'border-right-color', 'border-right-color', 'border-right-color', 'Chibrainbio-Guard', 'Chibrainbio-Guard', 'Chibrainbio-Guard', 'M-Geschss', 'M-Geschss', 'M-Geschss', 'Minh-Le', 'Minh-Le', 'Minh-Le', 'Chuang-tzu', 'Chuang-tzu', 'Chuang-tzu', 'T-Shirt', 'T-Shirt', '?h', '?h']
錘	['錘']
轛	['轛']
ｌ	['ｌ', 'Ｂｌａｃｋ', 'Ｂｌａｃｋ', 'Ｂｌａｃｋ', 'Ｂｌａｃｋ', 'Ｂｌａｃｋ', 'Ｓｉｌｅｎｃｅｒ', 'Ｓｉｌｅｎｃｅｒ', 'Ｓｉｌｅｎｃｅｒ', 'Ｓｉｌｅｎｃｅｒ', 'Ｓｉｌｅｎｃｅｒ', 'Ｓｉｌｅｎｃｅｒ', 'Ｓｉｌｅｎｃｅｒ', 'Ｓｉｌｅｎｃｅｒ', 'Ｍａｑｕｉｌａｄｏｒａ', 'Ｍａｑｕｉｌａｄｏｒａ', 'Ｍａｑｕｉｌａｄｏｒａ', 'Ｍａｑｕｉｌａｄｏｒａ', 'Ｍａｑｕｉｌａｄｏｒａ', 'Ｍａｑｕｉｌａｄｏｒａ', 'Ｍａｑｕｉｌａｄｏｒａ', 'Ｍａｑｕｉｌａｄｏｒａ', 'Ｍａｑｕｉｌａｄｏｒａ', 'Ｍａｑｕｉｌａｄｏｒａ', 'Ｍａｑｕｉｌａｄｏｒａ', 'Ｐａｌａｄｉｎ', 'Ｐａｌａｄｉｎ', 'Ｐａｌａｄｉｎ', 'Ｐａｌａｄｉｎ', 'Ｐａｌａｄｉｎ', 'Ｐａｌａｄｉｎ', 'Ｐａｌａｄｉｎ', 'Ｉｎｔｅｌ', 'Ｉｎｔｅｌ', 'Ｉｎｔｅｌ', 'Ｉｎｔｅｌ', 'Ｉｎｔｅｌ', 'Ｃａｌｌ', 'Ｃａｌｌ', 'Ｃａｌｌ', 'Ｃａｌｌ', 'Ｃａｌｌ', 'Ｃａｌｌ', 'Ｃａｌｌ', 'Ｃａｌｌ', 'ｌｉ', 'ｌｉ']
G	['GOOD-BOY', 'GOOD-BOY', 'GOOD-BOY', 'T-BAG', 'T-BAG', 'G-G', 'G-G', 'G-G', 'G-G', 'G-G', 'G-G', 'BORDER-RIGHT-COLOR', 'BORDER-RIGHT-COLOR', 'BORDER-RIGHT-COLOR', 'BORDER-RIGHT-COLOR', 'BORDER-RIGHT-COLOR', 'WING-KING', 'WING-KING', 'WING-KING', 'WING-KING', 'WING-KING', 'WING-KING', 'MMI-GAU', 'MMI-GAU', 'MMI-GAU', 'G-MAN', 'G-MAN', 'G-MAN', 'KING-CHARLE', 'KING-CHARLE', 'KING-CHARLE', 'Good-bye', 'Good-bye', 'Good-bye', 'Chibrainbio-Guard', 'Chibrainbio-Guard', 'Chibrainbio-Guard', 'M-Geschss', 'M-Geschss', 'M-Geschss', 'AG-U', 'AG-U', 'AG-U', 'GAT-X', 'GAT-X', 'GAT-X', 'Good-by', 'Good-by', 'Good-by', 'McGraw-Hill', 'McGraw-Hill', 'McGraw-Hill', 'TEXT-ALIGN', 'TEXT-ALIGN', 'TEXT-ALIGN']
B	['GOOD-BOY', 'GOOD-BOY', 'GOOD-BOY', 'BORDER-BOTTOM', 'BORDER-BOTTOM', 'BORDER-BOTTOM', 'BORDER-BOTTOM', 'BORDER-BOTTOM', 'BORDER-BOTTOM', 'Xavier-Bati', 'Xavier-Bati', 'Xavier-Bati', 'SCROLLBAR-ARROW-COLOR', 'SCROLLBAR-ARROW-COLOR', 'SCROLLBAR-ARROW-COLOR', 'SCROLLBAR-ARROW-COLOR', 'SCROLLBAR-ARROW-COLOR', 'T-BAG', 'T-BAG', 'BORDER-TOP-COLOR', 'BORDER-TOP-COLOR', 'BORDER-TOP-COLOR', 'BORDER-TOP-COLOR', 'BORDER-TOP-COLOR', 'BORDER-BOTTOM-COLOR', 'BORDER-BOTTOM-COLOR', 'BORDER-BOTTOM-COLOR', 'BORDER-BOTTOM-COLOR', 'BORDER-BOTTOM-COLOR', 'BORDER-BOTTOM-COLOR', 'BORDER-BOTTOM-COLOR', 'BORDER-BOTTOM-COLOR', 'BORDER-BOTTOM-COLOR', 'BORDER-BOTTOM-COLOR', 'BORDER-LEFT-COLOR', 'BORDER-LEFT-COLOR', 'BORDER-LEFT-COLOR', 'BORDER-LEFT-COLOR', 'BORDER-LEFT-COLOR', 'BORDER-RIGHT-COLOR', 'BORDER-RIGHT-COLOR', 'BORDER-RIGHT-COLOR', 'BORDER-RIGHT-COLOR', 'BORDER-RIGHT-COLOR', 'SCROLLBAR-BASE-COLOR', 'SCROLLBAR-BASE-COLOR', 'SCROLLBAR-BASE-COLOR', 'SCROLLBAR-BASE-COLOR', 'SCROLLBAR-BASE-COLOR', 'SCROLLBAR-BASE-COLOR', 'SCROLLBAR-BASE-COLOR', 'SCROLLBAR-BASE-COLOR', 'SCROLLBAR-BASE-COLOR', 'SCROLLBAR-BASE-COLOR', 'SCROLLBAR-DARKSHADOW-COLOR', 'SCROLLBAR-DARKSHADOW-COLOR', 'SCROLLBAR-DARKSHADOW-COLOR', 'SCROLLBAR-DARKSHADOW-COLOR', 'SCROLLBAR-DARKSHADOW-COLOR', 'Bye-Bye', 'Bye-Bye', 'Bye-Bye', 'Bye-Bye', 'Bye-Bye', 'Bye-Bye', 'PD-Boen', 'PD-Boen', 'PD-Boen', 'B-I', 'B-I', 'B-I', 'Bit-Bit', 'Bit-Bit', 'Bit-Bit', 'Bit-Bit', 'Bit-Bit', 'Bit-Bit', 'Bye-bye', 'Bye-bye', 'Bye-bye', 'BYE-BYE', 'BYE-BYE', 'BYE-BYE', 'BYE-BYE', 'BYE-BYE', 'BYE-BYE', 'C-CUBE', 'C-CUBE', 'C-CUBE']
Y	['GOOD-BOY', 'GOOD-BOY', 'GOOD-BOY', '\x1aY', '\x1aY', 'FONT-FAMILY', 'FONT-FAMILY', 'FONT-FAMILY', '\x1dyY', '\x1dyY', '\x1aztY', '\x1aztY', '\x16Y', '\x16Y', '\x1c\x1aztY', '\x1c\x1aztY', '\x1c\x1aztY', '\x07Y', '\x07Y', '\x1dyYS', '\x1dyYS', '\x1cY', '\x1cY', '\x1cyY', '\x1cyY', 'BYE-BYE', 'BYE-BYE', 'BYE-BYE', 'BYE-BYE', 'BYE-BYE', 'BYE-BYE', '\x1fY', '\x1fY', '\x1d\x1c\x1aztY', '\x1d\x1c\x1aztY', '\x1d\x1c\x1aztY', '\x1d\x1c\x1aztY', '\x1ctYbZ', '\x1ctYbZ', '?Y', '?Y']
龃	['龃']
訢	['訢']
隨	['隨', '\x1d隨', '\x1d隨']
∥	['∥']
苤	['苤']
賬	['賬']
蹒	['蹒']
袈	['袈']
廑	['廑']
癀	['癀']
Τ	['Τ']
獯	['獯']
蝌	['蝌']
珟	['珟']
﹑	['﹑']
齹	['齹']
艋	['艋']
縊	['縊']
汵	['汵']
旯	['旯', '旮旮旯旯', '旮旮旯旯']
≠	['≠']
Ν	['Ν']
給	['給']
岖	['岖']
歭	['歭']
徳	['徳']
忐	['忐']
⒊	['⒊']
⑺	['⑺']
ǎ	['ǎ']
≌	['≌']
猕	['猕']
娓	['娓', '任青娓', '任青娓']
邖	['邖']
旮	['旮', '旮旮旯旯', '旮旮旯旯']
ǖ	['ǖ']
俢	['俢']
禟	['禟']
瘰	['瘰']
苣	['苣']
Ⅴ	['Ⅴ']
陰	['陰']
∑	['∑']
蝓	['蝓']
ˉ	['ˉ']
砗	['砗']
渖	['渖']
岢	['岢']
逶	['逶']
輯	['輯']
∨	['∨']
譞	['譞']
狳	['狳']
堺	['堺']
ｔ	['ｔ', 'ｎｅｔ', 'ｎｅｔ', 'ｎｅｔ', 'Ｎｅｔ', 'Ｎｅｔ', 'Ｎｅｔ', 'Ｃａｓｔｅｒ', 'Ｃａｓｔｅｒ', 'Ｃａｓｔｅｒ', 'Ｃａｓｔｅｒ', 'Ｃａｓｔｅｒ', 'Ｃａｓｔｅｒ', 'Ｈｅｒｍｉｔ', 'Ｈｅｒｍｉｔ', 'Ｈｅｒｍｉｔ', 'Ｈｅｒｍｉｔ', 'Ｈｅｒｍｉｔ', 'Ｈｅｒｍｉｔ', 'Ｄｕｓｔｉｎ', 'Ｄｕｓｔｉｎ', 'Ｄｕｓｔｉｎ', 'Ｄｕｓｔｉｎ', 'Ｄｕｓｔｉｎ', 'Ｄｕｓｔｉｎ', 'ｘｔ', 'ｘｔ', 'Ｊｕｎｚｉｔａｎｇ', 'Ｊｕｎｚｉｔａｎｇ', 'Ｊｕｎｚｉｔａｎｇ', 'Ｊｕｎｚｉｔａｎｇ', 'Ｊｕｎｚｉｔａｎｇ', 'Ｊｕｎｚｉｔａｎｇ', 'Ｊｕｎｚｉｔａｎｇ', 'Ｊｕｎｚｉｔａｎｇ', 'Ｊｕｎｚｉｔａｎｇ', 'ｗｗｗｎｅｔ', 'ｗｗｗｎｅｔ', 'ｗｗｗｎｅｔ', 'ｗｗｗｎｅｔ', 'ｗｗｗｎｅｔ', 'ｗｗｗｎｅｔ', 'Ｃｈａｒｍａｎｔ', 'Ｃｈａｒｍａｎｔ', 'Ｃｈａｒｍａｎｔ', 'Ｃｈａｒｍａｎｔ', 'Ｃｈａｒｍａｎｔ', 'Ｃｈａｒｍａｎｔ', 'Ｃｈａｒｍａｎｔ', 'Ｃｈａｒｍａｎｔ', 'ｕｎｚｉｔａｎｇ', 'ｕｎｚｉｔａｎｇ', 'ｕｎｚｉｔａｎｇ', 'ｕｎｚｉｔａｎｇ', 'ｕｎｚｉｔａｎｇ', 'ｕｎｚｉｔａｎｇ', 'ｕｎｚｉｔａｎｇ', 'ｕｎｚｉｔａｎｇ', 'Ｓｔ', 'Ｓｔ', 'Ｓｅｒｖａｎｔ', 'Ｓｅｒｖａｎｔ', 'Ｓｅｒｖａｎｔ', 'Ｓｅｒｖａｎｔ', 'Ｓｅｒｖａｎｔ', 'Ｓｅｒｖａｎｔ', 'Ｓｅｒｖａｎｔ', 'ｔｘ', 'ｔｘ', 'ＮＥｔ', 'ＮＥｔ', 'ＮＥｔ', 'Ｉｎｔｅｌ', 'Ｉｎｔｅｌ', 'Ｉｎｔｅｌ', 'Ｉｎｔｅｌ', 'Ｉｎｔｅｌ', 'Ｉｎｔｅｒｎｅｔ', 'Ｉｎｔｅｒｎｅｔ', 'Ｉｎｔｅｒｎｅｔ', 'Ｉｎｔｅｒｎｅｔ', 'Ｉｎｔｅｒｎｅｔ', 'Ｉｎｔｅｒｎｅｔ', 'Ｉｎｔｅｒｎｅｔ', 'Ｉｎｔｅｒｎｅｔ', 'Ｉｎｔｅｒｎｅｔ', 'Ｉｎｔｅｒｎｅｔ', 'Ｉｎｔｅｒｎｅｔ', 'Ｉｎｔｅｒｎｅｔ', 'Ｉｎｔｅｒｎｅｔ', 'Ｉｎｔｅｒｎｅｔ', 'Ｉｎｔｅｒｎｅｔ', 'Ｉｎｔｅｒｎｅｔ', 'ｔｈｅＦｏｒｇｏｔｔｅｎＡｍｂａｓｓａｄｏｒ', 'ｔｈｅＦｏｒｇｏｔｔｅｎＡｍｂａｓｓａｄｏｒ', 'ｔｈｅＦｏｒｇｏｔｔｅｎＡｍｂａｓｓａｄｏｒ', 'ｔｈｅＦｏｒｇｏｔｔｅｎＡｍｂａｓｓａｄｏｒ', 'ｔｈｅＦｏｒｇｏｔｔｅｎＡｍｂａｓｓａｄｏｒ', 'ｔｈｅＦｏｒｇｏｔｔｅｎＡｍｂａｓｓａｄｏｒ', 'ｔｈｅＦｏｒｇｏｔｔｅｎＡｍｂａｓｓａｄｏｒ', 'ｔｈｅＦｏｒｇｏｔｔｅｎＡｍｂａｓｓａｄｏｒ', 'ｔｈｅＦｏｒｇｏｔｔｅｎＡｍｂａｓｓａｄｏｒ', 'ｔｈｅＦｏｒｇｏｔｔｅｎＡｍｂａｓｓａｄｏｒ', 'ｔｈｅＦｏｒｇｏｔｔｅｎＡｍｂａｓｓａｄｏｒ', 'ｔｈｅＦｏｒｇｏｔｔｅｎＡｍｂａｓｓａｄｏｒ', 'ｔｈｅＦｏｒｇｏｔｔｅｎＡｍｂａｓｓａｄｏｒ', 'ｔｈｅＦｏｒｇｏｔｔｅｎＡｍｂａｓｓａｄｏｒ', 'ｔｈｅＦｏｒｇｏｔｔｅｎＡｍｂａｓｓａｄｏｒ', 'ｔｈｅＦｏｒｇｏｔｔｅｎＡｍｂａｓｓａｄｏｒ', 'ｔｈｅＦｏｒｇｏｔｔｅｎＡｍｂａｓｓａｄｏｒ', 'ｔｈｅＦｏｒｇｏｔｔｅｎＡｍｂａｓｓａｄｏｒ', 'ｔｈｅＦｏｒｇｏｔｔｅｎＡｍｂａｓｓａｄｏｒ', 'ｔｈｅＦｏｒｇｏｔｔｅｎＡｍｂａｓｓａｄｏｒ', 'ｔｈｅＦｏｒｇｏｔｔｅｎＡｍｂａｓｓａｄｏｒ', 'ｔｈｅＦｏｒｇｏｔｔｅｎＡｍｂａｓｓａｄｏｒ', 'ｔｈｅＦｏｒｇｏｔｔｅｎＡｍｂａｓｓａｄｏｒ', 'ｔｈｅＦｏｒｇｏｔｔｅｎＡｍｂａｓｓａｄｏｒ', 'ｔｈｅＦｏｒｇｏｔｔｅｎＡｍｂａｓｓａｄｏｒ', 'ｔｈｅＦｏｒｇｏｔｔｅｎＡｍｂａｓｓａｄｏｒ', 'ｔｈｅＦｏｒｇｏｔｔｅｎＡｍｂａｓｓａｄｏｒ', 'ｔｈｅＦｏｒｇｏｔｔｅｎＡｍｂａｓｓａｄｏｒ', 'ｔｈｅＦｏｒｇｏｔｔｅｎＡｍｂａｓｓａｄｏｒ', 'ｔｈｅＦｏｒｇｏｔｔｅｎＡｍｂａｓｓａｄｏｒ', 'ｔｈｅＦｏｒｇｏｔｔｅｎＡｍｂａｓｓａｄｏｒ', 'ｔｈｅＦｏｒｇｏｔｔｅｎＡｍｂａｓｓａｄｏｒ', 'ｔｈｅＦｏｒｇｏｔｔｅｎＡｍｂａｓｓａｄｏｒ', 'ｔｈｅＦｏｒｇｏｔｔｅｎＡｍｂａｓｓａｄｏｒ', 'ｔｈｅＦｏｒｇｏｔｔｅｎＡｍｂａｓｓａｄｏｒ', 'ｔｈｅＦｏｒｇｏｔｔｅｎＡｍｂａｓｓａｄｏｒ', 'ｔｈｅＦｏｒｇｏｔｔｅｎＡｍｂａｓｓａｄｏｒ', 'ｔｈｅＦｏｒｇｏｔｔｅｎＡｍｂａｓｓａｄｏｒ', 'ｔｈｅＦｏｒｇｏｔｔｅｎＡｍｂａｓｓａｄｏｒ', 'ｔｈｅＦｏｒｇｏｔｔｅｎＡｍｂａｓｓａｄｏｒ', 'ｔｈｅＦｏｒｇｏｔｔｅｎＡｍｂａｓｓａｄｏｒ', 'ｔｈｅＦｏｒｇｏｔｔｅｎＡｍｂａｓｓａｄｏｒ', 'ｔｈｅＦｏｒｇｏｔｔｅｎＡｍｂａｓｓａｄｏｒ', 'ｔｈｅＦｏｒｇｏｔｔｅｎＡｍｂａｓｓａｄｏｒ', 'ｔｈｅＦｏｒｇｏｔｔｅｎＡｍｂａｓｓａｄｏｒ', 'ｔｈｅＦｏｒｇｏｔｔｅｎＡｍｂａｓｓａｄｏｒ', 'ｔｈｅＦｏｒｇｏｔｔｅｎＡｍｂａｓｓａｄｏｒ', 'ｔｈｅＦｏｒｇｏｔｔｅｎＡｍｂａｓｓａｄｏｒ', 'ｔｈｅＦｏｒｇｏｔｔｅｎＡｍｂａｓｓａｄｏｒ', 'ｔｈｅＦｏｒｇｏｔｔｅｎＡｍｂａｓｓａｄｏｒ', 'ｔｈｅＦｏｒｇｏｔｔｅｎＡｍｂａｓｓａｄｏｒ', 'ｔｈｅＦｏｒｇｏｔｔｅｎＡｍｂａｓｓａｄｏｒ', 'ｔｈｅＦｏｒｇｏｔｔｅｎＡｍｂａｓｓａｄｏｒ', 'ｔｈｅＦｏｒｇｏｔｔｅｎＡｍｂａｓｓａｄｏｒ', 'ｔｈｅＦｏｒｇｏｔｔｅｎＡｍｂａｓｓａｄｏｒ', 'ｔｈｅＦｏｒｇｏｔｔｅｎＡｍｂａｓｓａｄｏｒ', 'ｔｈｅＦｏｒｇｏｔｔｅｎＡｍｂａｓｓａｄｏｒ', 'ｔｈｅＦｏｒｇｏｔｔｅｎＡｍｂａｓｓａｄｏｒ', 'ｔｈｅＦｏｒｇｏｔｔｅｎＡｍｂａｓｓａｄｏｒ', 'ｔｈｅＦｏｒｇｏｔｔｅｎＡｍｂａｓｓａｄｏｒ', 'ｔｈｅＦｏｒｇｏｔｔｅｎＡｍｂａｓｓａｄｏｒ', 'ｔｈｅＦｏｒｇｏｔｔｅｎＡｍｂａｓｓａｄｏｒ', 'ｔｈｅＦｏｒｇｏｔｔｅｎＡｍｂａｓｓａｄｏｒ', 'ｔｈｅＦｏｒｇｏｔｔｅｎＡｍｂａｓｓａｄｏｒ', 'ｔｈｅＦｏｒｇｏｔｔｅｎＡｍｂａｓｓａｄｏｒ', 'ｔｈｅＦｏｒｇｏｔｔｅｎＡｍｂａｓｓａｄｏｒ', 'Ｘｔ', 'Ｘｔ']
鵞	['鵞']
虘	['虘']
∈	['∈']
苿	['苿']
蠼	['蠼']
Π	['Π']
緑	['緑']
K	['F-SK', 'F-SK', 'F-SK', 'K-DASH', 'K-DASH', 'K-DASH', 'SCROLLBAR-DARKSHADOW-COLOR', 'SCROLLBAR-DARKSHADOW-COLOR', 'SCROLLBAR-DARKSHADOW-COLOR', 'SCROLLBAR-DARKSHADOW-COLOR', 'SCROLLBAR-DARKSHADOW-COLOR', 'WING-KING', 'WING-KING', 'WING-KING', 'KING-CHARLE', 'KING-CHARLE', 'KING-CHARLE', 'Key-in', 'Key-in', 'Key-in', 'Na-K', 'Na-K', 'Na-K', '?K', '?K']
龉	['龉']
蝤	['蝤']
≤	['≤']
囫	['囫']
Ⅹ	['Ⅹ']
蚯	['蚯']
肀	['肀']
嬃	['嬃']
囹	['囹']
⒚	['⒚']
毬	['毬']
跶	['跶']
岙	['岙']
U	['NEST-SOUND', 'NEST-SOUND', 'NEST-SOUND', 'MMI-GAU', 'MMI-GAU', 'MMI-GAU', 'AG-U', 'AG-U', 'AG-U', 'C-CUBE', 'C-CUBE', 'C-CUBE', 'R-U', 'R-U', 'R-U', 'JU-dd', 'JU-dd', 'JU-dd', 'U-Matic', 'U-Matic', 'U-Matic']
俌	['俌']
″	['″']
蝥	['蝥']
√	['√']
⒛	['⒛']
∽	['∽']
躏	['躏']
挢	['挢']
缱	['缱']
鹌	['鹌']
莼	['莼']
鸸	['鸸']
鸹	['鸹']
磾	['磾']
Α	['Α']
舴	['舴']
	['\x0f', '\x0fa', '\x0fa']
⊥	['⊥']
琣	['琣']
ｙ	['ｙ', 'ｘｙｚ', 'ｘｙｚ', 'ｘｙｚ', 'ｙｎ', 'ｙｎ', 'Ｇａｙ', 'Ｇａｙ', 'Ｇａｙ', 'ｂｙｅ', 'ｂｙｅ', 'ｂｙｅ', 'ｙｕ', 'ｙｕ', 'ｙｉ', 'ｙｉ', 'ｙｎｇ', 'ｙｎｇ', 'ｙｎｇ']
坌	['坌']
ｑ	['ｑ', 'Ｍａｑｕｉｌａｄｏｒａ', 'Ｍａｑｕｉｌａｄｏｒａ', 'Ｍａｑｕｉｌａｄｏｒａ', 'Ｍａｑｕｉｌａｄｏｒａ', 'Ｍａｑｕｉｌａｄｏｒａ', 'Ｍａｑｕｉｌａｄｏｒａ', 'Ｍａｑｕｉｌａｄｏｒａ', 'Ｍａｑｕｉｌａｄｏｒａ', 'Ｍａｑｕｉｌａｄｏｒａ', 'Ｍａｑｕｉｌａｄｏｒａ', 'Ｍａｑｕｉｌａｄｏｒａ']
錯	['錯']
紝	['紝']
僬	['僬']
茳	['茳']
虼	['虼']
禰	['禰']
Ⅻ	['Ⅻ']
サ	['サ']
騗	['騗']
ち	['ち']
窣	['窣']
遢	['遢', '邋邋遢遢', '邋邋遢遢']
舾	['舾']
㈠	['㈠']
橄	['橄']
⑻	['⑻']
鐨	['鐨']
邋	['邋', '邋邋遢遢', '邋邋遢遢']
∮	['∮']
∏	['∏']
侂	['侂']
蟛	['蟛']
№	['№']
萸	['萸']
睳	['睳']
ｒ	['ｒ', 'Ｓａｂｅｒ', 'Ｓａｂｅｒ', 'Ｓａｂｅｒ', 'Ｓａｂｅｒ', 'Ｓａｂｅｒ', 'Ｃａｓｔｅｒ', 'Ｃａｓｔｅｒ', 'Ｃａｓｔｅｒ', 'Ｃａｓｔｅｒ', 'Ｃａｓｔｅｒ', 'Ｃａｓｔｅｒ', 'Ｈｅｒｍｉｔ', 'Ｈｅｒｍｉｔ', 'Ｈｅｒｍｉｔ', 'Ｈｅｒｍｉｔ', 'Ｈｅｒｍｉｔ', 'Ｈｅｒｍｉｔ', 'Ａｒｄｏｎ', 'Ａｒｄｏｎ', 'Ａｒｄｏｎ', 'Ａｒｄｏｎ', 'Ａｒｄｏｎ', 'Ｓｉｌｅｎｃｅｒ', 'Ｓｉｌｅｎｃｅｒ', 'Ｓｉｌｅｎｃｅｒ', 'Ｓｉｌｅｎｃｅｒ', 'Ｓｉｌｅｎｃｅｒ', 'Ｓｉｌｅｎｃｅｒ', 'Ｓｉｌｅｎｃｅｒ', 'Ｓｉｌｅｎｃｅｒ', 'ＣａｒｍａｎＬｉｎ', 'ＣａｒｍａｎＬｉｎ', 'ＣａｒｍａｎＬｉｎ', 'ＣａｒｍａｎＬｉｎ', 'ＣａｒｍａｎＬｉｎ', 'ＣａｒｍａｎＬｉｎ', 'ＣａｒｍａｎＬｉｎ', 'ＣａｒｍａｎＬｉｎ', 'ＣａｒｍａｎＬｉｎ', 'Ｃｈａｒｍａｎｔ', 'Ｃｈａｒｍａｎｔ', 'Ｃｈａｒｍａｎｔ', 'Ｃｈａｒｍａｎｔ', 'Ｃｈａｒｍａｎｔ', 'Ｃｈａｒｍａｎｔ', 'Ｃｈａｒｍａｎｔ', 'Ｃｈａｒｍａｎｔ', 'Ｍａｑｕｉｌａｄｏｒａ', 'Ｍａｑｕｉｌａｄｏｒａ', 'Ｍａｑｕｉｌａｄｏｒａ', 'Ｍａｑｕｉｌａｄｏｒａ', 'Ｍａｑｕｉｌａｄｏｒａ', 'Ｍａｑｕｉｌａｄｏｒａ', 'Ｍａｑｕｉｌａｄｏｒａ', 'Ｍａｑｕｉｌａｄｏｒａ', 'Ｍａｑｕｉｌａｄｏｒａ', 'Ｍａｑｕｉｌａｄｏｒａ', 'Ｍａｑｕｉｌａｄｏｒａ', 'Ｎａｒｃｉｓｓｕｓ', 'Ｎａｒｃｉｓｓｕｓ', 'Ｎａｒｃｉｓｓｕｓ', 'Ｎａｒｃｉｓｓｕｓ', 'Ｎａｒｃｉｓｓｕｓ', 'Ｎａｒｃｉｓｓｕｓ', 'Ｎａｒｃｉｓｓｕｓ', 'Ｎａｒｃｉｓｓｕｓ', 'Ｎａｒｃｉｓｓｕｓ', 'Ｓｅｒｖａｎｔ', 'Ｓｅｒｖａｎｔ', 'Ｓｅｒｖａｎｔ', 'Ｓｅｒｖａｎｔ', 'Ｓｅｒｖａｎｔ', 'Ｓｅｒｖａｎｔ', 'Ｓｅｒｖａｎｔ', 'Ｉｎｔｅｒｎｅｔ', 'Ｉｎｔｅｒｎｅｔ', 'Ｉｎｔｅｒｎｅｔ', 'Ｉｎｔｅｒｎｅｔ', 'Ｉｎｔｅｒｎｅｔ', 'Ｉｎｔｅｒｎｅｔ', 'Ｉｎｔｅｒｎｅｔ', 'Ｉｎｔｅｒｎｅｔ', 'ｔｈｅＦｏｒｇｏｔｔｅｎＡｍｂａｓｓａｄｏｒ', 'ｔｈｅＦｏｒｇｏｔｔｅｎＡｍｂａｓｓａｄｏｒ', 'ｔｈｅＦｏｒｇｏｔｔｅｎＡｍｂａｓｓａｄｏｒ', 'ｔｈｅＦｏｒｇｏｔｔｅｎＡｍｂａｓｓａｄｏｒ', 'ｔｈｅＦｏｒｇｏｔｔｅｎＡｍｂａｓｓａｄｏｒ', 'ｔｈｅＦｏｒｇｏｔｔｅｎＡｍｂａｓｓａｄｏｒ', 'ｔｈｅＦｏｒｇｏｔｔｅｎＡｍｂａｓｓａｄｏｒ', 'ｔｈｅＦｏｒｇｏｔｔｅｎＡｍｂａｓｓａｄｏｒ', 'ｔｈｅＦｏｒｇｏｔｔｅｎＡｍｂａｓｓａｄｏｒ', 'ｔｈｅＦｏｒｇｏｔｔｅｎＡｍｂａｓｓａｄｏｒ', 'ｔｈｅＦｏｒｇｏｔｔｅｎＡｍｂａｓｓａｄｏｒ', 'ｔｈｅＦｏｒｇｏｔｔｅｎＡｍｂａｓｓａｄｏｒ', 'ｔｈｅＦｏｒｇｏｔｔｅｎＡｍｂａｓｓａｄｏｒ', 'ｔｈｅＦｏｒｇｏｔｔｅｎＡｍｂａｓｓａｄｏｒ', 'ｔｈｅＦｏｒｇｏｔｔｅｎＡｍｂａｓｓａｄｏｒ', 'ｔｈｅＦｏｒｇｏｔｔｅｎＡｍｂａｓｓａｄｏｒ', 'ｔｈｅＦｏｒｇｏｔｔｅｎＡｍｂａｓｓａｄｏｒ', 'ｔｈｅＦｏｒｇｏｔｔｅｎＡｍｂａｓｓａｄｏｒ', 'ｔｈｅＦｏｒｇｏｔｔｅｎＡｍｂａｓｓａｄｏｒ', 'ｔｈｅＦｏｒｇｏｔｔｅｎＡｍｂａｓｓａｄｏｒ', 'ｔｈｅＦｏｒｇｏｔｔｅｎＡｍｂａｓｓａｄｏｒ', 'ｔｈｅＦｏｒｇｏｔｔｅｎＡｍｂａｓｓａｄｏｒ', 'ｔｈｅＦｏｒｇｏｔｔｅｎＡｍｂａｓｓａｄｏｒ', 'ｔｈｅＦｏｒｇｏｔｔｅｎＡｍｂａｓｓａｄｏｒ', 'ｔｈｅＦｏｒｇｏｔｔｅｎＡｍｂａｓｓａｄｏｒ', 'ｔｈｅＦｏｒｇｏｔｔｅｎＡｍｂａｓｓａｄｏｒ', 'ｔｈｅＦｏｒｇｏｔｔｅｎＡｍｂａｓｓａｄｏｒ', 'ｔｈｅＦｏｒｇｏｔｔｅｎＡｍｂａｓｓａｄｏｒ', 'ｔｈｅＦｏｒｇｏｔｔｅｎＡｍｂａｓｓａｄｏｒ', 'ｔｈｅＦｏｒｇｏｔｔｅｎＡｍｂａｓｓａｄｏｒ', 'ｔｈｅＦｏｒｇｏｔｔｅｎＡｍｂａｓｓａｄｏｒ', 'ｔｈｅＦｏｒｇｏｔｔｅｎＡｍｂａｓｓａｄｏｒ', 'ｔｈｅＦｏｒｇｏｔｔｅｎＡｍｂａｓｓａｄｏｒ', 'ｔｈｅＦｏｒｇｏｔｔｅｎＡｍｂａｓｓａｄｏｒ', 'ｔｈｅＦｏｒｇｏｔｔｅｎＡｍｂａｓｓａｄｏｒ', 'ｔｈｅＦｏｒｇｏｔｔｅｎＡｍｂａｓｓａｄｏｒ', 'ｔｈｅＦｏｒｇｏｔｔｅｎＡｍｂａｓｓａｄｏｒ', 'ｔｈｅＦｏｒｇｏｔｔｅｎＡｍｂａｓｓａｄｏｒ', 'ｔｈｅＦｏｒｇｏｔｔｅｎＡｍｂａｓｓａｄｏｒ', 'ｔｈｅＦｏｒｇｏｔｔｅｎＡｍｂａｓｓａｄｏｒ', 'ｔｈｅＦｏｒｇｏｔｔｅｎＡｍｂａｓｓａｄｏｒ', 'ｔｈｅＦｏｒｇｏｔｔｅｎＡｍｂａｓｓａｄｏｒ', 'ｔｈｅＦｏｒｇｏｔｔｅｎＡｍｂａｓｓａｄｏｒ', 'ｔｈｅＦｏｒｇｏｔｔｅｎＡｍｂａｓｓａｄｏｒ', 'Ｍｒ', 'Ｍｒ', 'Ｂｒｅｗｅｒｅｄ', 'Ｂｒｅｗｅｒｅｄ', 'Ｂｒｅｗｅｒｅｄ', 'Ｂｒｅｗｅｒｅｄ', 'Ｂｒｅｗｅｒｅｄ', 'Ｂｒｅｗｅｒｅｄ', 'Ｂｒｅｗｅｒｅｄ', 'Ｂｒｅｗｅｒｅｄ', 'Ｂｒｅｗｅｒｅｄ', 'Ｂｒｅｗｅｒｅｄ', 'Ｂｒｅｗｅｒｅｄ', 'Ｂｒｅｗｅｒｅｄ', 'Ｂｒｅｗｅｒｅｄ', 'Ｂｒｅｗｅｒｅｄ', 'Ｂｒｅｗｅｒｅｄ', 'Ｂｒｅｗｅｒｅｄ']
窸	['窸']
妴	['妴']
疬	['疬', '瘴疬']
Ⅵ	['Ⅵ']
璡	['璡']
芏	['芏']
蛴	['蛴']
擽	['擽']
ｈ	['ｈ', 'Ｅｃｈｏ', 'Ｅｃｈｏ', 'Ｅｃｈｏ', 'Ｅｃｈｏ', 'ｚｈ', 'ｚｈ', 'ｓｈ', 'ｓｈ', 'ｈｘ', 'ｈｘ', 'Ｙａｈｏｏ', 'Ｙａｈｏｏ', 'Ｙａｈｏｏ', 'Ｙａｈｏｏ', 'Ｙａｈｏｏ', 'ｃｈ', 'ｃｈ', 'ｓｈｎ', 'ｓｈｎ', 'ｓｈｎ', 'ｓｈｕｄａｏ', 'ｓｈｕｄａｏ', 'ｓｈｕｄａｏ', 'ｓｈｕｄａｏ', 'ｓｈｕｄａｏ', 'ｓｈｕｄａｏ', 'Ｃｈａｒｍａｎｔ', 'Ｃｈａｒｍａｎｔ', 'Ｃｈａｒｍａｎｔ', 'Ｃｈａｒｍａｎｔ', 'Ｃｈａｒｍａｎｔ', 'Ｃｈａｒｍａｎｔ', 'Ｃｈａｒｍａｎｔ', 'Ｃｈａｒｍａｎｔ', 'ｔｈｅＦｏｒｇｏｔｔｅｎＡｍｂａｓｓａｄｏｒ', 'ｔｈｅＦｏｒｇｏｔｔｅｎＡｍｂａｓｓａｄｏｒ', 'ｔｈｅＦｏｒｇｏｔｔｅｎＡｍｂａｓｓａｄｏｒ', 'ｔｈｅＦｏｒｇｏｔｔｅｎＡｍｂａｓｓａｄｏｒ', 'ｔｈｅＦｏｒｇｏｔｔｅｎＡｍｂａｓｓａｄｏｒ', 'ｔｈｅＦｏｒｇｏｔｔｅｎＡｍｂａｓｓａｄｏｒ', 'ｔｈｅＦｏｒｇｏｔｔｅｎＡｍｂａｓｓａｄｏｒ', 'ｔｈｅＦｏｒｇｏｔｔｅｎＡｍｂａｓｓａｄｏｒ', 'ｔｈｅＦｏｒｇｏｔｔｅｎＡｍｂａｓｓａｄｏｒ', 'ｔｈｅＦｏｒｇｏｔｔｅｎＡｍｂａｓｓａｄｏｒ', 'ｔｈｅＦｏｒｇｏｔｔｅｎＡｍｂａｓｓａｄｏｒ', 'ｔｈｅＦｏｒｇｏｔｔｅｎＡｍｂａｓｓａｄｏｒ', 'ｔｈｅＦｏｒｇｏｔｔｅｎＡｍｂａｓｓａｄｏｒ', 'ｔｈｅＦｏｒｇｏｔｔｅｎＡｍｂａｓｓａｄｏｒ', 'ｔｈｅＦｏｒｇｏｔｔｅｎＡｍｂａｓｓａｄｏｒ', 'ｔｈｅＦｏｒｇｏｔｔｅｎＡｍｂａｓｓａｄｏｒ', 'ｔｈｅＦｏｒｇｏｔｔｅｎＡｍｂａｓｓａｄｏｒ', 'ｔｈｅＦｏｒｇｏｔｔｅｎＡｍｂａｓｓａｄｏｒ', 'ｔｈｅＦｏｒｇｏｔｔｅｎＡｍｂａｓｓａｄｏｒ', 'ｔｈｅＦｏｒｇｏｔｔｅｎＡｍｂａｓｓａｄｏｒ', 'ｔｈｅＦｏｒｇｏｔｔｅｎＡｍｂａｓｓａｄｏｒ', 'ｔｈｅＦｏｒｇｏｔｔｅｎＡｍｂａｓｓａｄｏｒ', 'ｈｕａ', 'ｈｕａ', 'ｈｕａ']
勔	['勔']
⑼	['⑼']
攵	['攵']
鼷	['鼷']
睍	['睍']
枇	['枇']
砲	['砲']
	['\x14l', '\x14l', '\x14', '\x14N', '\x14N']
锍	['锍']
馷	['馷']
蜉	['蜉']
螃	['螃']
孓	['孓']
鹕	['鹕']
僘	['僘']
茯	['茯']
鍌	['鍌']
臽	['臽']
頫	['頫']
⒍	['⒍']
≥	['≥']
㈡	['㈡']
坃	['坃']
ㄒ	['ㄒ']
鉙	['鉙']
牠	['牠']
槃	['槃']
葰	['葰']
愬	['愬']
劂	['劂']
塠	['塠', '\x1d塠', '\x1d塠']
ā	['ā']
禵	['禵']
о	['о']
犸	['犸']
ò	['ò']
∫	['∫']
さ	['さ']
M	['Stony-Moon', 'Stony-Moon', 'Stony-Moon', 'BORDER-BOTTOM', 'BORDER-BOTTOM', 'BORDER-BOTTOM', 'FONT-FAMILY', 'FONT-FAMILY', 'FONT-FAMILY', 'MS-DOS', 'MS-DOS', 'MS-DOS', 'E-MAIL', 'E-MAIL', 'E-MAIL', 'CD-ROM', 'CD-ROM', 'CD-ROM', 'BORDER-BOTTOM-COLOR', 'BORDER-BOTTOM-COLOR', 'BORDER-BOTTOM-COLOR', 'BORDER-BOTTOM-COLOR', 'BORDER-BOTTOM-COLOR', 'MRP-II', 'MRP-II', 'MRP-II', 'E-Mail', 'E-Mail', 'E-Mail', 'E--Mail', 'E--Mail', 'E--Mail', 'MA-M', 'MA-M', 'MA-M', 'MA-M', 'MA-M', 'MA-M', 'MMI-GAU', 'MMI-GAU', 'MMI-GAU', 'MMI-GAU', 'MMI-GAU', 'MMI-GAU', 'rM-rf', 'rM-rf', 'rM-rf', 'G-MAN', 'G-MAN', 'G-MAN', 'M-Geschss', 'M-Geschss', 'M-Geschss', 'DMP-iplayer', 'DMP-iplayer', 'DMP-iplayer', 'Minh-Le', 'Minh-Le', 'Minh-Le', 'Wal-Mart', 'Wal-Mart', 'Wal-Mart', 'McGraw-Hill', 'McGraw-Hill', 'McGraw-Hill', 'MMI-M', 'MMI-M', 'MMI-M', 'MMI-M', 'MMI-M', 'MMI-M', 'MMI-M', 'MMI-M', 'MMI-M', 'Mad-Eye', 'Mad-Eye', 'Mad-Eye', 'MM-NO', 'MM-NO', 'MM-NO', 'MM-NO', 'MM-NO', 'MM-NO', 'U-Matic', 'U-Matic', 'U-Matic']
筫	['筫']
胱	['胱']
賍	['賍']
∞	['∞']
⒇	['⒇']
瘛	['瘛']
緰	['緰']
坭	['坭']
蠊	['蠊']
セ	['セ']
垴	['垴']
蜰	['蜰']
鍕	['鍕']
劵	['劵']
踯	['踯']
蔔	['蔔']
俜	['俜']
ⅰ	['ⅰ']
伕	['伕']
⒈	['⒈']
伷	['伷']
鍙	['鍙']
鹉	['鹉']
∠	['∠']
⒎	['⒎']
ｆ	['ｆ', 'ＷＰＳＯｆｆｉｃｅ', 'ＷＰＳＯｆｆｉｃｅ', 'ＷＰＳＯｆｆｉｃｅ', 'ＷＰＳＯｆｆｉｃｅ', 'ＷＰＳＯｆｆｉｃｅ', 'ＷＰＳＯｆｆｉｃｅ', 'ＷＰＳＯｆｆｉｃｅ', 'ＷＰＳＯｆｆｉｃｅ', 'ＷＰＳＯｆｆｉｃｅ', 'ＷＰＳＯｆｆｉｃｅ', 'ＷＰＳＯｆｆｉｃｅ', 'ＷＰＳＯｆｆｉｃｅ', 'ＷＰＳＯｆｆｉｃｅ', 'ＷＰＳＯｆｆｉｃｅ', 'ＷＰＳＯｆｆｉｃｅ', 'ＷＰＳＯｆｆｉｃｅ', 'ＷＰＳＯｆｆｉｃｅ', 'ＷＰＳＯｆｆｉｃｅ']
槔	['槔']
ψ	['ψ']
哌	['哌']
∪	['∪']
珮	['珮']
嶯	['嶯']
⒖	['⒖']
馓	['馓']
吶	['吶']
ツ	['ツ']
ё	['ё']
鎗	['鎗']
稱	['稱']
臺	['臺']
鸺	['鸺']
莴	['莴']
峅	['峅']
Ⅶ	['Ⅶ']
ｇ	['ｇ', 'Ｊｕｎｚｉｔａｎｇ', 'Ｊｕｎｚｉｔａｎｇ', 'Ｊｕｎｚｉｔａｎｇ', 'Ｊｕｎｚｉｔａｎｇ', 'Ｊｕｎｚｉｔａｎｇ', 'Ｊｕｎｚｉｔａｎｇ', 'Ｊｕｎｚｉｔａｎｇ', 'Ｊｕｎｚｉｔａｎｇ', 'Ｊｕｎｚｉｔａｎｇ', 'ｕｎｚｉｔａｎｇ', 'ｕｎｚｉｔａｎｇ', 'ｕｎｚｉｔａｎｇ', 'ｕｎｚｉｔａｎｇ', 'ｕｎｚｉｔａｎｇ', 'ｕｎｚｉｔａｎｇ', 'ｕｎｚｉｔａｎｇ', 'ｕｎｚｉｔａｎｇ', 'ｔｈｅＦｏｒｇｏｔｔｅｎＡｍｂａｓｓａｄｏｒ', 'ｔｈｅＦｏｒｇｏｔｔｅｎＡｍｂａｓｓａｄｏｒ', 'ｔｈｅＦｏｒｇｏｔｔｅｎＡｍｂａｓｓａｄｏｒ', 'ｔｈｅＦｏｒｇｏｔｔｅｎＡｍｂａｓｓａｄｏｒ', 'ｔｈｅＦｏｒｇｏｔｔｅｎＡｍｂａｓｓａｄｏｒ', 'ｔｈｅＦｏｒｇｏｔｔｅｎＡｍｂａｓｓａｄｏｒ', 'ｔｈｅＦｏｒｇｏｔｔｅｎＡｍｂａｓｓａｄｏｒ', 'ｔｈｅＦｏｒｇｏｔｔｅｎＡｍｂａｓｓａｄｏｒ', 'ｔｈｅＦｏｒｇｏｔｔｅｎＡｍｂａｓｓａｄｏｒ', 'ｔｈｅＦｏｒｇｏｔｔｅｎＡｍｂａｓｓａｄｏｒ', 'ｔｈｅＦｏｒｇｏｔｔｅｎＡｍｂａｓｓａｄｏｒ', 'ｔｈｅＦｏｒｇｏｔｔｅｎＡｍｂａｓｓａｄｏｒ', 'ｔｈｅＦｏｒｇｏｔｔｅｎＡｍｂａｓｓａｄｏｒ', 'ｔｈｅＦｏｒｇｏｔｔｅｎＡｍｂａｓｓａｄｏｒ', 'ｔｈｅＦｏｒｇｏｔｔｅｎＡｍｂａｓｓａｄｏｒ', 'ｔｈｅＦｏｒｇｏｔｔｅｎＡｍｂａｓｓａｄｏｒ', 'ｔｈｅＦｏｒｇｏｔｔｅｎＡｍｂａｓｓａｄｏｒ', 'ｔｈｅＦｏｒｇｏｔｔｅｎＡｍｂａｓｓａｄｏｒ', 'ｔｈｅＦｏｒｇｏｔｔｅｎＡｍｂａｓｓａｄｏｒ', 'ｔｈｅＦｏｒｇｏｔｔｅｎＡｍｂａｓｓａｄｏｒ', 'ｔｈｅＦｏｒｇｏｔｔｅｎＡｍｂａｓｓａｄｏｒ', 'ｔｈｅＦｏｒｇｏｔｔｅｎＡｍｂａｓｓａｄｏｒ', 'ｙｎｇ', 'ｙｎｇ', 'ｙｎｇ']
チ	['チ']
瀃	['瀃']
У	['У']
甠	['甠']
σ	['σ']
娌	['娌']
醣	['醣']
濛	['濛']
ナ	['ナ']
餢	['餢']
坶	['坶']
螛	['螛']
祤	['祤']
⒐	['⒐']
≧	['≧']
舯	['舯']
{	['?{', '?{']
艟	['艟']
畑	['畑']
⒋	['⒋']
嗪	['嗪']
	['\x06', '\x06t', '\x06t', '\x06R', '\x06R', '\x06S', '\x06S']
篌	['篌']
邂	['邂']
躅	['躅']
	['\x07', '\x07N', '\x07N', '\x07Y', '\x07Y', '\x07c', '\x07c']
詋	['詋']
В	['В']
胘	['胘']
ㄣ	['ㄣ']
啉	['啉']
柊	['柊']
毌	['毌']
呋	['呋']
鬴	['鬴']
ぃ	['ぃ']
檗	['檗']
巛	['巛']
の	['の']
﹖	['﹖']
妠	['妠']
ü	['ü']
閑	['閑']
濬	['濬']
鏣	['鏣']
﹕	['﹕']
髑	['髑']
砝	['砝']
來	['來']
L	['FONT-FAMILY', 'FONT-FAMILY', 'FONT-FAMILY', 'TFT-LCD', 'TFT-LCD', 'TFT-LCD', 'SCROLLBAR-ARROW-COLOR', 'SCROLLBAR-ARROW-COLOR', 'SCROLLBAR-ARROW-COLOR', 'SCROLLBAR-ARROW-COLOR', 'SCROLLBAR-ARROW-COLOR', 'SCROLLBAR-ARROW-COLOR', 'SCROLLBAR-ARROW-COLOR', 'SCROLLBAR-ARROW-COLOR', 'SCROLLBAR-ARROW-COLOR', 'SCROLLBAR-ARROW-COLOR', 'SCROLLBAR-ARROW-COLOR', 'SCROLLBAR-ARROW-COLOR', 'SCROLLBAR-ARROW-COLOR', 'SCROLLBAR-ARROW-COLOR', 'SCROLLBAR-ARROW-COLOR', 'E-MAIL', 'E-MAIL', 'E-MAIL', 'BORDER-TOP-COLOR', 'BORDER-TOP-COLOR', 'BORDER-TOP-COLOR', 'BORDER-TOP-COLOR', 'BORDER-TOP-COLOR', 'BORDER-BOTTOM-COLOR', 'BORDER-BOTTOM-COLOR', 'BORDER-BOTTOM-COLOR', 'BORDER-BOTTOM-COLOR', 'BORDER-BOTTOM-COLOR', 'BORDER-LEFT-COLOR', 'BORDER-LEFT-COLOR', 'BORDER-LEFT-COLOR', 'BORDER-LEFT-COLOR', 'BORDER-LEFT-COLOR', 'BORDER-LEFT-COLOR', 'BORDER-LEFT-COLOR', 'BORDER-LEFT-COLOR', 'BORDER-LEFT-COLOR', 'BORDER-LEFT-COLOR', 'BORDER-RIGHT-COLOR', 'BORDER-RIGHT-COLOR', 'BORDER-RIGHT-COLOR', 'BORDER-RIGHT-COLOR', 'BORDER-RIGHT-COLOR', 'A-Level', 'A-Level', 'CLOSE-OPEN', 'CLOSE-OPEN', 'CLOSE-OPEN', 'SCROLLBAR-BASE-COLOR', 'SCROLLBAR-BASE-COLOR', 'SCROLLBAR-BASE-COLOR', 'SCROLLBAR-BASE-COLOR', 'SCROLLBAR-BASE-COLOR', 'SCROLLBAR-BASE-COLOR', 'SCROLLBAR-BASE-COLOR', 'SCROLLBAR-BASE-COLOR', 'SCROLLBAR-BASE-COLOR', 'SCROLLBAR-BASE-COLOR', 'SCROLLBAR-BASE-COLOR', 'SCROLLBAR-BASE-COLOR', 'SCROLLBAR-BASE-COLOR', 'SCROLLBAR-BASE-COLOR', 'SCROLLBAR-BASE-COLOR', 'SCROLLBAR-DARKSHADOW-COLOR', 'SCROLLBAR-DARKSHADOW-COLOR', 'SCROLLBAR-DARKSHADOW-COLOR', 'SCROLLBAR-DARKSHADOW-COLOR', 'SCROLLBAR-DARKSHADOW-COLOR', 'SCROLLBAR-DARKSHADOW-COLOR', 'SCROLLBAR-DARKSHADOW-COLOR', 'SCROLLBAR-DARKSHADOW-COLOR', 'SCROLLBAR-DARKSHADOW-COLOR', 'SCROLLBAR-DARKSHADOW-COLOR', 'SCROLLBAR-DARKSHADOW-COLOR', 'SCROLLBAR-DARKSHADOW-COLOR', 'SCROLLBAR-DARKSHADOW-COLOR', 'SCROLLBAR-DARKSHADOW-COLOR', 'SCROLLBAR-DARKSHADOW-COLOR', 'COOL-FIRE', 'COOL-FIRE', 'COOL-FIRE', 'KING-CHARLE', 'KING-CHARLE', 'KING-CHARLE', 'Minh-Le', 'Minh-Le', 'Minh-Le', 'FSN-HOLSTON', 'FSN-HOLSTON', 'FSN-HOLSTON', 'TEXT-ALIGN', 'TEXT-ALIGN', 'TEXT-ALIGN']
Ⅷ	['Ⅷ']
	['\x16', '\x16Y', '\x16Y', '\x16b', '\x16b', '\x16N', '\x16N']
磲	['磲']
θ	['θ']
垸	['垸']
尙	['尙']
鞔	['鞔']
禥	['赵禥']
笅	['笅']
⒒	['⒒']
貧	['貧']
⒓	['⒓']
楶	['楶']
恹	['恹']
し	['し']
艌	['艌']
肭	['肭']
橼	['橼']
鎮	['鎮']
蛻	['蛻']
瑢	['瑢']
孴	['孴']
黒	['黒']
蟸	['蟸']
漊	['漊']
┦	['┦']
ｊ	['ｊ', 'ｊｉ', 'ｊｉ', 'ｊｉｎ', 'ｊｉｎ', 'ｊｉｎ']
⒘	['⒘']
v	['Xavier-Bati', 'Xavier-Bati', 'Xavier-Bati', 'http-equiv', 'http-equiv', 'http-equiv', 'kevin-liuningOCR', 'kevin-liuningOCR', 'kevin-liuningOCR', 'A-Level', 'A-Level', 'go-vern-ment', 'go-vern-ment', 'go-vern-ment', 'go-vern-ment', 'go-vern-ment']
礌	['礌']
奲	['奲']
糍	['糍']
喛	['喛']
嘌	['嘌']
誰	['誰']
覓	['覓']
⒗	['⒗']
為	['為']
H	['K-DASH', 'K-DASH', 'K-DASH', 'BORDER-RIGHT-COLOR', 'BORDER-RIGHT-COLOR', 'BORDER-RIGHT-COLOR', 'BORDER-RIGHT-COLOR', 'BORDER-RIGHT-COLOR', 'SCROLLBAR-DARKSHADOW-COLOR', 'SCROLLBAR-DARKSHADOW-COLOR', 'SCROLLBAR-DARKSHADOW-COLOR', 'SCROLLBAR-DARKSHADOW-COLOR', 'SCROLLBAR-DARKSHADOW-COLOR', 'H-H', 'H-H', 'H-H', 'H-H', 'H-H', 'H-H', 'KING-CHARLE', 'KING-CHARLE', 'KING-CHARLE', 'FSN-HOLSTON', 'FSN-HOLSTON', 'FSN-HOLSTON', 'McGraw-Hill', 'McGraw-Hill', 'McGraw-Hill', 'Hsun-tzu', 'Hsun-tzu', 'Hsun-tzu']
W	['SCROLLBAR-ARROW-COLOR', 'SCROLLBAR-ARROW-COLOR', 'SCROLLBAR-ARROW-COLOR', 'SCROLLBAR-ARROW-COLOR', 'SCROLLBAR-ARROW-COLOR', 'Wing-king', 'Wing-king', 'Wing-king', 'SCROLLBAR-DARKSHADOW-COLOR', 'SCROLLBAR-DARKSHADOW-COLOR', 'SCROLLBAR-DARKSHADOW-COLOR', 'SCROLLBAR-DARKSHADOW-COLOR', 'SCROLLBAR-DARKSHADOW-COLOR', 'WING-KING', 'WING-KING', 'WING-KING', 'W-A-p', 'W-A-p', 'W-A-p', 'W-A-p', 'W-N', 'W-N', 'W-N', 'Wi-Fi', 'Wi-Fi', 'Wi-Fi', '?W', '?W', 'Wal-Mart', 'Wal-Mart', 'Wal-Mart', 'CD-RW', 'CD-RW', 'CD-RW']
踰	['踰']
夲	['夲']
垌	['垌']
▋	['▋']
蚠	['蚠']
Ⅸ	['Ⅸ']
幞	['幞']
ǔ	['ǔ']
栢	['栢']
俆	['俆']
ㄗ	['ㄗ']
噹	['噹']
個	['個']
縦	['縦']
隷	['隷']
稆	['稆']
蚪	['蚪']
２	['第２卷', '第２３师团', '第２３师团', '第２３师团']
幹	['幹']
骕	['骕']
鉁	['鉁']
泶	['泶']
骦	['骦']
禑	['禑']
哳	['哳']
ㄖ	['ㄖ']
蔪	['蔪']
邠	['邠']
桊	['桊']
茺	['茺']
屽	['屽']
珗	['珗']
臜	['臜']
	['\x10', '\x10b', '\x10b', '\x10€', '\x10€', '\x10n', '\x10n']
葜	['葜']
剎	['剎']
┑	['┑']
プ	['プ']
ㄈ	['ㄈ']
ㄊ	['ㄊ']
∴	['∴']
硇	['硇']
勫	['勫']
決	['決']
剞	['剞']
沗	['沗']
頵	['頵']
內	['內']
	['\x13\x7f', '\x13\x7f', '\x13']
汻	['汻']
━	['━']
⒏	['⒏']
⒔	['⒔']
い	['い']
鼢	['鼢']
軴	['軴']
獲	['獲']
㈢	['㈢']
ζ	['ζ']
彥	['彥']
ｖ	['ｖ', 'ｖａ', 'ｖａ', 'Ｓｅｒｖａｎｔ', 'Ｓｅｒｖａｎｔ', 'Ｓｅｒｖａｎｔ', 'Ｓｅｒｖａｎｔ', 'Ｓｅｒｖａｎｔ', 'Ｓｅｒｖａｎｔ', 'Ｓｅｒｖａｎｔ']
奧	['奧']
豌	['豌']
⒑	['⒑']
孾	['孾']
ソ	['ソ']
鶄	['鶄']
鑕	['鑕']
齄	['齄']
	['\x12', '\x12`', '\x12`', '\x12愘', '\x12愘', '\x12PN', '\x12PN']
弡	['弡']
灝	['灝']
吲	['吲']
芉	['芉']
濴	['濴']
筜	['筜']
А	['А']
靈	['靈']
¤	['¤']
皊	['皊']
鞲	['鞲']
闠	['闠']
⒙	['⒙']
鑰	['鑰']
⒕	['⒕']
裿	['裿']
τ	['τ']
Σ	['Σ']
鴙	['鴙']
ń	['ń']
譙	['譙']
匭	['匭']
鎰	['鎰']
﹗	['﹗']
ぷ	['ぷ']
樰	['樰']
铘	['铘']
榍	['榍']
ξ	['ξ']
硃	['硃']
舥	['舥']
鹋	['鹋']
ぁ	['ぁ']
钀	['钀']
細	['細']
時	['時']
侫	['侫']
袕	['袕']
賭	['賭']
喆	['喆']
眰	['眰']
胬	['胬']
ú	['ú']
妯	['妯']
	['\x08', '\x08?', '\x08?']
Υ	['Υ']
Ζ	['Ζ']
櫉	['櫉']
鲥	['鲥']
舃	['舃']
ㄏ	['ㄏ']
軎	['軎']
鋐	['鋐']
鷝	['鷝']
賖	['賖']
┳	['┳']
ㄋ	['ㄋ']
髞	['髞']
眀	['眀']
紘	['紘']
崈	['崈']
胼	['胼', '手足胼胝']
ɑ	['ɑ']
讬	['讬']
铴	['铴']
衏	['衏']
熻	['熻']
袛	['袛']
魐	['魐']
ㄐ	['ㄐ']
㏑	['㏑']
踁	['踁']
蜞	['蜞']
蚐	['蚐']
籰	['籰']
燫	['燫']
ザ	['ザ']
興	['興']
υ	['υ']
	['\x03', '\x03€', '\x03€', '\x03_', '\x03_']
顔	['顔']
p	['http-equiv', 'http-equiv', 'http-equiv', 'content-type', 'content-type', 'content-type', 'border-top-color', 'border-top-color', 'border-top-color', 'border-top-color', 'border-top-color', 'W-A-p', 'W-A-p', 'W-A-p', 'W-A-p', 'DMP-iplayer', 'DMP-iplayer', 'DMP-iplayer']
q	['http-equiv', 'http-equiv', 'http-equiv']
漅	['漅']
唢	['唢']
糌	['糌']
ㄉ	['ㄉ']
┯	['┯']
幷	['幷']
沒	['沒']
Я	['Я']
г	['г']
氬	['氬']
菝	['菝']
緱	['緱']
彇	['彇']
ㄤ	['ㄤ']
迯	['迯']
嵹	['嵹']
觫	['觫']
グ	['グ']
陯	['陯']
昢	['昢']
奻	['奻']
酧	['酧']
濺	['濺']
Ο	['Ο']
鐢	['鐢']
	['\x04', '\x04_', '\x04_']
ㄔ	['ㄔ']
遺	['遺']
О	['О']
Χ	['Χ']
Х	['Х']
魰	['魰']
疍	['疍']
π	['π']
ㄕ	['ㄕ']
熶	['熶']
︰	['︰']
皨	['皨']
ê	['ê']
蠪	['蠪']
３	['第３师团', '第３师团', '第３卷', '第２３师团', '第２３师团', '第２３师团']
橈	['橈']
フ	['フ']
‰	['1‰', '1‰', '‰', '5‰', '5‰', '2‰', '2‰', '3‰', '3‰']
な	['な']
這	['這']
娖	['娖']
髼	['髼']
赑	['赑']
	['\x17']
豊	['豊']
筟	['筟']
鈱	['鈱']
鐐	['鐐']
ざ	['ざ']
銐	['銐']
ǘ	['ǘ']
だ	['だ']
┮	['┮']
鍒	['鍒']
兒	['兒']
穇	['穇']
∵	['∵']
鍔	['鍔']
珨	['珨']
屃	['屃']
蚥	['蚥']
￡	['￡']
櫃	['櫃']
４	['第４卷']
ǜ	['ǜ']
ふ	['ふ']
鏈	['鏈']
樉	['樉']
唴	['唴']
沲	['沲']
┕	['┕']
ヂ	['ヂ']
搧	['搧']
β	['β']
鮛	['鮛']
藌	['藌']
趕	['趕']
顅	['顅']
湊	['湊']
缂	['缂']
鈋	['鈋']
砙	['砙']
楱	['楱']
┒	['┒']
П	['П']
┎	['┎']
會	['會']
奮	['奮']
镾	['镾']
場	['場']
┤	['┤']
薙	['薙']
蓩	['蓩']
ヒ	['ヒ']
ハ	['ハ']
筩	['筩']
禷	['禷']
箢	['箢']
齎	['齎']
玡	['玡']
	['\x05', '\x05n', '\x05n', '\x05€', '\x05€', '\x05S', '\x05S']
┬	['┬']
哱	['哱']
猞	['猞']
烻	['烻']
鏃	['鏃']
拺	['拺']
蔛	['蔛']
豐	['豐']
λ	['λ']
竴	['竴']
螑	['螑']
鏋	['鏋']
禆	['禆']
阬	['阬']
癔	['癔']
圼	['圼']
榌	['榌']
瘽	['瘽']
葉	['葉']
ㄩ	['ㄩ']
珄	['珄']
崼	['崼']
魖	['魖']
１	['第１团', '第１卷', '第１师团', '第１师团', '１．５％', '１．５％', '１．５％', '１．５％']
褀	['褀']
Ψ	['Ψ']
贏	['贏']
ň	['ň']
無	['無']
醤	['醤']
錝	['錝']
	['\x1bg', '\x1bg', '\x1b', '\x1b?', '\x1b?', '\x1bV', '\x1bV']
勬	['勬']
ν	['ν']
塴	['塴']
銷	['銷']
岆	['岆']
畻	['畻']
ㄓ	['ㄓ']
ぞ	['ぞ']
ɡ	['ɡ']
┱	['┱']
闇	['闇']
彟	['彟']
怮	['怮']
∝	['∝']
璭	['璭']
仸	['仸']
嵑	['嵑']
ㄎ	['ㄎ']
鎝	['鎝']
娙	['娙']
裡	['裡']
ㄍ	['ㄍ']
畠	['畠']
紆	['紆']
ㄥ	['ㄥ']
ト	['ト']
麼	['麼']
綵	['綵']
苸	['苸']
經	['經']
た	['た']
に	['に']
沵	['沵']
鏍	['鏍']
こ	['こ']
滶	['滶']
婓	['婓']
す	['す']
眬	['眬']
魯	['魯']
ι	['ι']
諷	['諷']
蝷	['蝷']
貳	['貳']
譏	['譏']
悊	['悊']
Ч	['Ч']
與	['與']
翫	['翫']
噽	['噽']
じ	['じ']
蠎	['蠎']
長	['長']
稜	['稜']
厷	['厷']
蘏	['蘏']
訸	['訸']
┥	['┥']
е	['е']
権	['権']
岃	['岃']
粂	['粂']
腽	['腽']
燵	['燵']
躹	['躹']
頬	['頬']
┗	['┗']
螋	['螋']
é	['é']
矇	['矇']
っ	['っ']
Щ	['Щ']
諎	['諎']
賽	['賽']
莶	['莶']
乕	['乕']
ス	['ス']
乬	['乬']
蚇	['蚇']
ニ	['ニ']
衜	['衜']
ù	['ù']
憉	['憉']
┖	['┖']
Ρ	['Ρ']
凱	['凱']
闆	['闆']
栴	['栴']
兘	['兘']
в	['в']
傉	['傉']
δ	['δ']
塚	['塚']
ド	['ド']
ご	['ご']
て	['て']
淸	['淸']
┲	['┲']
傚	['傚']
駇	['駇']
ぶ	['ぶ']
ゲ	['ゲ']
邁	['邁']
は	['は']
撹	['撹']
韕	['韕']
渻	['渻']
荬	['荬']
筻	['筻']
鍥	['鍥']
瓙	['瓙']
垚	['垚']
ū	['ū']
陽	['陽']
瑺	['瑺']
と	['と']
鸑	['鸑']
で	['で']
済	['済']
Ш	['Ш']
齮	['齮']
揦	['揦']
メ	['メ']
槍	['槍']
苺	['苺']
├	['├']
塻	['塻']
僛	['僛']
華	['華']
睶	['睶']
耵	['耵']
並	['並']
ず	['ず']
軓	['軓']
抺	['抺']
磳	['磳']
頂	['頂']
梖	['梖']
廵	['廵']
軏	['軏']
廕	['廕']
┠	['┠']
敤	['敤']
滿	['滿']
氆	['氆']
庝	['庝']
碙	['碙']
別	['別']
鏄	['鏄']
ケ	['ケ']
張	['張']
ゴ	['ゴ']
炁	['炁']
們	['們']
坧	['坧']
兩	['兩']
儚	['儚']
邚	['邚']
睱	['睱']
漁	['漁']
ど	['ど']
┢	['┢']
癳	['癳']
┟	['┟']
偅	['偅']
殐	['殐']
鳋	['鳋']
茐	['茐']
機	['機']
爲	['爲']
昰	['昰']
闈	['闈']
颼	['颼']
斶	['斶']
嶇	['嶇']
镕	['镕']
伅	['伅']
ε	['ε']
朄	['朄']
ⅱ	['ⅱ']
㈣	['㈣']
ッ	['ッ']
蘝	['蘝']
鑳	['鑳']
梘	['梘']
喹	['喹']
耂	['耂']
ο	['ο']
虁	['虁']
馬	['馬']
ぬ	['ぬ']
帿	['帿']
勣	['勣']
К	['К']
寚	['寚']
勢	['勢']
厀	['厀']
悇	['悇']
競	['競']
戶	['戶']
咶	['咶']
絒	['絒']
嗩	['嗩']
雋	['雋']
鵖	['鵖']
摢	['摢']
涭	['涭']
坢	['坢']
鰲	['鰲']
叡	['叡']
┝	['┝']
慒	['慒']
ね	['ね']
萒	['萒']
琋	['琋']
γ	['γ']
┏	['┏']
袴	['袴']
枂	['枂']
矉	['矉']
雲	['雲']
タ	['タ']
哷	['哷']
V	['?V', '?V', 'V-', 'V-', '\x1bV', '\x1bV']
綢	['綢']
[	['?[', '?[']
┪	['┪']
敺	['敺']
そ	['そ']
誯	['誯']
姏	['姏']
魜	['魜']
將	['將']
過	['過']
疰	['疰']
憵	['憵']
儛	['儛']
國	['國']
岄	['岄']
秚	['秚']
娡	['娡']
饹	['饹']
秅	['秅']
┌	['┌']
瓚	['瓚']
睌	['睌']
鯪	['鯪']
┧	['┧']
輗	['輗']
呭	['呭']
纁	['纁']
踺	['踺']
綑	['綑']
恅	['恅']
螵	['螵']
顛	['顛']
ゼ	['ゼ']
籝	['籝']
鵣	['鵣']
鎲	['鎲']
淾	['淾']
滆	['滆']
畍	['畍']
┰	['┰']
㈩	['㈩']
┞	['┞']
鎑	['鎑']
總	['總']
鎵	['鎵']
┍	['┍']
┐	['┐']
橯	['橯']
饸	['饸']
ぴ	['ぴ']
晳	['晳']
崉	['崉']
開	['開']
哬	['哬']
蝣	['蝣']
棗	['棗']
親	['親']
鏆	['鏆']
颩	['颩']
緗	['緗']
仛	['仛']
貫	['貫']
鱚	['鱚']
á	['á']
軍	['軍']
┩	['┩']
┙	['┙']
艍	['艍']
齙	['齙']
┫	['┫']
凃	['凃']
せ	['せ']
ㄌ	['ㄌ']
╜	['╜']
膧	['膧']
緳	['緳']
J	['Peter-Jacson', 'Peter-Jacson', 'Peter-Jacson', 'Jic-xiao', 'Jic-xiao', 'Jic-xiao', 'JU-dd', 'JU-dd', 'JU-dd']
鍧	['鍧']
繯	['繯']
卻	['卻']
宑	['宑']
鐒	['鐒']
額	['額']
發	['發']
鹼	['鹼']
罷	['罷']
檈	['檈']
醕	['醕']
進	['進']
拰	['拰']
鍦	['鍦']
勪	['勪']
嚇	['嚇']
扞	['扞']
隭	['隭']
痳	['痳']
ㄑ	['ㄑ']
禝	['禝']
鏂	['鏂']
塏	['塏']
粬	['粬']
蕓	['蕓']
ㄆ	['ㄆ']
礠	['礠']
慛	['慛']
埜	['埜']
忶	['忶']
Ⅺ	['Ⅺ']
倆	['倆']
銼	['銼']
咵	['咵']
備	['備']
ズ	['ズ']
紡	['紡']
コ	['コ']
祣	['祣']
宮	['宮']
當	['當']
è	['è']
綋	['綋']
飴	['飴']
啒	['啒']
璗	['璗']
ǚ	['ǚ']
┨	['┨']
驎	['驎']
つ	['つ']
聍	['聍']
硩	['硩']
庡	['庡']
峈	['峈']
飏	['飏']
烚	['烚']
迾	['迾']
パ	['パ']
ぜ	['ぜ']
報	['報']
枡	['枡']
倸	['倸']
╟	['╟']
檡	['檡']
龔	['龔']
昖	['昖']
様	['様']
閫	['閫']
郷	['郷']
笢	['笢']
╯	['╯']
桺	['桺']
鍚	['鍚']
講	['講']
㈤	['㈤']
愯	['愯']
ㄇ	['ㄇ']
┚	['┚']
畫	['畫']
頭	['頭']
╕	['╕']
滈	['滈']
犏	['犏']
┓	['┓']
ヅ	['ヅ']
┘	['┘']
彿	['彿']
綆	['綆']
躟	['躟']
琓	['琓']
ピ	['ピ']
﹢	['﹢']
現	['現']
忬	['忬']
腉	['腉']
黅	['黅']
鹠	['鹠']
靣	['靣']
麐	['麐']
瘇	['瘇']
蜽	['蜽']
侞	['侞']
╀	['╀']
洜	['洜']
桜	['桜']
蚫	['蚫']
硜	['硜']
飠	['飠']
資	['資']
–	['–']
鍛	['鍛']
駉	['駉']
脋	['脋']
髈	['髈']
車	['車']
墥	['墥']
シ	['シ']
	['\x19']
堔	['堔']
間	['間']
Э	['Э']
唦	['唦']
溰	['溰']
頃	['頃']
鎌	['鎌']
傛	['傛']
ネ	['ネ']
氭	['氭']
湗	['湗']
ひ	['ひ']
φ	['φ']
見	['見']
砇	['砇']
鏬	['鏬']
軆	['軆']
妬	['妬']
纍	['纍']
ㄅ	['ㄅ']
堜	['堜']
ノ	['ノ']
ュ	['ュ']
羮	['羮']
≯	['≯']
處	['處']
哵	['哵']
ダ	['ダ']
讒	['讒']
楧	['楧']
臢	['臢']
槅	['槅']
輳	['輳']
ブ	['ブ']
羪	['羪']
瓔	['瓔']
還	['還']
欏	['欏']
刄	['刄']
Т	['Т']
桵	['桵']
湪	['湪']
Ы	['Ы']
鸞	['鸞']
銅	['銅']
嫥	['嫥']
芠	['芠']
鬿	['鬿']
艙	['艙']
晆	['晆']
厶	['厶']
錱	['錱']
忔	['忔']
愘	['\x12愘', '\x12愘']
戰	['戰']
攽	['攽']
對	['對']
耑	['耑']
俉	['俉']
廚	['廚']
體	['體']
應	['應']
箼	['箼']
卭	['卭']
○	['第一○回', '第一○四回', '第一○三回', '第一○三回', '第一○九回', '第一○九回', '第一○六回', '第一○二回', '第一○二回', '第一○一回', '第一○一回', '第一○五回', '第一○七回']
墚	['墚']
閣	['閣']
請	['請']
閮	['閮']
薔	['薔']
緤	['緤']
鍝	['鍝']
衱	['衱']
碁	['碁']
ば	['ば']
И	['И']
鋒	['鋒']
┉	['┉']
晊	['晊']
μ	['μ']
９	['９．５％', '９．５％', '９．５％', '９．５％']
５	['９．５％', '９．５％', '９．５％', '９．５％', '０．５％', '０．５％', '０．５％', '０．５％', '１．５％', '１．５％', '１．５％', '１．５％']
梕	['梕']
饄	['饄']
伝	['伝']
嵿	['嵿']
歋	['歋']
揇	['揇']
穨	['穨']
錢	['錢']
訷	['訷']
ユ	['ユ']
鉔	['鉔']
氣	['氣']
徃	['徃']
鍜	['鍜']
ゾ	['ゾ']
砊	['砊']
呑	['呑']
愛	['愛']
る	['る']
ジ	['ジ']
蠔	['蠔']
寑	['寑']
鏉	['鏉']
騰	['騰']
熕	['熕']
闂	['闂']
眝	['眝']
鴢	['鴢']
爔	['爔']
嵲	['嵲']
蜾	['蜾']
濙	['濙']
Ф	['Ф']
慄	['慄']
狟	['狟']
ī	['ī']
凉	['凉']
伨	['伨']
塖	['塖']
拋	['拋']
鉄	['鉄']
躡	['躡']
η	['η']
▼	['▼']
彨	['彨']
寶	['寶']
蒕	['蒕']
愰	['愰']
д	['д']
勭	['勭']
攴	['攴']
窅	['窅']
樣	['樣']
毊	['毊']
け	['け']
喲	['喲']
恀	['恀']
鐞	['鐞']
噺	['噺']
仮	['仮']
煵	['煵']
黃	['黃']
ⅹ	['ⅹ']
鏮	['鏮']
を	['を']
り	['り']
讓	['讓']
柟	['柟']
檰	['檰']
楖	['楖']
醼	['醼']
鑨	['鑨']
鎶	['鎶']
└	['└']
鑜	['鑜']
蝀	['蝀']
ぐ	['ぐ']
兗	['兗']
亞	['亞']
┣	['┣']
Ю	['Ю']
朻	['朻']
矌	['矌']
芛	['芛']
棟	['棟']
聣	['聣']
師	['師']
蟼	['蟼']
皬	['皬']
麅	['麅']
Ь	['Ь']
劐	['劐']
劧	['劧']
玆	['玆']
訳	['訳']
紅	['紅']
н	['н']
閲	['閲']
譥	['譥']
嶈	['嶈']
亂	['亂']
忚	['忚']
萬	['萬']
刞	['刞']
０	['０．５％', '０．５％', '０．５％', '０．５％']
╔	['╔']
▊	['▊']
﹞	['﹞']
魚	['魚']
湁	['湁']
鐩	['鐩']
婂	['婂']
ρ	['ρ']
圶	['圶']
ō	['ō']
熺	['熺']
吤	['吤']
駮	['駮']
変	['変']
祾	['祾']
ビ	['ビ']
結	['結']
從	['從']
鲺	['鲺']
俽	['俽']
咜	['咜']
虙	['虙']
敗	['敗']
鈥	['鈥']
勝	['勝']
闚	['闚']
獁	['獁']
咲	['咲']
俇	['俇']
則	['則']
Д	['Д']
赽	['赽']
乗	['乗']
製	['製']
菥	['菥']
Р	['Р']
殘	['殘']
劅	['劅']
ま	['ま']
強	['強']
í	['í']
墤	['墤']
ョ	['ョ']
閭	['閭']
邊	['邊']
碦	['碦']
睷	['睷']
﹃	['﹃']
犲	['犲']
願	['願']
硚	['硚']
〞	['〞']
祹	['祹']
よ	['よ']
尓	['尓']
鄷	['鄷']
奀	['奀']
鏴	['鏴']
肎	['肎']
ら	['ら']
テ	['テ']
鈚	['鈚']
賀	['賀']
亁	['亁']
墍	['墍']
╭	['╭']
バ	['バ']
樺	['樺']
嫍	['嫍']
竂	['竂']
實	['實']
確	['確']
鎯	['鎯']
倴	['倴']
論	['論']
鐏	['鐏']
髰	['髰']
褳	['褳']
蒫	['蒫']
阢	['阢']
拏	['拏']
巣	['巣']
軃	['軃']
︿	['︿']
┡	['┡']
佈	['佈']
潖	['潖']
